cohort,fold,macrostate,set,size,z,match_cos
BRCA,0,0,HALLMARK_ADIPOGENESIS,186,-3.2838559982770144,1.0
BRCA,0,0,HALLMARK_ALLOGRAFT_REJECTION,174,6.611771971950995,1.0
BRCA,0,0,HALLMARK_ANDROGEN_RESPONSE,94,-1.1013372997625321,1.0
BRCA,0,0,HALLMARK_ANGIOGENESIS,31,10.995493574545476,1.0
BRCA,0,0,HALLMARK_APICAL_JUNCTION,166,7.482314219938701,1.0
BRCA,0,0,HALLMARK_APICAL_SURFACE,36,-0.15452475021506365,1.0
BRCA,0,0,HALLMARK_APOPTOSIS,154,4.520011589989858,1.0
BRCA,0,0,HALLMARK_BILE_ACID_METABOLISM,89,-3.0753638636007143,1.0
BRCA,0,0,HALLMARK_CHOLESTEROL_HOMEOSTASIS,69,0.39966844590001416,1.0
BRCA,0,0,HALLMARK_COAGULATION,104,10.906083667265532,1.0
BRCA,0,0,HALLMARK_COMPLEMENT,175,6.442210643630224,1.0
BRCA,0,0,HALLMARK_DNA_REPAIR,145,-5.6794112481204175,1.0
BRCA,0,0,HALLMARK_E2F_TARGETS,192,2.7103830767240993,1.0
BRCA,0,0,HALLMARK_EPITHELIAL_MESENCHYMAL_TRANSITION,190,29.90270626231559,1.0
BRCA,0,0,HALLMARK_ESTROGEN_RESPONSE_EARLY,189,-8.79720702298702,1.0
BRCA,0,0,HALLMARK_ESTROGEN_RESPONSE_LATE,180,-7.820336758779375,1.0
BRCA,0,0,HALLMARK_FATTY_ACID_METABOLISM,139,-3.5132904867773416,1.0
BRCA,0,0,HALLMARK_G2M_CHECKPOINT,186,4.188741080421803,1.0
BRCA,0,0,HALLMARK_GLYCOLYSIS,178,-0.5462521157717412,1.0
BRCA,0,0,HALLMARK_HEDGEHOG_SIGNALING,30,1.7302711676624696,1.0
BRCA,0,0,HALLMARK_HEME_METABOLISM,161,-1.4532823382351827,1.0
BRCA,0,0,HALLMARK_HYPOXIA,175,5.145341430555307,1.0
BRCA,0,0,HALLMARK_IL2_STAT5_SIGNALING,187,3.297986527580226,1.0
BRCA,0,0,HALLMARK_IL6_JAK_STAT3_SIGNALING,80,4.620925968112591,1.0
BRCA,0,0,HALLMARK_INFLAMMATORY_RESPONSE,181,6.716977731232106,1.0
BRCA,0,0,HALLMARK_INTERFERON_ALPHA_RESPONSE,95,2.824384624825529,1.0
BRCA,0,0,HALLMARK_INTERFERON_GAMMA_RESPONSE,194,6.381787121126877,1.0
BRCA,0,0,HALLMARK_KRAS_SIGNALING_DN,104,-0.40070427747389864,1.0
BRCA,0,0,HALLMARK_KRAS_SIGNALING_UP,174,7.484212966638619,1.0
BRCA,0,0,HALLMARK_MITOTIC_SPINDLE,197,5.671635510555323,1.0
BRCA,0,0,HALLMARK_MTORC1_SIGNALING,194,-0.05636261473530882,1.0
BRCA,0,0,HALLMARK_MYC_TARGETS_V1,182,-0.9738889006371768,1.0
BRCA,0,0,HALLMARK_MYC_TARGETS_V2,57,-0.8248595855255051,1.0
BRCA,0,0,HALLMARK_MYOGENESIS,158,5.603797153785027,1.0
BRCA,0,0,HALLMARK_NOTCH_SIGNALING,32,0.1698891777737809,1.0
BRCA,0,0,HALLMARK_OXIDATIVE_PHOSPHORYLATION,184,-12.083569904549787,1.0
BRCA,0,0,HALLMARK_P53_PATHWAY,185,1.6181494866354127,1.0
BRCA,0,0,HALLMARK_PANCREAS_BETA_CELLS,18,-1.0816000844055134,1.0
BRCA,0,0,HALLMARK_PEROXISOME,94,-3.680416220688437,1.0
BRCA,0,0,HALLMARK_PI3K_AKT_MTOR_SIGNALING,97,0.11448560866848957,1.0
BRCA,0,0,HALLMARK_PROTEIN_SECRETION,93,0.05012901978086954,1.0
BRCA,0,0,HALLMARK_REACTIVE_OXYGEN_SPECIES_PATHWAY,45,-1.694103947826567,1.0
BRCA,0,0,HALLMARK_SPERMATOGENESIS,75,-0.6911641121836798,1.0
BRCA,0,0,HALLMARK_TGF_BETA_SIGNALING,52,5.564766984681723,1.0
BRCA,0,0,HALLMARK_TNFA_SIGNALING_VIA_NFKB,195,8.744634493751938,1.0
BRCA,0,0,HALLMARK_UNFOLDED_PROTEIN_RESPONSE,106,-0.9943223984913793,1.0
BRCA,0,0,HALLMARK_UV_RESPONSE_DN,137,9.101292702576258,1.0
BRCA,0,0,HALLMARK_UV_RESPONSE_UP,145,-1.9473050267428376,1.0
BRCA,0,0,HALLMARK_WNT_BETA_CATENIN_SIGNALING,40,1.156136658826666,1.0
BRCA,0,0,HALLMARK_XENOBIOTIC_METABOLISM,158,-2.7408567199324216,1.0
BRCA,0,1,HALLMARK_ADIPOGENESIS,186,0.35995496257751186,1.0
BRCA,0,1,HALLMARK_ALLOGRAFT_REJECTION,174,13.928247184921952,1.0
BRCA,0,1,HALLMARK_ANDROGEN_RESPONSE,94,-2.9955388707284163,1.0
BRCA,0,1,HALLMARK_ANGIOGENESIS,31,11.986229380085454,1.0
BRCA,0,1,HALLMARK_APICAL_JUNCTION,166,7.471477660900929,1.0
BRCA,0,1,HALLMARK_APICAL_SURFACE,36,0.14238509052720566,1.0
BRCA,0,1,HALLMARK_APOPTOSIS,154,8.261427869869426,1.0
BRCA,0,1,HALLMARK_BILE_ACID_METABOLISM,89,-2.381630153360784,1.0
BRCA,0,1,HALLMARK_CHOLESTEROL_HOMEOSTASIS,69,0.8461574677646451,1.0
BRCA,0,1,HALLMARK_COAGULATION,104,14.87662055627308,1.0
BRCA,0,1,HALLMARK_COMPLEMENT,175,10.846485844861576,1.0
BRCA,0,1,HALLMARK_DNA_REPAIR,145,-3.079780952382863,1.0
BRCA,0,1,HALLMARK_E2F_TARGETS,192,-1.1266450019918326,1.0
BRCA,0,1,HALLMARK_EPITHELIAL_MESENCHYMAL_TRANSITION,190,30.244239778989762,1.0
BRCA,0,1,HALLMARK_ESTROGEN_RESPONSE_EARLY,189,-11.405571246408382,1.0
BRCA,0,1,HALLMARK_ESTROGEN_RESPONSE_LATE,180,-8.868381271611367,1.0
BRCA,0,1,HALLMARK_FATTY_ACID_METABOLISM,139,-3.627218078720087,1.0
BRCA,0,1,HALLMARK_G2M_CHECKPOINT,186,-0.6247254581343872,1.0
BRCA,0,1,HALLMARK_GLYCOLYSIS,178,-3.0717917545264664,1.0
BRCA,0,1,HALLMARK_HEDGEHOG_SIGNALING,30,1.807419254917145,1.0
BRCA,0,1,HALLMARK_HEME_METABOLISM,161,-2.379688711224467,1.0
BRCA,0,1,HALLMARK_HYPOXIA,175,7.74191990596772,1.0
BRCA,0,1,HALLMARK_IL2_STAT5_SIGNALING,187,6.777366608229789,1.0
BRCA,0,1,HALLMARK_IL6_JAK_STAT3_SIGNALING,80,8.33856696616728,1.0
BRCA,0,1,HALLMARK_INFLAMMATORY_RESPONSE,181,11.052046534251168,1.0
BRCA,0,1,HALLMARK_INTERFERON_ALPHA_RESPONSE,95,8.648404006631408,1.0
BRCA,0,1,HALLMARK_INTERFERON_GAMMA_RESPONSE,194,14.052070039914739,1.0
BRCA,0,1,HALLMARK_KRAS_SIGNALING_DN,104,0.92754785575988,1.0
BRCA,0,1,HALLMARK_KRAS_SIGNALING_UP,174,12.756653792871521,1.0
BRCA,0,1,HALLMARK_MITOTIC_SPINDLE,197,-0.12931690363005097,1.0
BRCA,0,1,HALLMARK_MTORC1_SIGNALING,194,-4.654188661450131,1.0
BRCA,0,1,HALLMARK_MYC_TARGETS_V1,182,-6.019298254654988,1.0
BRCA,0,1,HALLMARK_MYC_TARGETS_V2,57,-1.6708864384632391,1.0
BRCA,0,1,HALLMARK_MYOGENESIS,158,9.398518163026553,1.0
BRCA,0,1,HALLMARK_NOTCH_SIGNALING,32,0.7099334853902076,1.0
BRCA,0,1,HALLMARK_OXIDATIVE_PHOSPHORYLATION,184,-6.019410279208008,1.0
BRCA,0,1,HALLMARK_P53_PATHWAY,185,4.590856318233641,1.0
BRCA,0,1,HALLMARK_PANCREAS_BETA_CELLS,18,0.11877574892662328,1.0
BRCA,0,1,HALLMARK_PEROXISOME,94,-2.7057157146622717,1.0
BRCA,0,1,HALLMARK_PI3K_AKT_MTOR_SIGNALING,97,-1.1012237119458492,1.0
BRCA,0,1,HALLMARK_PROTEIN_SECRETION,93,-5.03967806664201,1.0
BRCA,0,1,HALLMARK_REACTIVE_OXYGEN_SPECIES_PATHWAY,45,1.4231548015934232,1.0
BRCA,0,1,HALLMARK_SPERMATOGENESIS,75,-1.5454601284489327,1.0
BRCA,0,1,HALLMARK_TGF_BETA_SIGNALING,52,3.897299383914569,1.0
BRCA,0,1,HALLMARK_TNFA_SIGNALING_VIA_NFKB,195,14.105327702086294,1.0
BRCA,0,1,HALLMARK_UNFOLDED_PROTEIN_RESPONSE,106,-3.6363515664714137,1.0
BRCA,0,1,HALLMARK_UV_RESPONSE_DN,137,6.728529638040396,1.0
BRCA,0,1,HALLMARK_UV_RESPONSE_UP,145,0.6007879764765672,1.0
BRCA,0,1,HALLMARK_WNT_BETA_CATENIN_SIGNALING,40,0.18589399897600128,1.0
BRCA,0,1,HALLMARK_XENOBIOTIC_METABOLISM,158,0.8256743875970503,1.0
BRCA,0,2,HALLMARK_ADIPOGENESIS,186,-4.651898319941915,1.0
BRCA,0,2,HALLMARK_ALLOGRAFT_REJECTION,174,9.875242422599586,1.0
BRCA,0,2,HALLMARK_ANDROGEN_RESPONSE,94,-5.7834850378214675,1.0
BRCA,0,2,HALLMARK_ANGIOGENESIS,31,9.865433361170313,1.0
BRCA,0,2,HALLMARK_APICAL_JUNCTION,166,8.115472674012583,1.0
BRCA,0,2,HALLMARK_APICAL_SURFACE,36,1.0900258673797436,1.0
BRCA,0,2,HALLMARK_APOPTOSIS,154,3.7593027497308613,1.0
BRCA,0,2,HALLMARK_BILE_ACID_METABOLISM,89,-2.550720577934584,1.0
BRCA,0,2,HALLMARK_CHOLESTEROL_HOMEOSTASIS,69,0.04988658663326635,1.0
BRCA,0,2,HALLMARK_COAGULATION,104,13.879086348957596,1.0
BRCA,0,2,HALLMARK_COMPLEMENT,175,7.15176332882919,1.0
BRCA,0,2,HALLMARK_DNA_REPAIR,145,-1.763600633816485,1.0
BRCA,0,2,HALLMARK_E2F_TARGETS,192,-5.615995029011645,1.0
BRCA,0,2,HALLMARK_EPITHELIAL_MESENCHYMAL_TRANSITION,190,32.5290563516115,1.0
BRCA,0,2,HALLMARK_ESTROGEN_RESPONSE_EARLY,189,-10.85066375374875,1.0
BRCA,0,2,HALLMARK_ESTROGEN_RESPONSE_LATE,180,-10.263708078304031,1.0
BRCA,0,2,HALLMARK_FATTY_ACID_METABOLISM,139,-4.28192021584921,1.0
BRCA,0,2,HALLMARK_G2M_CHECKPOINT,186,-5.824959327047049,1.0
BRCA,0,2,HALLMARK_GLYCOLYSIS,178,-0.7372029365661057,1.0
BRCA,0,2,HALLMARK_HEDGEHOG_SIGNALING,30,1.3166090729303344,1.0
BRCA,0,2,HALLMARK_HEME_METABOLISM,161,-4.119775950163952,1.0
BRCA,0,2,HALLMARK_HYPOXIA,175,2.490535574192182,1.0
BRCA,0,2,HALLMARK_IL2_STAT5_SIGNALING,187,2.6901310327608807,1.0
BRCA,0,2,HALLMARK_IL6_JAK_STAT3_SIGNALING,80,3.251227751330994,1.0
BRCA,0,2,HALLMARK_INFLAMMATORY_RESPONSE,181,6.501745399068491,1.0
BRCA,0,2,HALLMARK_INTERFERON_ALPHA_RESPONSE,95,9.02915622973816,1.0
BRCA,0,2,HALLMARK_INTERFERON_GAMMA_RESPONSE,194,10.258753557372971,1.0
BRCA,0,2,HALLMARK_KRAS_SIGNALING_DN,104,0.28621992556586046,1.0
BRCA,0,2,HALLMARK_KRAS_SIGNALING_UP,174,5.927684988663279,1.0
BRCA,0,2,HALLMARK_MITOTIC_SPINDLE,197,-2.7140249629640603,1.0
BRCA,0,2,HALLMARK_MTORC1_SIGNALING,194,-7.728348040492534,1.0
BRCA,0,2,HALLMARK_MYC_TARGETS_V1,182,-8.52467766701246,1.0
BRCA,0,2,HALLMARK_MYC_TARGETS_V2,57,-2.3302782433228986,1.0
BRCA,0,2,HALLMARK_MYOGENESIS,158,8.227445158020803,1.0
BRCA,0,2,HALLMARK_NOTCH_SIGNALING,32,0.06337904972552004,1.0
BRCA,0,2,HALLMARK_OXIDATIVE_PHOSPHORYLATION,184,-6.745169043368798,1.0
BRCA,0,2,HALLMARK_P53_PATHWAY,185,1.7018494571516902,1.0
BRCA,0,2,HALLMARK_PANCREAS_BETA_CELLS,18,-0.5827285993061968,1.0
BRCA,0,2,HALLMARK_PEROXISOME,94,-3.083730336939173,1.0
BRCA,0,2,HALLMARK_PI3K_AKT_MTOR_SIGNALING,97,-2.376038005965734,1.0
BRCA,0,2,HALLMARK_PROTEIN_SECRETION,93,-6.836383434399477,1.0
BRCA,0,2,HALLMARK_REACTIVE_OXYGEN_SPECIES_PATHWAY,45,-1.2632579478020474,1.0
BRCA,0,2,HALLMARK_SPERMATOGENESIS,75,-2.1919346318807067,1.0
BRCA,0,2,HALLMARK_TGF_BETA_SIGNALING,52,0.21891174850182854,1.0
BRCA,0,2,HALLMARK_TNFA_SIGNALING_VIA_NFKB,195,1.2770876840464453,1.0
BRCA,0,2,HALLMARK_UNFOLDED_PROTEIN_RESPONSE,106,-5.140144399995055,1.0
BRCA,0,2,HALLMARK_UV_RESPONSE_DN,137,4.291511334380586,1.0
BRCA,0,2,HALLMARK_UV_RESPONSE_UP,145,-3.211940014452637,1.0
BRCA,0,2,HALLMARK_WNT_BETA_CATENIN_SIGNALING,40,-0.046098982780851325,1.0
BRCA,0,2,HALLMARK_XENOBIOTIC_METABOLISM,158,-1.8882474322589886,1.0
BRCA,0,3,HALLMARK_ADIPOGENESIS,186,-4.91439117950546,1.0
BRCA,0,3,HALLMARK_ALLOGRAFT_REJECTION,174,2.429784470014807,1.0
BRCA,0,3,HALLMARK_ANDROGEN_RESPONSE,94,-3.547902400840714,1.0
BRCA,0,3,HALLMARK_ANGIOGENESIS,31,13.308395163091689,1.0
BRCA,0,3,HALLMARK_APICAL_JUNCTION,166,5.931652245663782,1.0
BRCA,0,3,HALLMARK_APICAL_SURFACE,36,1.6936816833054975,1.0
BRCA,0,3,HALLMARK_APOPTOSIS,154,3.690962028941101,1.0
BRCA,0,3,HALLMARK_BILE_ACID_METABOLISM,89,-3.4133421443736642,1.0
BRCA,0,3,HALLMARK_CHOLESTEROL_HOMEOSTASIS,69,-2.8496276358199184,1.0
BRCA,0,3,HALLMARK_COAGULATION,104,12.198506287557363,1.0
BRCA,0,3,HALLMARK_COMPLEMENT,175,4.266011500509455,1.0
BRCA,0,3,HALLMARK_DNA_REPAIR,145,-5.176695475771054,1.0
BRCA,0,3,HALLMARK_E2F_TARGETS,192,1.0384666380531848,1.0
BRCA,0,3,HALLMARK_EPITHELIAL_MESENCHYMAL_TRANSITION,190,35.98800664389406,1.0
BRCA,0,3,HALLMARK_ESTROGEN_RESPONSE_EARLY,189,-1.482127234839949,1.0
BRCA,0,3,HALLMARK_ESTROGEN_RESPONSE_LATE,180,-3.122873031541852,1.0
BRCA,0,3,HALLMARK_FATTY_ACID_METABOLISM,139,-3.8344498581687043,1.0
BRCA,0,3,HALLMARK_G2M_CHECKPOINT,186,2.4315025851316223,1.0
BRCA,0,3,HALLMARK_GLYCOLYSIS,178,0.5647101379110513,1.0
BRCA,0,3,HALLMARK_HEDGEHOG_SIGNALING,30,1.6661372413597477,1.0
BRCA,0,3,HALLMARK_HEME_METABOLISM,161,-1.7529984973607247,1.0
BRCA,0,3,HALLMARK_HYPOXIA,175,2.452397173115392,1.0
BRCA,0,3,HALLMARK_IL2_STAT5_SIGNALING,187,0.9575817567503113,1.0
BRCA,0,3,HALLMARK_IL6_JAK_STAT3_SIGNALING,80,1.422076739740172,1.0
BRCA,0,3,HALLMARK_INFLAMMATORY_RESPONSE,181,2.352165130165471,1.0
BRCA,0,3,HALLMARK_INTERFERON_ALPHA_RESPONSE,95,-13.728989156666447,1.0
BRCA,0,3,HALLMARK_INTERFERON_GAMMA_RESPONSE,194,-10.08668211658477,1.0
BRCA,0,3,HALLMARK_KRAS_SIGNALING_DN,104,-1.6963871933038306,1.0
BRCA,0,3,HALLMARK_KRAS_SIGNALING_UP,174,5.5707941253810445,1.0
BRCA,0,3,HALLMARK_MITOTIC_SPINDLE,197,4.839139602658293,1.0
BRCA,0,3,HALLMARK_MTORC1_SIGNALING,194,-4.501953107649223,1.0
BRCA,0,3,HALLMARK_MYC_TARGETS_V1,182,-4.737419121128213,1.0
BRCA,0,3,HALLMARK_MYC_TARGETS_V2,57,-2.2891428379308274,1.0
BRCA,0,3,HALLMARK_MYOGENESIS,158,4.343461302089501,1.0
BRCA,0,3,HALLMARK_NOTCH_SIGNALING,32,1.8014127700753557,1.0
BRCA,0,3,HALLMARK_OXIDATIVE_PHOSPHORYLATION,184,-12.187968904443704,1.0
BRCA,0,3,HALLMARK_P53_PATHWAY,185,-1.6031396941220435,1.0
BRCA,0,3,HALLMARK_PANCREAS_BETA_CELLS,18,-0.8175785153645769,1.0
BRCA,0,3,HALLMARK_PEROXISOME,94,-3.8137260193175138,1.0
BRCA,0,3,HALLMARK_PI3K_AKT_MTOR_SIGNALING,97,-0.26289624158725833,1.0
BRCA,0,3,HALLMARK_PROTEIN_SECRETION,93,-2.0347064572158793,1.0
BRCA,0,3,HALLMARK_REACTIVE_OXYGEN_SPECIES_PATHWAY,45,-3.0508995380542485,1.0
BRCA,0,3,HALLMARK_SPERMATOGENESIS,75,-0.4027529010762065,1.0
BRCA,0,3,HALLMARK_TGF_BETA_SIGNALING,52,4.146011404236785,1.0
BRCA,0,3,HALLMARK_TNFA_SIGNALING_VIA_NFKB,195,3.31143073857422,1.0
BRCA,0,3,HALLMARK_UNFOLDED_PROTEIN_RESPONSE,106,-3.9903832532132606,1.0
BRCA,0,3,HALLMARK_UV_RESPONSE_DN,137,9.35836280718014,1.0
BRCA,0,3,HALLMARK_UV_RESPONSE_UP,145,-3.0273260246958724,1.0
BRCA,0,3,HALLMARK_WNT_BETA_CATENIN_SIGNALING,40,1.0827614690581058,1.0
BRCA,0,3,HALLMARK_XENOBIOTIC_METABOLISM,158,-3.5365329358034443,1.0
BRCA,0,4,HALLMARK_ADIPOGENESIS,186,5.258610185560557,1.0
BRCA,0,4,HALLMARK_ALLOGRAFT_REJECTION,174,13.526906311103627,1.0
BRCA,0,4,HALLMARK_ANDROGEN_RESPONSE,94,-0.6345254157780774,1.0
BRCA,0,4,HALLMARK_ANGIOGENESIS,31,9.751202619347396,1.0
BRCA,0,4,HALLMARK_APICAL_JUNCTION,166,7.177373094489479,1.0
BRCA,0,4,HALLMARK_APICAL_SURFACE,36,1.060832522813685,1.0
BRCA,0,4,HALLMARK_APOPTOSIS,154,7.204526122120877,1.0
BRCA,0,4,HALLMARK_BILE_ACID_METABOLISM,89,-0.7453188787548857,1.0
BRCA,0,4,HALLMARK_CHOLESTEROL_HOMEOSTASIS,69,3.243725640484112,1.0
BRCA,0,4,HALLMARK_COAGULATION,104,13.373410749660124,1.0
BRCA,0,4,HALLMARK_COMPLEMENT,175,10.572017992315226,1.0
BRCA,0,4,HALLMARK_DNA_REPAIR,145,-1.4792880749334918,1.0
BRCA,0,4,HALLMARK_E2F_TARGETS,192,0.973967185692124,1.0
BRCA,0,4,HALLMARK_EPITHELIAL_MESENCHYMAL_TRANSITION,190,29.9480508341911,1.0
BRCA,0,4,HALLMARK_ESTROGEN_RESPONSE_EARLY,189,-3.768990545773634,1.0
BRCA,0,4,HALLMARK_ESTROGEN_RESPONSE_LATE,180,-4.425288745208187,1.0
BRCA,0,4,HALLMARK_FATTY_ACID_METABOLISM,139,2.857837445479502,1.0
BRCA,0,4,HALLMARK_G2M_CHECKPOINT,186,0.563560129705013,1.0
BRCA,0,4,HALLMARK_GLYCOLYSIS,178,1.277065840247138,1.0
BRCA,0,4,HALLMARK_HEDGEHOG_SIGNALING,30,-0.46776571878497825,1.0
BRCA,0,4,HALLMARK_HEME_METABOLISM,161,-0.8782737694027265,1.0
BRCA,0,4,HALLMARK_HYPOXIA,175,7.528653939240914,1.0
BRCA,0,4,HALLMARK_IL2_STAT5_SIGNALING,187,5.8080213818934485,1.0
BRCA,0,4,HALLMARK_IL6_JAK_STAT3_SIGNALING,80,8.288134106496019,1.0
BRCA,0,4,HALLMARK_INFLAMMATORY_RESPONSE,181,10.223824428265456,1.0
BRCA,0,4,HALLMARK_INTERFERON_ALPHA_RESPONSE,95,10.133123012770467,1.0
BRCA,0,4,HALLMARK_INTERFERON_GAMMA_RESPONSE,194,13.638169128811302,1.0
BRCA,0,4,HALLMARK_KRAS_SIGNALING_DN,104,-1.85703561401074,1.0
BRCA,0,4,HALLMARK_KRAS_SIGNALING_UP,174,7.390282283615851,1.0
BRCA,0,4,HALLMARK_MITOTIC_SPINDLE,197,1.2561158952197318,1.0
BRCA,0,4,HALLMARK_MTORC1_SIGNALING,194,5.62895766874269,1.0
BRCA,0,4,HALLMARK_MYC_TARGETS_V1,182,7.588581555696473,1.0
BRCA,0,4,HALLMARK_MYC_TARGETS_V2,57,3.6599954228755185,1.0
BRCA,0,4,HALLMARK_MYOGENESIS,158,5.727418790863924,1.0
BRCA,0,4,HALLMARK_NOTCH_SIGNALING,32,-1.1777249168266009,1.0
BRCA,0,4,HALLMARK_OXIDATIVE_PHOSPHORYLATION,184,1.7776145542745376,1.0
BRCA,0,4,HALLMARK_P53_PATHWAY,185,3.9916636432613313,1.0
BRCA,0,4,HALLMARK_PANCREAS_BETA_CELLS,18,-0.3820426119198904,1.0
BRCA,0,4,HALLMARK_PEROXISOME,94,0.8556414394138381,1.0
BRCA,0,4,HALLMARK_PI3K_AKT_MTOR_SIGNALING,97,1.7095603142997382,1.0
BRCA,0,4,HALLMARK_PROTEIN_SECRETION,93,0.2555579293714455,1.0
BRCA,0,4,HALLMARK_REACTIVE_OXYGEN_SPECIES_PATHWAY,45,4.495835016739469,1.0
BRCA,0,4,HALLMARK_SPERMATOGENESIS,75,-1.9445043953670798,1.0
BRCA,0,4,HALLMARK_TGF_BETA_SIGNALING,52,2.977791229673056,1.0
BRCA,0,4,HALLMARK_TNFA_SIGNALING_VIA_NFKB,195,11.584317272080211,1.0
BRCA,0,4,HALLMARK_UNFOLDED_PROTEIN_RESPONSE,106,3.6785385486593833,1.0
BRCA,0,4,HALLMARK_UV_RESPONSE_DN,137,6.797294089112644,1.0
BRCA,0,4,HALLMARK_UV_RESPONSE_UP,145,2.3396735633900185,1.0
BRCA,0,4,HALLMARK_WNT_BETA_CATENIN_SIGNALING,40,0.3266923685781026,1.0
BRCA,0,4,HALLMARK_XENOBIOTIC_METABOLISM,158,2.4265864459750905,1.0
BRCA,0,5,HALLMARK_ADIPOGENESIS,186,-3.232452697098702,1.0
BRCA,0,5,HALLMARK_ALLOGRAFT_REJECTION,174,4.337027930923998,1.0
BRCA,0,5,HALLMARK_ANDROGEN_RESPONSE,94,2.629772935236856,1.0
BRCA,0,5,HALLMARK_ANGIOGENESIS,31,16.674947795646347,1.0
BRCA,0,5,HALLMARK_APICAL_JUNCTION,166,4.230486504603447,1.0
BRCA,0,5,HALLMARK_APICAL_SURFACE,36,1.6037775819654931,1.0
BRCA,0,5,HALLMARK_APOPTOSIS,154,6.394870086765398,1.0
BRCA,0,5,HALLMARK_BILE_ACID_METABOLISM,89,-2.301688145668895,1.0
BRCA,0,5,HALLMARK_CHOLESTEROL_HOMEOSTASIS,69,-0.25440835975267523,1.0
BRCA,0,5,HALLMARK_COAGULATION,104,15.144746045773127,1.0
BRCA,0,5,HALLMARK_COMPLEMENT,175,8.186683682493964,1.0
BRCA,0,5,HALLMARK_DNA_REPAIR,145,-1.577951494655289,1.0
BRCA,0,5,HALLMARK_E2F_TARGETS,192,3.9229603011475582,1.0
BRCA,0,5,HALLMARK_EPITHELIAL_MESENCHYMAL_TRANSITION,190,37.008788687753174,1.0
BRCA,0,5,HALLMARK_ESTROGEN_RESPONSE_EARLY,189,-0.22381516420383366,1.0
BRCA,0,5,HALLMARK_ESTROGEN_RESPONSE_LATE,180,0.8464567539046366,1.0
BRCA,0,5,HALLMARK_FATTY_ACID_METABOLISM,139,-0.462903156331458,1.0
BRCA,0,5,HALLMARK_G2M_CHECKPOINT,186,3.776369986939801,1.0
BRCA,0,5,HALLMARK_GLYCOLYSIS,178,3.3695623634548704,1.0
BRCA,0,5,HALLMARK_HEDGEHOG_SIGNALING,30,1.6850628081508425,1.0
BRCA,0,5,HALLMARK_HEME_METABOLISM,161,0.563215687968489,1.0
BRCA,0,5,HALLMARK_HYPOXIA,175,6.481482555394163,1.0
BRCA,0,5,HALLMARK_IL2_STAT5_SIGNALING,187,3.765635771277527,1.0
BRCA,0,5,HALLMARK_IL6_JAK_STAT3_SIGNALING,80,1.912323220469633,1.0
BRCA,0,5,HALLMARK_INFLAMMATORY_RESPONSE,181,5.627145057431812,1.0
BRCA,0,5,HALLMARK_INTERFERON_ALPHA_RESPONSE,95,6.8575775112171655,1.0
BRCA,0,5,HALLMARK_INTERFERON_GAMMA_RESPONSE,194,7.088734120086135,1.0
BRCA,0,5,HALLMARK_KRAS_SIGNALING_DN,104,-3.2875678623225206,1.0
BRCA,0,5,HALLMARK_KRAS_SIGNALING_UP,174,7.3148863267985975,1.0
BRCA,0,5,HALLMARK_MITOTIC_SPINDLE,197,2.769951726266769,1.0
BRCA,0,5,HALLMARK_MTORC1_SIGNALING,194,4.742253382379763,1.0
BRCA,0,5,HALLMARK_MYC_TARGETS_V1,182,2.80350071220597,1.0
BRCA,0,5,HALLMARK_MYC_TARGETS_V2,57,-2.5534411975115328,1.0
BRCA,0,5,HALLMARK_MYOGENESIS,158,4.554504428926975,1.0
BRCA,0,5,HALLMARK_NOTCH_SIGNALING,32,0.38749077610230603,1.0
BRCA,0,5,HALLMARK_OXIDATIVE_PHOSPHORYLATION,184,-2.9124802258524913,1.0
BRCA,0,5,HALLMARK_P53_PATHWAY,185,-0.5051576360474167,1.0
BRCA,0,5,HALLMARK_PANCREAS_BETA_CELLS,18,1.5079097851646763,1.0
BRCA,0,5,HALLMARK_PEROXISOME,94,-2.8284738824606555,1.0
BRCA,0,5,HALLMARK_PI3K_AKT_MTOR_SIGNALING,97,1.5568126570690162,1.0
BRCA,0,5,HALLMARK_PROTEIN_SECRETION,93,3.973829371858956,1.0
BRCA,0,5,HALLMARK_REACTIVE_OXYGEN_SPECIES_PATHWAY,45,-0.3022974752159651,1.0
BRCA,0,5,HALLMARK_SPERMATOGENESIS,75,0.3299882798573999,1.0
BRCA,0,5,HALLMARK_TGF_BETA_SIGNALING,52,5.558867483835752,1.0
BRCA,0,5,HALLMARK_TNFA_SIGNALING_VIA_NFKB,195,3.028196095933884,1.0
BRCA,0,5,HALLMARK_UNFOLDED_PROTEIN_RESPONSE,106,0.6530216952059698,1.0
BRCA,0,5,HALLMARK_UV_RESPONSE_DN,137,9.475309661819244,1.0
BRCA,0,5,HALLMARK_UV_RESPONSE_UP,145,0.8410604888485625,1.0
BRCA,0,5,HALLMARK_WNT_BETA_CATENIN_SIGNALING,40,-0.9527551466136187,1.0
BRCA,0,5,HALLMARK_XENOBIOTIC_METABOLISM,158,-1.8192834790588677,1.0
BRCA,0,6,HALLMARK_ADIPOGENESIS,186,-3.836384387758416,1.0
BRCA,0,6,HALLMARK_ALLOGRAFT_REJECTION,174,9.774450334225046,1.0
BRCA,0,6,HALLMARK_ANDROGEN_RESPONSE,94,-3.518487875700972,1.0
BRCA,0,6,HALLMARK_ANGIOGENESIS,31,9.962753892338325,1.0
BRCA,0,6,HALLMARK_APICAL_JUNCTION,166,6.9457018937792006,1.0
BRCA,0,6,HALLMARK_APICAL_SURFACE,36,-0.589522061155335,1.0
BRCA,0,6,HALLMARK_APOPTOSIS,154,3.731551364436422,1.0
BRCA,0,6,HALLMARK_BILE_ACID_METABOLISM,89,-3.1670606998049697,1.0
BRCA,0,6,HALLMARK_CHOLESTEROL_HOMEOSTASIS,69,1.7077014012348926,1.0
BRCA,0,6,HALLMARK_COAGULATION,104,10.998766911780976,1.0
BRCA,0,6,HALLMARK_COMPLEMENT,175,7.351280529987529,1.0
BRCA,0,6,HALLMARK_DNA_REPAIR,145,-2.1638671467223745,1.0
BRCA,0,6,HALLMARK_E2F_TARGETS,192,8.924133927443396,1.0
BRCA,0,6,HALLMARK_EPITHELIAL_MESENCHYMAL_TRANSITION,190,29.357376864378825,1.0
BRCA,0,6,HALLMARK_ESTROGEN_RESPONSE_EARLY,189,-16.003901397457142,1.0
BRCA,0,6,HALLMARK_ESTROGEN_RESPONSE_LATE,180,-11.153117732642691,1.0
BRCA,0,6,HALLMARK_FATTY_ACID_METABOLISM,139,-3.7081248704787053,1.0
BRCA,0,6,HALLMARK_G2M_CHECKPOINT,186,7.871804724015105,1.0
BRCA,0,6,HALLMARK_GLYCOLYSIS,178,2.654569201201281,1.0
BRCA,0,6,HALLMARK_HEDGEHOG_SIGNALING,30,0.6968674984135882,1.0
BRCA,0,6,HALLMARK_HEME_METABOLISM,161,-3.2692603405011864,1.0
BRCA,0,6,HALLMARK_HYPOXIA,175,5.68285532610233,1.0
BRCA,0,6,HALLMARK_IL2_STAT5_SIGNALING,187,2.910789507145513,1.0
BRCA,0,6,HALLMARK_IL6_JAK_STAT3_SIGNALING,80,4.646447967078821,1.0
BRCA,0,6,HALLMARK_INFLAMMATORY_RESPONSE,181,8.131578653062505,1.0
BRCA,0,6,HALLMARK_INTERFERON_ALPHA_RESPONSE,95,3.160850895422492,1.0
BRCA,0,6,HALLMARK_INTERFERON_GAMMA_RESPONSE,194,7.490181688898718,1.0
BRCA,0,6,HALLMARK_KRAS_SIGNALING_DN,104,-1.4871030361690791,1.0
BRCA,0,6,HALLMARK_KRAS_SIGNALING_UP,174,7.050949017901951,1.0
BRCA,0,6,HALLMARK_MITOTIC_SPINDLE,197,3.668725634538438,1.0
BRCA,0,6,HALLMARK_MTORC1_SIGNALING,194,3.2733445856164347,1.0
BRCA,0,6,HALLMARK_MYC_TARGETS_V1,182,6.309997841553531,1.0
BRCA,0,6,HALLMARK_MYC_TARGETS_V2,57,1.9659586463523124,1.0
BRCA,0,6,HALLMARK_MYOGENESIS,158,2.407454457392073,1.0
BRCA,0,6,HALLMARK_NOTCH_SIGNALING,32,-0.14767510257026747,1.0
BRCA,0,6,HALLMARK_OXIDATIVE_PHOSPHORYLATION,184,-4.947972263730041,1.0
BRCA,0,6,HALLMARK_P53_PATHWAY,185,1.4643615538200403,1.0
BRCA,0,6,HALLMARK_PANCREAS_BETA_CELLS,18,-0.07473826000367254,1.0
BRCA,0,6,HALLMARK_PEROXISOME,94,-2.546916531823945,1.0
BRCA,0,6,HALLMARK_PI3K_AKT_MTOR_SIGNALING,97,0.702624619587219,1.0
BRCA,0,6,HALLMARK_PROTEIN_SECRETION,93,-1.054800546124191,1.0
BRCA,0,6,HALLMARK_REACTIVE_OXYGEN_SPECIES_PATHWAY,45,0.9566572517651624,1.0
BRCA,0,6,HALLMARK_SPERMATOGENESIS,75,0.8151288348923541,1.0
BRCA,0,6,HALLMARK_TGF_BETA_SIGNALING,52,2.6854752301885245,1.0
BRCA,0,6,HALLMARK_TNFA_SIGNALING_VIA_NFKB,195,6.757815518389937,1.0
BRCA,0,6,HALLMARK_UNFOLDED_PROTEIN_RESPONSE,106,-0.5950752724600087,1.0
BRCA,0,6,HALLMARK_UV_RESPONSE_DN,137,5.3351884164729935,1.0
BRCA,0,6,HALLMARK_UV_RESPONSE_UP,145,-1.3548134382136958,1.0
BRCA,0,6,HALLMARK_WNT_BETA_CATENIN_SIGNALING,40,-0.0577574089988689,1.0
BRCA,0,6,HALLMARK_XENOBIOTIC_METABOLISM,158,-3.5632884865653236,1.0
BRCA,0,7,HALLMARK_ADIPOGENESIS,186,-4.4816698342220995,1.0
BRCA,0,7,HALLMARK_ALLOGRAFT_REJECTION,174,5.699981558238277,1.0
BRCA,0,7,HALLMARK_ANDROGEN_RESPONSE,94,-3.8675729834280608,1.0
BRCA,0,7,HALLMARK_ANGIOGENESIS,31,5.827785702526563,1.0
BRCA,0,7,HALLMARK_APICAL_JUNCTION,166,3.193201574668263,1.0
BRCA,0,7,HALLMARK_APICAL_SURFACE,36,-4.122682974512308,1.0
BRCA,0,7,HALLMARK_APOPTOSIS,154,-2.5315228825587535,1.0
BRCA,0,7,HALLMARK_BILE_ACID_METABOLISM,89,-2.3639525197154327,1.0
BRCA,0,7,HALLMARK_CHOLESTEROL_HOMEOSTASIS,69,-1.2038680183261046,1.0
BRCA,0,7,HALLMARK_COAGULATION,104,5.4398812995925905,1.0
BRCA,0,7,HALLMARK_COMPLEMENT,175,2.994860598262369,1.0
BRCA,0,7,HALLMARK_DNA_REPAIR,145,-3.5361528162781513,1.0
BRCA,0,7,HALLMARK_E2F_TARGETS,192,7.271023877792854,1.0
BRCA,0,7,HALLMARK_EPITHELIAL_MESENCHYMAL_TRANSITION,190,17.399105538648744,1.0
BRCA,0,7,HALLMARK_ESTROGEN_RESPONSE_EARLY,189,-23.886721770341904,1.0
BRCA,0,7,HALLMARK_ESTROGEN_RESPONSE_LATE,180,-17.26032109367016,1.0
BRCA,0,7,HALLMARK_FATTY_ACID_METABOLISM,139,-5.702308256896293,1.0
BRCA,0,7,HALLMARK_G2M_CHECKPOINT,186,5.666506826004694,1.0
BRCA,0,7,HALLMARK_GLYCOLYSIS,178,0.8783639603483424,1.0
BRCA,0,7,HALLMARK_HEDGEHOG_SIGNALING,30,1.783039465648041,1.0
BRCA,0,7,HALLMARK_HEME_METABOLISM,161,-2.581851132074084,1.0
BRCA,0,7,HALLMARK_HYPOXIA,175,2.140964877748097,1.0
BRCA,0,7,HALLMARK_IL2_STAT5_SIGNALING,187,1.2810080352196838,1.0
BRCA,0,7,HALLMARK_IL6_JAK_STAT3_SIGNALING,80,1.3170961703008885,1.0
BRCA,0,7,HALLMARK_INFLAMMATORY_RESPONSE,181,3.662125112261361,1.0
BRCA,0,7,HALLMARK_INTERFERON_ALPHA_RESPONSE,95,0.8544112474521224,1.0
BRCA,0,7,HALLMARK_INTERFERON_GAMMA_RESPONSE,194,3.5147824684923767,1.0
BRCA,0,7,HALLMARK_KRAS_SIGNALING_DN,104,-0.13512643980184286,1.0
BRCA,0,7,HALLMARK_KRAS_SIGNALING_UP,174,6.57553354881868,1.0
BRCA,0,7,HALLMARK_MITOTIC_SPINDLE,197,3.7313208834302727,1.0
BRCA,0,7,HALLMARK_MTORC1_SIGNALING,194,-0.16232540800426196,1.0
BRCA,0,7,HALLMARK_MYC_TARGETS_V1,182,1.3081883974811324,1.0
BRCA,0,7,HALLMARK_MYC_TARGETS_V2,57,-0.547114568799276,1.0
BRCA,0,7,HALLMARK_MYOGENESIS,158,0.8220281982366747,1.0
BRCA,0,7,HALLMARK_NOTCH_SIGNALING,32,-0.13992118054118657,1.0
BRCA,0,7,HALLMARK_OXIDATIVE_PHOSPHORYLATION,184,-6.855577135063457,1.0
BRCA,0,7,HALLMARK_P53_PATHWAY,185,-1.464045439222875,1.0
BRCA,0,7,HALLMARK_PANCREAS_BETA_CELLS,18,0.41565574112645687,1.0
BRCA,0,7,HALLMARK_PEROXISOME,94,-3.93856552467631,1.0
BRCA,0,7,HALLMARK_PI3K_AKT_MTOR_SIGNALING,97,-1.0206119947784076,1.0
BRCA,0,7,HALLMARK_PROTEIN_SECRETION,93,-0.5289168579462808,1.0
BRCA,0,7,HALLMARK_REACTIVE_OXYGEN_SPECIES_PATHWAY,45,-0.6162560202405808,1.0
BRCA,0,7,HALLMARK_SPERMATOGENESIS,75,1.4623167278160538,1.0
BRCA,0,7,HALLMARK_TGF_BETA_SIGNALING,52,1.4785602292715387,1.0
BRCA,0,7,HALLMARK_TNFA_SIGNALING_VIA_NFKB,195,-0.6190591624045733,1.0
BRCA,0,7,HALLMARK_UNFOLDED_PROTEIN_RESPONSE,106,-1.729410319473898,1.0
BRCA,0,7,HALLMARK_UV_RESPONSE_DN,137,3.655746684598296,1.0
BRCA,0,7,HALLMARK_UV_RESPONSE_UP,145,-3.1873962016709965,1.0
BRCA,0,7,HALLMARK_WNT_BETA_CATENIN_SIGNALING,40,0.470431152561154,1.0
BRCA,0,7,HALLMARK_XENOBIOTIC_METABOLISM,158,-5.0591931240812125,1.0
BRCA,1,0,HALLMARK_ADIPOGENESIS,186,1.8561075281860724,0.9956202626824646
BRCA,1,0,HALLMARK_ALLOGRAFT_REJECTION,174,-8.915834659309906,0.9956202626824646
BRCA,1,0,HALLMARK_ANDROGEN_RESPONSE,94,-2.3485590787115775,0.9956202626824646
BRCA,1,0,HALLMARK_ANGIOGENESIS,31,-13.723268566576795,0.9956202626824646
BRCA,1,0,HALLMARK_APICAL_JUNCTION,166,-7.549024710264707,0.9956202626824646
BRCA,1,0,HALLMARK_APICAL_SURFACE,36,-0.4296369540038637,0.9956202626824646
BRCA,1,0,HALLMARK_APOPTOSIS,154,-6.318847032586921,0.9956202626824646
BRCA,1,0,HALLMARK_BILE_ACID_METABOLISM,89,1.1375678429795093,0.9956202626824646
BRCA,1,0,HALLMARK_CHOLESTEROL_HOMEOSTASIS,69,-0.1654251149288965,0.9956202626824646
BRCA,1,0,HALLMARK_COAGULATION,104,-14.608424843685913,0.9956202626824646
BRCA,1,0,HALLMARK_COMPLEMENT,175,-9.236998548752034,0.9956202626824646
BRCA,1,0,HALLMARK_DNA_REPAIR,145,8.094465807786628,0.9956202626824646
BRCA,1,0,HALLMARK_E2F_TARGETS,192,6.766172523820478,0.9956202626824646
BRCA,1,0,HALLMARK_EPITHELIAL_MESENCHYMAL_TRANSITION,190,-32.806299257930846,0.9956202626824646
BRCA,1,0,HALLMARK_ESTROGEN_RESPONSE_EARLY,189,6.872062508319589,0.9956202626824646
BRCA,1,0,HALLMARK_ESTROGEN_RESPONSE_LATE,180,5.8155467858196515,0.9956202626824646
BRCA,1,0,HALLMARK_FATTY_ACID_METABOLISM,139,2.188608895134762,0.9956202626824646
BRCA,1,0,HALLMARK_G2M_CHECKPOINT,186,3.4009421811783187,0.9956202626824646
BRCA,1,0,HALLMARK_GLYCOLYSIS,178,0.7289524124386673,0.9956202626824646
BRCA,1,0,HALLMARK_HEDGEHOG_SIGNALING,30,-2.377336694387107,0.9956202626824646
BRCA,1,0,HALLMARK_HEME_METABOLISM,161,-0.39476013248261593,0.9956202626824646
BRCA,1,0,HALLMARK_HYPOXIA,175,-6.902776971335227,0.9956202626824646
BRCA,1,0,HALLMARK_IL2_STAT5_SIGNALING,187,-5.902681095039449,0.9956202626824646
BRCA,1,0,HALLMARK_IL6_JAK_STAT3_SIGNALING,80,-5.957206156816048,0.9956202626824646
BRCA,1,0,HALLMARK_INFLAMMATORY_RESPONSE,181,-8.621372427481612,0.9956202626824646
BRCA,1,0,HALLMARK_INTERFERON_ALPHA_RESPONSE,95,-0.7653766628931366,0.9956202626824646
BRCA,1,0,HALLMARK_INTERFERON_GAMMA_RESPONSE,194,-5.636756454449828,0.9956202626824646
BRCA,1,0,HALLMARK_KRAS_SIGNALING_DN,104,0.5469350942940987,0.9956202626824646
BRCA,1,0,HALLMARK_KRAS_SIGNALING_UP,174,-11.646773066694392,0.9956202626824646
BRCA,1,0,HALLMARK_MITOTIC_SPINDLE,197,-2.661275596909648,0.9956202626824646
BRCA,1,0,HALLMARK_MTORC1_SIGNALING,194,1.5295897308374389,0.9956202626824646
BRCA,1,0,HALLMARK_MYC_TARGETS_V1,182,8.83960682252555,0.9956202626824646
BRCA,1,0,HALLMARK_MYC_TARGETS_V2,57,5.0801483614207115,0.9956202626824646
BRCA,1,0,HALLMARK_MYOGENESIS,158,-7.819950592589608,0.9956202626824646
BRCA,1,0,HALLMARK_NOTCH_SIGNALING,32,-0.5439273212620412,0.9956202626824646
BRCA,1,0,HALLMARK_OXIDATIVE_PHOSPHORYLATION,184,12.462532462536522,0.9956202626824646
BRCA,1,0,HALLMARK_P53_PATHWAY,185,-1.792988129723772,0.9956202626824646
BRCA,1,0,HALLMARK_PANCREAS_BETA_CELLS,18,-0.3599524569762587,0.9956202626824646
BRCA,1,0,HALLMARK_PEROXISOME,94,3.002993666350829,0.9956202626824646
BRCA,1,0,HALLMARK_PI3K_AKT_MTOR_SIGNALING,97,0.4782663185508487,0.9956202626824646
BRCA,1,0,HALLMARK_PROTEIN_SECRETION,93,-1.3859675075409712,0.9956202626824646
BRCA,1,0,HALLMARK_REACTIVE_OXYGEN_SPECIES_PATHWAY,45,1.819378114525098,0.9956202626824646
BRCA,1,0,HALLMARK_SPERMATOGENESIS,75,1.582284649273435,0.9956202626824646
BRCA,1,0,HALLMARK_TGF_BETA_SIGNALING,52,-6.549341062403749,0.9956202626824646
BRCA,1,0,HALLMARK_TNFA_SIGNALING_VIA_NFKB,195,-10.264115716933272,0.9956202626824646
BRCA,1,0,HALLMARK_UNFOLDED_PROTEIN_RESPONSE,106,3.2296201222595196,0.9956202626824646
BRCA,1,0,HALLMARK_UV_RESPONSE_DN,137,-12.05989027488908,0.9956202626824646
BRCA,1,0,HALLMARK_UV_RESPONSE_UP,145,2.5014758740102483,0.9956202626824646
BRCA,1,0,HALLMARK_WNT_BETA_CATENIN_SIGNALING,40,-0.4283906486499191,0.9956202626824646
BRCA,1,0,HALLMARK_XENOBIOTIC_METABOLISM,158,0.3107367206127136,0.9956202626824646
BRCA,1,1,HALLMARK_ADIPOGENESIS,186,-5.518634073244733,0.9987246602806066
BRCA,1,1,HALLMARK_ALLOGRAFT_REJECTION,174,13.468119780940148,0.9987246602806066
BRCA,1,1,HALLMARK_ANDROGEN_RESPONSE,94,-3.541507343635756,0.9987246602806066
BRCA,1,1,HALLMARK_ANGIOGENESIS,31,2.396925033222748,0.9987246602806066
BRCA,1,1,HALLMARK_APICAL_JUNCTION,166,-1.9273361017043953,0.9987246602806066
BRCA,1,1,HALLMARK_APICAL_SURFACE,36,-3.1111775004689908,0.9987246602806066
BRCA,1,1,HALLMARK_APOPTOSIS,154,0.2138461849395236,0.9987246602806066
BRCA,1,1,HALLMARK_BILE_ACID_METABOLISM,89,-3.277157999950932,0.9987246602806066
BRCA,1,1,HALLMARK_CHOLESTEROL_HOMEOSTASIS,69,-5.492150699040896,0.9987246602806066
BRCA,1,1,HALLMARK_COAGULATION,104,0.03961256453040199,0.9987246602806066
BRCA,1,1,HALLMARK_COMPLEMENT,175,4.726285908969574,0.9987246602806066
BRCA,1,1,HALLMARK_DNA_REPAIR,145,-5.79746656384837,0.9987246602806066
BRCA,1,1,HALLMARK_E2F_TARGETS,192,0.23108127993503816,0.9987246602806066
BRCA,1,1,HALLMARK_EPITHELIAL_MESENCHYMAL_TRANSITION,190,4.689119769638689,0.9987246602806066
BRCA,1,1,HALLMARK_ESTROGEN_RESPONSE_EARLY,189,-10.089879722939024,0.9987246602806066
BRCA,1,1,HALLMARK_ESTROGEN_RESPONSE_LATE,180,-8.587385086149084,0.9987246602806066
BRCA,1,1,HALLMARK_FATTY_ACID_METABOLISM,139,-4.429781235761859,0.9987246602806066
BRCA,1,1,HALLMARK_G2M_CHECKPOINT,186,1.7966394492790798,0.9987246602806066
BRCA,1,1,HALLMARK_GLYCOLYSIS,178,-7.184469708662213,0.9987246602806066
BRCA,1,1,HALLMARK_HEDGEHOG_SIGNALING,30,-0.4066281895311691,0.9987246602806066
BRCA,1,1,HALLMARK_HEME_METABOLISM,161,-0.5283766970867373,0.9987246602806066
BRCA,1,1,HALLMARK_HYPOXIA,175,-1.5268688053755515,0.9987246602806066
BRCA,1,1,HALLMARK_IL2_STAT5_SIGNALING,187,2.59094020389188,0.9987246602806066
BRCA,1,1,HALLMARK_IL6_JAK_STAT3_SIGNALING,80,6.566712444241015,0.9987246602806066
BRCA,1,1,HALLMARK_INFLAMMATORY_RESPONSE,181,8.104458799726354,0.9987246602806066
BRCA,1,1,HALLMARK_INTERFERON_ALPHA_RESPONSE,95,8.613634096986118,0.9987246602806066
BRCA,1,1,HALLMARK_INTERFERON_GAMMA_RESPONSE,194,12.801494611204728,0.9987246602806066
BRCA,1,1,HALLMARK_KRAS_SIGNALING_DN,104,-1.5441780298216297,0.9987246602806066
BRCA,1,1,HALLMARK_KRAS_SIGNALING_UP,174,6.940431247230305,0.9987246602806066
BRCA,1,1,HALLMARK_MITOTIC_SPINDLE,197,2.0303062815441386,0.9987246602806066
BRCA,1,1,HALLMARK_MTORC1_SIGNALING,194,-6.03804321533248,0.9987246602806066
BRCA,1,1,HALLMARK_MYC_TARGETS_V1,182,-4.980878627111765,0.9987246602806066
BRCA,1,1,HALLMARK_MYC_TARGETS_V2,57,-3.077572245899873,0.9987246602806066
BRCA,1,1,HALLMARK_MYOGENESIS,158,-4.753082109386881,0.9987246602806066
BRCA,1,1,HALLMARK_NOTCH_SIGNALING,32,-0.8712579519432255,0.9987246602806066
BRCA,1,1,HALLMARK_OXIDATIVE_PHOSPHORYLATION,184,-11.209510029636043,0.9987246602806066
BRCA,1,1,HALLMARK_P53_PATHWAY,185,-1.9512912824805881,0.9987246602806066
BRCA,1,1,HALLMARK_PANCREAS_BETA_CELLS,18,-0.16393611265635927,0.9987246602806066
BRCA,1,1,HALLMARK_PEROXISOME,94,-4.422859787074897,0.9987246602806066
BRCA,1,1,HALLMARK_PI3K_AKT_MTOR_SIGNALING,97,-1.398123298537677,0.9987246602806066
BRCA,1,1,HALLMARK_PROTEIN_SECRETION,93,-1.6521239057069361,0.9987246602806066
BRCA,1,1,HALLMARK_REACTIVE_OXYGEN_SPECIES_PATHWAY,45,-2.3009440201465203,0.9987246602806066
BRCA,1,1,HALLMARK_SPERMATOGENESIS,75,-0.03538802991184985,0.9987246602806066
BRCA,1,1,HALLMARK_TGF_BETA_SIGNALING,52,1.867495861551748,0.9987246602806066
BRCA,1,1,HALLMARK_TNFA_SIGNALING_VIA_NFKB,195,9.519833822171952,0.9987246602806066
BRCA,1,1,HALLMARK_UNFOLDED_PROTEIN_RESPONSE,106,-4.939936768033329,0.9987246602806066
BRCA,1,1,HALLMARK_UV_RESPONSE_DN,137,5.654423973789501,0.9987246602806066
BRCA,1,1,HALLMARK_UV_RESPONSE_UP,145,-3.123864132032374,0.9987246602806066
BRCA,1,1,HALLMARK_WNT_BETA_CATENIN_SIGNALING,40,0.4740890244171447,0.9987246602806066
BRCA,1,1,HALLMARK_XENOBIOTIC_METABOLISM,158,-4.195228265508059,0.9987246602806066
BRCA,1,2,HALLMARK_ADIPOGENESIS,186,-3.2331358451047385,0.9976398731593843
BRCA,1,2,HALLMARK_ALLOGRAFT_REJECTION,174,-1.8611968369003309,0.9976398731593843
BRCA,1,2,HALLMARK_ANDROGEN_RESPONSE,94,-4.001944345464746,0.9976398731593843
BRCA,1,2,HALLMARK_ANGIOGENESIS,31,-11.795734216912617,0.9976398731593843
BRCA,1,2,HALLMARK_APICAL_JUNCTION,166,-9.925157938058287,0.9976398731593843
BRCA,1,2,HALLMARK_APICAL_SURFACE,36,-2.545184239206896,0.9976398731593843
BRCA,1,2,HALLMARK_APOPTOSIS,154,-8.94752570393035,0.9976398731593843
BRCA,1,2,HALLMARK_BILE_ACID_METABOLISM,89,-1.3837512496703457,0.9976398731593843
BRCA,1,2,HALLMARK_CHOLESTEROL_HOMEOSTASIS,69,-2.231293135911961,0.9976398731593843
BRCA,1,2,HALLMARK_COAGULATION,104,-17.347253767816426,0.9976398731593843
BRCA,1,2,HALLMARK_COMPLEMENT,175,-8.342068084532224,0.9976398731593843
BRCA,1,2,HALLMARK_DNA_REPAIR,145,6.456894093750503,0.9976398731593843
BRCA,1,2,HALLMARK_E2F_TARGETS,192,18.03914141635102,0.9976398731593843
BRCA,1,2,HALLMARK_EPITHELIAL_MESENCHYMAL_TRANSITION,190,-32.9784132613472,0.9976398731593843
BRCA,1,2,HALLMARK_ESTROGEN_RESPONSE_EARLY,189,-1.961440628162614,0.9976398731593843
BRCA,1,2,HALLMARK_ESTROGEN_RESPONSE_LATE,180,-2.2654120613170328,0.9976398731593843
BRCA,1,2,HALLMARK_FATTY_ACID_METABOLISM,139,-2.3097380691255567,0.9976398731593843
BRCA,1,2,HALLMARK_G2M_CHECKPOINT,186,15.704388636148963,0.9976398731593843
BRCA,1,2,HALLMARK_GLYCOLYSIS,178,-2.660667176579739,0.9976398731593843
BRCA,1,2,HALLMARK_HEDGEHOG_SIGNALING,30,-2.3967612419637367,0.9976398731593843
BRCA,1,2,HALLMARK_HEME_METABOLISM,161,-2.5950694275831054,0.9976398731593843
BRCA,1,2,HALLMARK_HYPOXIA,175,-9.97381658172991,0.9976398731593843
BRCA,1,2,HALLMARK_IL2_STAT5_SIGNALING,187,-6.148700029602463,0.9976398731593843
BRCA,1,2,HALLMARK_IL6_JAK_STAT3_SIGNALING,80,-3.4799753737981094,0.9976398731593843
BRCA,1,2,HALLMARK_INFLAMMATORY_RESPONSE,181,-5.095094870183229,0.9976398731593843
BRCA,1,2,HALLMARK_INTERFERON_ALPHA_RESPONSE,95,5.108945121044236,0.9976398731593843
BRCA,1,2,HALLMARK_INTERFERON_GAMMA_RESPONSE,194,2.556999608118773,0.9976398731593843
BRCA,1,2,HALLMARK_KRAS_SIGNALING_DN,104,-1.792473340949029,0.9976398731593843
BRCA,1,2,HALLMARK_KRAS_SIGNALING_UP,174,-9.687361166544584,0.9976398731593843
BRCA,1,2,HALLMARK_MITOTIC_SPINDLE,197,3.8534500814681185,0.9976398731593843
BRCA,1,2,HALLMARK_MTORC1_SIGNALING,194,4.84367849037205,0.9976398731593843
BRCA,1,2,HALLMARK_MYC_TARGETS_V1,182,13.052412765801257,0.9976398731593843
BRCA,1,2,HALLMARK_MYC_TARGETS_V2,57,6.429091400228453,0.9976398731593843
BRCA,1,2,HALLMARK_MYOGENESIS,158,-12.608115251301562,0.9976398731593843
BRCA,1,2,HALLMARK_NOTCH_SIGNALING,32,-1.8621100520003389,0.9976398731593843
BRCA,1,2,HALLMARK_OXIDATIVE_PHOSPHORYLATION,184,4.532525582588218,0.9976398731593843
BRCA,1,2,HALLMARK_P53_PATHWAY,185,-6.605763024723445,0.9976398731593843
BRCA,1,2,HALLMARK_PANCREAS_BETA_CELLS,18,-1.2042035675054263,0.9976398731593843
BRCA,1,2,HALLMARK_PEROXISOME,94,-0.036557353759970275,0.9976398731593843
BRCA,1,2,HALLMARK_PI3K_AKT_MTOR_SIGNALING,97,2.240867516130951,0.9976398731593843
BRCA,1,2,HALLMARK_PROTEIN_SECRETION,93,-0.20079565113125858,0.9976398731593843
BRCA,1,2,HALLMARK_REACTIVE_OXYGEN_SPECIES_PATHWAY,45,0.01674761773794096,0.9976398731593843
BRCA,1,2,HALLMARK_SPERMATOGENESIS,75,3.603601088988992,0.9976398731593843
BRCA,1,2,HALLMARK_TGF_BETA_SIGNALING,52,-4.861234429529174,0.9976398731593843
BRCA,1,2,HALLMARK_TNFA_SIGNALING_VIA_NFKB,195,-10.748847601754694,0.9976398731593843
BRCA,1,2,HALLMARK_UNFOLDED_PROTEIN_RESPONSE,106,3.563082870821159,0.9976398731593843
BRCA,1,2,HALLMARK_UV_RESPONSE_DN,137,-10.307729472024855,0.9976398731593843
BRCA,1,2,HALLMARK_UV_RESPONSE_UP,145,0.44479582263164913,0.9976398731593843
BRCA,1,2,HALLMARK_WNT_BETA_CATENIN_SIGNALING,40,-0.7769473105607457,0.9976398731593843
BRCA,1,2,HALLMARK_XENOBIOTIC_METABOLISM,158,-2.801599053764833,0.9976398731593843
BRCA,1,3,HALLMARK_ADIPOGENESIS,186,-6.784970675199091,0.9720726655374791
BRCA,1,3,HALLMARK_ALLOGRAFT_REJECTION,174,3.0154605937179846,0.9720726655374791
BRCA,1,3,HALLMARK_ANDROGEN_RESPONSE,94,-2.9542567165253066,0.9720726655374791
BRCA,1,3,HALLMARK_ANGIOGENESIS,31,-0.5324236326334032,0.9720726655374791
BRCA,1,3,HALLMARK_APICAL_JUNCTION,166,-6.085798248790816,0.9720726655374791
BRCA,1,3,HALLMARK_APICAL_SURFACE,36,-3.7280622035334177,0.9720726655374791
BRCA,1,3,HALLMARK_APOPTOSIS,154,-3.9106637769099577,0.9720726655374791
BRCA,1,3,HALLMARK_BILE_ACID_METABOLISM,89,-3.703717290246781,0.9720726655374791
BRCA,1,3,HALLMARK_CHOLESTEROL_HOMEOSTASIS,69,-5.448782489320088,0.9720726655374791
BRCA,1,3,HALLMARK_COAGULATION,104,-7.970195935694726,0.9720726655374791
BRCA,1,3,HALLMARK_COMPLEMENT,175,-2.877548257145761,0.9720726655374791
BRCA,1,3,HALLMARK_DNA_REPAIR,145,-2.6759719553333174,0.9720726655374791
BRCA,1,3,HALLMARK_E2F_TARGETS,192,9.026371039686111,0.9720726655374791
BRCA,1,3,HALLMARK_EPITHELIAL_MESENCHYMAL_TRANSITION,190,-4.035980543734723,0.9720726655374791
BRCA,1,3,HALLMARK_ESTROGEN_RESPONSE_EARLY,189,-7.70642671990691,0.9720726655374791
BRCA,1,3,HALLMARK_ESTROGEN_RESPONSE_LATE,180,-8.150968965733329,0.9720726655374791
BRCA,1,3,HALLMARK_FATTY_ACID_METABOLISM,139,-4.517881704571407,0.9720726655374791
BRCA,1,3,HALLMARK_G2M_CHECKPOINT,186,9.957115137730138,0.9720726655374791
BRCA,1,3,HALLMARK_GLYCOLYSIS,178,-5.811583373967431,0.9720726655374791
BRCA,1,3,HALLMARK_HEDGEHOG_SIGNALING,30,-0.9700519791595424,0.9720726655374791
BRCA,1,3,HALLMARK_HEME_METABOLISM,161,-1.26141427818533,0.9720726655374791
BRCA,1,3,HALLMARK_HYPOXIA,175,-4.452275474150745,0.9720726655374791
BRCA,1,3,HALLMARK_IL2_STAT5_SIGNALING,187,-1.840373234440815,0.9720726655374791
BRCA,1,3,HALLMARK_IL6_JAK_STAT3_SIGNALING,80,0.7295844202365275,0.9720726655374791
BRCA,1,3,HALLMARK_INFLAMMATORY_RESPONSE,181,1.30438303259028,0.9720726655374791
BRCA,1,3,HALLMARK_INTERFERON_ALPHA_RESPONSE,95,1.7905061801709736,0.9720726655374791
BRCA,1,3,HALLMARK_INTERFERON_GAMMA_RESPONSE,194,2.907771497635933,0.9720726655374791
BRCA,1,3,HALLMARK_KRAS_SIGNALING_DN,104,-2.7325537105739772,0.9720726655374791
BRCA,1,3,HALLMARK_KRAS_SIGNALING_UP,174,0.05589681210546581,0.9720726655374791
BRCA,1,3,HALLMARK_MITOTIC_SPINDLE,197,5.383514079430869,0.9720726655374791
BRCA,1,3,HALLMARK_MTORC1_SIGNALING,194,-1.7061905975766276,0.9720726655374791
BRCA,1,3,HALLMARK_MYC_TARGETS_V1,182,3.304001158643358,0.9720726655374791
BRCA,1,3,HALLMARK_MYC_TARGETS_V2,57,-0.05129196433075236,0.9720726655374791
BRCA,1,3,HALLMARK_MYOGENESIS,158,-8.924874433156338,0.9720726655374791
BRCA,1,3,HALLMARK_NOTCH_SIGNALING,32,-0.8520069462849363,0.9720726655374791
BRCA,1,3,HALLMARK_OXIDATIVE_PHOSPHORYLATION,184,-8.462111096377345,0.9720726655374791
BRCA,1,3,HALLMARK_P53_PATHWAY,185,-5.2501671733908095,0.9720726655374791
BRCA,1,3,HALLMARK_PANCREAS_BETA_CELLS,18,-0.3821437714498783,0.9720726655374791
BRCA,1,3,HALLMARK_PEROXISOME,94,-3.495847076122144,0.9720726655374791
BRCA,1,3,HALLMARK_PI3K_AKT_MTOR_SIGNALING,97,-0.1235841597917176,0.9720726655374791
BRCA,1,3,HALLMARK_PROTEIN_SECRETION,93,1.1239594544637632,0.9720726655374791
BRCA,1,3,HALLMARK_REACTIVE_OXYGEN_SPECIES_PATHWAY,45,-2.6240597765896774,0.9720726655374791
BRCA,1,3,HALLMARK_SPERMATOGENESIS,75,2.303014827776562,0.9720726655374791
BRCA,1,3,HALLMARK_TGF_BETA_SIGNALING,52,1.1194986581223434,0.9720726655374791
BRCA,1,3,HALLMARK_TNFA_SIGNALING_VIA_NFKB,195,1.6510810920941599,0.9720726655374791
BRCA,1,3,HALLMARK_UNFOLDED_PROTEIN_RESPONSE,106,-2.085858877061548,0.9720726655374791
BRCA,1,3,HALLMARK_UV_RESPONSE_DN,137,3.915310125691987,0.9720726655374791
BRCA,1,3,HALLMARK_UV_RESPONSE_UP,145,-3.3794864700110083,0.9720726655374791
BRCA,1,3,HALLMARK_WNT_BETA_CATENIN_SIGNALING,40,0.2808556379045504,0.9720726655374791
BRCA,1,3,HALLMARK_XENOBIOTIC_METABOLISM,158,-5.26178608043658,0.9720726655374791
BRCA,1,4,HALLMARK_ADIPOGENESIS,186,-3.006460110966534,0.9969389630726462
BRCA,1,4,HALLMARK_ALLOGRAFT_REJECTION,174,16.96450136234069,0.9969389630726462
BRCA,1,4,HALLMARK_ANDROGEN_RESPONSE,94,-0.9501672528879596,0.9969389630726462
BRCA,1,4,HALLMARK_ANGIOGENESIS,31,-4.915277153406897,0.9969389630726462
BRCA,1,4,HALLMARK_APICAL_JUNCTION,166,-5.022363713795327,0.9969389630726462
BRCA,1,4,HALLMARK_APICAL_SURFACE,36,-1.8440221792870821,0.9969389630726462
BRCA,1,4,HALLMARK_APOPTOSIS,154,-2.533911161625513,0.9969389630726462
BRCA,1,4,HALLMARK_BILE_ACID_METABOLISM,89,-0.5082463916511285,0.9969389630726462
BRCA,1,4,HALLMARK_CHOLESTEROL_HOMEOSTASIS,69,-2.347607352118126,0.9969389630726462
BRCA,1,4,HALLMARK_COAGULATION,104,-4.813240229532866,0.9969389630726462
BRCA,1,4,HALLMARK_COMPLEMENT,175,5.444456492642011,0.9969389630726462
BRCA,1,4,HALLMARK_DNA_REPAIR,145,-2.228979000351064,0.9969389630726462
BRCA,1,4,HALLMARK_E2F_TARGETS,192,5.713825014483456,0.9969389630726462
BRCA,1,4,HALLMARK_EPITHELIAL_MESENCHYMAL_TRANSITION,190,-18.709240591725756,0.9969389630726462
BRCA,1,4,HALLMARK_ESTROGEN_RESPONSE_EARLY,189,-4.344251516391606,0.9969389630726462
BRCA,1,4,HALLMARK_ESTROGEN_RESPONSE_LATE,180,-3.7956772099301697,0.9969389630726462
BRCA,1,4,HALLMARK_FATTY_ACID_METABOLISM,139,-2.1692857822611713,0.9969389630726462
BRCA,1,4,HALLMARK_G2M_CHECKPOINT,186,5.465658565070559,0.9969389630726462
BRCA,1,4,HALLMARK_GLYCOLYSIS,178,-5.7027658689569005,0.9969389630726462
BRCA,1,4,HALLMARK_HEDGEHOG_SIGNALING,30,-1.2679310614592303,0.9969389630726462
BRCA,1,4,HALLMARK_HEME_METABOLISM,161,0.05335311873363181,0.9969389630726462
BRCA,1,4,HALLMARK_HYPOXIA,175,-6.747974444382028,0.9969389630726462
BRCA,1,4,HALLMARK_IL2_STAT5_SIGNALING,187,1.920402564808978,0.9969389630726462
BRCA,1,4,HALLMARK_IL6_JAK_STAT3_SIGNALING,80,7.718408030152102,0.9969389630726462
BRCA,1,4,HALLMARK_INFLAMMATORY_RESPONSE,181,8.029682683638097,0.9969389630726462
BRCA,1,4,HALLMARK_INTERFERON_ALPHA_RESPONSE,95,19.36451795196076,0.9969389630726462
BRCA,1,4,HALLMARK_INTERFERON_GAMMA_RESPONSE,194,22.54599010025249,0.9969389630726462
BRCA,1,4,HALLMARK_KRAS_SIGNALING_DN,104,-1.5186459557676768,0.9969389630726462
BRCA,1,4,HALLMARK_KRAS_SIGNALING_UP,174,3.157801695139385,0.9969389630726462
BRCA,1,4,HALLMARK_MITOTIC_SPINDLE,197,1.9604285322447852,0.9969389630726462
BRCA,1,4,HALLMARK_MTORC1_SIGNALING,194,1.6610059261322623,0.9969389630726462
BRCA,1,4,HALLMARK_MYC_TARGETS_V1,182,-0.9205022849539618,0.9969389630726462
BRCA,1,4,HALLMARK_MYC_TARGETS_V2,57,-0.5910801798594059,0.9969389630726462
BRCA,1,4,HALLMARK_MYOGENESIS,158,-7.907362869769713,0.9969389630726462
BRCA,1,4,HALLMARK_NOTCH_SIGNALING,32,-2.5914708846705996,0.9969389630726462
BRCA,1,4,HALLMARK_OXIDATIVE_PHOSPHORYLATION,184,-5.741127791424386,0.9969389630726462
BRCA,1,4,HALLMARK_P53_PATHWAY,185,-4.271235020354235,0.9969389630726462
BRCA,1,4,HALLMARK_PANCREAS_BETA_CELLS,18,-0.6250663439729346,0.9969389630726462
BRCA,1,4,HALLMARK_PEROXISOME,94,-1.7744583186145877,0.9969389630726462
BRCA,1,4,HALLMARK_PI3K_AKT_MTOR_SIGNALING,97,1.2377736956951495,0.9969389630726462
BRCA,1,4,HALLMARK_PROTEIN_SECRETION,93,0.031587833019836496,0.9969389630726462
BRCA,1,4,HALLMARK_REACTIVE_OXYGEN_SPECIES_PATHWAY,45,-1.40075121757253,0.9969389630726462
BRCA,1,4,HALLMARK_SPERMATOGENESIS,75,0.6973777152829552,0.9969389630726462
BRCA,1,4,HALLMARK_TGF_BETA_SIGNALING,52,-2.2148722574607214,0.9969389630726462
BRCA,1,4,HALLMARK_TNFA_SIGNALING_VIA_NFKB,195,0.990394066778313,0.9969389630726462
BRCA,1,4,HALLMARK_UNFOLDED_PROTEIN_RESPONSE,106,-0.5080902750007973,0.9969389630726462
BRCA,1,4,HALLMARK_UV_RESPONSE_DN,137,-4.121559033916159,0.9969389630726462
BRCA,1,4,HALLMARK_UV_RESPONSE_UP,145,-1.1031439316833704,0.9969389630726462
BRCA,1,4,HALLMARK_WNT_BETA_CATENIN_SIGNALING,40,-1.3905353949077237,0.9969389630726462
BRCA,1,4,HALLMARK_XENOBIOTIC_METABOLISM,158,-1.3704436913480873,0.9969389630726462
BRCA,1,5,HALLMARK_ADIPOGENESIS,186,-0.2405511121775856,0.9971127528731096
BRCA,1,5,HALLMARK_ALLOGRAFT_REJECTION,174,-2.634504637885018,0.9971127528731096
BRCA,1,5,HALLMARK_ANDROGEN_RESPONSE,94,-3.1560052556809404,0.9971127528731096
BRCA,1,5,HALLMARK_ANGIOGENESIS,31,-13.202250116304137,0.9971127528731096
BRCA,1,5,HALLMARK_APICAL_JUNCTION,166,-10.9029045943488,0.9971127528731096
BRCA,1,5,HALLMARK_APICAL_SURFACE,36,-1.0193269353526175,0.9971127528731096
BRCA,1,5,HALLMARK_APOPTOSIS,154,-5.118343015988848,0.9971127528731096
BRCA,1,5,HALLMARK_BILE_ACID_METABOLISM,89,0.7198623011152311,0.9971127528731096
BRCA,1,5,HALLMARK_CHOLESTEROL_HOMEOSTASIS,69,-3.079190231319049,0.9971127528731096
BRCA,1,5,HALLMARK_COAGULATION,104,-11.613376824586304,0.9971127528731096
BRCA,1,5,HALLMARK_COMPLEMENT,175,-5.089473250311114,0.9971127528731096
BRCA,1,5,HALLMARK_DNA_REPAIR,145,3.107199156766395,0.9971127528731096
BRCA,1,5,HALLMARK_E2F_TARGETS,192,-8.283992424050739,0.9971127528731096
BRCA,1,5,HALLMARK_EPITHELIAL_MESENCHYMAL_TRANSITION,190,-30.30223795654879,0.9971127528731096
BRCA,1,5,HALLMARK_ESTROGEN_RESPONSE_EARLY,189,6.460862544728954,0.9971127528731096
BRCA,1,5,HALLMARK_ESTROGEN_RESPONSE_LATE,180,5.886390053824548,0.9971127528731096
BRCA,1,5,HALLMARK_FATTY_ACID_METABOLISM,139,2.0161733879861976,0.9971127528731096
BRCA,1,5,HALLMARK_G2M_CHECKPOINT,186,-9.546054936319361,0.9971127528731096
BRCA,1,5,HALLMARK_GLYCOLYSIS,178,-3.990707953527379,0.9971127528731096
BRCA,1,5,HALLMARK_HEDGEHOG_SIGNALING,30,-3.4320474276870674,0.9971127528731096
BRCA,1,5,HALLMARK_HEME_METABOLISM,161,-0.9329594566760722,0.9971127528731096
BRCA,1,5,HALLMARK_HYPOXIA,175,-8.514547055784487,0.9971127528731096
BRCA,1,5,HALLMARK_IL2_STAT5_SIGNALING,187,-4.0289080396210055,0.9971127528731096
BRCA,1,5,HALLMARK_IL6_JAK_STAT3_SIGNALING,80,-3.7862502277734267,0.9971127528731096
BRCA,1,5,HALLMARK_INFLAMMATORY_RESPONSE,181,-4.318743226387436,0.9971127528731096
BRCA,1,5,HALLMARK_INTERFERON_ALPHA_RESPONSE,95,3.9809009445719243,0.9971127528731096
BRCA,1,5,HALLMARK_INTERFERON_GAMMA_RESPONSE,194,0.32838825140628103,0.9971127528731096
BRCA,1,5,HALLMARK_KRAS_SIGNALING_DN,104,0.811961247111332,0.9971127528731096
BRCA,1,5,HALLMARK_KRAS_SIGNALING_UP,174,-7.065908313949251,0.9971127528731096
BRCA,1,5,HALLMARK_MITOTIC_SPINDLE,197,-9.471734912538015,0.9971127528731096
BRCA,1,5,HALLMARK_MTORC1_SIGNALING,194,-7.529411968770783,0.9971127528731096
BRCA,1,5,HALLMARK_MYC_TARGETS_V1,182,-7.357369348912073,0.9971127528731096
BRCA,1,5,HALLMARK_MYC_TARGETS_V2,57,-1.5910433151815577,0.9971127528731096
BRCA,1,5,HALLMARK_MYOGENESIS,158,-8.68014190176862,0.9971127528731096
BRCA,1,5,HALLMARK_NOTCH_SIGNALING,32,-1.7066962375827341,0.9971127528731096
BRCA,1,5,HALLMARK_OXIDATIVE_PHOSPHORYLATION,184,7.133069538870173,0.9971127528731096
BRCA,1,5,HALLMARK_P53_PATHWAY,185,-1.7224751458606795,0.9971127528731096
BRCA,1,5,HALLMARK_PANCREAS_BETA_CELLS,18,0.18621285279078278,0.9971127528731096
BRCA,1,5,HALLMARK_PEROXISOME,94,1.4771274368374823,0.9971127528731096
BRCA,1,5,HALLMARK_PI3K_AKT_MTOR_SIGNALING,97,-2.8019904822737547,0.9971127528731096
BRCA,1,5,HALLMARK_PROTEIN_SECRETION,93,-4.965874621062187,0.9971127528731096
BRCA,1,5,HALLMARK_REACTIVE_OXYGEN_SPECIES_PATHWAY,45,0.7375934365946049,0.9971127528731096
BRCA,1,5,HALLMARK_SPERMATOGENESIS,75,-0.5656391017957031,0.9971127528731096
BRCA,1,5,HALLMARK_TGF_BETA_SIGNALING,52,-7.639699003571721,0.9971127528731096
BRCA,1,5,HALLMARK_TNFA_SIGNALING_VIA_NFKB,195,-6.201284746253218,0.9971127528731096
BRCA,1,5,HALLMARK_UNFOLDED_PROTEIN_RESPONSE,106,-3.4945826619878733,0.9971127528731096
BRCA,1,5,HALLMARK_UV_RESPONSE_DN,137,-10.343214566950232,0.9971127528731096
BRCA,1,5,HALLMARK_UV_RESPONSE_UP,145,-0.8536909081497335,0.9971127528731096
BRCA,1,5,HALLMARK_WNT_BETA_CATENIN_SIGNALING,40,-1.7340038700237517,0.9971127528731096
BRCA,1,5,HALLMARK_XENOBIOTIC_METABOLISM,158,0.34440019039882397,0.9971127528731096
BRCA,1,6,HALLMARK_ADIPOGENESIS,186,-2.7552740458151654,0.9720955395948865
BRCA,1,6,HALLMARK_ALLOGRAFT_REJECTION,174,-4.9869014190564736,0.9720955395948865
BRCA,1,6,HALLMARK_ANDROGEN_RESPONSE,94,-4.733225428272702,0.9720955395948865
BRCA,1,6,HALLMARK_ANGIOGENESIS,31,-12.297067817620709,0.9720955395948865
BRCA,1,6,HALLMARK_APICAL_JUNCTION,166,-12.641513625389534,0.9720955395948865
BRCA,1,6,HALLMARK_APICAL_SURFACE,36,-3.9185097502837154,0.9720955395948865
BRCA,1,6,HALLMARK_APOPTOSIS,154,-9.35089660613656,0.9720955395948865
BRCA,1,6,HALLMARK_BILE_ACID_METABOLISM,89,-1.3828417012727314,0.9720955395948865
BRCA,1,6,HALLMARK_CHOLESTEROL_HOMEOSTASIS,69,-2.064816614503189,0.9720955395948865
BRCA,1,6,HALLMARK_COAGULATION,104,-16.297828237962168,0.9720955395948865
BRCA,1,6,HALLMARK_COMPLEMENT,175,-7.582029679201405,0.9720955395948865
BRCA,1,6,HALLMARK_DNA_REPAIR,145,5.685648461872062,0.9720955395948865
BRCA,1,6,HALLMARK_E2F_TARGETS,192,9.141669142208125,0.9720955395948865
BRCA,1,6,HALLMARK_EPITHELIAL_MESENCHYMAL_TRANSITION,190,-28.91629110235398,0.9720955395948865
BRCA,1,6,HALLMARK_ESTROGEN_RESPONSE_EARLY,189,-6.438319602366307,0.9720955395948865
BRCA,1,6,HALLMARK_ESTROGEN_RESPONSE_LATE,180,-3.6748651322133603,0.9720955395948865
BRCA,1,6,HALLMARK_FATTY_ACID_METABOLISM,139,0.617346814365166,0.9720955395948865
BRCA,1,6,HALLMARK_G2M_CHECKPOINT,186,5.714259538035713,0.9720955395948865
BRCA,1,6,HALLMARK_GLYCOLYSIS,178,-1.0813760526393532,0.9720955395948865
BRCA,1,6,HALLMARK_HEDGEHOG_SIGNALING,30,-4.215236761648758,0.9720955395948865
BRCA,1,6,HALLMARK_HEME_METABOLISM,161,-3.0867782997990263,0.9720955395948865
BRCA,1,6,HALLMARK_HYPOXIA,175,-9.5625125086591,0.9720955395948865
BRCA,1,6,HALLMARK_IL2_STAT5_SIGNALING,187,-6.9339278593208755,0.9720955395948865
BRCA,1,6,HALLMARK_IL6_JAK_STAT3_SIGNALING,80,-6.322673715686827,0.9720955395948865
BRCA,1,6,HALLMARK_INFLAMMATORY_RESPONSE,181,-5.888564500412671,0.9720955395948865
BRCA,1,6,HALLMARK_INTERFERON_ALPHA_RESPONSE,95,1.236471648366074,0.9720955395948865
BRCA,1,6,HALLMARK_INTERFERON_GAMMA_RESPONSE,194,-2.1112533057532743,0.9720955395948865
BRCA,1,6,HALLMARK_KRAS_SIGNALING_DN,104,-1.312891609971001,0.9720955395948865
BRCA,1,6,HALLMARK_KRAS_SIGNALING_UP,174,-8.9716759010637,0.9720955395948865
BRCA,1,6,HALLMARK_MITOTIC_SPINDLE,197,-4.880276058237525,0.9720955395948865
BRCA,1,6,HALLMARK_MTORC1_SIGNALING,194,0.929958722077885,0.9720955395948865
BRCA,1,6,HALLMARK_MYC_TARGETS_V1,182,8.51040984930432,0.9720955395948865
BRCA,1,6,HALLMARK_MYC_TARGETS_V2,57,3.897700963933781,0.9720955395948865
BRCA,1,6,HALLMARK_MYOGENESIS,158,-14.753699507597183,0.9720955395948865
BRCA,1,6,HALLMARK_NOTCH_SIGNALING,32,-1.9818172864064523,0.9720955395948865
BRCA,1,6,HALLMARK_OXIDATIVE_PHOSPHORYLATION,184,9.978673048447611,0.9720955395948865
BRCA,1,6,HALLMARK_P53_PATHWAY,185,-4.691432734697566,0.9720955395948865
BRCA,1,6,HALLMARK_PANCREAS_BETA_CELLS,18,-0.04937724678437751,0.9720955395948865
BRCA,1,6,HALLMARK_PEROXISOME,94,1.272091674799787,0.9720955395948865
BRCA,1,6,HALLMARK_PI3K_AKT_MTOR_SIGNALING,97,-0.881022951627891,0.9720955395948865
BRCA,1,6,HALLMARK_PROTEIN_SECRETION,93,-2.1205724339022316,0.9720955395948865
BRCA,1,6,HALLMARK_REACTIVE_OXYGEN_SPECIES_PATHWAY,45,2.3129216351080695,0.9720955395948865
BRCA,1,6,HALLMARK_SPERMATOGENESIS,75,2.987874042400036,0.9720955395948865
BRCA,1,6,HALLMARK_TGF_BETA_SIGNALING,52,-8.181562502601993,0.9720955395948865
BRCA,1,6,HALLMARK_TNFA_SIGNALING_VIA_NFKB,195,-11.154670469226852,0.9720955395948865
BRCA,1,6,HALLMARK_UNFOLDED_PROTEIN_RESPONSE,106,-0.6510828631515865,0.9720955395948865
BRCA,1,6,HALLMARK_UV_RESPONSE_DN,137,-11.038087828415886,0.9720955395948865
BRCA,1,6,HALLMARK_UV_RESPONSE_UP,145,-1.2129056368647892,0.9720955395948865
BRCA,1,6,HALLMARK_WNT_BETA_CATENIN_SIGNALING,40,-1.6837054112638743,0.9720955395948865
BRCA,1,6,HALLMARK_XENOBIOTIC_METABOLISM,158,-3.0153124015463826,0.9720955395948865
BRCA,1,7,HALLMARK_ADIPOGENESIS,186,-1.1655111499210367,0.9920225067578641
BRCA,1,7,HALLMARK_ALLOGRAFT_REJECTION,174,0.5824229836368835,0.9920225067578641
BRCA,1,7,HALLMARK_ANDROGEN_RESPONSE,94,-5.145416239455353,0.9920225067578641
BRCA,1,7,HALLMARK_ANGIOGENESIS,31,-1.7435190535712932,0.9920225067578641
BRCA,1,7,HALLMARK_APICAL_JUNCTION,166,2.6509536467236825,0.9920225067578641
BRCA,1,7,HALLMARK_APICAL_SURFACE,36,-1.6830625817398477,0.9920225067578641
BRCA,1,7,HALLMARK_APOPTOSIS,154,-3.791800620219216,0.9920225067578641
BRCA,1,7,HALLMARK_BILE_ACID_METABOLISM,89,-0.9931131886031758,0.9920225067578641
BRCA,1,7,HALLMARK_CHOLESTEROL_HOMEOSTASIS,69,2.179453838516741,0.9920225067578641
BRCA,1,7,HALLMARK_COAGULATION,104,0.715910051920673,0.9920225067578641
BRCA,1,7,HALLMARK_COMPLEMENT,175,0.33845343306970627,0.9920225067578641
BRCA,1,7,HALLMARK_DNA_REPAIR,145,0.7881094759264916,0.9920225067578641
BRCA,1,7,HALLMARK_E2F_TARGETS,192,2.5480791513955894,0.9920225067578641
BRCA,1,7,HALLMARK_EPITHELIAL_MESENCHYMAL_TRANSITION,190,1.3208792183849165,0.9920225067578641
BRCA,1,7,HALLMARK_ESTROGEN_RESPONSE_EARLY,189,-16.50703079311104,0.9920225067578641
BRCA,1,7,HALLMARK_ESTROGEN_RESPONSE_LATE,180,-10.366723386500706,0.9920225067578641
BRCA,1,7,HALLMARK_FATTY_ACID_METABOLISM,139,-2.7134771463068645,0.9920225067578641
BRCA,1,7,HALLMARK_G2M_CHECKPOINT,186,0.17471030815893543,0.9920225067578641
BRCA,1,7,HALLMARK_GLYCOLYSIS,178,3.399438833261788,0.9920225067578641
BRCA,1,7,HALLMARK_HEDGEHOG_SIGNALING,30,0.5033170117989175,0.9920225067578641
BRCA,1,7,HALLMARK_HEME_METABOLISM,161,-3.680328241673142,0.9920225067578641
BRCA,1,7,HALLMARK_HYPOXIA,175,1.6880953227256226,0.9920225067578641
BRCA,1,7,HALLMARK_IL2_STAT5_SIGNALING,187,-1.0150969819119158,0.9920225067578641
BRCA,1,7,HALLMARK_IL6_JAK_STAT3_SIGNALING,80,-1.1559733110389145,0.9920225067578641
BRCA,1,7,HALLMARK_INFLAMMATORY_RESPONSE,181,0.3650283266485353,0.9920225067578641
BRCA,1,7,HALLMARK_INTERFERON_ALPHA_RESPONSE,95,-3.8716146275084573,0.9920225067578641
BRCA,1,7,HALLMARK_INTERFERON_GAMMA_RESPONSE,194,-2.598327680473728,0.9920225067578641
BRCA,1,7,HALLMARK_KRAS_SIGNALING_DN,104,2.5789441105979742,0.9920225067578641
BRCA,1,7,HALLMARK_KRAS_SIGNALING_UP,174,0.6341339352145117,0.9920225067578641
BRCA,1,7,HALLMARK_MITOTIC_SPINDLE,197,-3.1229369152522586,0.9920225067578641
BRCA,1,7,HALLMARK_MTORC1_SIGNALING,194,0.14243270763876528,0.9920225067578641
BRCA,1,7,HALLMARK_MYC_TARGETS_V1,182,1.5866390817008336,0.9920225067578641
BRCA,1,7,HALLMARK_MYC_TARGETS_V2,57,2.7871014141477617,0.9920225067578641
BRCA,1,7,HALLMARK_MYOGENESIS,158,0.5877354192603271,0.9920225067578641
BRCA,1,7,HALLMARK_NOTCH_SIGNALING,32,0.26454783617511485,0.9920225067578641
BRCA,1,7,HALLMARK_OXIDATIVE_PHOSPHORYLATION,184,2.6131823108573657,0.9920225067578641
BRCA,1,7,HALLMARK_P53_PATHWAY,185,2.1985011982337057,0.9920225067578641
BRCA,1,7,HALLMARK_PANCREAS_BETA_CELLS,18,-0.4467696493558798,0.9920225067578641
BRCA,1,7,HALLMARK_PEROXISOME,94,-0.9883737335819295,0.9920225067578641
BRCA,1,7,HALLMARK_PI3K_AKT_MTOR_SIGNALING,97,-1.5028145473454566,0.9920225067578641
BRCA,1,7,HALLMARK_PROTEIN_SECRETION,93,-5.429319993194558,0.9920225067578641
BRCA,1,7,HALLMARK_REACTIVE_OXYGEN_SPECIES_PATHWAY,45,2.476925819026509,0.9920225067578641
BRCA,1,7,HALLMARK_SPERMATOGENESIS,75,0.338396966968255,0.9920225067578641
BRCA,1,7,HALLMARK_TGF_BETA_SIGNALING,52,-3.2798396403905827,0.9920225067578641
BRCA,1,7,HALLMARK_TNFA_SIGNALING_VIA_NFKB,195,-2.1034620314637364,0.9920225067578641
BRCA,1,7,HALLMARK_UNFOLDED_PROTEIN_RESPONSE,106,-0.7310412687588596,0.9920225067578641
BRCA,1,7,HALLMARK_UV_RESPONSE_DN,137,-5.4665952081388545,0.9920225067578641
BRCA,1,7,HALLMARK_UV_RESPONSE_UP,145,-0.14567321069759123,0.9920225067578641
BRCA,1,7,HALLMARK_WNT_BETA_CATENIN_SIGNALING,40,0.8838380841994689,0.9920225067578641
BRCA,1,7,HALLMARK_XENOBIOTIC_METABOLISM,158,-2.0111040140443057,0.9920225067578641
BRCA,2,0,HALLMARK_ADIPOGENESIS,186,2.400465265272579,0.9953200963884594
BRCA,2,0,HALLMARK_ALLOGRAFT_REJECTION,174,11.092784294243033,0.9953200963884594
BRCA,2,0,HALLMARK_ANDROGEN_RESPONSE,94,5.0368054476031965,0.9953200963884594
BRCA,2,0,HALLMARK_ANGIOGENESIS,31,7.661372584051391,0.9953200963884594
BRCA,2,0,HALLMARK_APICAL_JUNCTION,166,2.264755143712516,0.9953200963884594
BRCA,2,0,HALLMARK_APICAL_SURFACE,36,2.9089568479356225,0.9953200963884594
BRCA,2,0,HALLMARK_APOPTOSIS,154,7.962595050921304,0.9953200963884594
BRCA,2,0,HALLMARK_BILE_ACID_METABOLISM,89,2.10039577876945,0.9953200963884594
BRCA,2,0,HALLMARK_CHOLESTEROL_HOMEOSTASIS,69,1.4660722797781016,0.9953200963884594
BRCA,2,0,HALLMARK_COAGULATION,104,13.597609915641549,0.9953200963884594
BRCA,2,0,HALLMARK_COMPLEMENT,175,12.539395408074245,0.9953200963884594
BRCA,2,0,HALLMARK_DNA_REPAIR,145,-5.833095905326716,0.9953200963884594
BRCA,2,0,HALLMARK_E2F_TARGETS,192,-20.864830094932287,0.9953200963884594
BRCA,2,0,HALLMARK_EPITHELIAL_MESENCHYMAL_TRANSITION,190,14.629244731858902,0.9953200963884594
BRCA,2,0,HALLMARK_ESTROGEN_RESPONSE_EARLY,189,7.970422211538282,0.9953200963884594
BRCA,2,0,HALLMARK_ESTROGEN_RESPONSE_LATE,180,7.628181914352766,0.9953200963884594
BRCA,2,0,HALLMARK_FATTY_ACID_METABOLISM,139,2.398923052385532,0.9953200963884594
BRCA,2,0,HALLMARK_G2M_CHECKPOINT,186,-16.02120435125652,0.9953200963884594
BRCA,2,0,HALLMARK_GLYCOLYSIS,178,0.7206244405347735,0.9953200963884594
BRCA,2,0,HALLMARK_HEDGEHOG_SIGNALING,30,0.9190934590356997,0.9953200963884594
BRCA,2,0,HALLMARK_HEME_METABOLISM,161,2.8171995075679184,0.9953200963884594
BRCA,2,0,HALLMARK_HYPOXIA,175,5.019317548231015,0.9953200963884594
BRCA,2,0,HALLMARK_IL2_STAT5_SIGNALING,187,7.544757492785578,0.9953200963884594
BRCA,2,0,HALLMARK_IL6_JAK_STAT3_SIGNALING,80,6.420946057317269,0.9953200963884594
BRCA,2,0,HALLMARK_INFLAMMATORY_RESPONSE,181,10.067429637440176,0.9953200963884594
BRCA,2,0,HALLMARK_INTERFERON_ALPHA_RESPONSE,95,14.2473574613261,0.9953200963884594
BRCA,2,0,HALLMARK_INTERFERON_GAMMA_RESPONSE,194,18.604347648681774,0.9953200963884594
BRCA,2,0,HALLMARK_KRAS_SIGNALING_DN,104,0.18108426480383366,0.9953200963884594
BRCA,2,0,HALLMARK_KRAS_SIGNALING_UP,174,9.78723981099786,0.9953200963884594
BRCA,2,0,HALLMARK_MITOTIC_SPINDLE,197,-6.57414514966702,0.9953200963884594
BRCA,2,0,HALLMARK_MTORC1_SIGNALING,194,-2.3198051406887346,0.9953200963884594
BRCA,2,0,HALLMARK_MYC_TARGETS_V1,182,-21.040642471388058,0.9953200963884594
BRCA,2,0,HALLMARK_MYC_TARGETS_V2,57,-8.213540979610721,0.9953200963884594
BRCA,2,0,HALLMARK_MYOGENESIS,158,5.9306679223335435,0.9953200963884594
BRCA,2,0,HALLMARK_NOTCH_SIGNALING,32,-0.09169579468841382,0.9953200963884594
BRCA,2,0,HALLMARK_OXIDATIVE_PHOSPHORYLATION,184,-4.572963410945679,0.9953200963884594
BRCA,2,0,HALLMARK_P53_PATHWAY,185,4.269131123292017,0.9953200963884594
BRCA,2,0,HALLMARK_PANCREAS_BETA_CELLS,18,0.8952348602797668,0.9953200963884594
BRCA,2,0,HALLMARK_PEROXISOME,94,0.0457162961175669,0.9953200963884594
BRCA,2,0,HALLMARK_PI3K_AKT_MTOR_SIGNALING,97,0.07418170418803005,0.9953200963884594
BRCA,2,0,HALLMARK_PROTEIN_SECRETION,93,-0.05833389785951627,0.9953200963884594
BRCA,2,0,HALLMARK_REACTIVE_OXYGEN_SPECIES_PATHWAY,45,1.2425191210005164,0.9953200963884594
BRCA,2,0,HALLMARK_SPERMATOGENESIS,75,-4.288174687525167,0.9953200963884594
BRCA,2,0,HALLMARK_TGF_BETA_SIGNALING,52,2.276817393689808,0.9953200963884594
BRCA,2,0,HALLMARK_TNFA_SIGNALING_VIA_NFKB,195,10.648914382886007,0.9953200963884594
BRCA,2,0,HALLMARK_UNFOLDED_PROTEIN_RESPONSE,106,-3.8262824442929815,0.9953200963884594
BRCA,2,0,HALLMARK_UV_RESPONSE_DN,137,4.088213992932274,0.9953200963884594
BRCA,2,0,HALLMARK_UV_RESPONSE_UP,145,0.27739731073367285,0.9953200963884594
BRCA,2,0,HALLMARK_WNT_BETA_CATENIN_SIGNALING,40,-2.5355190339190865,0.9953200963884594
BRCA,2,0,HALLMARK_XENOBIOTIC_METABOLISM,158,5.048779188924837,0.9953200963884594
BRCA,2,1,HALLMARK_ADIPOGENESIS,186,5.345874218717735,0.9915424616365363
BRCA,2,1,HALLMARK_ALLOGRAFT_REJECTION,174,-8.387812744211198,0.9915424616365363
BRCA,2,1,HALLMARK_ANDROGEN_RESPONSE,94,4.7326278088863285,0.9915424616365363
BRCA,2,1,HALLMARK_ANGIOGENESIS,31,5.030771421775012,0.9915424616365363
BRCA,2,1,HALLMARK_APICAL_JUNCTION,166,1.9350430792240376,0.9915424616365363
BRCA,2,1,HALLMARK_APICAL_SURFACE,36,3.230016731525167,0.9915424616365363
BRCA,2,1,HALLMARK_APOPTOSIS,154,3.9217644538817313,0.9915424616365363
BRCA,2,1,HALLMARK_BILE_ACID_METABOLISM,89,2.3750803658244495,0.9915424616365363
BRCA,2,1,HALLMARK_CHOLESTEROL_HOMEOSTASIS,69,6.151604697555583,0.9915424616365363
BRCA,2,1,HALLMARK_COAGULATION,104,3.8558190731693127,0.9915424616365363
BRCA,2,1,HALLMARK_COMPLEMENT,175,0.23142687391248296,0.9915424616365363
BRCA,2,1,HALLMARK_DNA_REPAIR,145,6.056032183493712,0.9915424616365363
BRCA,2,1,HALLMARK_E2F_TARGETS,192,5.804763707323676,0.9915424616365363
BRCA,2,1,HALLMARK_EPITHELIAL_MESENCHYMAL_TRANSITION,190,10.619365029473965,0.9915424616365363
BRCA,2,1,HALLMARK_ESTROGEN_RESPONSE_EARLY,189,11.43937098622202,0.9915424616365363
BRCA,2,1,HALLMARK_ESTROGEN_RESPONSE_LATE,180,9.575634754950787,0.9915424616365363
BRCA,2,1,HALLMARK_FATTY_ACID_METABOLISM,139,6.95751986318472,0.9915424616365363
BRCA,2,1,HALLMARK_G2M_CHECKPOINT,186,4.555874437525145,0.9915424616365363
BRCA,2,1,HALLMARK_GLYCOLYSIS,178,7.003659753972371,0.9915424616365363
BRCA,2,1,HALLMARK_HEDGEHOG_SIGNALING,30,-0.5964067053912329,0.9915424616365363
BRCA,2,1,HALLMARK_HEME_METABOLISM,161,1.5483186037241865,0.9915424616365363
BRCA,2,1,HALLMARK_HYPOXIA,175,2.0420800844959506,0.9915424616365363
BRCA,2,1,HALLMARK_IL2_STAT5_SIGNALING,187,-0.9214638795589865,0.9915424616365363
BRCA,2,1,HALLMARK_IL6_JAK_STAT3_SIGNALING,80,-3.4252522029117096,0.9915424616365363
BRCA,2,1,HALLMARK_INFLAMMATORY_RESPONSE,181,-3.437068541896399,0.9915424616365363
BRCA,2,1,HALLMARK_INTERFERON_ALPHA_RESPONSE,95,1.5919344797875459,0.9915424616365363
BRCA,2,1,HALLMARK_INTERFERON_GAMMA_RESPONSE,194,-2.0971633571712527,0.9915424616365363
BRCA,2,1,HALLMARK_KRAS_SIGNALING_DN,104,-3.6330009876818243,0.9915424616365363
BRCA,2,1,HALLMARK_KRAS_SIGNALING_UP,174,-4.672220202628023,0.9915424616365363
BRCA,2,1,HALLMARK_MITOTIC_SPINDLE,197,1.0214658036594813,0.9915424616365363
BRCA,2,1,HALLMARK_MTORC1_SIGNALING,194,11.268184276781906,0.9915424616365363
BRCA,2,1,HALLMARK_MYC_TARGETS_V1,182,10.783970230917292,0.9915424616365363
BRCA,2,1,HALLMARK_MYC_TARGETS_V2,57,3.0834637817077186,0.9915424616365363
BRCA,2,1,HALLMARK_MYOGENESIS,158,2.774372750560963,0.9915424616365363
BRCA,2,1,HALLMARK_NOTCH_SIGNALING,32,-0.16584871537699655,0.9915424616365363
BRCA,2,1,HALLMARK_OXIDATIVE_PHOSPHORYLATION,184,10.56602166282799,0.9915424616365363
BRCA,2,1,HALLMARK_P53_PATHWAY,185,-0.21289284313531628,0.9915424616365363
BRCA,2,1,HALLMARK_PANCREAS_BETA_CELLS,18,0.88679801887796,0.9915424616365363
BRCA,2,1,HALLMARK_PEROXISOME,94,5.399752816392345,0.9915424616365363
BRCA,2,1,HALLMARK_PI3K_AKT_MTOR_SIGNALING,97,3.288410271618683,0.9915424616365363
BRCA,2,1,HALLMARK_PROTEIN_SECRETION,93,6.842657062050786,0.9915424616365363
BRCA,2,1,HALLMARK_REACTIVE_OXYGEN_SPECIES_PATHWAY,45,3.3013650053077654,0.9915424616365363
BRCA,2,1,HALLMARK_SPERMATOGENESIS,75,0.606207654993625,0.9915424616365363
BRCA,2,1,HALLMARK_TGF_BETA_SIGNALING,52,0.5488595270738775,0.9915424616365363
BRCA,2,1,HALLMARK_TNFA_SIGNALING_VIA_NFKB,195,-5.951450416587266,0.9915424616365363
BRCA,2,1,HALLMARK_UNFOLDED_PROTEIN_RESPONSE,106,5.540658772694024,0.9915424616365363
BRCA,2,1,HALLMARK_UV_RESPONSE_DN,137,1.3255822002999744,0.9915424616365363
BRCA,2,1,HALLMARK_UV_RESPONSE_UP,145,3.5050558470490887,0.9915424616365363
BRCA,2,1,HALLMARK_WNT_BETA_CATENIN_SIGNALING,40,-1.2522213084393896,0.9915424616365363
BRCA,2,1,HALLMARK_XENOBIOTIC_METABOLISM,158,4.331109070228481,0.9915424616365363
BRCA,2,2,HALLMARK_ADIPOGENESIS,186,-1.3023997189101508,0.9955926369107255
BRCA,2,2,HALLMARK_ALLOGRAFT_REJECTION,174,-9.565595534856103,0.9955926369107255
BRCA,2,2,HALLMARK_ANDROGEN_RESPONSE,94,2.580923595992336,0.9955926369107255
BRCA,2,2,HALLMARK_ANGIOGENESIS,31,-6.31502668719848,0.9955926369107255
BRCA,2,2,HALLMARK_APICAL_JUNCTION,166,-5.609875502306971,0.9955926369107255
BRCA,2,2,HALLMARK_APICAL_SURFACE,36,-0.098663914344907,0.9955926369107255
BRCA,2,2,HALLMARK_APOPTOSIS,154,-8.045729252073018,0.9955926369107255
BRCA,2,2,HALLMARK_BILE_ACID_METABOLISM,89,2.853795933305359,0.9955926369107255
BRCA,2,2,HALLMARK_CHOLESTEROL_HOMEOSTASIS,69,3.6873234045155114,0.9955926369107255
BRCA,2,2,HALLMARK_COAGULATION,104,-9.175536933190878,0.9955926369107255
BRCA,2,2,HALLMARK_COMPLEMENT,175,-5.738158311137221,0.9955926369107255
BRCA,2,2,HALLMARK_DNA_REPAIR,145,0.6644675283231475,0.9955926369107255
BRCA,2,2,HALLMARK_E2F_TARGETS,192,2.2669780852928643,0.9955926369107255
BRCA,2,2,HALLMARK_EPITHELIAL_MESENCHYMAL_TRANSITION,190,-19.116974399565947,0.9955926369107255
BRCA,2,2,HALLMARK_ESTROGEN_RESPONSE_EARLY,189,3.845292118750142,0.9955926369107255
BRCA,2,2,HALLMARK_ESTROGEN_RESPONSE_LATE,180,3.027938369953776,0.9955926369107255
BRCA,2,2,HALLMARK_FATTY_ACID_METABOLISM,139,2.726004860876587,0.9955926369107255
BRCA,2,2,HALLMARK_G2M_CHECKPOINT,186,1.4728096133442652,0.9955926369107255
BRCA,2,2,HALLMARK_GLYCOLYSIS,178,0.8837616702068316,0.9955926369107255
BRCA,2,2,HALLMARK_HEDGEHOG_SIGNALING,30,-1.0537768175894586,0.9955926369107255
BRCA,2,2,HALLMARK_HEME_METABOLISM,161,-1.5599085294199926,0.9955926369107255
BRCA,2,2,HALLMARK_HYPOXIA,175,-7.2289349724935335,0.9955926369107255
BRCA,2,2,HALLMARK_IL2_STAT5_SIGNALING,187,-5.747240503224413,0.9955926369107255
BRCA,2,2,HALLMARK_IL6_JAK_STAT3_SIGNALING,80,-4.9448699475316396,0.9955926369107255
BRCA,2,2,HALLMARK_INFLAMMATORY_RESPONSE,181,-7.299846806595654,0.9955926369107255
BRCA,2,2,HALLMARK_INTERFERON_ALPHA_RESPONSE,95,-9.471582028629443,0.9955926369107255
BRCA,2,2,HALLMARK_INTERFERON_GAMMA_RESPONSE,194,-10.851189364570812,0.9955926369107255
BRCA,2,2,HALLMARK_KRAS_SIGNALING_DN,104,-0.1820066713795607,0.9955926369107255
BRCA,2,2,HALLMARK_KRAS_SIGNALING_UP,174,-7.523464867848426,0.9955926369107255
BRCA,2,2,HALLMARK_MITOTIC_SPINDLE,197,-1.187127791055917,0.9955926369107255
BRCA,2,2,HALLMARK_MTORC1_SIGNALING,194,5.373002266626774,0.9955926369107255
BRCA,2,2,HALLMARK_MYC_TARGETS_V1,182,-4.252679906783079,0.9955926369107255
BRCA,2,2,HALLMARK_MYC_TARGETS_V2,57,0.05952041236629307,0.9955926369107255
BRCA,2,2,HALLMARK_MYOGENESIS,158,-5.323984838063008,0.9955926369107255
BRCA,2,2,HALLMARK_NOTCH_SIGNALING,32,-2.2203949171109945,0.9955926369107255
BRCA,2,2,HALLMARK_OXIDATIVE_PHOSPHORYLATION,184,-0.8290001395058207,0.9955926369107255
BRCA,2,2,HALLMARK_P53_PATHWAY,185,-5.461574276827127,0.9955926369107255
BRCA,2,2,HALLMARK_PANCREAS_BETA_CELLS,18,-1.3939750826830786,0.9955926369107255
BRCA,2,2,HALLMARK_PEROXISOME,94,2.2921992970617113,0.9955926369107255
BRCA,2,2,HALLMARK_PI3K_AKT_MTOR_SIGNALING,97,-0.12367061222216437,0.9955926369107255
BRCA,2,2,HALLMARK_PROTEIN_SECRETION,93,0.6785158562334762,0.9955926369107255
BRCA,2,2,HALLMARK_REACTIVE_OXYGEN_SPECIES_PATHWAY,45,-1.7233134950324578,0.9955926369107255
BRCA,2,2,HALLMARK_SPERMATOGENESIS,75,1.593399262003587,0.9955926369107255
BRCA,2,2,HALLMARK_TGF_BETA_SIGNALING,52,-5.9518186483905255,0.9955926369107255
BRCA,2,2,HALLMARK_TNFA_SIGNALING_VIA_NFKB,195,-14.99260951525475,0.9955926369107255
BRCA,2,2,HALLMARK_UNFOLDED_PROTEIN_RESPONSE,106,-0.15909809844259953,0.9955926369107255
BRCA,2,2,HALLMARK_UV_RESPONSE_DN,137,-6.8399345476220725,0.9955926369107255
BRCA,2,2,HALLMARK_UV_RESPONSE_UP,145,-3.094781156656064,0.9955926369107255
BRCA,2,2,HALLMARK_WNT_BETA_CATENIN_SIGNALING,40,-1.7511909642465076,0.9955926369107255
BRCA,2,2,HALLMARK_XENOBIOTIC_METABOLISM,158,2.782340160455934,0.9955926369107255
BRCA,2,3,HALLMARK_ADIPOGENESIS,186,-0.749901613233486,0.972440097496259
BRCA,2,3,HALLMARK_ALLOGRAFT_REJECTION,174,-11.840166141018667,0.972440097496259
BRCA,2,3,HALLMARK_ANDROGEN_RESPONSE,94,-4.147342766563821,0.972440097496259
BRCA,2,3,HALLMARK_ANGIOGENESIS,31,2.945669568920792,0.972440097496259
BRCA,2,3,HALLMARK_APICAL_JUNCTION,166,2.7726376207800505,0.972440097496259
BRCA,2,3,HALLMARK_APICAL_SURFACE,36,-0.9831036954572037,0.972440097496259
BRCA,2,3,HALLMARK_APOPTOSIS,154,-3.837110177861488,0.972440097496259
BRCA,2,3,HALLMARK_BILE_ACID_METABOLISM,89,-0.42177103306526054,0.972440097496259
BRCA,2,3,HALLMARK_CHOLESTEROL_HOMEOSTASIS,69,2.074956471849419,0.972440097496259
BRCA,2,3,HALLMARK_COAGULATION,104,1.812026293579982,0.972440097496259
BRCA,2,3,HALLMARK_COMPLEMENT,175,-4.803183825197849,0.972440097496259
BRCA,2,3,HALLMARK_DNA_REPAIR,145,2.270653319636452,0.972440097496259
BRCA,2,3,HALLMARK_E2F_TARGETS,192,-1.8924863553693358,0.972440097496259
BRCA,2,3,HALLMARK_EPITHELIAL_MESENCHYMAL_TRANSITION,190,13.766302283741249,0.972440097496259
BRCA,2,3,HALLMARK_ESTROGEN_RESPONSE_EARLY,189,-12.259167285348337,0.972440097496259
BRCA,2,3,HALLMARK_ESTROGEN_RESPONSE_LATE,180,-9.879782107132627,0.972440097496259
BRCA,2,3,HALLMARK_FATTY_ACID_METABOLISM,139,-0.8653415984797553,0.972440097496259
BRCA,2,3,HALLMARK_G2M_CHECKPOINT,186,-2.1137725596646684,0.972440097496259
BRCA,2,3,HALLMARK_GLYCOLYSIS,178,4.682569320774018,0.972440097496259
BRCA,2,3,HALLMARK_HEDGEHOG_SIGNALING,30,1.1180145304301152,0.972440097496259
BRCA,2,3,HALLMARK_HEME_METABOLISM,161,-3.3438615614535325,0.972440097496259
BRCA,2,3,HALLMARK_HYPOXIA,175,-0.08141399780787753,0.972440097496259
BRCA,2,3,HALLMARK_IL2_STAT5_SIGNALING,187,-5.086375785791159,0.972440097496259
BRCA,2,3,HALLMARK_IL6_JAK_STAT3_SIGNALING,80,-6.9952056370780005,0.972440097496259
BRCA,2,3,HALLMARK_INFLAMMATORY_RESPONSE,181,-7.900527925854752,0.972440097496259
BRCA,2,3,HALLMARK_INTERFERON_ALPHA_RESPONSE,95,-13.513143047381686,0.972440097496259
BRCA,2,3,HALLMARK_INTERFERON_GAMMA_RESPONSE,194,-15.236145775989698,0.972440097496259
BRCA,2,3,HALLMARK_KRAS_SIGNALING_DN,104,-0.46775066313028146,0.972440097496259
BRCA,2,3,HALLMARK_KRAS_SIGNALING_UP,174,-4.261829009154794,0.972440097496259
BRCA,2,3,HALLMARK_MITOTIC_SPINDLE,197,-1.596179519854361,0.972440097496259
BRCA,2,3,HALLMARK_MTORC1_SIGNALING,194,0.2499841347406119,0.972440097496259
BRCA,2,3,HALLMARK_MYC_TARGETS_V1,182,-2.3953482291376194,0.972440097496259
BRCA,2,3,HALLMARK_MYC_TARGETS_V2,57,0.7733462142808014,0.972440097496259
BRCA,2,3,HALLMARK_MYOGENESIS,158,3.570026913770631,0.972440097496259
BRCA,2,3,HALLMARK_NOTCH_SIGNALING,32,0.08583963129980417,0.972440097496259
BRCA,2,3,HALLMARK_OXIDATIVE_PHOSPHORYLATION,184,2.2491536947181916,0.972440097496259
BRCA,2,3,HALLMARK_P53_PATHWAY,185,-0.7187312992089382,0.972440097496259
BRCA,2,3,HALLMARK_PANCREAS_BETA_CELLS,18,-0.37688238982802724,0.972440097496259
BRCA,2,3,HALLMARK_PEROXISOME,94,0.5521048530890724,0.972440097496259
BRCA,2,3,HALLMARK_PI3K_AKT_MTOR_SIGNALING,97,-0.7127174081854308,0.972440097496259
BRCA,2,3,HALLMARK_PROTEIN_SECRETION,93,-0.8754677506410248,0.972440097496259
BRCA,2,3,HALLMARK_REACTIVE_OXYGEN_SPECIES_PATHWAY,45,1.3349726426290296,0.972440097496259
BRCA,2,3,HALLMARK_SPERMATOGENESIS,75,-0.09189329302385255,0.972440097496259
BRCA,2,3,HALLMARK_TGF_BETA_SIGNALING,52,-1.4129889290285271,0.972440097496259
BRCA,2,3,HALLMARK_TNFA_SIGNALING_VIA_NFKB,195,-10.606764274782536,0.972440097496259
BRCA,2,3,HALLMARK_UNFOLDED_PROTEIN_RESPONSE,106,-0.2810993283711536,0.972440097496259
BRCA,2,3,HALLMARK_UV_RESPONSE_DN,137,-2.2387057829777537,0.972440097496259
BRCA,2,3,HALLMARK_UV_RESPONSE_UP,145,-2.0188884418799797,0.972440097496259
BRCA,2,3,HALLMARK_WNT_BETA_CATENIN_SIGNALING,40,0.929912062095212,0.972440097496259
BRCA,2,3,HALLMARK_XENOBIOTIC_METABOLISM,158,-0.8742597853452082,0.972440097496259
BRCA,2,4,HALLMARK_ADIPOGENESIS,186,3.16333869809792,0.9701962128771502
BRCA,2,4,HALLMARK_ALLOGRAFT_REJECTION,174,-3.4826818201587146,0.9701962128771502
BRCA,2,4,HALLMARK_ANDROGEN_RESPONSE,94,5.500214478630899,0.9701962128771502
BRCA,2,4,HALLMARK_ANGIOGENESIS,31,-1.0255625063517846,0.9701962128771502
BRCA,2,4,HALLMARK_APICAL_JUNCTION,166,-1.1698803940241904,0.9701962128771502
BRCA,2,4,HALLMARK_APICAL_SURFACE,36,3.462115171991307,0.9701962128771502
BRCA,2,4,HALLMARK_APOPTOSIS,154,2.901114247797594,0.9701962128771502
BRCA,2,4,HALLMARK_BILE_ACID_METABOLISM,89,3.01452278959379,0.9701962128771502
BRCA,2,4,HALLMARK_CHOLESTEROL_HOMEOSTASIS,69,3.3620537013239966,0.9701962128771502
BRCA,2,4,HALLMARK_COAGULATION,104,-1.2191038829365466,0.9701962128771502
BRCA,2,4,HALLMARK_COMPLEMENT,175,1.0422271621975732,0.9701962128771502
BRCA,2,4,HALLMARK_DNA_REPAIR,145,3.1205944855847196,0.9701962128771502
BRCA,2,4,HALLMARK_E2F_TARGETS,192,-2.741567167265196,0.9701962128771502
BRCA,2,4,HALLMARK_EPITHELIAL_MESENCHYMAL_TRANSITION,190,-6.026835331078248,0.9701962128771502
BRCA,2,4,HALLMARK_ESTROGEN_RESPONSE_EARLY,189,19.035391023433593,0.9701962128771502
BRCA,2,4,HALLMARK_ESTROGEN_RESPONSE_LATE,180,14.475824744813401,0.9701962128771502
BRCA,2,4,HALLMARK_FATTY_ACID_METABOLISM,139,6.281401663376353,0.9701962128771502
BRCA,2,4,HALLMARK_G2M_CHECKPOINT,186,-1.8484240163573433,0.9701962128771502
BRCA,2,4,HALLMARK_GLYCOLYSIS,178,0.6789342176501024,0.9701962128771502
BRCA,2,4,HALLMARK_HEDGEHOG_SIGNALING,30,-0.3198069975975249,0.9701962128771502
BRCA,2,4,HALLMARK_HEME_METABOLISM,161,1.9794712502731264,0.9701962128771502
BRCA,2,4,HALLMARK_HYPOXIA,175,-2.629604827152608,0.9701962128771502
BRCA,2,4,HALLMARK_IL2_STAT5_SIGNALING,187,-0.6245515772910817,0.9701962128771502
BRCA,2,4,HALLMARK_IL6_JAK_STAT3_SIGNALING,80,-1.0152109201037673,0.9701962128771502
BRCA,2,4,HALLMARK_INFLAMMATORY_RESPONSE,181,-2.083896313900035,0.9701962128771502
BRCA,2,4,HALLMARK_INTERFERON_ALPHA_RESPONSE,95,14.83175192021053,0.9701962128771502
BRCA,2,4,HALLMARK_INTERFERON_GAMMA_RESPONSE,194,10.199159725706195,0.9701962128771502
BRCA,2,4,HALLMARK_KRAS_SIGNALING_DN,104,-1.7997914514165254,0.9701962128771502
BRCA,2,4,HALLMARK_KRAS_SIGNALING_UP,174,-3.6316197952820546,0.9701962128771502
BRCA,2,4,HALLMARK_MITOTIC_SPINDLE,197,-2.071458559590795,0.9701962128771502
BRCA,2,4,HALLMARK_MTORC1_SIGNALING,194,3.93122544428979,0.9701962128771502
BRCA,2,4,HALLMARK_MYC_TARGETS_V1,182,-3.857826642901711,0.9701962128771502
BRCA,2,4,HALLMARK_MYC_TARGETS_V2,57,-3.9744893450068592,0.9701962128771502
BRCA,2,4,HALLMARK_MYOGENESIS,158,-0.35035163521150015,0.9701962128771502
BRCA,2,4,HALLMARK_NOTCH_SIGNALING,32,-1.3336106944289357,0.9701962128771502
BRCA,2,4,HALLMARK_OXIDATIVE_PHOSPHORYLATION,184,3.012318868248177,0.9701962128771502
BRCA,2,4,HALLMARK_P53_PATHWAY,185,-0.816676822039244,0.9701962128771502
BRCA,2,4,HALLMARK_PANCREAS_BETA_CELLS,18,0.05673746360448579,0.9701962128771502
BRCA,2,4,HALLMARK_PEROXISOME,94,3.745201087231287,0.9701962128771502
BRCA,2,4,HALLMARK_PI3K_AKT_MTOR_SIGNALING,97,2.061409073695686,0.9701962128771502
BRCA,2,4,HALLMARK_PROTEIN_SECRETION,93,4.8901451157444145,0.9701962128771502
BRCA,2,4,HALLMARK_REACTIVE_OXYGEN_SPECIES_PATHWAY,45,0.1692782142364687,0.9701962128771502
BRCA,2,4,HALLMARK_SPERMATOGENESIS,75,-0.2748531559659064,0.9701962128771502
BRCA,2,4,HALLMARK_TGF_BETA_SIGNALING,52,-0.05670282528362134,0.9701962128771502
BRCA,2,4,HALLMARK_TNFA_SIGNALING_VIA_NFKB,195,-3.930762311711491,0.9701962128771502
BRCA,2,4,HALLMARK_UNFOLDED_PROTEIN_RESPONSE,106,1.0993308833262683,0.9701962128771502
BRCA,2,4,HALLMARK_UV_RESPONSE_DN,137,-1.1540527895708614,0.9701962128771502
BRCA,2,4,HALLMARK_UV_RESPONSE_UP,145,0.8784195861341915,0.9701962128771502
BRCA,2,4,HALLMARK_WNT_BETA_CATENIN_SIGNALING,40,-2.443528001817919,0.9701962128771502
BRCA,2,4,HALLMARK_XENOBIOTIC_METABOLISM,158,4.554861336738725,0.9701962128771502
BRCA,2,5,HALLMARK_ADIPOGENESIS,186,2.8441254729445182,0.9934623608774116
BRCA,2,5,HALLMARK_ALLOGRAFT_REJECTION,174,-12.509331553284483,0.9934623608774116
BRCA,2,5,HALLMARK_ANDROGEN_RESPONSE,94,4.781633050594891,0.9934623608774116
BRCA,2,5,HALLMARK_ANGIOGENESIS,31,-7.755508473010732,0.9934623608774116
BRCA,2,5,HALLMARK_APICAL_JUNCTION,166,-3.4199658988024653,0.9934623608774116
BRCA,2,5,HALLMARK_APICAL_SURFACE,36,0.18478314884652525,0.9934623608774116
BRCA,2,5,HALLMARK_APOPTOSIS,154,-5.519651690445054,0.9934623608774116
BRCA,2,5,HALLMARK_BILE_ACID_METABOLISM,89,3.638240555723332,0.9934623608774116
BRCA,2,5,HALLMARK_CHOLESTEROL_HOMEOSTASIS,69,5.676947011899273,0.9934623608774116
BRCA,2,5,HALLMARK_COAGULATION,104,-10.680931441017632,0.9934623608774116
BRCA,2,5,HALLMARK_COMPLEMENT,175,-6.728668032283384,0.9934623608774116
BRCA,2,5,HALLMARK_DNA_REPAIR,145,2.2544625843024253,0.9934623608774116
BRCA,2,5,HALLMARK_E2F_TARGETS,192,5.0046421219332045,0.9934623608774116
BRCA,2,5,HALLMARK_EPITHELIAL_MESENCHYMAL_TRANSITION,190,-25.530665142121517,0.9934623608774116
BRCA,2,5,HALLMARK_ESTROGEN_RESPONSE_EARLY,189,0.687290977141135,0.9934623608774116
BRCA,2,5,HALLMARK_ESTROGEN_RESPONSE_LATE,180,3.212718987545303,0.9934623608774116
BRCA,2,5,HALLMARK_FATTY_ACID_METABOLISM,139,2.9008851032037737,0.9934623608774116
BRCA,2,5,HALLMARK_G2M_CHECKPOINT,186,4.18998137328979,0.9934623608774116
BRCA,2,5,HALLMARK_GLYCOLYSIS,178,5.756619225368649,0.9934623608774116
BRCA,2,5,HALLMARK_HEDGEHOG_SIGNALING,30,-0.30260751693891585,0.9934623608774116
BRCA,2,5,HALLMARK_HEME_METABOLISM,161,1.0113631597428476,0.9934623608774116
BRCA,2,5,HALLMARK_HYPOXIA,175,-1.8113357703833455,0.9934623608774116
BRCA,2,5,HALLMARK_IL2_STAT5_SIGNALING,187,-3.6655102547519736,0.9934623608774116
BRCA,2,5,HALLMARK_IL6_JAK_STAT3_SIGNALING,80,-6.135387547092024,0.9934623608774116
BRCA,2,5,HALLMARK_INFLAMMATORY_RESPONSE,181,-7.64369498632235,0.9934623608774116
BRCA,2,5,HALLMARK_INTERFERON_ALPHA_RESPONSE,95,-7.832744702074478,0.9934623608774116
BRCA,2,5,HALLMARK_INTERFERON_GAMMA_RESPONSE,194,-9.606535720613058,0.9934623608774116
BRCA,2,5,HALLMARK_KRAS_SIGNALING_DN,104,2.358814402164744,0.9934623608774116
BRCA,2,5,HALLMARK_KRAS_SIGNALING_UP,174,-4.882434847082895,0.9934623608774116
BRCA,2,5,HALLMARK_MITOTIC_SPINDLE,197,0.37229529217223667,0.9934623608774116
BRCA,2,5,HALLMARK_MTORC1_SIGNALING,194,8.843811093043492,0.9934623608774116
BRCA,2,5,HALLMARK_MYC_TARGETS_V1,182,2.881187328715442,0.9934623608774116
BRCA,2,5,HALLMARK_MYC_TARGETS_V2,57,1.2044288525827158,0.9934623608774116
BRCA,2,5,HALLMARK_MYOGENESIS,158,-4.615226560376459,0.9934623608774116
BRCA,2,5,HALLMARK_NOTCH_SIGNALING,32,0.7074962874633453,0.9934623608774116
BRCA,2,5,HALLMARK_OXIDATIVE_PHOSPHORYLATION,184,6.7878602751799715,0.9934623608774116
BRCA,2,5,HALLMARK_P53_PATHWAY,185,0.8016117207446575,0.9934623608774116
BRCA,2,5,HALLMARK_PANCREAS_BETA_CELLS,18,-0.2122327628976069,0.9934623608774116
BRCA,2,5,HALLMARK_PEROXISOME,94,3.688652745212865,0.9934623608774116
BRCA,2,5,HALLMARK_PI3K_AKT_MTOR_SIGNALING,97,2.102774379863631,0.9934623608774116
BRCA,2,5,HALLMARK_PROTEIN_SECRETION,93,5.179501512754082,0.9934623608774116
BRCA,2,5,HALLMARK_REACTIVE_OXYGEN_SPECIES_PATHWAY,45,1.9346756633204527,0.9934623608774116
BRCA,2,5,HALLMARK_SPERMATOGENESIS,75,2.777609330550064,0.9934623608774116
BRCA,2,5,HALLMARK_TGF_BETA_SIGNALING,52,-2.2326970111367253,0.9934623608774116
BRCA,2,5,HALLMARK_TNFA_SIGNALING_VIA_NFKB,195,-7.956183488385595,0.9934623608774116
BRCA,2,5,HALLMARK_UNFOLDED_PROTEIN_RESPONSE,106,2.8317033838567,0.9934623608774116
BRCA,2,5,HALLMARK_UV_RESPONSE_DN,137,-7.286182069236156,0.9934623608774116
BRCA,2,5,HALLMARK_UV_RESPONSE_UP,145,0.28224180332138155,0.9934623608774116
BRCA,2,5,HALLMARK_WNT_BETA_CATENIN_SIGNALING,40,-0.7695138278420778,0.9934623608774116
BRCA,2,5,HALLMARK_XENOBIOTIC_METABOLISM,158,2.467327952945755,0.9934623608774116
BRCA,2,6,HALLMARK_ADIPOGENESIS,186,7.117188598485725,0.9679220211758541
BRCA,2,6,HALLMARK_ALLOGRAFT_REJECTION,174,3.0139455877151073,0.9679220211758541
BRCA,2,6,HALLMARK_ANDROGEN_RESPONSE,94,2.9210010893743186,0.9679220211758541
BRCA,2,6,HALLMARK_ANGIOGENESIS,31,-1.7545189817566245,0.9679220211758541
BRCA,2,6,HALLMARK_APICAL_JUNCTION,166,0.2699969732144851,0.9679220211758541
BRCA,2,6,HALLMARK_APICAL_SURFACE,36,2.4193950200881056,0.9679220211758541
BRCA,2,6,HALLMARK_APOPTOSIS,154,4.731707782213495,0.9679220211758541
BRCA,2,6,HALLMARK_BILE_ACID_METABOLISM,89,3.1592513844791843,0.9679220211758541
BRCA,2,6,HALLMARK_CHOLESTEROL_HOMEOSTASIS,69,5.368965252644924,0.9679220211758541
BRCA,2,6,HALLMARK_COAGULATION,104,3.7541667449538174,0.9679220211758541
BRCA,2,6,HALLMARK_COMPLEMENT,175,6.146995272586669,0.9679220211758541
BRCA,2,6,HALLMARK_DNA_REPAIR,145,5.6936088892580505,0.9679220211758541
BRCA,2,6,HALLMARK_E2F_TARGETS,192,-2.003798744557446,0.9679220211758541
BRCA,2,6,HALLMARK_EPITHELIAL_MESENCHYMAL_TRANSITION,190,-9.345896203913032,0.9679220211758541
BRCA,2,6,HALLMARK_ESTROGEN_RESPONSE_EARLY,189,5.311693287638989,0.9679220211758541
BRCA,2,6,HALLMARK_ESTROGEN_RESPONSE_LATE,180,9.472314676574808,0.9679220211758541
BRCA,2,6,HALLMARK_FATTY_ACID_METABOLISM,139,7.013498380225086,0.9679220211758541
BRCA,2,6,HALLMARK_G2M_CHECKPOINT,186,-3.6603639249420654,0.9679220211758541
BRCA,2,6,HALLMARK_GLYCOLYSIS,178,6.6431119489955455,0.9679220211758541
BRCA,2,6,HALLMARK_HEDGEHOG_SIGNALING,30,-0.7850138318446906,0.9679220211758541
BRCA,2,6,HALLMARK_HEME_METABOLISM,161,2.142384986487791,0.9679220211758541
BRCA,2,6,HALLMARK_HYPOXIA,175,5.156891847358205,0.9679220211758541
BRCA,2,6,HALLMARK_IL2_STAT5_SIGNALING,187,2.8494201652739903,0.9679220211758541
BRCA,2,6,HALLMARK_IL6_JAK_STAT3_SIGNALING,80,2.407367237178677,0.9679220211758541
BRCA,2,6,HALLMARK_INFLAMMATORY_RESPONSE,181,4.047735445512543,0.9679220211758541
BRCA,2,6,HALLMARK_INTERFERON_ALPHA_RESPONSE,95,13.559904228546605,0.9679220211758541
BRCA,2,6,HALLMARK_INTERFERON_GAMMA_RESPONSE,194,12.399408600988478,0.9679220211758541
BRCA,2,6,HALLMARK_KRAS_SIGNALING_DN,104,0.9869633221599736,0.9679220211758541
BRCA,2,6,HALLMARK_KRAS_SIGNALING_UP,174,2.1242163757505814,0.9679220211758541
BRCA,2,6,HALLMARK_MITOTIC_SPINDLE,197,-5.960840278341207,0.9679220211758541
BRCA,2,6,HALLMARK_MTORC1_SIGNALING,194,5.362162385604604,0.9679220211758541
BRCA,2,6,HALLMARK_MYC_TARGETS_V1,182,1.8028728861508456,0.9679220211758541
BRCA,2,6,HALLMARK_MYC_TARGETS_V2,57,0.26533817118948744,0.9679220211758541
BRCA,2,6,HALLMARK_MYOGENESIS,158,1.232162467914171,0.9679220211758541
BRCA,2,6,HALLMARK_NOTCH_SIGNALING,32,-0.8335898740072636,0.9679220211758541
BRCA,2,6,HALLMARK_OXIDATIVE_PHOSPHORYLATION,184,11.736763693022429,0.9679220211758541
BRCA,2,6,HALLMARK_P53_PATHWAY,185,5.322893465012123,0.9679220211758541
BRCA,2,6,HALLMARK_PANCREAS_BETA_CELLS,18,1.1169863308151502,0.9679220211758541
BRCA,2,6,HALLMARK_PEROXISOME,94,4.687875574128896,0.9679220211758541
BRCA,2,6,HALLMARK_PI3K_AKT_MTOR_SIGNALING,97,1.8976646393395564,0.9679220211758541
BRCA,2,6,HALLMARK_PROTEIN_SECRETION,93,1.144591243320787,0.9679220211758541
BRCA,2,6,HALLMARK_REACTIVE_OXYGEN_SPECIES_PATHWAY,45,4.804510287207588,0.9679220211758541
BRCA,2,6,HALLMARK_SPERMATOGENESIS,75,-0.12193101581708014,0.9679220211758541
BRCA,2,6,HALLMARK_TGF_BETA_SIGNALING,52,-0.9152706258968958,0.9679220211758541
BRCA,2,6,HALLMARK_TNFA_SIGNALING_VIA_NFKB,195,3.962227637375464,0.9679220211758541
BRCA,2,6,HALLMARK_UNFOLDED_PROTEIN_RESPONSE,106,1.3174656871831911,0.9679220211758541
BRCA,2,6,HALLMARK_UV_RESPONSE_DN,137,-7.368239112915456,0.9679220211758541
BRCA,2,6,HALLMARK_UV_RESPONSE_UP,145,5.918660049563818,0.9679220211758541
BRCA,2,6,HALLMARK_WNT_BETA_CATENIN_SIGNALING,40,-2.242723753835799,0.9679220211758541
BRCA,2,6,HALLMARK_XENOBIOTIC_METABOLISM,158,7.705686406603577,0.9679220211758541
BRCA,2,7,HALLMARK_ADIPOGENESIS,186,7.069503804705139,0.995739941957375
BRCA,2,7,HALLMARK_ALLOGRAFT_REJECTION,174,2.298788183659943,0.995739941957375
BRCA,2,7,HALLMARK_ANDROGEN_RESPONSE,94,2.390134835345886,0.995739941957375
BRCA,2,7,HALLMARK_ANGIOGENESIS,31,1.015373649645705,0.995739941957375
BRCA,2,7,HALLMARK_APICAL_JUNCTION,166,2.6842968437423167,0.995739941957375
BRCA,2,7,HALLMARK_APICAL_SURFACE,36,3.394753805501056,0.995739941957375
BRCA,2,7,HALLMARK_APOPTOSIS,154,5.286874685409325,0.995739941957375
BRCA,2,7,HALLMARK_BILE_ACID_METABOLISM,89,2.597883522110083,0.995739941957375
BRCA,2,7,HALLMARK_CHOLESTEROL_HOMEOSTASIS,69,5.679258235388892,0.995739941957375
BRCA,2,7,HALLMARK_COAGULATION,104,3.7649968363036868,0.995739941957375
BRCA,2,7,HALLMARK_COMPLEMENT,175,4.072300652826013,0.995739941957375
BRCA,2,7,HALLMARK_DNA_REPAIR,145,2.0132955683356544,0.995739941957375
BRCA,2,7,HALLMARK_E2F_TARGETS,192,-10.434259863664641,0.995739941957375
BRCA,2,7,HALLMARK_EPITHELIAL_MESENCHYMAL_TRANSITION,190,-1.7688668767726663,0.995739941957375
BRCA,2,7,HALLMARK_ESTROGEN_RESPONSE_EARLY,189,2.5814070650885923,0.995739941957375
BRCA,2,7,HALLMARK_ESTROGEN_RESPONSE_LATE,180,4.023625068957371,0.995739941957375
BRCA,2,7,HALLMARK_FATTY_ACID_METABOLISM,139,4.489924566612217,0.995739941957375
BRCA,2,7,HALLMARK_G2M_CHECKPOINT,186,-9.371425341493834,0.995739941957375
BRCA,2,7,HALLMARK_GLYCOLYSIS,178,4.226065072457935,0.995739941957375
BRCA,2,7,HALLMARK_HEDGEHOG_SIGNALING,30,-0.6903951311684566,0.995739941957375
BRCA,2,7,HALLMARK_HEME_METABOLISM,161,3.1214462994197025,0.995739941957375
BRCA,2,7,HALLMARK_HYPOXIA,175,4.692918338260544,0.995739941957375
BRCA,2,7,HALLMARK_IL2_STAT5_SIGNALING,187,2.8047193902106353,0.995739941957375
BRCA,2,7,HALLMARK_IL6_JAK_STAT3_SIGNALING,80,2.005746769027451,0.995739941957375
BRCA,2,7,HALLMARK_INFLAMMATORY_RESPONSE,181,4.212464878655026,0.995739941957375
BRCA,2,7,HALLMARK_INTERFERON_ALPHA_RESPONSE,95,6.673902485064134,0.995739941957375
BRCA,2,7,HALLMARK_INTERFERON_GAMMA_RESPONSE,194,7.312385020297918,0.995739941957375
BRCA,2,7,HALLMARK_KRAS_SIGNALING_DN,104,1.0900761388665017,0.995739941957375
BRCA,2,7,HALLMARK_KRAS_SIGNALING_UP,174,1.5166726625048834,0.995739941957375
BRCA,2,7,HALLMARK_MITOTIC_SPINDLE,197,-5.665957216037691,0.995739941957375
BRCA,2,7,HALLMARK_MTORC1_SIGNALING,194,2.751679088192188,0.995739941957375
BRCA,2,7,HALLMARK_MYC_TARGETS_V1,182,-2.6002536837063963,0.995739941957375
BRCA,2,7,HALLMARK_MYC_TARGETS_V2,57,0.5000230745964062,0.995739941957375
BRCA,2,7,HALLMARK_MYOGENESIS,158,4.32534869655758,0.995739941957375
BRCA,2,7,HALLMARK_NOTCH_SIGNALING,32,0.7288094459526611,0.995739941957375
BRCA,2,7,HALLMARK_OXIDATIVE_PHOSPHORYLATION,184,10.577981863314454,0.995739941957375
BRCA,2,7,HALLMARK_P53_PATHWAY,185,4.828262687120225,0.995739941957375
BRCA,2,7,HALLMARK_PANCREAS_BETA_CELLS,18,0.5242077513344761,0.995739941957375
BRCA,2,7,HALLMARK_PEROXISOME,94,4.887188708533382,0.995739941957375
BRCA,2,7,HALLMARK_PI3K_AKT_MTOR_SIGNALING,97,0.684406348636535,0.995739941957375
BRCA,2,7,HALLMARK_PROTEIN_SECRETION,93,0.9186049172641724,0.995739941957375
BRCA,2,7,HALLMARK_REACTIVE_OXYGEN_SPECIES_PATHWAY,45,3.553336183720538,0.995739941957375
BRCA,2,7,HALLMARK_SPERMATOGENESIS,75,-1.935186285592776,0.995739941957375
BRCA,2,7,HALLMARK_TGF_BETA_SIGNALING,52,-0.5962518827802207,0.995739941957375
BRCA,2,7,HALLMARK_TNFA_SIGNALING_VIA_NFKB,195,4.32471080868733,0.995739941957375
BRCA,2,7,HALLMARK_UNFOLDED_PROTEIN_RESPONSE,106,0.9951112949084782,0.995739941957375
BRCA,2,7,HALLMARK_UV_RESPONSE_DN,137,-2.880979366353582,0.995739941957375
BRCA,2,7,HALLMARK_UV_RESPONSE_UP,145,5.243724069803436,0.995739941957375
BRCA,2,7,HALLMARK_WNT_BETA_CATENIN_SIGNALING,40,-0.7727882840105861,0.995739941957375
BRCA,2,7,HALLMARK_XENOBIOTIC_METABOLISM,158,3.764244076800361,0.995739941957375
BRCA,3,0,HALLMARK_ADIPOGENESIS,186,-1.0292695804815466,0.9979011232238324
BRCA,3,0,HALLMARK_ALLOGRAFT_REJECTION,174,-9.933669590186941,0.9979011232238324
BRCA,3,0,HALLMARK_ANDROGEN_RESPONSE,94,0.23196832221368158,0.9979011232238324
BRCA,3,0,HALLMARK_ANGIOGENESIS,31,-2.29193083731042,0.9979011232238324
BRCA,3,0,HALLMARK_APICAL_JUNCTION,166,-4.239205390663892,0.9979011232238324
BRCA,3,0,HALLMARK_APICAL_SURFACE,36,-0.9001577584482628,0.9979011232238324
BRCA,3,0,HALLMARK_APOPTOSIS,154,-3.837405417749489,0.9979011232238324
BRCA,3,0,HALLMARK_BILE_ACID_METABOLISM,89,-0.9778245199759501,0.9979011232238324
BRCA,3,0,HALLMARK_CHOLESTEROL_HOMEOSTASIS,69,-4.124081151649461,0.9979011232238324
BRCA,3,0,HALLMARK_COAGULATION,104,-7.6921319681675815,0.9979011232238324
BRCA,3,0,HALLMARK_COMPLEMENT,175,-10.03153115007328,0.9979011232238324
BRCA,3,0,HALLMARK_DNA_REPAIR,145,5.606670981840551,0.9979011232238324
BRCA,3,0,HALLMARK_E2F_TARGETS,192,9.09113826351881,0.9979011232238324
BRCA,3,0,HALLMARK_EPITHELIAL_MESENCHYMAL_TRANSITION,190,-7.536590603232563,0.9979011232238324
BRCA,3,0,HALLMARK_ESTROGEN_RESPONSE_EARLY,189,2.868777506346534,0.9979011232238324
BRCA,3,0,HALLMARK_ESTROGEN_RESPONSE_LATE,180,0.6639904359225784,0.9979011232238324
BRCA,3,0,HALLMARK_FATTY_ACID_METABOLISM,139,-1.051223804047192,0.9979011232238324
BRCA,3,0,HALLMARK_G2M_CHECKPOINT,186,7.841605682040587,0.9979011232238324
BRCA,3,0,HALLMARK_GLYCOLYSIS,178,-0.8248995369845917,0.9979011232238324
BRCA,3,0,HALLMARK_HEDGEHOG_SIGNALING,30,-0.15999454601326582,0.9979011232238324
BRCA,3,0,HALLMARK_HEME_METABOLISM,161,0.16497522940345144,0.9979011232238324
BRCA,3,0,HALLMARK_HYPOXIA,175,-4.603164377379386,0.9979011232238324
BRCA,3,0,HALLMARK_IL2_STAT5_SIGNALING,187,-5.167465700276865,0.9979011232238324
BRCA,3,0,HALLMARK_IL6_JAK_STAT3_SIGNALING,80,-6.914368820258921,0.9979011232238324
BRCA,3,0,HALLMARK_INFLAMMATORY_RESPONSE,181,-9.105261196866515,0.9979011232238324
BRCA,3,0,HALLMARK_INTERFERON_ALPHA_RESPONSE,95,-9.72753112403521,0.9979011232238324
BRCA,3,0,HALLMARK_INTERFERON_GAMMA_RESPONSE,194,-13.704788222055935,0.9979011232238324
BRCA,3,0,HALLMARK_KRAS_SIGNALING_DN,104,-2.344211341149531,0.9979011232238324
BRCA,3,0,HALLMARK_KRAS_SIGNALING_UP,174,-7.976856167481979,0.9979011232238324
BRCA,3,0,HALLMARK_MITOTIC_SPINDLE,197,3.8615552503507504,0.9979011232238324
BRCA,3,0,HALLMARK_MTORC1_SIGNALING,194,1.2150841849108054,0.9979011232238324
BRCA,3,0,HALLMARK_MYC_TARGETS_V1,182,11.691658255200213,0.9979011232238324
BRCA,3,0,HALLMARK_MYC_TARGETS_V2,57,3.499477910591048,0.9979011232238324
BRCA,3,0,HALLMARK_MYOGENESIS,158,-2.223297497191708,0.9979011232238324
BRCA,3,0,HALLMARK_NOTCH_SIGNALING,32,1.1084285802552878,0.9979011232238324
BRCA,3,0,HALLMARK_OXIDATIVE_PHOSPHORYLATION,184,5.11884143800645,0.9979011232238324
BRCA,3,0,HALLMARK_P53_PATHWAY,185,-6.024914219856966,0.9979011232238324
BRCA,3,0,HALLMARK_PANCREAS_BETA_CELLS,18,0.6012694851990755,0.9979011232238324
BRCA,3,0,HALLMARK_PEROXISOME,94,0.00475040305647968,0.9979011232238324
BRCA,3,0,HALLMARK_PI3K_AKT_MTOR_SIGNALING,97,1.40864440814006,0.9979011232238324
BRCA,3,0,HALLMARK_PROTEIN_SECRETION,93,2.4783850760820623,0.9979011232238324
BRCA,3,0,HALLMARK_REACTIVE_OXYGEN_SPECIES_PATHWAY,45,-2.427928618322463,0.9979011232238324
BRCA,3,0,HALLMARK_SPERMATOGENESIS,75,2.1785986916576907,0.9979011232238324
BRCA,3,0,HALLMARK_TGF_BETA_SIGNALING,52,0.30488932834129434,0.9979011232238324
BRCA,3,0,HALLMARK_TNFA_SIGNALING_VIA_NFKB,195,-11.822130812238104,0.9979011232238324
BRCA,3,0,HALLMARK_UNFOLDED_PROTEIN_RESPONSE,106,3.2040163530289765,0.9979011232238324
BRCA,3,0,HALLMARK_UV_RESPONSE_DN,137,-0.03582631223562526,0.9979011232238324
BRCA,3,0,HALLMARK_UV_RESPONSE_UP,145,0.017138370366753027,0.9979011232238324
BRCA,3,0,HALLMARK_WNT_BETA_CATENIN_SIGNALING,40,0.6676085237844723,0.9979011232238324
BRCA,3,0,HALLMARK_XENOBIOTIC_METABOLISM,158,-2.2579039933031986,0.9979011232238324
BRCA,3,1,HALLMARK_ADIPOGENESIS,186,1.984517904093877,0.9986140895979083
BRCA,3,1,HALLMARK_ALLOGRAFT_REJECTION,174,5.517895763632097,0.9986140895979083
BRCA,3,1,HALLMARK_ANDROGEN_RESPONSE,94,0.9652953914262418,0.9986140895979083
BRCA,3,1,HALLMARK_ANGIOGENESIS,31,-10.329723823702306,0.9986140895979083
BRCA,3,1,HALLMARK_APICAL_JUNCTION,166,-7.078821319383256,0.9986140895979083
BRCA,3,1,HALLMARK_APICAL_SURFACE,36,-2.26166297548254,0.9986140895979083
BRCA,3,1,HALLMARK_APOPTOSIS,154,-2.812407866307631,0.9986140895979083
BRCA,3,1,HALLMARK_BILE_ACID_METABOLISM,89,2.2052359447804473,0.9986140895979083
BRCA,3,1,HALLMARK_CHOLESTEROL_HOMEOSTASIS,69,-0.6371208278240796,0.9986140895979083
BRCA,3,1,HALLMARK_COAGULATION,104,-9.41576340051032,0.9986140895979083
BRCA,3,1,HALLMARK_COMPLEMENT,175,-1.1603161746804833,0.9986140895979083
BRCA,3,1,HALLMARK_DNA_REPAIR,145,-2.538532973621478,0.9986140895979083
BRCA,3,1,HALLMARK_E2F_TARGETS,192,0.39199915906191773,0.9986140895979083
BRCA,3,1,HALLMARK_EPITHELIAL_MESENCHYMAL_TRANSITION,190,-30.02497759999695,0.9986140895979083
BRCA,3,1,HALLMARK_ESTROGEN_RESPONSE_EARLY,189,0.03368249645448235,0.9986140895979083
BRCA,3,1,HALLMARK_ESTROGEN_RESPONSE_LATE,180,1.559042648056029,0.9986140895979083
BRCA,3,1,HALLMARK_FATTY_ACID_METABOLISM,139,1.2570590477902617,0.9986140895979083
BRCA,3,1,HALLMARK_G2M_CHECKPOINT,186,-0.2918121653135122,0.9986140895979083
BRCA,3,1,HALLMARK_GLYCOLYSIS,178,-3.546648270077269,0.9986140895979083
BRCA,3,1,HALLMARK_HEDGEHOG_SIGNALING,30,-2.1293553937382628,0.9986140895979083
BRCA,3,1,HALLMARK_HEME_METABOLISM,161,1.1370411587481881,0.9986140895979083
BRCA,3,1,HALLMARK_HYPOXIA,175,-4.840892970589114,0.9986140895979083
BRCA,3,1,HALLMARK_IL2_STAT5_SIGNALING,187,-0.14609222357779456,0.9986140895979083
BRCA,3,1,HALLMARK_IL6_JAK_STAT3_SIGNALING,80,3.614356939205825,0.9986140895979083
BRCA,3,1,HALLMARK_INFLAMMATORY_RESPONSE,181,0.9692024230287012,0.9986140895979083
BRCA,3,1,HALLMARK_INTERFERON_ALPHA_RESPONSE,95,0.30876840999772076,0.9986140895979083
BRCA,3,1,HALLMARK_INTERFERON_GAMMA_RESPONSE,194,2.075375924762849,0.9986140895979083
BRCA,3,1,HALLMARK_KRAS_SIGNALING_DN,104,1.7958655253315803,0.9986140895979083
BRCA,3,1,HALLMARK_KRAS_SIGNALING_UP,174,0.17496205627934333,0.9986140895979083
BRCA,3,1,HALLMARK_MITOTIC_SPINDLE,197,-0.30992808502151303,0.9986140895979083
BRCA,3,1,HALLMARK_MTORC1_SIGNALING,194,-0.2089847984374901,0.9986140895979083
BRCA,3,1,HALLMARK_MYC_TARGETS_V1,182,-5.285114060839163,0.9986140895979083
BRCA,3,1,HALLMARK_MYC_TARGETS_V2,57,-1.5109258910076497,0.9986140895979083
BRCA,3,1,HALLMARK_MYOGENESIS,158,-6.5843411661744575,0.9986140895979083
BRCA,3,1,HALLMARK_NOTCH_SIGNALING,32,-1.2059578706197782,0.9986140895979083
BRCA,3,1,HALLMARK_OXIDATIVE_PHOSPHORYLATION,184,-1.5344857279184245,0.9986140895979083
BRCA,3,1,HALLMARK_P53_PATHWAY,185,-1.2768563127486292,0.9986140895979083
BRCA,3,1,HALLMARK_PANCREAS_BETA_CELLS,18,-0.6379318975398676,0.9986140895979083
BRCA,3,1,HALLMARK_PEROXISOME,94,0.9967229563343556,0.9986140895979083
BRCA,3,1,HALLMARK_PI3K_AKT_MTOR_SIGNALING,97,-0.1035291368962215,0.9986140895979083
BRCA,3,1,HALLMARK_PROTEIN_SECRETION,93,-1.251315526781032,0.9986140895979083
BRCA,3,1,HALLMARK_REACTIVE_OXYGEN_SPECIES_PATHWAY,45,0.22612771424409223,0.9986140895979083
BRCA,3,1,HALLMARK_SPERMATOGENESIS,75,0.29751253547358253,0.9986140895979083
BRCA,3,1,HALLMARK_TGF_BETA_SIGNALING,52,-3.7833184394227763,0.9986140895979083
BRCA,3,1,HALLMARK_TNFA_SIGNALING_VIA_NFKB,195,1.3574893344622505,0.9986140895979083
BRCA,3,1,HALLMARK_UNFOLDED_PROTEIN_RESPONSE,106,-0.6067177119275532,0.9986140895979083
BRCA,3,1,HALLMARK_UV_RESPONSE_DN,137,-5.824520230377363,0.9986140895979083
BRCA,3,1,HALLMARK_UV_RESPONSE_UP,145,-0.67192681909875,0.9986140895979083
BRCA,3,1,HALLMARK_WNT_BETA_CATENIN_SIGNALING,40,-1.197473528657563,0.9986140895979083
BRCA,3,1,HALLMARK_XENOBIOTIC_METABOLISM,158,1.804109484006448,0.9986140895979083
BRCA,3,2,HALLMARK_ADIPOGENESIS,186,4.235627526120841,0.9888263358444169
BRCA,3,2,HALLMARK_ALLOGRAFT_REJECTION,174,0.07733395838910458,0.9888263358444169
BRCA,3,2,HALLMARK_ANDROGEN_RESPONSE,94,1.8988346619124767,0.9888263358444169
BRCA,3,2,HALLMARK_ANGIOGENESIS,31,-8.00573934497296,0.9888263358444169
BRCA,3,2,HALLMARK_APICAL_JUNCTION,166,-0.6578100124341262,0.9888263358444169
BRCA,3,2,HALLMARK_APICAL_SURFACE,36,0.1779554497890895,0.9888263358444169
BRCA,3,2,HALLMARK_APOPTOSIS,154,3.372282854117812,0.9888263358444169
BRCA,3,2,HALLMARK_BILE_ACID_METABOLISM,89,0.7983512897228118,0.9888263358444169
BRCA,3,2,HALLMARK_CHOLESTEROL_HOMEOSTASIS,69,-2.4499796788556094,0.9888263358444169
BRCA,3,2,HALLMARK_COAGULATION,104,-6.853177231620448,0.9888263358444169
BRCA,3,2,HALLMARK_COMPLEMENT,175,-2.6164169769292824,0.9888263358444169
BRCA,3,2,HALLMARK_DNA_REPAIR,145,0.31571129930681696,0.9888263358444169
BRCA,3,2,HALLMARK_E2F_TARGETS,192,-3.1612250246302325,0.9888263358444169
BRCA,3,2,HALLMARK_EPITHELIAL_MESENCHYMAL_TRANSITION,190,-19.984187848162097,0.9888263358444169
BRCA,3,2,HALLMARK_ESTROGEN_RESPONSE_EARLY,189,7.154497818426583,0.9888263358444169
BRCA,3,2,HALLMARK_ESTROGEN_RESPONSE_LATE,180,6.506038147869224,0.9888263358444169
BRCA,3,2,HALLMARK_FATTY_ACID_METABOLISM,139,1.9330602288385843,0.9888263358444169
BRCA,3,2,HALLMARK_G2M_CHECKPOINT,186,-2.0904125959705455,0.9888263358444169
BRCA,3,2,HALLMARK_GLYCOLYSIS,178,-2.495196496911819,0.9888263358444169
BRCA,3,2,HALLMARK_HEDGEHOG_SIGNALING,30,-0.0816547748206694,0.9888263358444169
BRCA,3,2,HALLMARK_HEME_METABOLISM,161,4.557370330670071,0.9888263358444169
BRCA,3,2,HALLMARK_HYPOXIA,175,2.193259970700447,0.9888263358444169
BRCA,3,2,HALLMARK_IL2_STAT5_SIGNALING,187,1.4996081919780293,0.9888263358444169
BRCA,3,2,HALLMARK_IL6_JAK_STAT3_SIGNALING,80,2.4964364440542997,0.9888263358444169
BRCA,3,2,HALLMARK_INFLAMMATORY_RESPONSE,181,-0.6950212589296881,0.9888263358444169
BRCA,3,2,HALLMARK_INTERFERON_ALPHA_RESPONSE,95,0.05141852682150537,0.9888263358444169
BRCA,3,2,HALLMARK_INTERFERON_GAMMA_RESPONSE,194,-0.035979955435181336,0.9888263358444169
BRCA,3,2,HALLMARK_KRAS_SIGNALING_DN,104,2.356577202356987,0.9888263358444169
BRCA,3,2,HALLMARK_KRAS_SIGNALING_UP,174,-0.8951289199461242,0.9888263358444169
BRCA,3,2,HALLMARK_MITOTIC_SPINDLE,197,0.818798817751491,0.9888263358444169
BRCA,3,2,HALLMARK_MTORC1_SIGNALING,194,-3.936285348734018,0.9888263358444169
BRCA,3,2,HALLMARK_MYC_TARGETS_V1,182,4.876429238994008,0.9888263358444169
BRCA,3,2,HALLMARK_MYC_TARGETS_V2,57,-0.3116105108002114,0.9888263358444169
BRCA,3,2,HALLMARK_MYOGENESIS,158,-2.260534898278402,0.9888263358444169
BRCA,3,2,HALLMARK_NOTCH_SIGNALING,32,1.5512032508245994,0.9888263358444169
BRCA,3,2,HALLMARK_OXIDATIVE_PHOSPHORYLATION,184,2.396577763081233,0.9888263358444169
BRCA,3,2,HALLMARK_P53_PATHWAY,185,4.0074587338364855,0.9888263358444169
BRCA,3,2,HALLMARK_PANCREAS_BETA_CELLS,18,1.1613988942644937,0.9888263358444169
BRCA,3,2,HALLMARK_PEROXISOME,94,1.7598601102476272,0.9888263358444169
BRCA,3,2,HALLMARK_PI3K_AKT_MTOR_SIGNALING,97,-0.272667257814856,0.9888263358444169
BRCA,3,2,HALLMARK_PROTEIN_SECRETION,93,2.961524533541865,0.9888263358444169
BRCA,3,2,HALLMARK_REACTIVE_OXYGEN_SPECIES_PATHWAY,45,-0.10759312767217592,0.9888263358444169
BRCA,3,2,HALLMARK_SPERMATOGENESIS,75,-0.508150204968255,0.9888263358444169
BRCA,3,2,HALLMARK_TGF_BETA_SIGNALING,52,1.6197782141098493,0.9888263358444169
BRCA,3,2,HALLMARK_TNFA_SIGNALING_VIA_NFKB,195,10.87107388323963,0.9888263358444169
BRCA,3,2,HALLMARK_UNFOLDED_PROTEIN_RESPONSE,106,1.3578141916904227,0.9888263358444169
BRCA,3,2,HALLMARK_UV_RESPONSE_DN,137,0.810941681388574,0.9888263358444169
BRCA,3,2,HALLMARK_UV_RESPONSE_UP,145,2.850619549899326,0.9888263358444169
BRCA,3,2,HALLMARK_WNT_BETA_CATENIN_SIGNALING,40,1.7664949765577695,0.9888263358444169
BRCA,3,2,HALLMARK_XENOBIOTIC_METABOLISM,158,1.2083503923772791,0.9888263358444169
BRCA,3,3,HALLMARK_ADIPOGENESIS,186,7.7946252318152105,0.972012876202808
BRCA,3,3,HALLMARK_ALLOGRAFT_REJECTION,174,-8.861430544480985,0.972012876202808
BRCA,3,3,HALLMARK_ANDROGEN_RESPONSE,94,5.966241996460453,0.972012876202808
BRCA,3,3,HALLMARK_ANGIOGENESIS,31,-0.3372664743356751,0.972012876202808
BRCA,3,3,HALLMARK_APICAL_JUNCTION,166,-1.3379327200149942,0.972012876202808
BRCA,3,3,HALLMARK_APICAL_SURFACE,36,2.8135335149357776,0.972012876202808
BRCA,3,3,HALLMARK_APOPTOSIS,154,2.4070954436013903,0.972012876202808
BRCA,3,3,HALLMARK_BILE_ACID_METABOLISM,89,4.514370943005551,0.972012876202808
BRCA,3,3,HALLMARK_CHOLESTEROL_HOMEOSTASIS,69,1.1330979778207595,0.972012876202808
BRCA,3,3,HALLMARK_COAGULATION,104,1.778934918799714,0.972012876202808
BRCA,3,3,HALLMARK_COMPLEMENT,175,-0.9303398430212553,0.972012876202808
BRCA,3,3,HALLMARK_DNA_REPAIR,145,2.617410877453646,0.972012876202808
BRCA,3,3,HALLMARK_E2F_TARGETS,192,-9.11784706988863,0.972012876202808
BRCA,3,3,HALLMARK_EPITHELIAL_MESENCHYMAL_TRANSITION,190,-7.454680528394375,0.972012876202808
BRCA,3,3,HALLMARK_ESTROGEN_RESPONSE_EARLY,189,15.688245077610999,0.972012876202808
BRCA,3,3,HALLMARK_ESTROGEN_RESPONSE_LATE,180,13.399209773099765,0.972012876202808
BRCA,3,3,HALLMARK_FATTY_ACID_METABOLISM,139,7.3139019653297455,0.972012876202808
BRCA,3,3,HALLMARK_G2M_CHECKPOINT,186,-8.56877469557478,0.972012876202808
BRCA,3,3,HALLMARK_GLYCOLYSIS,178,2.3725692317761533,0.972012876202808
BRCA,3,3,HALLMARK_HEDGEHOG_SIGNALING,30,-0.030790847485646727,0.972012876202808
BRCA,3,3,HALLMARK_HEME_METABOLISM,161,3.7969706975909365,0.972012876202808
BRCA,3,3,HALLMARK_HYPOXIA,175,0.3954134621037764,0.972012876202808
BRCA,3,3,HALLMARK_IL2_STAT5_SIGNALING,187,-0.515671015468078,0.972012876202808
BRCA,3,3,HALLMARK_IL6_JAK_STAT3_SIGNALING,80,-2.534139285637381,0.972012876202808
BRCA,3,3,HALLMARK_INFLAMMATORY_RESPONSE,181,-4.455915166693096,0.972012876202808
BRCA,3,3,HALLMARK_INTERFERON_ALPHA_RESPONSE,95,-1.159255032208607,0.972012876202808
BRCA,3,3,HALLMARK_INTERFERON_GAMMA_RESPONSE,194,-5.063583149082596,0.972012876202808
BRCA,3,3,HALLMARK_KRAS_SIGNALING_DN,104,0.22469241385243924,0.972012876202808
BRCA,3,3,HALLMARK_KRAS_SIGNALING_UP,174,-2.62617695316257,0.972012876202808
BRCA,3,3,HALLMARK_MITOTIC_SPINDLE,197,-3.8467594587662957,0.972012876202808
BRCA,3,3,HALLMARK_MTORC1_SIGNALING,194,1.7996306077615352,0.972012876202808
BRCA,3,3,HALLMARK_MYC_TARGETS_V1,182,-2.6525441083663974,0.972012876202808
BRCA,3,3,HALLMARK_MYC_TARGETS_V2,57,-1.4081707113781696,0.972012876202808
BRCA,3,3,HALLMARK_MYOGENESIS,158,3.5623169736158244,0.972012876202808
BRCA,3,3,HALLMARK_NOTCH_SIGNALING,32,0.08090822881345923,0.972012876202808
BRCA,3,3,HALLMARK_OXIDATIVE_PHOSPHORYLATION,184,7.701772668786127,0.972012876202808
BRCA,3,3,HALLMARK_P53_PATHWAY,185,0.1558044171121909,0.972012876202808
BRCA,3,3,HALLMARK_PANCREAS_BETA_CELLS,18,0.8339426638204136,0.972012876202808
BRCA,3,3,HALLMARK_PEROXISOME,94,4.15362193424157,0.972012876202808
BRCA,3,3,HALLMARK_PI3K_AKT_MTOR_SIGNALING,97,0.034077807023755236,0.972012876202808
BRCA,3,3,HALLMARK_PROTEIN_SECRETION,93,3.3989892104837076,0.972012876202808
BRCA,3,3,HALLMARK_REACTIVE_OXYGEN_SPECIES_PATHWAY,45,-0.01146182741188765,0.972012876202808
BRCA,3,3,HALLMARK_SPERMATOGENESIS,75,-1.143216773281849,0.972012876202808
BRCA,3,3,HALLMARK_TGF_BETA_SIGNALING,52,0.08718864600546031,0.972012876202808
BRCA,3,3,HALLMARK_TNFA_SIGNALING_VIA_NFKB,195,-3.5521145194233203,0.972012876202808
BRCA,3,3,HALLMARK_UNFOLDED_PROTEIN_RESPONSE,106,2.510918525583281,0.972012876202808
BRCA,3,3,HALLMARK_UV_RESPONSE_DN,137,-1.0718755654838368,0.972012876202808
BRCA,3,3,HALLMARK_UV_RESPONSE_UP,145,3.0891396249166903,0.972012876202808
BRCA,3,3,HALLMARK_WNT_BETA_CATENIN_SIGNALING,40,-0.7400206523571448,0.972012876202808
BRCA,3,3,HALLMARK_XENOBIOTIC_METABOLISM,158,7.218995225303391,0.972012876202808
BRCA,3,4,HALLMARK_ADIPOGENESIS,186,3.2879114218470153,0.9290113471550283
BRCA,3,4,HALLMARK_ALLOGRAFT_REJECTION,174,-4.053142218741886,0.9290113471550283
BRCA,3,4,HALLMARK_ANDROGEN_RESPONSE,94,2.7168395085379062,0.9290113471550283
BRCA,3,4,HALLMARK_ANGIOGENESIS,31,-6.05002334883546,0.9290113471550283
BRCA,3,4,HALLMARK_APICAL_JUNCTION,166,-5.963923947325375,0.9290113471550283
BRCA,3,4,HALLMARK_APICAL_SURFACE,36,1.094195910286869,0.9290113471550283
BRCA,3,4,HALLMARK_APOPTOSIS,154,-0.6813296752790928,0.9290113471550283
BRCA,3,4,HALLMARK_BILE_ACID_METABOLISM,89,2.1585786630893584,0.9290113471550283
BRCA,3,4,HALLMARK_CHOLESTEROL_HOMEOSTASIS,69,-1.9228441530796092,0.9290113471550283
BRCA,3,4,HALLMARK_COAGULATION,104,-7.114072118709675,0.9290113471550283
BRCA,3,4,HALLMARK_COMPLEMENT,175,-3.376515544922908,0.9290113471550283
BRCA,3,4,HALLMARK_DNA_REPAIR,145,2.212108139304646,0.9290113471550283
BRCA,3,4,HALLMARK_E2F_TARGETS,192,-3.935964773881944,0.9290113471550283
BRCA,3,4,HALLMARK_EPITHELIAL_MESENCHYMAL_TRANSITION,190,-23.028488087171077,0.9290113471550283
BRCA,3,4,HALLMARK_ESTROGEN_RESPONSE_EARLY,189,20.31692979123505,0.9290113471550283
BRCA,3,4,HALLMARK_ESTROGEN_RESPONSE_LATE,180,13.084072099118309,0.9290113471550283
BRCA,3,4,HALLMARK_FATTY_ACID_METABOLISM,139,3.9337857170972494,0.9290113471550283
BRCA,3,4,HALLMARK_G2M_CHECKPOINT,186,-2.8642332967680884,0.9290113471550283
BRCA,3,4,HALLMARK_GLYCOLYSIS,178,-5.466912909057595,0.9290113471550283
BRCA,3,4,HALLMARK_HEDGEHOG_SIGNALING,30,-1.3992258486504678,0.9290113471550283
BRCA,3,4,HALLMARK_HEME_METABOLISM,161,2.072570172669115,0.9290113471550283
BRCA,3,4,HALLMARK_HYPOXIA,175,-6.699250485627711,0.9290113471550283
BRCA,3,4,HALLMARK_IL2_STAT5_SIGNALING,187,-2.0509356677933477,0.9290113471550283
BRCA,3,4,HALLMARK_IL6_JAK_STAT3_SIGNALING,80,-1.154038721495457,0.9290113471550283
BRCA,3,4,HALLMARK_INFLAMMATORY_RESPONSE,181,-3.369357475796279,0.9290113471550283
BRCA,3,4,HALLMARK_INTERFERON_ALPHA_RESPONSE,95,3.717297394369768,0.9290113471550283
BRCA,3,4,HALLMARK_INTERFERON_GAMMA_RESPONSE,194,0.07162952487527606,0.9290113471550283
BRCA,3,4,HALLMARK_KRAS_SIGNALING_DN,104,-0.5376705287066922,0.9290113471550283
BRCA,3,4,HALLMARK_KRAS_SIGNALING_UP,174,-5.569943120903049,0.9290113471550283
BRCA,3,4,HALLMARK_MITOTIC_SPINDLE,197,-0.7401647771843627,0.9290113471550283
BRCA,3,4,HALLMARK_MTORC1_SIGNALING,194,-3.894502393917048,0.9290113471550283
BRCA,3,4,HALLMARK_MYC_TARGETS_V1,182,-3.879645853283205,0.9290113471550283
BRCA,3,4,HALLMARK_MYC_TARGETS_V2,57,-0.10340333120649764,0.9290113471550283
BRCA,3,4,HALLMARK_MYOGENESIS,158,-2.8085873193071014,0.9290113471550283
BRCA,3,4,HALLMARK_NOTCH_SIGNALING,32,-0.4147314838439127,0.9290113471550283
BRCA,3,4,HALLMARK_OXIDATIVE_PHOSPHORYLATION,184,0.8278020034404016,0.9290113471550283
BRCA,3,4,HALLMARK_P53_PATHWAY,185,-2.2096854303263735,0.9290113471550283
BRCA,3,4,HALLMARK_PANCREAS_BETA_CELLS,18,-0.7976463660722801,0.9290113471550283
BRCA,3,4,HALLMARK_PEROXISOME,94,2.022758487043296,0.9290113471550283
BRCA,3,4,HALLMARK_PI3K_AKT_MTOR_SIGNALING,97,-0.4905624823398975,0.9290113471550283
BRCA,3,4,HALLMARK_PROTEIN_SECRETION,93,0.27363671378927157,0.9290113471550283
BRCA,3,4,HALLMARK_REACTIVE_OXYGEN_SPECIES_PATHWAY,45,-2.332986550235352,0.9290113471550283
BRCA,3,4,HALLMARK_SPERMATOGENESIS,75,-0.6692728541573285,0.9290113471550283
BRCA,3,4,HALLMARK_TGF_BETA_SIGNALING,52,-1.6246351646095927,0.9290113471550283
BRCA,3,4,HALLMARK_TNFA_SIGNALING_VIA_NFKB,195,-3.663777620480248,0.9290113471550283
BRCA,3,4,HALLMARK_UNFOLDED_PROTEIN_RESPONSE,106,0.4801608629869267,0.9290113471550283
BRCA,3,4,HALLMARK_UV_RESPONSE_DN,137,-2.3051425362665268,0.9290113471550283
BRCA,3,4,HALLMARK_UV_RESPONSE_UP,145,0.9416178279653241,0.9290113471550283
BRCA,3,4,HALLMARK_WNT_BETA_CATENIN_SIGNALING,40,-0.7075727131683247,0.9290113471550283
BRCA,3,4,HALLMARK_XENOBIOTIC_METABOLISM,158,4.183964485956866,0.9290113471550283
BRCA,3,5,HALLMARK_ADIPOGENESIS,186,0.15863488306233597,0.9960876328867057
BRCA,3,5,HALLMARK_ALLOGRAFT_REJECTION,174,0.4397977718456597,0.9960876328867057
BRCA,3,5,HALLMARK_ANDROGEN_RESPONSE,94,-6.273087171845866,0.9960876328867057
BRCA,3,5,HALLMARK_ANGIOGENESIS,31,-8.617675742151368,0.9960876328867057
BRCA,3,5,HALLMARK_APICAL_JUNCTION,166,-1.3141848458053735,0.9960876328867057
BRCA,3,5,HALLMARK_APICAL_SURFACE,36,-0.11258186748453955,0.9960876328867057
BRCA,3,5,HALLMARK_APOPTOSIS,154,0.39497194639411054,0.9960876328867057
BRCA,3,5,HALLMARK_BILE_ACID_METABOLISM,89,-1.0729114393054537,0.9960876328867057
BRCA,3,5,HALLMARK_CHOLESTEROL_HOMEOSTASIS,69,-4.478022739664352,0.9960876328867057
BRCA,3,5,HALLMARK_COAGULATION,104,-7.253245253045494,0.9960876328867057
BRCA,3,5,HALLMARK_COMPLEMENT,175,-3.237981277169973,0.9960876328867057
BRCA,3,5,HALLMARK_DNA_REPAIR,145,1.7747500819003015,0.9960876328867057
BRCA,3,5,HALLMARK_E2F_TARGETS,192,2.629369347680755,0.9960876328867057
BRCA,3,5,HALLMARK_EPITHELIAL_MESENCHYMAL_TRANSITION,190,-20.693748463445694,0.9960876328867057
BRCA,3,5,HALLMARK_ESTROGEN_RESPONSE_EARLY,189,4.833280457177424,0.9960876328867057
BRCA,3,5,HALLMARK_ESTROGEN_RESPONSE_LATE,180,4.175804025831458,0.9960876328867057
BRCA,3,5,HALLMARK_FATTY_ACID_METABOLISM,139,-3.657960775960688,0.9960876328867057
BRCA,3,5,HALLMARK_G2M_CHECKPOINT,186,2.267758497420686,0.9960876328867057
BRCA,3,5,HALLMARK_GLYCOLYSIS,178,-8.427647243440182,0.9960876328867057
BRCA,3,5,HALLMARK_HEDGEHOG_SIGNALING,30,-0.6854643948658319,0.9960876328867057
BRCA,3,5,HALLMARK_HEME_METABOLISM,161,-0.8896313861989357,0.9960876328867057
BRCA,3,5,HALLMARK_HYPOXIA,175,-2.031114041469055,0.9960876328867057
BRCA,3,5,HALLMARK_IL2_STAT5_SIGNALING,187,-0.8723983102884828,0.9960876328867057
BRCA,3,5,HALLMARK_IL6_JAK_STAT3_SIGNALING,80,2.183551270279862,0.9960876328867057
BRCA,3,5,HALLMARK_INFLAMMATORY_RESPONSE,181,0.1752865947739367,0.9960876328867057
BRCA,3,5,HALLMARK_INTERFERON_ALPHA_RESPONSE,95,-2.992334265988836,0.9960876328867057
BRCA,3,5,HALLMARK_INTERFERON_GAMMA_RESPONSE,194,-1.9517191337465196,0.9960876328867057
BRCA,3,5,HALLMARK_KRAS_SIGNALING_DN,104,1.298018252054671,0.9960876328867057
BRCA,3,5,HALLMARK_KRAS_SIGNALING_UP,174,-1.75569704048114,0.9960876328867057
BRCA,3,5,HALLMARK_MITOTIC_SPINDLE,197,1.9898172967353414,0.9960876328867057
BRCA,3,5,HALLMARK_MTORC1_SIGNALING,194,-9.971162379246957,0.9960876328867057
BRCA,3,5,HALLMARK_MYC_TARGETS_V1,182,-1.112963052998455,0.9960876328867057
BRCA,3,5,HALLMARK_MYC_TARGETS_V2,57,0.7307224565046349,0.9960876328867057
BRCA,3,5,HALLMARK_MYOGENESIS,158,-1.7270408870117506,0.9960876328867057
BRCA,3,5,HALLMARK_NOTCH_SIGNALING,32,0.08727334879873089,0.9960876328867057
BRCA,3,5,HALLMARK_OXIDATIVE_PHOSPHORYLATION,184,-3.6584795257698106,0.9960876328867057
BRCA,3,5,HALLMARK_P53_PATHWAY,185,1.1607585607999562,0.9960876328867057
BRCA,3,5,HALLMARK_PANCREAS_BETA_CELLS,18,-0.4803295027743274,0.9960876328867057
BRCA,3,5,HALLMARK_PEROXISOME,94,-1.9518822033489982,0.9960876328867057
BRCA,3,5,HALLMARK_PI3K_AKT_MTOR_SIGNALING,97,-1.9351801608512333,0.9960876328867057
BRCA,3,5,HALLMARK_PROTEIN_SECRETION,93,-5.55646392300664,0.9960876328867057
BRCA,3,5,HALLMARK_REACTIVE_OXYGEN_SPECIES_PATHWAY,45,-0.48726455314886025,0.9960876328867057
BRCA,3,5,HALLMARK_SPERMATOGENESIS,75,0.1821807851602381,0.9960876328867057
BRCA,3,5,HALLMARK_TGF_BETA_SIGNALING,52,1.062279429563253,0.9960876328867057
BRCA,3,5,HALLMARK_TNFA_SIGNALING_VIA_NFKB,195,11.716628515557124,0.9960876328867057
BRCA,3,5,HALLMARK_UNFOLDED_PROTEIN_RESPONSE,106,-2.2234799153340465,0.9960876328867057
BRCA,3,5,HALLMARK_UV_RESPONSE_DN,137,-3.287442491243783,0.9960876328867057
BRCA,3,5,HALLMARK_UV_RESPONSE_UP,145,1.636874642360842,0.9960876328867057
BRCA,3,5,HALLMARK_WNT_BETA_CATENIN_SIGNALING,40,1.8583185607302057,0.9960876328867057
BRCA,3,5,HALLMARK_XENOBIOTIC_METABOLISM,158,0.5211688900433714,0.9960876328867057
BRCA,3,6,HALLMARK_ADIPOGENESIS,186,1.0027935232275003,0.9743741811942392
BRCA,3,6,HALLMARK_ALLOGRAFT_REJECTION,174,1.679910203963527,0.9743741811942392
BRCA,3,6,HALLMARK_ANDROGEN_RESPONSE,94,-0.44113063830031457,0.9743741811942392
BRCA,3,6,HALLMARK_ANGIOGENESIS,31,-11.752957400624107,0.9743741811942392
BRCA,3,6,HALLMARK_APICAL_JUNCTION,166,-2.934183497145457,0.9743741811942392
BRCA,3,6,HALLMARK_APICAL_SURFACE,36,0.8248535491323761,0.9743741811942392
BRCA,3,6,HALLMARK_APOPTOSIS,154,-0.631959633896153,0.9743741811942392
BRCA,3,6,HALLMARK_BILE_ACID_METABOLISM,89,1.4397383837053546,0.9743741811942392
BRCA,3,6,HALLMARK_CHOLESTEROL_HOMEOSTASIS,69,1.8883230332835992,0.9743741811942392
BRCA,3,6,HALLMARK_COAGULATION,104,-6.252331576449678,0.9743741811942392
BRCA,3,6,HALLMARK_COMPLEMENT,175,-2.1817263189654383,0.9743741811942392
BRCA,3,6,HALLMARK_DNA_REPAIR,145,1.2239082097010436,0.9743741811942392
BRCA,3,6,HALLMARK_E2F_TARGETS,192,-1.80145918792069,0.9743741811942392
BRCA,3,6,HALLMARK_EPITHELIAL_MESENCHYMAL_TRANSITION,190,-23.09193837653612,0.9743741811942392
BRCA,3,6,HALLMARK_ESTROGEN_RESPONSE_EARLY,189,8.053217634163717,0.9743741811942392
BRCA,3,6,HALLMARK_ESTROGEN_RESPONSE_LATE,180,8.889136346877054,0.9743741811942392
BRCA,3,6,HALLMARK_FATTY_ACID_METABOLISM,139,1.3753671951515516,0.9743741811942392
BRCA,3,6,HALLMARK_G2M_CHECKPOINT,186,-3.237030147644943,0.9743741811942392
BRCA,3,6,HALLMARK_GLYCOLYSIS,178,-3.2267180029372438,0.9743741811942392
BRCA,3,6,HALLMARK_HEDGEHOG_SIGNALING,30,-2.127944119832453,0.9743741811942392
BRCA,3,6,HALLMARK_HEME_METABOLISM,161,-1.8793337609421406,0.9743741811942392
BRCA,3,6,HALLMARK_HYPOXIA,175,-3.8708564018685947,0.9743741811942392
BRCA,3,6,HALLMARK_IL2_STAT5_SIGNALING,187,-1.4763722815957914,0.9743741811942392
BRCA,3,6,HALLMARK_IL6_JAK_STAT3_SIGNALING,80,0.4521149886303131,0.9743741811942392
BRCA,3,6,HALLMARK_INFLAMMATORY_RESPONSE,181,0.18820105928042585,0.9743741811942392
BRCA,3,6,HALLMARK_INTERFERON_ALPHA_RESPONSE,95,13.851410676376355,0.9743741811942392
BRCA,3,6,HALLMARK_INTERFERON_GAMMA_RESPONSE,194,11.03944687496486,0.9743741811942392
BRCA,3,6,HALLMARK_KRAS_SIGNALING_DN,104,4.045700841566377,0.9743741811942392
BRCA,3,6,HALLMARK_KRAS_SIGNALING_UP,174,-3.705059855293502,0.9743741811942392
BRCA,3,6,HALLMARK_MITOTIC_SPINDLE,197,-5.108574149000185,0.9743741811942392
BRCA,3,6,HALLMARK_MTORC1_SIGNALING,194,-2.322624491749504,0.9743741811942392
BRCA,3,6,HALLMARK_MYC_TARGETS_V1,182,-3.3988533550177005,0.9743741811942392
BRCA,3,6,HALLMARK_MYC_TARGETS_V2,57,-0.1420284278827907,0.9743741811942392
BRCA,3,6,HALLMARK_MYOGENESIS,158,-2.9638448342093864,0.9743741811942392
BRCA,3,6,HALLMARK_NOTCH_SIGNALING,32,-1.0910972403618835,0.9743741811942392
BRCA,3,6,HALLMARK_OXIDATIVE_PHOSPHORYLATION,184,2.4752815454267347,0.9743741811942392
BRCA,3,6,HALLMARK_P53_PATHWAY,185,3.3185620901996393,0.9743741811942392
BRCA,3,6,HALLMARK_PANCREAS_BETA_CELLS,18,-0.9356129913267576,0.9743741811942392
BRCA,3,6,HALLMARK_PEROXISOME,94,1.3363782774306407,0.9743741811942392
BRCA,3,6,HALLMARK_PI3K_AKT_MTOR_SIGNALING,97,-0.9986626549113234,0.9743741811942392
BRCA,3,6,HALLMARK_PROTEIN_SECRETION,93,-4.915460267856955,0.9743741811942392
BRCA,3,6,HALLMARK_REACTIVE_OXYGEN_SPECIES_PATHWAY,45,0.5425936618062682,0.9743741811942392
BRCA,3,6,HALLMARK_SPERMATOGENESIS,75,-0.34888350084195846,0.9743741811942392
BRCA,3,6,HALLMARK_TGF_BETA_SIGNALING,52,-4.5588374910972576,0.9743741811942392
BRCA,3,6,HALLMARK_TNFA_SIGNALING_VIA_NFKB,195,1.4320335778834634,0.9743741811942392
BRCA,3,6,HALLMARK_UNFOLDED_PROTEIN_RESPONSE,106,-1.3783685615286934,0.9743741811942392
BRCA,3,6,HALLMARK_UV_RESPONSE_DN,137,-7.326951769092931,0.9743741811942392
BRCA,3,6,HALLMARK_UV_RESPONSE_UP,145,0.43782920830559385,0.9743741811942392
BRCA,3,6,HALLMARK_WNT_BETA_CATENIN_SIGNALING,40,-1.6530598325802455,0.9743741811942392
BRCA,3,6,HALLMARK_XENOBIOTIC_METABOLISM,158,2.3083014633330343,0.9743741811942392
BRCA,3,7,HALLMARK_ADIPOGENESIS,186,-1.1148313769476275,0.9792598772226824
BRCA,3,7,HALLMARK_ALLOGRAFT_REJECTION,174,0.8820626838636978,0.9792598772226824
BRCA,3,7,HALLMARK_ANDROGEN_RESPONSE,94,-2.5322372821790107,0.9792598772226824
BRCA,3,7,HALLMARK_ANGIOGENESIS,31,0.07811448946539322,0.9792598772226824
BRCA,3,7,HALLMARK_APICAL_JUNCTION,166,-3.3192570542636357,0.9792598772226824
BRCA,3,7,HALLMARK_APICAL_SURFACE,36,0.08643053777063779,0.9792598772226824
BRCA,3,7,HALLMARK_APOPTOSIS,154,2.5591275983142303,0.9792598772226824
BRCA,3,7,HALLMARK_BILE_ACID_METABOLISM,89,-1.2887907707333066,0.9792598772226824
BRCA,3,7,HALLMARK_CHOLESTEROL_HOMEOSTASIS,69,-4.517585945619831,0.9792598772226824
BRCA,3,7,HALLMARK_COAGULATION,104,0.28989655850907625,0.9792598772226824
BRCA,3,7,HALLMARK_COMPLEMENT,175,1.6738509415605398,0.9792598772226824
BRCA,3,7,HALLMARK_DNA_REPAIR,145,-2.854623789117109,0.9792598772226824
BRCA,3,7,HALLMARK_E2F_TARGETS,192,-12.105731111995404,0.9792598772226824
BRCA,3,7,HALLMARK_EPITHELIAL_MESENCHYMAL_TRANSITION,190,0.9050597251419596,0.9792598772226824
BRCA,3,7,HALLMARK_ESTROGEN_RESPONSE_EARLY,189,7.14380099207317,0.9792598772226824
BRCA,3,7,HALLMARK_ESTROGEN_RESPONSE_LATE,180,5.742775053526294,0.9792598772226824
BRCA,3,7,HALLMARK_FATTY_ACID_METABOLISM,139,1.761840147085889,0.9792598772226824
BRCA,3,7,HALLMARK_G2M_CHECKPOINT,186,-10.752935694715994,0.9792598772226824
BRCA,3,7,HALLMARK_GLYCOLYSIS,178,-4.543261104765191,0.9792598772226824
BRCA,3,7,HALLMARK_HEDGEHOG_SIGNALING,30,-1.484274060080983,0.9792598772226824
BRCA,3,7,HALLMARK_HEME_METABOLISM,161,1.6389693901209623,0.9792598772226824
BRCA,3,7,HALLMARK_HYPOXIA,175,-2.520486370828664,0.9792598772226824
BRCA,3,7,HALLMARK_IL2_STAT5_SIGNALING,187,0.14453679606077194,0.9792598772226824
BRCA,3,7,HALLMARK_IL6_JAK_STAT3_SIGNALING,80,1.8976109599641073,0.9792598772226824
BRCA,3,7,HALLMARK_INFLAMMATORY_RESPONSE,181,2.641293042011915,0.9792598772226824
BRCA,3,7,HALLMARK_INTERFERON_ALPHA_RESPONSE,95,7.806456807366667,0.9792598772226824
BRCA,3,7,HALLMARK_INTERFERON_GAMMA_RESPONSE,194,5.37787219945748,0.9792598772226824
BRCA,3,7,HALLMARK_KRAS_SIGNALING_DN,104,0.041755772719805205,0.9792598772226824
BRCA,3,7,HALLMARK_KRAS_SIGNALING_UP,174,0.5327620819756863,0.9792598772226824
BRCA,3,7,HALLMARK_MITOTIC_SPINDLE,197,-5.217309527995071,0.9792598772226824
BRCA,3,7,HALLMARK_MTORC1_SIGNALING,194,-10.152422068261863,0.9792598772226824
BRCA,3,7,HALLMARK_MYC_TARGETS_V1,182,-10.344114343138232,0.9792598772226824
BRCA,3,7,HALLMARK_MYC_TARGETS_V2,57,-5.006164038929376,0.9792598772226824
BRCA,3,7,HALLMARK_MYOGENESIS,158,-2.984798361722586,0.9792598772226824
BRCA,3,7,HALLMARK_NOTCH_SIGNALING,32,0.16003054807425995,0.9792598772226824
BRCA,3,7,HALLMARK_OXIDATIVE_PHOSPHORYLATION,184,-4.252633091852551,0.9792598772226824
BRCA,3,7,HALLMARK_P53_PATHWAY,185,-0.5023818746338793,0.9792598772226824
BRCA,3,7,HALLMARK_PANCREAS_BETA_CELLS,18,0.919433380990018,0.9792598772226824
BRCA,3,7,HALLMARK_PEROXISOME,94,-0.4746160982332799,0.9792598772226824
BRCA,3,7,HALLMARK_PI3K_AKT_MTOR_SIGNALING,97,-3.301911593727675,0.9792598772226824
BRCA,3,7,HALLMARK_PROTEIN_SECRETION,93,-1.1647081400103836,0.9792598772226824
BRCA,3,7,HALLMARK_REACTIVE_OXYGEN_SPECIES_PATHWAY,45,-1.1515014800075924,0.9792598772226824
BRCA,3,7,HALLMARK_SPERMATOGENESIS,75,-2.215958335103745,0.9792598772226824
BRCA,3,7,HALLMARK_TGF_BETA_SIGNALING,52,-1.7542664663530865,0.9792598772226824
BRCA,3,7,HALLMARK_TNFA_SIGNALING_VIA_NFKB,195,4.529307109003733,0.9792598772226824
BRCA,3,7,HALLMARK_UNFOLDED_PROTEIN_RESPONSE,106,-4.250058740516447,0.9792598772226824
BRCA,3,7,HALLMARK_UV_RESPONSE_DN,137,3.207143071352005,0.9792598772226824
BRCA,3,7,HALLMARK_UV_RESPONSE_UP,145,-0.8238806299807889,0.9792598772226824
BRCA,3,7,HALLMARK_WNT_BETA_CATENIN_SIGNALING,40,-0.0013426928733831372,0.9792598772226824
BRCA,3,7,HALLMARK_XENOBIOTIC_METABOLISM,158,0.05567727043661567,0.9792598772226824
