cohort,collection,fold,macrostate,set,size,z,match_cos
BRCA,kegg,0,0,KEGG_ABC_TRANSPORTERS,33,0.26282306022215823,1.0
BRCA,kegg,0,0,KEGG_ACUTE_MYELOID_LEUKEMIA,53,0.995723209599192,1.0
BRCA,kegg,0,0,KEGG_ADHERENS_JUNCTION,65,-2.0725438128682043,1.0
BRCA,kegg,0,0,KEGG_ADIPOCYTOKINE_SIGNALING_PATHWAY,54,0.06404428489802878,1.0
BRCA,kegg,0,0,KEGG_ALANINE_ASPARTATE_AND_GLUTAMATE_METABOLISM,25,1.0389220200694085,1.0
BRCA,kegg,0,0,KEGG_ALDOSTERONE_REGULATED_SODIUM_REABSORPTION,33,0.11785658254299605,1.0
BRCA,kegg,0,0,KEGG_ALLOGRAFT_REJECTION,32,-2.8172596326806874,1.0
BRCA,kegg,0,0,KEGG_ALPHA_LINOLENIC_ACID_METABOLISM,10,0.010382047079627666,1.0
BRCA,kegg,0,0,KEGG_ALZHEIMERS_DISEASE,128,5.007253639701205,1.0
BRCA,kegg,0,0,KEGG_AMINOACYL_TRNA_BIOSYNTHESIS,22,1.5374713082561506,1.0
BRCA,kegg,0,0,KEGG_AMINO_SUGAR_AND_NUCLEOTIDE_SUGAR_METABOLISM,39,0.5919314333033203,1.0
BRCA,kegg,0,0,KEGG_AMYOTROPHIC_LATERAL_SCLEROSIS_ALS,41,1.1211452648297306,1.0
BRCA,kegg,0,0,KEGG_ANTIGEN_PROCESSING_AND_PRESENTATION,66,0.42713011366929376,1.0
BRCA,kegg,0,0,KEGG_APOPTOSIS,82,-0.7360302816145862,1.0
BRCA,kegg,0,0,KEGG_ARACHIDONIC_ACID_METABOLISM,33,-0.931289085884518,1.0
BRCA,kegg,0,0,KEGG_ARGININE_AND_PROLINE_METABOLISM,43,1.564509636942995,1.0
BRCA,kegg,0,0,KEGG_ARRHYTHMOGENIC_RIGHT_VENTRICULAR_CARDIOMYOPATHY_ARVC,58,-3.735960664553718,1.0
BRCA,kegg,0,0,KEGG_ASTHMA,18,-4.540564372571829,1.0
BRCA,kegg,0,0,KEGG_AUTOIMMUNE_THYROID_DISEASE,33,-2.3338473233956227,1.0
BRCA,kegg,0,0,KEGG_AXON_GUIDANCE,111,-3.435453297936367,1.0
BRCA,kegg,0,0,KEGG_BASAL_CELL_CARCINOMA,38,-1.63614707294709,1.0
BRCA,kegg,0,0,KEGG_BASAL_TRANSCRIPTION_FACTORS,31,1.2222925266718434,1.0
BRCA,kegg,0,0,KEGG_BASE_EXCISION_REPAIR,33,2.8831981165525087,1.0
BRCA,kegg,0,0,KEGG_BETA_ALANINE_METABOLISM,16,-0.17408556216776497,1.0
BRCA,kegg,0,0,KEGG_BIOSYNTHESIS_OF_UNSATURATED_FATTY_ACIDS,21,1.4460200620120534,1.0
BRCA,kegg,0,0,KEGG_BLADDER_CANCER,40,-0.9062711757563408,1.0
BRCA,kegg,0,0,KEGG_BUTANOATE_METABOLISM,28,0.29799271656371407,1.0
BRCA,kegg,0,0,KEGG_B_CELL_RECEPTOR_SIGNALING_PATHWAY,71,-1.2477641500529202,1.0
BRCA,kegg,0,0,KEGG_CALCIUM_SIGNALING_PATHWAY,112,-1.3608281490806542,1.0
BRCA,kegg,0,0,KEGG_CARDIAC_MUSCLE_CONTRACTION,51,3.0863339326469195,1.0
BRCA,kegg,0,0,KEGG_CELL_ADHESION_MOLECULES_CAMS,109,-5.142353929280402,1.0
BRCA,kegg,0,0,KEGG_CELL_CYCLE,116,7.313879346445555,1.0
BRCA,kegg,0,0,KEGG_CHEMOKINE_SIGNALING_PATHWAY,155,-1.6821911317027205,1.0
BRCA,kegg,0,0,KEGG_CHRONIC_MYELOID_LEUKEMIA,70,0.0008851273982700214,1.0
BRCA,kegg,0,0,KEGG_CIRCADIAN_RHYTHM_MAMMAL,12,-1.1932353628180588,1.0
BRCA,kegg,0,0,KEGG_CITRATE_CYCLE_TCA_CYCLE,27,2.3011323207327066,1.0
BRCA,kegg,0,0,KEGG_COLORECTAL_CANCER,59,-1.9007272989227044,1.0
BRCA,kegg,0,0,KEGG_COMPLEMENT_AND_COAGULATION_CASCADES,45,-8.07437569202518,1.0
BRCA,kegg,0,0,KEGG_CYSTEINE_AND_METHIONINE_METABOLISM,27,3.0921810240767957,1.0
BRCA,kegg,0,0,KEGG_CYTOKINE_CYTOKINE_RECEPTOR_INTERACTION,191,-6.0861233129764285,1.0
BRCA,kegg,0,0,KEGG_CYTOSOLIC_DNA_SENSING_PATHWAY,38,-0.041095423172298425,1.0
BRCA,kegg,0,0,KEGG_DILATED_CARDIOMYOPATHY,66,-4.971333189605681,1.0
BRCA,kegg,0,0,KEGG_DNA_REPLICATION,35,5.313269237043611,1.0
BRCA,kegg,0,0,KEGG_DORSO_VENTRAL_AXIS_FORMATION,19,-0.5421988735529105,1.0
BRCA,kegg,0,0,KEGG_DRUG_METABOLISM_CYTOCHROME_P450,29,-0.909385214660986,1.0
BRCA,kegg,0,0,KEGG_DRUG_METABOLISM_OTHER_ENZYMES,22,0.85593426666385,1.0
BRCA,kegg,0,0,KEGG_ECM_RECEPTOR_INTERACTION,69,-21.03940439411613,1.0
BRCA,kegg,0,0,KEGG_ENDOCYTOSIS,166,1.6398390268298284,1.0
BRCA,kegg,0,0,KEGG_ENDOMETRIAL_CANCER,48,0.28620378625192316,1.0
BRCA,kegg,0,0,KEGG_EPITHELIAL_CELL_SIGNALING_IN_HELICOBACTER_PYLORI_INFECTION,61,1.5904461774650545,1.0
BRCA,kegg,0,0,KEGG_ERBB_SIGNALING_PATHWAY,75,-0.30872402362669765,1.0
BRCA,kegg,0,0,KEGG_ETHER_LIPID_METABOLISM,24,-0.2937616992572763,1.0
BRCA,kegg,0,0,KEGG_FATTY_ACID_METABOLISM,34,0.679148085737521,1.0
BRCA,kegg,0,0,KEGG_FC_EPSILON_RI_SIGNALING_PATHWAY,64,0.04155377655171458,1.0
BRCA,kegg,0,0,KEGG_FC_GAMMA_R_MEDIATED_PHAGOCYTOSIS,87,-0.9616881478368867,1.0
BRCA,kegg,0,0,KEGG_FOCAL_ADHESION,176,-16.482968841275632,1.0
BRCA,kegg,0,0,KEGG_FRUCTOSE_AND_MANNOSE_METABOLISM,28,1.3031100193370024,1.0
BRCA,kegg,0,0,KEGG_GALACTOSE_METABOLISM,21,0.7155856838178262,1.0
BRCA,kegg,0,0,KEGG_GAP_JUNCTION,69,-0.22126171786243184,1.0
BRCA,kegg,0,0,KEGG_GLIOMA,59,-0.5493295864166968,1.0
BRCA,kegg,0,0,KEGG_GLUTATHIONE_METABOLISM,41,1.0977194371393921,1.0
BRCA,kegg,0,0,KEGG_GLYCEROLIPID_METABOLISM,39,-0.2185702291512256,1.0
BRCA,kegg,0,0,KEGG_GLYCEROPHOSPHOLIPID_METABOLISM,61,1.2975429179416746,1.0
BRCA,kegg,0,0,KEGG_GLYCINE_SERINE_AND_THREONINE_METABOLISM,22,0.9449778021901859,1.0
BRCA,kegg,0,0,KEGG_GLYCOLYSIS_GLUCONEOGENESIS,43,2.488822576514122,1.0
BRCA,kegg,0,0,KEGG_GLYCOSAMINOGLYCAN_BIOSYNTHESIS_CHONDROITIN_SULFATE,21,-2.062449853525647,1.0
BRCA,kegg,0,0,KEGG_GLYCOSAMINOGLYCAN_BIOSYNTHESIS_HEPARAN_SULFATE,18,0.04638065365850296,1.0
BRCA,kegg,0,0,KEGG_GLYCOSAMINOGLYCAN_BIOSYNTHESIS_KERATAN_SULFATE,13,0.5563890973119585,1.0
BRCA,kegg,0,0,KEGG_GLYCOSAMINOGLYCAN_DEGRADATION,18,0.12807258690311835,1.0
BRCA,kegg,0,0,KEGG_GLYCOSPHINGOLIPID_BIOSYNTHESIS_GANGLIO_SERIES,14,0.33968692789872623,1.0
BRCA,kegg,0,0,KEGG_GLYCOSPHINGOLIPID_BIOSYNTHESIS_GLOBO_SERIES,12,0.18118615537992058,1.0
BRCA,kegg,0,0,KEGG_GLYCOSPHINGOLIPID_BIOSYNTHESIS_LACTO_AND_NEOLACTO_SERIES,20,-0.0010313424338115231,1.0
BRCA,kegg,0,0,KEGG_GLYCOSYLPHOSPHATIDYLINOSITOL_GPI_ANCHOR_BIOSYNTHESIS,23,2.0572501617821892,1.0
BRCA,kegg,0,0,KEGG_GLYOXYLATE_AND_DICARBOXYLATE_METABOLISM,13,1.7288000423340966,1.0
BRCA,kegg,0,0,KEGG_GNRH_SIGNALING_PATHWAY,80,-1.704951925934019,1.0
BRCA,kegg,0,0,KEGG_GRAFT_VERSUS_HOST_DISEASE,37,-2.679799110639794,1.0
BRCA,kegg,0,0,KEGG_HEDGEHOG_SIGNALING_PATHWAY,35,-1.0554953143641703,1.0
BRCA,kegg,0,0,KEGG_HEMATOPOIETIC_CELL_LINEAGE,68,-3.2770697202178334,1.0
BRCA,kegg,0,0,KEGG_HISTIDINE_METABOLISM,19,-0.7429963717770751,1.0
BRCA,kegg,0,0,KEGG_HOMOLOGOUS_RECOMBINATION,24,1.7143437991531993,1.0
BRCA,kegg,0,0,KEGG_HUNTINGTONS_DISEASE,143,7.2016595103208685,1.0
BRCA,kegg,0,0,KEGG_HYPERTROPHIC_CARDIOMYOPATHY_HCM,61,-5.322926249778097,1.0
BRCA,kegg,0,0,KEGG_INOSITOL_PHOSPHATE_METABOLISM,50,1.0778399456370888,1.0
BRCA,kegg,0,0,KEGG_INSULIN_SIGNALING_PATHWAY,115,1.4774982522134057,1.0
BRCA,kegg,0,0,KEGG_INTESTINAL_IMMUNE_NETWORK_FOR_IGA_PRODUCTION,40,-4.883814154495159,1.0
BRCA,kegg,0,0,KEGG_JAK_STAT_SIGNALING_PATHWAY,109,-2.0633340699033758,1.0
BRCA,kegg,0,0,KEGG_LEISHMANIA_INFECTION,66,-4.867652190598133,1.0
BRCA,kegg,0,0,KEGG_LEUKOCYTE_TRANSENDOTHELIAL_MIGRATION,93,-6.024503844368839,1.0
BRCA,kegg,0,0,KEGG_LINOLEIC_ACID_METABOLISM,10,-0.4602539099595946,1.0
BRCA,kegg,0,0,KEGG_LONG_TERM_DEPRESSION,49,0.7208824311540308,1.0
BRCA,kegg,0,0,KEGG_LONG_TERM_POTENTIATION,51,0.8289409340922764,1.0
BRCA,kegg,0,0,KEGG_LYSINE_DEGRADATION,39,0.5356271768227796,1.0
BRCA,kegg,0,0,KEGG_LYSOSOME,113,1.7842666885798582,1.0
BRCA,kegg,0,0,KEGG_MAPK_SIGNALING_PATHWAY,214,-2.0916595834087417,1.0
BRCA,kegg,0,0,KEGG_MELANOGENESIS,78,-1.6118565864123964,1.0
BRCA,kegg,0,0,KEGG_MELANOMA,56,-0.6949900694011744,1.0
BRCA,kegg,0,0,KEGG_METABOLISM_OF_XENOBIOTICS_BY_CYTOCHROME_P450,28,-0.7927074380857979,1.0
BRCA,kegg,0,0,KEGG_MISMATCH_REPAIR,22,3.5414935171831465,1.0
BRCA,kegg,0,0,KEGG_MTOR_SIGNALING_PATHWAY,41,-0.35296661425361453,1.0
BRCA,kegg,0,0,KEGG_NATURAL_KILLER_CELL_MEDIATED_CYTOTOXICITY,106,-0.7688710155693783,1.0
BRCA,kegg,0,0,KEGG_NEUROACTIVE_LIGAND_RECEPTOR_INTERACTION,104,-1.07669954729041,1.0
BRCA,kegg,0,0,KEGG_NEUROTROPHIN_SIGNALING_PATHWAY,111,0.6306526758430169,1.0
BRCA,kegg,0,0,KEGG_NICOTINATE_AND_NICOTINAMIDE_METABOLISM,21,-0.5647997052703749,1.0
BRCA,kegg,0,0,KEGG_NITROGEN_METABOLISM,15,-0.16631783835516953,1.0
BRCA,kegg,0,0,KEGG_NOD_LIKE_RECEPTOR_SIGNALING_PATHWAY,57,-0.05257416539866049,1.0
BRCA,kegg,0,0,KEGG_NON_HOMOLOGOUS_END_JOINING,11,1.2940662237809473,1.0
BRCA,kegg,0,0,KEGG_NON_SMALL_CELL_LUNG_CANCER,51,0.4681131103790843,1.0
BRCA,kegg,0,0,KEGG_NOTCH_SIGNALING_PATHWAY,44,-0.039056972452924395,1.0
BRCA,kegg,0,0,KEGG_NUCLEOTIDE_EXCISION_REPAIR,43,3.4940611767874863,1.0
BRCA,kegg,0,0,KEGG_N_GLYCAN_BIOSYNTHESIS,45,1.8134801228055224,1.0
BRCA,kegg,0,0,KEGG_OLFACTORY_TRANSDUCTION,18,-0.5050134935087837,1.0
BRCA,kegg,0,0,KEGG_ONE_CARBON_POOL_BY_FOLATE,15,0.8775803532070999,1.0
BRCA,kegg,0,0,KEGG_OOCYTE_MEIOSIS,93,4.778954980125873,1.0
BRCA,kegg,0,0,KEGG_OTHER_GLYCAN_DEGRADATION,13,0.161711841079068,1.0
BRCA,kegg,0,0,KEGG_OXIDATIVE_PHOSPHORYLATION,91,8.799744774712137,1.0
BRCA,kegg,0,0,KEGG_O_GLYCAN_BIOSYNTHESIS,21,-1.262099752684382,1.0
BRCA,kegg,0,0,KEGG_P53_SIGNALING_PATHWAY,63,-0.1764939575041172,1.0
BRCA,kegg,0,0,KEGG_PANCREATIC_CANCER,68,-1.4349281704515144,1.0
BRCA,kegg,0,0,KEGG_PANTOTHENATE_AND_COA_BIOSYNTHESIS,13,0.7621309104354672,1.0
BRCA,kegg,0,0,KEGG_PARKINSONS_DISEASE,89,8.04072329227225,1.0
BRCA,kegg,0,0,KEGG_PATHOGENIC_ESCHERICHIA_COLI_INFECTION,49,1.1016514107400524,1.0
BRCA,kegg,0,0,KEGG_PATHWAYS_IN_CANCER,279,-3.9904491783649445,1.0
BRCA,kegg,0,0,KEGG_PENTOSE_PHOSPHATE_PATHWAY,22,2.316042769044632,1.0
BRCA,kegg,0,0,KEGG_PEROXISOME,71,1.8040897334477999,1.0
BRCA,kegg,0,0,KEGG_PHENYLALANINE_METABOLISM,13,0.11894334344691729,1.0
BRCA,kegg,0,0,KEGG_PHOSPHATIDYLINOSITOL_SIGNALING_SYSTEM,68,0.19986054424267963,1.0
BRCA,kegg,0,0,KEGG_PORPHYRIN_AND_CHLOROPHYLL_METABOLISM,20,0.9091618506423318,1.0
BRCA,kegg,0,0,KEGG_PPAR_SIGNALING_PATHWAY,52,-0.7472842427393,1.0
BRCA,kegg,0,0,KEGG_PRIMARY_BILE_ACID_BIOSYNTHESIS,11,-0.3580217389143971,1.0
BRCA,kegg,0,0,KEGG_PRIMARY_IMMUNODEFICIENCY,30,-0.7372750904356026,1.0
BRCA,kegg,0,0,KEGG_PRION_DISEASES,29,-0.4457716561713761,1.0
BRCA,kegg,0,0,KEGG_PROGESTERONE_MEDIATED_OOCYTE_MATURATION,72,2.8963071675671848,1.0
BRCA,kegg,0,0,KEGG_PROPANOATE_METABOLISM,28,0.73530353860828,1.0
BRCA,kegg,0,0,KEGG_PROSTATE_CANCER,83,-0.8535205204914399,1.0
BRCA,kegg,0,0,KEGG_PROTEASOME,41,5.839847984843143,1.0
BRCA,kegg,0,0,KEGG_PROTEIN_EXPORT,23,1.7504087892144369,1.0
BRCA,kegg,0,0,KEGG_PROXIMAL_TUBULE_BICARBONATE_RECLAMATION,17,0.12543941500106712,1.0
BRCA,kegg,0,0,KEGG_PURINE_METABOLISM,132,3.5034285562048497,1.0
BRCA,kegg,0,0,KEGG_PYRIMIDINE_METABOLISM,90,4.263520452073946,1.0
BRCA,kegg,0,0,KEGG_PYRUVATE_METABOLISM,33,2.7774839507462272,1.0
BRCA,kegg,0,0,KEGG_REGULATION_OF_ACTIN_CYTOSKELETON,170,-5.194414102078818,1.0
BRCA,kegg,0,0,KEGG_REGULATION_OF_AUTOPHAGY,20,0.8911288169437606,1.0
BRCA,kegg,0,0,KEGG_RENAL_CELL_CARCINOMA,64,-2.0040504688400187,1.0
BRCA,kegg,0,0,KEGG_RENIN_ANGIOTENSIN_SYSTEM,10,1.367597867046146,1.0
BRCA,kegg,0,0,KEGG_RETINOL_METABOLISM,17,0.1932047999735154,1.0
BRCA,kegg,0,0,KEGG_RIBOFLAVIN_METABOLISM,11,0.9681065551289479,1.0
BRCA,kegg,0,0,KEGG_RIG_I_LIKE_RECEPTOR_SIGNALING_PATHWAY,50,0.7559033512245066,1.0
BRCA,kegg,0,0,KEGG_RNA_DEGRADATION,50,3.549675700510115,1.0
BRCA,kegg,0,0,KEGG_RNA_POLYMERASE,28,2.488675889211272,1.0
BRCA,kegg,0,0,KEGG_SELENOAMINO_ACID_METABOLISM,22,1.4669579330109408,1.0
BRCA,kegg,0,0,KEGG_SMALL_CELL_LUNG_CANCER,78,-2.1654960133424472,1.0
BRCA,kegg,0,0,KEGG_SNARE_INTERACTIONS_IN_VESICULAR_TRANSPORT,36,0.9861982143119562,1.0
BRCA,kegg,0,0,KEGG_SPHINGOLIPID_METABOLISM,32,-0.8047426708606149,1.0
BRCA,kegg,0,0,KEGG_SPLICEOSOME,126,6.999508922137389,1.0
BRCA,kegg,0,0,KEGG_STARCH_AND_SUCROSE_METABOLISM,21,0.35717061301755004,1.0
BRCA,kegg,0,0,KEGG_STEROID_BIOSYNTHESIS,15,2.0617311137010454,1.0
BRCA,kegg,0,0,KEGG_STEROID_HORMONE_BIOSYNTHESIS,19,-0.32545791211553216,1.0
BRCA,kegg,0,0,KEGG_SULFUR_METABOLISM,11,-0.03846228764873289,1.0
BRCA,kegg,0,0,KEGG_SYSTEMIC_LUPUS_ERYTHEMATOSUS,44,-5.404787592449789,1.0
BRCA,kegg,0,0,KEGG_TASTE_TRANSDUCTION,13,0.9163888278153716,1.0
BRCA,kegg,0,0,KEGG_TERPENOID_BACKBONE_BIOSYNTHESIS,14,-0.07861750314175818,1.0
BRCA,kegg,0,0,KEGG_TGF_BETA_SIGNALING_PATHWAY,69,-6.64968164099069,1.0
BRCA,kegg,0,0,KEGG_THYROID_CANCER,28,1.8639202243997168,1.0
BRCA,kegg,0,0,KEGG_TIGHT_JUNCTION,97,-1.1738083201845257,1.0
BRCA,kegg,0,0,KEGG_TOLL_LIKE_RECEPTOR_SIGNALING_PATHWAY,85,-1.6403296643417031,1.0
BRCA,kegg,0,0,KEGG_TRYPTOPHAN_METABOLISM,27,0.2969058938630478,1.0
BRCA,kegg,0,0,KEGG_TYPE_II_DIABETES_MELLITUS,34,-0.0823597074900686,1.0
BRCA,kegg,0,0,KEGG_TYPE_I_DIABETES_MELLITUS,36,-2.3084671871120572,1.0
BRCA,kegg,0,0,KEGG_TYROSINE_METABOLISM,28,-0.49705488033971434,1.0
BRCA,kegg,0,0,KEGG_T_CELL_RECEPTOR_SIGNALING_PATHWAY,101,-1.2969109283499507,1.0
BRCA,kegg,0,0,KEGG_UBIQUITIN_MEDIATED_PROTEOLYSIS,126,3.522249388857087,1.0
BRCA,kegg,0,0,KEGG_VALINE_LEUCINE_AND_ISOLEUCINE_DEGRADATION,43,0.9154728415501311,1.0
BRCA,kegg,0,0,KEGG_VASCULAR_SMOOTH_MUSCLE_CONTRACTION,88,-2.0563567024305223,1.0
BRCA,kegg,0,0,KEGG_VASOPRESSIN_REGULATED_WATER_REABSORPTION,39,0.22577300554271115,1.0
BRCA,kegg,0,0,KEGG_VEGF_SIGNALING_PATHWAY,63,-0.6872816977060108,1.0
BRCA,kegg,0,0,KEGG_VIBRIO_CHOLERAE_INFECTION,47,1.9176044291862582,1.0
BRCA,kegg,0,0,KEGG_VIRAL_MYOCARDITIS,57,-3.565679053552641,1.0
BRCA,kegg,0,0,KEGG_WNT_SIGNALING_PATHWAY,126,-2.0858761904725305,1.0
BRCA,kegg,0,1,KEGG_ABC_TRANSPORTERS,33,-0.43150764853517226,1.0
BRCA,kegg,0,1,KEGG_ACUTE_MYELOID_LEUKEMIA,53,0.4957294774479381,1.0
BRCA,kegg,0,1,KEGG_ADHERENS_JUNCTION,65,1.2694880030943452,1.0
BRCA,kegg,0,1,KEGG_ADIPOCYTOKINE_SIGNALING_PATHWAY,54,1.6423650180282212,1.0
BRCA,kegg,0,1,KEGG_ALANINE_ASPARTATE_AND_GLUTAMATE_METABOLISM,25,-0.43579130556743567,1.0
BRCA,kegg,0,1,KEGG_ALDOSTERONE_REGULATED_SODIUM_REABSORPTION,33,0.4763092036288939,1.0
BRCA,kegg,0,1,KEGG_ALLOGRAFT_REJECTION,32,-0.42080519669761696,1.0
BRCA,kegg,0,1,KEGG_ALPHA_LINOLENIC_ACID_METABOLISM,10,-1.1428061710105621,1.0
BRCA,kegg,0,1,KEGG_ALZHEIMERS_DISEASE,128,-2.588392687853606,1.0
BRCA,kegg,0,1,KEGG_AMINOACYL_TRNA_BIOSYNTHESIS,22,-0.7401547521169123,1.0
BRCA,kegg,0,1,KEGG_AMINO_SUGAR_AND_NUCLEOTIDE_SUGAR_METABOLISM,39,-1.5105487100888353,1.0
BRCA,kegg,0,1,KEGG_AMYOTROPHIC_LATERAL_SCLEROSIS_ALS,41,-0.46841047173278605,1.0
BRCA,kegg,0,1,KEGG_ANTIGEN_PROCESSING_AND_PRESENTATION,66,-0.914375377173379,1.0
BRCA,kegg,0,1,KEGG_APOPTOSIS,82,1.3128013029857586,1.0
BRCA,kegg,0,1,KEGG_ARACHIDONIC_ACID_METABOLISM,33,0.6570848778239387,1.0
BRCA,kegg,0,1,KEGG_ARGININE_AND_PROLINE_METABOLISM,43,-1.5596475108290548,1.0
BRCA,kegg,0,1,KEGG_ARRHYTHMOGENIC_RIGHT_VENTRICULAR_CARDIOMYOPATHY_ARVC,58,2.3847692999691024,1.0
BRCA,kegg,0,1,KEGG_ASTHMA,18,1.3870482585269108,1.0
BRCA,kegg,0,1,KEGG_AUTOIMMUNE_THYROID_DISEASE,33,-0.641707115343639,1.0
BRCA,kegg,0,1,KEGG_AXON_GUIDANCE,111,1.437417496550447,1.0
BRCA,kegg,0,1,KEGG_BASAL_CELL_CARCINOMA,38,-0.47665115084752596,1.0
BRCA,kegg,0,1,KEGG_BASAL_TRANSCRIPTION_FACTORS,31,-0.09008720349554734,1.0
BRCA,kegg,0,1,KEGG_BASE_EXCISION_REPAIR,33,-1.6077131809398617,1.0
BRCA,kegg,0,1,KEGG_BETA_ALANINE_METABOLISM,16,1.2243230573798294,1.0
BRCA,kegg,0,1,KEGG_BIOSYNTHESIS_OF_UNSATURATED_FATTY_ACIDS,21,0.21461885416847037,1.0
BRCA,kegg,0,1,KEGG_BLADDER_CANCER,40,-1.1176192611544038,1.0
BRCA,kegg,0,1,KEGG_BUTANOATE_METABOLISM,28,0.1782787357689784,1.0
BRCA,kegg,0,1,KEGG_B_CELL_RECEPTOR_SIGNALING_PATHWAY,71,1.9620632778849956,1.0
BRCA,kegg,0,1,KEGG_CALCIUM_SIGNALING_PATHWAY,112,0.041810490516730116,1.0
BRCA,kegg,0,1,KEGG_CARDIAC_MUSCLE_CONTRACTION,51,-1.3050326183351946,1.0
BRCA,kegg,0,1,KEGG_CELL_ADHESION_MOLECULES_CAMS,109,1.4449971021591017,1.0
BRCA,kegg,0,1,KEGG_CELL_CYCLE,116,-5.180820038039168,1.0
BRCA,kegg,0,1,KEGG_CHEMOKINE_SIGNALING_PATHWAY,155,1.9421699067859142,1.0
BRCA,kegg,0,1,KEGG_CHRONIC_MYELOID_LEUKEMIA,70,1.8239723867320707,1.0
BRCA,kegg,0,1,KEGG_CIRCADIAN_RHYTHM_MAMMAL,12,2.597019684282931,1.0
BRCA,kegg,0,1,KEGG_CITRATE_CYCLE_TCA_CYCLE,27,-1.5662507888948374,1.0
BRCA,kegg,0,1,KEGG_COLORECTAL_CANCER,59,3.079654226882324,1.0
BRCA,kegg,0,1,KEGG_COMPLEMENT_AND_COAGULATION_CASCADES,45,6.556053528904768,1.0
BRCA,kegg,0,1,KEGG_CYSTEINE_AND_METHIONINE_METABOLISM,27,-2.686653848385249,1.0
BRCA,kegg,0,1,KEGG_CYTOKINE_CYTOKINE_RECEPTOR_INTERACTION,191,2.533866138844476,1.0
BRCA,kegg,0,1,KEGG_CYTOSOLIC_DNA_SENSING_PATHWAY,38,0.6455381013450222,1.0
BRCA,kegg,0,1,KEGG_DILATED_CARDIOMYOPATHY,66,2.128855555317445,1.0
BRCA,kegg,0,1,KEGG_DNA_REPLICATION,35,-5.02003571658374,1.0
BRCA,kegg,0,1,KEGG_DORSO_VENTRAL_AXIS_FORMATION,19,-0.18027866493902212,1.0
BRCA,kegg,0,1,KEGG_DRUG_METABOLISM_CYTOCHROME_P450,29,1.2362893573428968,1.0
BRCA,kegg,0,1,KEGG_DRUG_METABOLISM_OTHER_ENZYMES,22,-0.10096541175902853,1.0
BRCA,kegg,0,1,KEGG_ECM_RECEPTOR_INTERACTION,69,9.591467592712725,1.0
BRCA,kegg,0,1,KEGG_ENDOCYTOSIS,166,2.1821314922302095,1.0
BRCA,kegg,0,1,KEGG_ENDOMETRIAL_CANCER,48,0.6982986066927636,1.0
BRCA,kegg,0,1,KEGG_EPITHELIAL_CELL_SIGNALING_IN_HELICOBACTER_PYLORI_INFECTION,61,0.17034602334114624,1.0
BRCA,kegg,0,1,KEGG_ERBB_SIGNALING_PATHWAY,75,0.8042431310202401,1.0
BRCA,kegg,0,1,KEGG_ETHER_LIPID_METABOLISM,24,0.6746810331616983,1.0
BRCA,kegg,0,1,KEGG_FATTY_ACID_METABOLISM,34,1.5610566726847213,1.0
BRCA,kegg,0,1,KEGG_FC_EPSILON_RI_SIGNALING_PATHWAY,64,-0.041671996157283675,1.0
BRCA,kegg,0,1,KEGG_FC_GAMMA_R_MEDIATED_PHAGOCYTOSIS,87,0.2946242553649381,1.0
BRCA,kegg,0,1,KEGG_FOCAL_ADHESION,176,9.155048212618834,1.0
BRCA,kegg,0,1,KEGG_FRUCTOSE_AND_MANNOSE_METABOLISM,28,-2.0720978112303587,1.0
BRCA,kegg,0,1,KEGG_GALACTOSE_METABOLISM,21,-1.9692948295522001,1.0
BRCA,kegg,0,1,KEGG_GAP_JUNCTION,69,0.18574683385920765,1.0
BRCA,kegg,0,1,KEGG_GLIOMA,59,0.031101945367123414,1.0
BRCA,kegg,0,1,KEGG_GLUTATHIONE_METABOLISM,41,-1.5606725884875763,1.0
BRCA,kegg,0,1,KEGG_GLYCEROLIPID_METABOLISM,39,0.7809755202503053,1.0
BRCA,kegg,0,1,KEGG_GLYCEROPHOSPHOLIPID_METABOLISM,61,0.8498641243149725,1.0
BRCA,kegg,0,1,KEGG_GLYCINE_SERINE_AND_THREONINE_METABOLISM,22,-1.7634178423996372,1.0
BRCA,kegg,0,1,KEGG_GLYCOLYSIS_GLUCONEOGENESIS,43,-4.670273365613597,1.0
BRCA,kegg,0,1,KEGG_GLYCOSAMINOGLYCAN_BIOSYNTHESIS_CHONDROITIN_SULFATE,21,-0.2753455189752618,1.0
BRCA,kegg,0,1,KEGG_GLYCOSAMINOGLYCAN_BIOSYNTHESIS_HEPARAN_SULFATE,18,-0.7851540252177518,1.0
BRCA,kegg,0,1,KEGG_GLYCOSAMINOGLYCAN_BIOSYNTHESIS_KERATAN_SULFATE,13,-0.3196321726457794,1.0
BRCA,kegg,0,1,KEGG_GLYCOSAMINOGLYCAN_DEGRADATION,18,0.24299507513217922,1.0
BRCA,kegg,0,1,KEGG_GLYCOSPHINGOLIPID_BIOSYNTHESIS_GANGLIO_SERIES,14,-0.7993340385052653,1.0
BRCA,kegg,0,1,KEGG_GLYCOSPHINGOLIPID_BIOSYNTHESIS_GLOBO_SERIES,12,0.05779726379758607,1.0
BRCA,kegg,0,1,KEGG_GLYCOSPHINGOLIPID_BIOSYNTHESIS_LACTO_AND_NEOLACTO_SERIES,20,-1.2509416039649413,1.0
BRCA,kegg,0,1,KEGG_GLYCOSYLPHOSPHATIDYLINOSITOL_GPI_ANCHOR_BIOSYNTHESIS,23,-0.3683122681855844,1.0
BRCA,kegg,0,1,KEGG_GLYOXYLATE_AND_DICARBOXYLATE_METABOLISM,13,-2.1079402007679064,1.0
BRCA,kegg,0,1,KEGG_GNRH_SIGNALING_PATHWAY,80,-0.23721766409824047,1.0
BRCA,kegg,0,1,KEGG_GRAFT_VERSUS_HOST_DISEASE,37,-0.45401059106009284,1.0
BRCA,kegg,0,1,KEGG_HEDGEHOG_SIGNALING_PATHWAY,35,0.12300391648526994,1.0
BRCA,kegg,0,1,KEGG_HEMATOPOIETIC_CELL_LINEAGE,68,1.257064922324655,1.0
BRCA,kegg,0,1,KEGG_HISTIDINE_METABOLISM,19,1.2353437657384818,1.0
BRCA,kegg,0,1,KEGG_HOMOLOGOUS_RECOMBINATION,24,-2.027117907493181,1.0
BRCA,kegg,0,1,KEGG_HUNTINGTONS_DISEASE,143,-2.7388192739184105,1.0
BRCA,kegg,0,1,KEGG_HYPERTROPHIC_CARDIOMYOPATHY_HCM,61,2.3064834418866123,1.0
BRCA,kegg,0,1,KEGG_INOSITOL_PHOSPHATE_METABOLISM,50,-0.40108744408371655,1.0
BRCA,kegg,0,1,KEGG_INSULIN_SIGNALING_PATHWAY,115,1.1886736868342043,1.0
BRCA,kegg,0,1,KEGG_INTESTINAL_IMMUNE_NETWORK_FOR_IGA_PRODUCTION,40,1.4242679875511988,1.0
BRCA,kegg,0,1,KEGG_JAK_STAT_SIGNALING_PATHWAY,109,3.6007327610704234,1.0
BRCA,kegg,0,1,KEGG_LEISHMANIA_INFECTION,66,2.3819632126145964,1.0
BRCA,kegg,0,1,KEGG_LEUKOCYTE_TRANSENDOTHELIAL_MIGRATION,93,3.7671015919802437,1.0
BRCA,kegg,0,1,KEGG_LINOLEIC_ACID_METABOLISM,10,-0.17022800581747194,1.0
BRCA,kegg,0,1,KEGG_LONG_TERM_DEPRESSION,49,0.20080548628898723,1.0
BRCA,kegg,0,1,KEGG_LONG_TERM_POTENTIATION,51,-1.1775494222091873,1.0
BRCA,kegg,0,1,KEGG_LYSINE_DEGRADATION,39,-0.9948938991433186,1.0
BRCA,kegg,0,1,KEGG_LYSOSOME,113,0.5896855466017408,1.0
BRCA,kegg,0,1,KEGG_MAPK_SIGNALING_PATHWAY,214,2.781826639367589,1.0
BRCA,kegg,0,1,KEGG_MELANOGENESIS,78,-0.31348202772344835,1.0
BRCA,kegg,0,1,KEGG_MELANOMA,56,0.8275261669592567,1.0
BRCA,kegg,0,1,KEGG_METABOLISM_OF_XENOBIOTICS_BY_CYTOCHROME_P450,28,0.694007346504171,1.0
BRCA,kegg,0,1,KEGG_MISMATCH_REPAIR,22,-2.5813402723776413,1.0
BRCA,kegg,0,1,KEGG_MTOR_SIGNALING_PATHWAY,41,-0.5193247491776473,1.0
BRCA,kegg,0,1,KEGG_NATURAL_KILLER_CELL_MEDIATED_CYTOTOXICITY,106,-0.5398132648643442,1.0
BRCA,kegg,0,1,KEGG_NEUROACTIVE_LIGAND_RECEPTOR_INTERACTION,104,1.1393697724291665,1.0
BRCA,kegg,0,1,KEGG_NEUROTROPHIN_SIGNALING_PATHWAY,111,0.7346154461868543,1.0
BRCA,kegg,0,1,KEGG_NICOTINATE_AND_NICOTINAMIDE_METABOLISM,21,0.002936304474803501,1.0
BRCA,kegg,0,1,KEGG_NITROGEN_METABOLISM,15,3.5179914522424425,1.0
BRCA,kegg,0,1,KEGG_NOD_LIKE_RECEPTOR_SIGNALING_PATHWAY,57,-0.1371605135486511,1.0
BRCA,kegg,0,1,KEGG_NON_HOMOLOGOUS_END_JOINING,11,-2.039081933547772,1.0
BRCA,kegg,0,1,KEGG_NON_SMALL_CELL_LUNG_CANCER,51,-0.8906960753974619,1.0
BRCA,kegg,0,1,KEGG_NOTCH_SIGNALING_PATHWAY,44,0.9818891902499787,1.0
BRCA,kegg,0,1,KEGG_NUCLEOTIDE_EXCISION_REPAIR,43,-1.5493555751124788,1.0
BRCA,kegg,0,1,KEGG_N_GLYCAN_BIOSYNTHESIS,45,-1.8591749924409358,1.0
BRCA,kegg,0,1,KEGG_OLFACTORY_TRANSDUCTION,18,-1.9513312244897074,1.0
BRCA,kegg,0,1,KEGG_ONE_CARBON_POOL_BY_FOLATE,15,-2.0912754910813107,1.0
BRCA,kegg,0,1,KEGG_OOCYTE_MEIOSIS,93,-1.4991881097386923,1.0
BRCA,kegg,0,1,KEGG_OTHER_GLYCAN_DEGRADATION,13,0.4546807049094552,1.0
BRCA,kegg,0,1,KEGG_OXIDATIVE_PHOSPHORYLATION,91,-3.2647470511507386,1.0
BRCA,kegg,0,1,KEGG_O_GLYCAN_BIOSYNTHESIS,21,1.367042907159175,1.0
BRCA,kegg,0,1,KEGG_P53_SIGNALING_PATHWAY,63,-0.15810896741484917,1.0
BRCA,kegg,0,1,KEGG_PANCREATIC_CANCER,68,0.9634105026997244,1.0
BRCA,kegg,0,1,KEGG_PANTOTHENATE_AND_COA_BIOSYNTHESIS,13,-0.07538042432884057,1.0
BRCA,kegg,0,1,KEGG_PARKINSONS_DISEASE,89,-3.945583304227902,1.0
BRCA,kegg,0,1,KEGG_PATHOGENIC_ESCHERICHIA_COLI_INFECTION,49,-0.1613303079323413,1.0
BRCA,kegg,0,1,KEGG_PATHWAYS_IN_CANCER,279,2.5838733093966106,1.0
BRCA,kegg,0,1,KEGG_PENTOSE_PHOSPHATE_PATHWAY,22,-3.0453748042679156,1.0
BRCA,kegg,0,1,KEGG_PEROXISOME,71,0.6113896266913627,1.0
BRCA,kegg,0,1,KEGG_PHENYLALANINE_METABOLISM,13,0.9266380370017884,1.0
BRCA,kegg,0,1,KEGG_PHOSPHATIDYLINOSITOL_SIGNALING_SYSTEM,68,-0.25592274308162366,1.0
BRCA,kegg,0,1,KEGG_PORPHYRIN_AND_CHLOROPHYLL_METABOLISM,20,-0.611847378401091,1.0
BRCA,kegg,0,1,KEGG_PPAR_SIGNALING_PATHWAY,52,0.49408207370986984,1.0
BRCA,kegg,0,1,KEGG_PRIMARY_BILE_ACID_BIOSYNTHESIS,11,0.8131685557153,1.0
BRCA,kegg,0,1,KEGG_PRIMARY_IMMUNODEFICIENCY,30,-1.1794047768425173,1.0
BRCA,kegg,0,1,KEGG_PRION_DISEASES,29,0.06838023972074718,1.0
BRCA,kegg,0,1,KEGG_PROGESTERONE_MEDIATED_OOCYTE_MATURATION,72,-1.0721976739281869,1.0
BRCA,kegg,0,1,KEGG_PROPANOATE_METABOLISM,28,0.363955722298357,1.0
BRCA,kegg,0,1,KEGG_PROSTATE_CANCER,83,1.3311888596619583,1.0
BRCA,kegg,0,1,KEGG_PROTEASOME,41,-4.199231532850057,1.0
BRCA,kegg,0,1,KEGG_PROTEIN_EXPORT,23,-0.8645808759797933,1.0
BRCA,kegg,0,1,KEGG_PROXIMAL_TUBULE_BICARBONATE_RECLAMATION,17,0.9312762225693602,1.0
BRCA,kegg,0,1,KEGG_PURINE_METABOLISM,132,-3.1370731732506845,1.0
BRCA,kegg,0,1,KEGG_PYRIMIDINE_METABOLISM,90,-2.924633200355963,1.0
BRCA,kegg,0,1,KEGG_PYRUVATE_METABOLISM,33,-2.48024674953528,1.0
BRCA,kegg,0,1,KEGG_REGULATION_OF_ACTIN_CYTOSKELETON,170,2.9266317202050396,1.0
BRCA,kegg,0,1,KEGG_REGULATION_OF_AUTOPHAGY,20,-0.19973365683995978,1.0
BRCA,kegg,0,1,KEGG_RENAL_CELL_CARCINOMA,64,1.5848222610499056,1.0
BRCA,kegg,0,1,KEGG_RENIN_ANGIOTENSIN_SYSTEM,10,0.38215807873471547,1.0
BRCA,kegg,0,1,KEGG_RETINOL_METABOLISM,17,0.2913643346741797,1.0
BRCA,kegg,0,1,KEGG_RIBOFLAVIN_METABOLISM,11,0.024662509909631203,1.0
BRCA,kegg,0,1,KEGG_RIG_I_LIKE_RECEPTOR_SIGNALING_PATHWAY,50,-0.1753960781046656,1.0
BRCA,kegg,0,1,KEGG_RNA_DEGRADATION,50,-2.859277121233353,1.0
BRCA,kegg,0,1,KEGG_RNA_POLYMERASE,28,-1.7933178632474727,1.0
BRCA,kegg,0,1,KEGG_SELENOAMINO_ACID_METABOLISM,22,-0.7089190300583271,1.0
BRCA,kegg,0,1,KEGG_SMALL_CELL_LUNG_CANCER,78,1.921239602227645,1.0
BRCA,kegg,0,1,KEGG_SNARE_INTERACTIONS_IN_VESICULAR_TRANSPORT,36,0.10672021235566272,1.0
BRCA,kegg,0,1,KEGG_SPHINGOLIPID_METABOLISM,32,2.8778720900357433,1.0
BRCA,kegg,0,1,KEGG_SPLICEOSOME,126,-3.6309824486857063,1.0
BRCA,kegg,0,1,KEGG_STARCH_AND_SUCROSE_METABOLISM,21,-0.9507019841014805,1.0
BRCA,kegg,0,1,KEGG_STEROID_BIOSYNTHESIS,15,-1.0134524630864907,1.0
BRCA,kegg,0,1,KEGG_STEROID_HORMONE_BIOSYNTHESIS,19,-0.8429738127087186,1.0
BRCA,kegg,0,1,KEGG_SULFUR_METABOLISM,11,-0.4636345130378667,1.0
BRCA,kegg,0,1,KEGG_SYSTEMIC_LUPUS_ERYTHEMATOSUS,44,1.348862047240294,1.0
BRCA,kegg,0,1,KEGG_TASTE_TRANSDUCTION,13,-0.3993926725318206,1.0
BRCA,kegg,0,1,KEGG_TERPENOID_BACKBONE_BIOSYNTHESIS,14,-0.7559781431330966,1.0
BRCA,kegg,0,1,KEGG_TGF_BETA_SIGNALING_PATHWAY,69,4.373956823174314,1.0
BRCA,kegg,0,1,KEGG_THYROID_CANCER,28,1.4524632039307683,1.0
BRCA,kegg,0,1,KEGG_TIGHT_JUNCTION,97,2.3282989870146102,1.0
BRCA,kegg,0,1,KEGG_TOLL_LIKE_RECEPTOR_SIGNALING_PATHWAY,85,0.3074906923999233,1.0
BRCA,kegg,0,1,KEGG_TRYPTOPHAN_METABOLISM,27,0.3110062828170775,1.0
BRCA,kegg,0,1,KEGG_TYPE_II_DIABETES_MELLITUS,34,1.3222247131081255,1.0
BRCA,kegg,0,1,KEGG_TYPE_I_DIABETES_MELLITUS,36,-0.43033813895267786,1.0
BRCA,kegg,0,1,KEGG_TYROSINE_METABOLISM,28,0.5801203994918334,1.0
BRCA,kegg,0,1,KEGG_T_CELL_RECEPTOR_SIGNALING_PATHWAY,101,1.6651046033008203,1.0
BRCA,kegg,0,1,KEGG_UBIQUITIN_MEDIATED_PROTEOLYSIS,126,0.2545416301743959,1.0
BRCA,kegg,0,1,KEGG_VALINE_LEUCINE_AND_ISOLEUCINE_DEGRADATION,43,1.4590382216503144,1.0
BRCA,kegg,0,1,KEGG_VASCULAR_SMOOTH_MUSCLE_CONTRACTION,88,1.922058888238873,1.0
BRCA,kegg,0,1,KEGG_VASOPRESSIN_REGULATED_WATER_REABSORPTION,39,1.8903726158344982,1.0
BRCA,kegg,0,1,KEGG_VEGF_SIGNALING_PATHWAY,63,0.8230024940937805,1.0
BRCA,kegg,0,1,KEGG_VIBRIO_CHOLERAE_INFECTION,47,-1.0066113559836605,1.0
BRCA,kegg,0,1,KEGG_VIRAL_MYOCARDITIS,57,0.9288881626036674,1.0
BRCA,kegg,0,1,KEGG_WNT_SIGNALING_PATHWAY,126,1.3261873750389526,1.0
BRCA,kegg,0,2,KEGG_ABC_TRANSPORTERS,33,0.011245380292011598,1.0
BRCA,kegg,0,2,KEGG_ACUTE_MYELOID_LEUKEMIA,53,0.416382377894823,1.0
BRCA,kegg,0,2,KEGG_ADHERENS_JUNCTION,65,-0.17764030512244314,1.0
BRCA,kegg,0,2,KEGG_ADIPOCYTOKINE_SIGNALING_PATHWAY,54,1.2320485240450485,1.0
BRCA,kegg,0,2,KEGG_ALANINE_ASPARTATE_AND_GLUTAMATE_METABOLISM,25,-0.9208178394324263,1.0
BRCA,kegg,0,2,KEGG_ALDOSTERONE_REGULATED_SODIUM_REABSORPTION,33,0.707080149155437,1.0
BRCA,kegg,0,2,KEGG_ALLOGRAFT_REJECTION,32,4.777072838878558,1.0
BRCA,kegg,0,2,KEGG_ALPHA_LINOLENIC_ACID_METABOLISM,10,-0.5902355727930126,1.0
BRCA,kegg,0,2,KEGG_ALZHEIMERS_DISEASE,128,-3.2840070449992944,1.0
BRCA,kegg,0,2,KEGG_AMINOACYL_TRNA_BIOSYNTHESIS,22,-0.9957657988648171,1.0
BRCA,kegg,0,2,KEGG_AMINO_SUGAR_AND_NUCLEOTIDE_SUGAR_METABOLISM,39,-0.5124968861299444,1.0
BRCA,kegg,0,2,KEGG_AMYOTROPHIC_LATERAL_SCLEROSIS_ALS,41,-0.8118823824928436,1.0
BRCA,kegg,0,2,KEGG_ANTIGEN_PROCESSING_AND_PRESENTATION,66,2.145972011255806,1.0
BRCA,kegg,0,2,KEGG_APOPTOSIS,82,1.1522549135804372,1.0
BRCA,kegg,0,2,KEGG_ARACHIDONIC_ACID_METABOLISM,33,1.6265839208429151,1.0
BRCA,kegg,0,2,KEGG_ARGININE_AND_PROLINE_METABOLISM,43,-0.262921275703328,1.0
BRCA,kegg,0,2,KEGG_ARRHYTHMOGENIC_RIGHT_VENTRICULAR_CARDIOMYOPATHY_ARVC,58,2.441690268958896,1.0
BRCA,kegg,0,2,KEGG_ASTHMA,18,6.528535265289622,1.0
BRCA,kegg,0,2,KEGG_AUTOIMMUNE_THYROID_DISEASE,33,4.7618260418096945,1.0
BRCA,kegg,0,2,KEGG_AXON_GUIDANCE,111,1.7374997883541408,1.0
BRCA,kegg,0,2,KEGG_BASAL_CELL_CARCINOMA,38,0.31087156137799954,1.0
BRCA,kegg,0,2,KEGG_BASAL_TRANSCRIPTION_FACTORS,31,-1.1534806192512428,1.0
BRCA,kegg,0,2,KEGG_BASE_EXCISION_REPAIR,33,-3.7652914695791617,1.0
BRCA,kegg,0,2,KEGG_BETA_ALANINE_METABOLISM,16,1.2196898191188048,1.0
BRCA,kegg,0,2,KEGG_BIOSYNTHESIS_OF_UNSATURATED_FATTY_ACIDS,21,-1.2603215901271634,1.0
BRCA,kegg,0,2,KEGG_BLADDER_CANCER,40,-1.7319953726922175,1.0
BRCA,kegg,0,2,KEGG_BUTANOATE_METABOLISM,28,1.1168897552256236,1.0
BRCA,kegg,0,2,KEGG_B_CELL_RECEPTOR_SIGNALING_PATHWAY,71,1.4496526754319563,1.0
BRCA,kegg,0,2,KEGG_CALCIUM_SIGNALING_PATHWAY,112,-0.25867196786402313,1.0
BRCA,kegg,0,2,KEGG_CARDIAC_MUSCLE_CONTRACTION,51,-2.5766267778614047,1.0
BRCA,kegg,0,2,KEGG_CELL_ADHESION_MOLECULES_CAMS,109,4.421209833252454,1.0
BRCA,kegg,0,2,KEGG_CELL_CYCLE,116,-10.060157541863346,1.0
BRCA,kegg,0,2,KEGG_CHEMOKINE_SIGNALING_PATHWAY,155,1.086068887863435,1.0
BRCA,kegg,0,2,KEGG_CHRONIC_MYELOID_LEUKEMIA,70,1.2423419046631838,1.0
BRCA,kegg,0,2,KEGG_CIRCADIAN_RHYTHM_MAMMAL,12,2.5564052875866294,1.0
BRCA,kegg,0,2,KEGG_CITRATE_CYCLE_TCA_CYCLE,27,-2.0961811955140304,1.0
BRCA,kegg,0,2,KEGG_COLORECTAL_CANCER,59,1.6844785877175696,1.0
BRCA,kegg,0,2,KEGG_COMPLEMENT_AND_COAGULATION_CASCADES,45,9.7004902751151,1.0
BRCA,kegg,0,2,KEGG_CYSTEINE_AND_METHIONINE_METABOLISM,27,-3.004960660531182,1.0
BRCA,kegg,0,2,KEGG_CYTOKINE_CYTOKINE_RECEPTOR_INTERACTION,191,3.580954234012681,1.0
BRCA,kegg,0,2,KEGG_CYTOSOLIC_DNA_SENSING_PATHWAY,38,-0.19688598230963458,1.0
BRCA,kegg,0,2,KEGG_DILATED_CARDIOMYOPATHY,66,1.9015631342884756,1.0
BRCA,kegg,0,2,KEGG_DNA_REPLICATION,35,-7.22940299397567,1.0
BRCA,kegg,0,2,KEGG_DORSO_VENTRAL_AXIS_FORMATION,19,-0.008655143221323288,1.0
BRCA,kegg,0,2,KEGG_DRUG_METABOLISM_CYTOCHROME_P450,29,2.0233844088503825,1.0
BRCA,kegg,0,2,KEGG_DRUG_METABOLISM_OTHER_ENZYMES,22,-0.8631687201510484,1.0
BRCA,kegg,0,2,KEGG_ECM_RECEPTOR_INTERACTION,69,14.243471847019164,1.0
BRCA,kegg,0,2,KEGG_ENDOCYTOSIS,166,1.5738542232002009,1.0
BRCA,kegg,0,2,KEGG_ENDOMETRIAL_CANCER,48,-0.39743319016733286,1.0
BRCA,kegg,0,2,KEGG_EPITHELIAL_CELL_SIGNALING_IN_HELICOBACTER_PYLORI_INFECTION,61,-0.9554822320247567,1.0
BRCA,kegg,0,2,KEGG_ERBB_SIGNALING_PATHWAY,75,-0.06237487018964296,1.0
BRCA,kegg,0,2,KEGG_ETHER_LIPID_METABOLISM,24,0.5652792950296583,1.0
BRCA,kegg,0,2,KEGG_FATTY_ACID_METABOLISM,34,2.7118109967693775,1.0
BRCA,kegg,0,2,KEGG_FC_EPSILON_RI_SIGNALING_PATHWAY,64,0.034258110081665134,1.0
BRCA,kegg,0,2,KEGG_FC_GAMMA_R_MEDIATED_PHAGOCYTOSIS,87,0.06264267060827487,1.0
BRCA,kegg,0,2,KEGG_FOCAL_ADHESION,176,11.052283149518463,1.0
BRCA,kegg,0,2,KEGG_FRUCTOSE_AND_MANNOSE_METABOLISM,28,-1.3785349106857048,1.0
BRCA,kegg,0,2,KEGG_GALACTOSE_METABOLISM,21,-1.2572570085724666,1.0
BRCA,kegg,0,2,KEGG_GAP_JUNCTION,69,-0.9865958662632534,1.0
BRCA,kegg,0,2,KEGG_GLIOMA,59,-1.006465027143557,1.0
BRCA,kegg,0,2,KEGG_GLUTATHIONE_METABOLISM,41,-1.8428539759567721,1.0
BRCA,kegg,0,2,KEGG_GLYCEROLIPID_METABOLISM,39,1.03886621458818,1.0
BRCA,kegg,0,2,KEGG_GLYCEROPHOSPHOLIPID_METABOLISM,61,0.24311053793525844,1.0
BRCA,kegg,0,2,KEGG_GLYCINE_SERINE_AND_THREONINE_METABOLISM,22,-0.2969611279506675,1.0
BRCA,kegg,0,2,KEGG_GLYCOLYSIS_GLUCONEOGENESIS,43,-4.062635895783806,1.0
BRCA,kegg,0,2,KEGG_GLYCOSAMINOGLYCAN_BIOSYNTHESIS_CHONDROITIN_SULFATE,21,1.281000335236864,1.0
BRCA,kegg,0,2,KEGG_GLYCOSAMINOGLYCAN_BIOSYNTHESIS_HEPARAN_SULFATE,18,0.64284310463922,1.0
BRCA,kegg,0,2,KEGG_GLYCOSAMINOGLYCAN_BIOSYNTHESIS_KERATAN_SULFATE,13,0.11143212924486819,1.0
BRCA,kegg,0,2,KEGG_GLYCOSAMINOGLYCAN_DEGRADATION,18,1.1194670849630126,1.0
BRCA,kegg,0,2,KEGG_GLYCOSPHINGOLIPID_BIOSYNTHESIS_GANGLIO_SERIES,14,0.03032615195318923,1.0
BRCA,kegg,0,2,KEGG_GLYCOSPHINGOLIPID_BIOSYNTHESIS_GLOBO_SERIES,12,0.35357503951099567,1.0
BRCA,kegg,0,2,KEGG_GLYCOSPHINGOLIPID_BIOSYNTHESIS_LACTO_AND_NEOLACTO_SERIES,20,-1.0798312842796736,1.0
BRCA,kegg,0,2,KEGG_GLYCOSYLPHOSPHATIDYLINOSITOL_GPI_ANCHOR_BIOSYNTHESIS,23,0.04066120633130362,1.0
BRCA,kegg,0,2,KEGG_GLYOXYLATE_AND_DICARBOXYLATE_METABOLISM,13,-1.882163511363946,1.0
BRCA,kegg,0,2,KEGG_GNRH_SIGNALING_PATHWAY,80,-0.02356465765550761,1.0
BRCA,kegg,0,2,KEGG_GRAFT_VERSUS_HOST_DISEASE,37,4.381398900919827,1.0
BRCA,kegg,0,2,KEGG_HEDGEHOG_SIGNALING_PATHWAY,35,0.9531745845395945,1.0
BRCA,kegg,0,2,KEGG_HEMATOPOIETIC_CELL_LINEAGE,68,3.69369305921853,1.0
BRCA,kegg,0,2,KEGG_HISTIDINE_METABOLISM,19,1.7803288867446327,1.0
BRCA,kegg,0,2,KEGG_HOMOLOGOUS_RECOMBINATION,24,-2.2839125091130006,1.0
BRCA,kegg,0,2,KEGG_HUNTINGTONS_DISEASE,143,-4.549877127013349,1.0
BRCA,kegg,0,2,KEGG_HYPERTROPHIC_CARDIOMYOPATHY_HCM,61,2.43751422310507,1.0
BRCA,kegg,0,2,KEGG_INOSITOL_PHOSPHATE_METABOLISM,50,-0.1381217503606098,1.0
BRCA,kegg,0,2,KEGG_INSULIN_SIGNALING_PATHWAY,115,0.37282136505411234,1.0
BRCA,kegg,0,2,KEGG_INTESTINAL_IMMUNE_NETWORK_FOR_IGA_PRODUCTION,40,4.558427626951087,1.0
BRCA,kegg,0,2,KEGG_JAK_STAT_SIGNALING_PATHWAY,109,2.7890767297328236,1.0
BRCA,kegg,0,2,KEGG_LEISHMANIA_INFECTION,66,5.607768128263087,1.0
BRCA,kegg,0,2,KEGG_LEUKOCYTE_TRANSENDOTHELIAL_MIGRATION,93,3.1383116870559844,1.0
BRCA,kegg,0,2,KEGG_LINOLEIC_ACID_METABOLISM,10,-0.539821413538131,1.0
BRCA,kegg,0,2,KEGG_LONG_TERM_DEPRESSION,49,-0.3790786971833183,1.0
BRCA,kegg,0,2,KEGG_LONG_TERM_POTENTIATION,51,-1.3762651542587112,1.0
BRCA,kegg,0,2,KEGG_LYSINE_DEGRADATION,39,-0.15797798418610326,1.0
BRCA,kegg,0,2,KEGG_LYSOSOME,113,4.300439566682222,1.0
BRCA,kegg,0,2,KEGG_MAPK_SIGNALING_PATHWAY,214,2.983901938088624,1.0
BRCA,kegg,0,2,KEGG_MELANOGENESIS,78,0.018590008675069276,1.0
BRCA,kegg,0,2,KEGG_MELANOMA,56,-0.2619710212841769,1.0
BRCA,kegg,0,2,KEGG_METABOLISM_OF_XENOBIOTICS_BY_CYTOCHROME_P450,28,1.0039461167050054,1.0
BRCA,kegg,0,2,KEGG_MISMATCH_REPAIR,22,-4.0432384619708195,1.0
BRCA,kegg,0,2,KEGG_MTOR_SIGNALING_PATHWAY,41,-0.3573534973307844,1.0
BRCA,kegg,0,2,KEGG_NATURAL_KILLER_CELL_MEDIATED_CYTOTOXICITY,106,1.1047839093312748,1.0
BRCA,kegg,0,2,KEGG_NEUROACTIVE_LIGAND_RECEPTOR_INTERACTION,104,1.9873739076051171,1.0
BRCA,kegg,0,2,KEGG_NEUROTROPHIN_SIGNALING_PATHWAY,111,-0.6134114473283665,1.0
BRCA,kegg,0,2,KEGG_NICOTINATE_AND_NICOTINAMIDE_METABOLISM,21,0.5526904598370886,1.0
BRCA,kegg,0,2,KEGG_NITROGEN_METABOLISM,15,1.9256579483204053,1.0
BRCA,kegg,0,2,KEGG_NOD_LIKE_RECEPTOR_SIGNALING_PATHWAY,57,-0.8427590010046233,1.0
BRCA,kegg,0,2,KEGG_NON_HOMOLOGOUS_END_JOINING,11,-1.919436101732072,1.0
BRCA,kegg,0,2,KEGG_NON_SMALL_CELL_LUNG_CANCER,51,-1.0736238581530926,1.0
BRCA,kegg,0,2,KEGG_NOTCH_SIGNALING_PATHWAY,44,0.5659829898970778,1.0
BRCA,kegg,0,2,KEGG_NUCLEOTIDE_EXCISION_REPAIR,43,-2.9943682787960024,1.0
BRCA,kegg,0,2,KEGG_N_GLYCAN_BIOSYNTHESIS,45,-1.1850222776653054,1.0
BRCA,kegg,0,2,KEGG_OLFACTORY_TRANSDUCTION,18,-1.7137488610825686,1.0
BRCA,kegg,0,2,KEGG_ONE_CARBON_POOL_BY_FOLATE,15,-2.4942606249425827,1.0
BRCA,kegg,0,2,KEGG_OOCYTE_MEIOSIS,93,-5.370849370227438,1.0
BRCA,kegg,0,2,KEGG_OTHER_GLYCAN_DEGRADATION,13,1.589662360274361,1.0
BRCA,kegg,0,2,KEGG_OXIDATIVE_PHOSPHORYLATION,91,-4.181431363239148,1.0
BRCA,kegg,0,2,KEGG_O_GLYCAN_BIOSYNTHESIS,21,1.9859899872677511,1.0
BRCA,kegg,0,2,KEGG_P53_SIGNALING_PATHWAY,63,-2.1611785019551863,1.0
BRCA,kegg,0,2,KEGG_PANCREATIC_CANCER,68,0.6421657844673003,1.0
BRCA,kegg,0,2,KEGG_PANTOTHENATE_AND_COA_BIOSYNTHESIS,13,0.8846287356805819,1.0
BRCA,kegg,0,2,KEGG_PARKINSONS_DISEASE,89,-5.4917978038727595,1.0
BRCA,kegg,0,2,KEGG_PATHOGENIC_ESCHERICHIA_COLI_INFECTION,49,-3.7778954437436254,1.0
BRCA,kegg,0,2,KEGG_PATHWAYS_IN_CANCER,279,1.6832984306720393,1.0
BRCA,kegg,0,2,KEGG_PENTOSE_PHOSPHATE_PATHWAY,22,-3.4151594284540843,1.0
BRCA,kegg,0,2,KEGG_PEROXISOME,71,1.7952785943515486,1.0
BRCA,kegg,0,2,KEGG_PHENYLALANINE_METABOLISM,13,0.2658161069136046,1.0
BRCA,kegg,0,2,KEGG_PHOSPHATIDYLINOSITOL_SIGNALING_SYSTEM,68,-0.039962115654649556,1.0
BRCA,kegg,0,2,KEGG_PORPHYRIN_AND_CHLOROPHYLL_METABOLISM,20,0.615514264680463,1.0
BRCA,kegg,0,2,KEGG_PPAR_SIGNALING_PATHWAY,52,1.0575341075854805,1.0
BRCA,kegg,0,2,KEGG_PRIMARY_BILE_ACID_BIOSYNTHESIS,11,1.507456303156048,1.0
BRCA,kegg,0,2,KEGG_PRIMARY_IMMUNODEFICIENCY,30,-1.6565917397801129,1.0
BRCA,kegg,0,2,KEGG_PRION_DISEASES,29,1.151473655757479,1.0
BRCA,kegg,0,2,KEGG_PROGESTERONE_MEDIATED_OOCYTE_MATURATION,72,-3.71307640664204,1.0
BRCA,kegg,0,2,KEGG_PROPANOATE_METABOLISM,28,1.1162663445870185,1.0
BRCA,kegg,0,2,KEGG_PROSTATE_CANCER,83,0.7661156394844535,1.0
BRCA,kegg,0,2,KEGG_PROTEASOME,41,-7.466505678719335,1.0
BRCA,kegg,0,2,KEGG_PROTEIN_EXPORT,23,-2.181193463162944,1.0
BRCA,kegg,0,2,KEGG_PROXIMAL_TUBULE_BICARBONATE_RECLAMATION,17,1.5734040494535886,1.0
BRCA,kegg,0,2,KEGG_PURINE_METABOLISM,132,-3.3883810543640904,1.0
BRCA,kegg,0,2,KEGG_PYRIMIDINE_METABOLISM,90,-3.696764105006931,1.0
BRCA,kegg,0,2,KEGG_PYRUVATE_METABOLISM,33,-1.625035973179327,1.0
BRCA,kegg,0,2,KEGG_REGULATION_OF_ACTIN_CYTOSKELETON,170,3.221408590923364,1.0
BRCA,kegg,0,2,KEGG_REGULATION_OF_AUTOPHAGY,20,0.17895685076206228,1.0
BRCA,kegg,0,2,KEGG_RENAL_CELL_CARCINOMA,64,0.8925825046408401,1.0
BRCA,kegg,0,2,KEGG_RENIN_ANGIOTENSIN_SYSTEM,10,0.5040401287513269,1.0
BRCA,kegg,0,2,KEGG_RETINOL_METABOLISM,17,0.7284373749170704,1.0
BRCA,kegg,0,2,KEGG_RIBOFLAVIN_METABOLISM,11,0.3805163208851687,1.0
BRCA,kegg,0,2,KEGG_RIG_I_LIKE_RECEPTOR_SIGNALING_PATHWAY,50,-0.3828614512640885,1.0
BRCA,kegg,0,2,KEGG_RNA_DEGRADATION,50,-3.8918436662390525,1.0
BRCA,kegg,0,2,KEGG_RNA_POLYMERASE,28,-2.3215347899423415,1.0
BRCA,kegg,0,2,KEGG_SELENOAMINO_ACID_METABOLISM,22,-0.09999277414588674,1.0
BRCA,kegg,0,2,KEGG_SMALL_CELL_LUNG_CANCER,78,1.6478701717540418,1.0
BRCA,kegg,0,2,KEGG_SNARE_INTERACTIONS_IN_VESICULAR_TRANSPORT,36,1.0411622789798471,1.0
BRCA,kegg,0,2,KEGG_SPHINGOLIPID_METABOLISM,32,3.5423977489362644,1.0
BRCA,kegg,0,2,KEGG_SPLICEOSOME,126,-7.25976063976858,1.0
BRCA,kegg,0,2,KEGG_STARCH_AND_SUCROSE_METABOLISM,21,0.13428892760419844,1.0
BRCA,kegg,0,2,KEGG_STEROID_BIOSYNTHESIS,15,-2.023759347004559,1.0
BRCA,kegg,0,2,KEGG_STEROID_HORMONE_BIOSYNTHESIS,19,-0.24372244640241186,1.0
BRCA,kegg,0,2,KEGG_SULFUR_METABOLISM,11,0.07782183393302552,1.0
BRCA,kegg,0,2,KEGG_SYSTEMIC_LUPUS_ERYTHEMATOSUS,44,7.138795609471804,1.0
BRCA,kegg,0,2,KEGG_TASTE_TRANSDUCTION,13,-1.1760861442960693,1.0
BRCA,kegg,0,2,KEGG_TERPENOID_BACKBONE_BIOSYNTHESIS,14,-0.3395298055644807,1.0
BRCA,kegg,0,2,KEGG_TGF_BETA_SIGNALING_PATHWAY,69,5.182327335439362,1.0
BRCA,kegg,0,2,KEGG_THYROID_CANCER,28,-1.3480293302695787,1.0
BRCA,kegg,0,2,KEGG_TIGHT_JUNCTION,97,0.5049586014445132,1.0
BRCA,kegg,0,2,KEGG_TOLL_LIKE_RECEPTOR_SIGNALING_PATHWAY,85,1.1023986025705128,1.0
BRCA,kegg,0,2,KEGG_TRYPTOPHAN_METABOLISM,27,1.861110710807745,1.0
BRCA,kegg,0,2,KEGG_TYPE_II_DIABETES_MELLITUS,34,0.7735288252483437,1.0
BRCA,kegg,0,2,KEGG_TYPE_I_DIABETES_MELLITUS,36,4.483595747298243,1.0
BRCA,kegg,0,2,KEGG_TYROSINE_METABOLISM,28,0.9734161188350905,1.0
BRCA,kegg,0,2,KEGG_T_CELL_RECEPTOR_SIGNALING_PATHWAY,101,0.48603188871546954,1.0
BRCA,kegg,0,2,KEGG_UBIQUITIN_MEDIATED_PROTEOLYSIS,126,-2.3379278154403047,1.0
BRCA,kegg,0,2,KEGG_VALINE_LEUCINE_AND_ISOLEUCINE_DEGRADATION,43,2.577901368322917,1.0
BRCA,kegg,0,2,KEGG_VASCULAR_SMOOTH_MUSCLE_CONTRACTION,88,1.585899664214068,1.0
BRCA,kegg,0,2,KEGG_VASOPRESSIN_REGULATED_WATER_REABSORPTION,39,2.16420953196444,1.0
BRCA,kegg,0,2,KEGG_VEGF_SIGNALING_PATHWAY,63,-0.7153916126760359,1.0
BRCA,kegg,0,2,KEGG_VIBRIO_CHOLERAE_INFECTION,47,-2.644695962786093,1.0
BRCA,kegg,0,2,KEGG_VIRAL_MYOCARDITIS,57,4.1972225611647165,1.0
BRCA,kegg,0,2,KEGG_WNT_SIGNALING_PATHWAY,126,1.1590576337089145,1.0
BRCA,kegg,0,3,KEGG_ABC_TRANSPORTERS,33,-0.5908389836012571,1.0
BRCA,kegg,0,3,KEGG_ACUTE_MYELOID_LEUKEMIA,53,3.818273009462881,1.0
BRCA,kegg,0,3,KEGG_ADHERENS_JUNCTION,65,5.076440326961049,1.0
BRCA,kegg,0,3,KEGG_ADIPOCYTOKINE_SIGNALING_PATHWAY,54,3.614471593881424,1.0
BRCA,kegg,0,3,KEGG_ALANINE_ASPARTATE_AND_GLUTAMATE_METABOLISM,25,0.5696693609632473,1.0
BRCA,kegg,0,3,KEGG_ALDOSTERONE_REGULATED_SODIUM_REABSORPTION,33,4.557361890119289,1.0
BRCA,kegg,0,3,KEGG_ALLOGRAFT_REJECTION,32,2.47693154085197,1.0
BRCA,kegg,0,3,KEGG_ALPHA_LINOLENIC_ACID_METABOLISM,10,-1.5885302582933756,1.0
BRCA,kegg,0,3,KEGG_ALZHEIMERS_DISEASE,128,-0.959468081767998,1.0
BRCA,kegg,0,3,KEGG_AMINOACYL_TRNA_BIOSYNTHESIS,22,-1.0863074501345316,1.0
BRCA,kegg,0,3,KEGG_AMINO_SUGAR_AND_NUCLEOTIDE_SUGAR_METABOLISM,39,-0.004051599913729905,1.0
BRCA,kegg,0,3,KEGG_AMYOTROPHIC_LATERAL_SCLEROSIS_ALS,41,0.26033333846137163,1.0
BRCA,kegg,0,3,KEGG_ANTIGEN_PROCESSING_AND_PRESENTATION,66,3.0712168613470237,1.0
BRCA,kegg,0,3,KEGG_APOPTOSIS,82,2.6180379820503608,1.0
BRCA,kegg,0,3,KEGG_ARACHIDONIC_ACID_METABOLISM,33,1.2688702579607714,1.0
BRCA,kegg,0,3,KEGG_ARGININE_AND_PROLINE_METABOLISM,43,1.78860215966637,1.0
BRCA,kegg,0,3,KEGG_ARRHYTHMOGENIC_RIGHT_VENTRICULAR_CARDIOMYOPATHY_ARVC,58,7.527853607579439,1.0
BRCA,kegg,0,3,KEGG_ASTHMA,18,5.7601206402048675,1.0
BRCA,kegg,0,3,KEGG_AUTOIMMUNE_THYROID_DISEASE,33,2.2092082884785924,1.0
BRCA,kegg,0,3,KEGG_AXON_GUIDANCE,111,2.905228218312638,1.0
BRCA,kegg,0,3,KEGG_BASAL_CELL_CARCINOMA,38,0.9479828161268498,1.0
BRCA,kegg,0,3,KEGG_BASAL_TRANSCRIPTION_FACTORS,31,0.14347514997651753,1.0
BRCA,kegg,0,3,KEGG_BASE_EXCISION_REPAIR,33,-0.8660741772555974,1.0
BRCA,kegg,0,3,KEGG_BETA_ALANINE_METABOLISM,16,2.5530195797874664,1.0
BRCA,kegg,0,3,KEGG_BIOSYNTHESIS_OF_UNSATURATED_FATTY_ACIDS,21,1.4087333499705923,1.0
BRCA,kegg,0,3,KEGG_BLADDER_CANCER,40,2.028096741499869,1.0
BRCA,kegg,0,3,KEGG_BUTANOATE_METABOLISM,28,0.4249551068777125,1.0
BRCA,kegg,0,3,KEGG_B_CELL_RECEPTOR_SIGNALING_PATHWAY,71,3.7608792253992465,1.0
BRCA,kegg,0,3,KEGG_CALCIUM_SIGNALING_PATHWAY,112,0.17497944133304758,1.0
BRCA,kegg,0,3,KEGG_CARDIAC_MUSCLE_CONTRACTION,51,-0.1775017406117908,1.0
BRCA,kegg,0,3,KEGG_CELL_ADHESION_MOLECULES_CAMS,109,4.848332441502867,1.0
BRCA,kegg,0,3,KEGG_CELL_CYCLE,116,4.145983760599018,1.0
BRCA,kegg,0,3,KEGG_CHEMOKINE_SIGNALING_PATHWAY,155,4.7969193416073885,1.0
BRCA,kegg,0,3,KEGG_CHRONIC_MYELOID_LEUKEMIA,70,4.815849309307649,1.0
BRCA,kegg,0,3,KEGG_CIRCADIAN_RHYTHM_MAMMAL,12,2.74074888359123,1.0
BRCA,kegg,0,3,KEGG_CITRATE_CYCLE_TCA_CYCLE,27,0.5028589192332186,1.0
BRCA,kegg,0,3,KEGG_COLORECTAL_CANCER,59,5.125291203301293,1.0
BRCA,kegg,0,3,KEGG_COMPLEMENT_AND_COAGULATION_CASCADES,45,8.954598702875986,1.0
BRCA,kegg,0,3,KEGG_CYSTEINE_AND_METHIONINE_METABOLISM,27,0.7705922509977606,1.0
BRCA,kegg,0,3,KEGG_CYTOKINE_CYTOKINE_RECEPTOR_INTERACTION,191,4.881024634844649,1.0
BRCA,kegg,0,3,KEGG_CYTOSOLIC_DNA_SENSING_PATHWAY,38,0.3642926874259896,1.0
BRCA,kegg,0,3,KEGG_DILATED_CARDIOMYOPATHY,66,3.607293557776225,1.0
BRCA,kegg,0,3,KEGG_DNA_REPLICATION,35,-0.30254507081546045,1.0
BRCA,kegg,0,3,KEGG_DORSO_VENTRAL_AXIS_FORMATION,19,3.3084494170027665,1.0
BRCA,kegg,0,3,KEGG_DRUG_METABOLISM_CYTOCHROME_P450,29,3.0315948938032315,1.0
BRCA,kegg,0,3,KEGG_DRUG_METABOLISM_OTHER_ENZYMES,22,-0.047381307045337745,1.0
BRCA,kegg,0,3,KEGG_ECM_RECEPTOR_INTERACTION,69,11.733115374569628,1.0
BRCA,kegg,0,3,KEGG_ENDOCYTOSIS,166,2.185311219691814,1.0
BRCA,kegg,0,3,KEGG_ENDOMETRIAL_CANCER,48,2.5346043915512513,1.0
BRCA,kegg,0,3,KEGG_EPITHELIAL_CELL_SIGNALING_IN_HELICOBACTER_PYLORI_INFECTION,61,1.889366304409039,1.0
BRCA,kegg,0,3,KEGG_ERBB_SIGNALING_PATHWAY,75,3.138855551396965,1.0
BRCA,kegg,0,3,KEGG_ETHER_LIPID_METABOLISM,24,1.4714896321857827,1.0
BRCA,kegg,0,3,KEGG_FATTY_ACID_METABOLISM,34,2.75900376388611,1.0
BRCA,kegg,0,3,KEGG_FC_EPSILON_RI_SIGNALING_PATHWAY,64,1.523744878986063,1.0
BRCA,kegg,0,3,KEGG_FC_GAMMA_R_MEDIATED_PHAGOCYTOSIS,87,3.0892778623732684,1.0
BRCA,kegg,0,3,KEGG_FOCAL_ADHESION,176,11.924989715802697,1.0
BRCA,kegg,0,3,KEGG_FRUCTOSE_AND_MANNOSE_METABOLISM,28,-0.46009810524775613,1.0
BRCA,kegg,0,3,KEGG_GALACTOSE_METABOLISM,21,1.051026466119623,1.0
BRCA,kegg,0,3,KEGG_GAP_JUNCTION,69,2.6211378645614216,1.0
BRCA,kegg,0,3,KEGG_GLIOMA,59,2.6020540803372447,1.0
BRCA,kegg,0,3,KEGG_GLUTATHIONE_METABOLISM,41,2.6035306484862986,1.0
BRCA,kegg,0,3,KEGG_GLYCEROLIPID_METABOLISM,39,1.6701504580134203,1.0
BRCA,kegg,0,3,KEGG_GLYCEROPHOSPHOLIPID_METABOLISM,61,0.963057075851148,1.0
BRCA,kegg,0,3,KEGG_GLYCINE_SERINE_AND_THREONINE_METABOLISM,22,1.213671056970573,1.0
BRCA,kegg,0,3,KEGG_GLYCOLYSIS_GLUCONEOGENESIS,43,1.4505766611504765,1.0
BRCA,kegg,0,3,KEGG_GLYCOSAMINOGLYCAN_BIOSYNTHESIS_CHONDROITIN_SULFATE,21,-0.44770121992228445,1.0
BRCA,kegg,0,3,KEGG_GLYCOSAMINOGLYCAN_BIOSYNTHESIS_HEPARAN_SULFATE,18,-0.07609070650072085,1.0
BRCA,kegg,0,3,KEGG_GLYCOSAMINOGLYCAN_BIOSYNTHESIS_KERATAN_SULFATE,13,-0.11903919404313731,1.0
BRCA,kegg,0,3,KEGG_GLYCOSAMINOGLYCAN_DEGRADATION,18,-0.01793089196731562,1.0
BRCA,kegg,0,3,KEGG_GLYCOSPHINGOLIPID_BIOSYNTHESIS_GANGLIO_SERIES,14,-0.4459785914828033,1.0
BRCA,kegg,0,3,KEGG_GLYCOSPHINGOLIPID_BIOSYNTHESIS_GLOBO_SERIES,12,1.0335906815283487,1.0
BRCA,kegg,0,3,KEGG_GLYCOSPHINGOLIPID_BIOSYNTHESIS_LACTO_AND_NEOLACTO_SERIES,20,-0.028004334604612702,1.0
BRCA,kegg,0,3,KEGG_GLYCOSYLPHOSPHATIDYLINOSITOL_GPI_ANCHOR_BIOSYNTHESIS,23,-1.5657602950689005,1.0
BRCA,kegg,0,3,KEGG_GLYOXYLATE_AND_DICARBOXYLATE_METABOLISM,13,-0.252063222920233,1.0
BRCA,kegg,0,3,KEGG_GNRH_SIGNALING_PATHWAY,80,1.3172556264730386,1.0
BRCA,kegg,0,3,KEGG_GRAFT_VERSUS_HOST_DISEASE,37,2.28245311293856,1.0
BRCA,kegg,0,3,KEGG_HEDGEHOG_SIGNALING_PATHWAY,35,-0.2211530017328092,1.0
BRCA,kegg,0,3,KEGG_HEMATOPOIETIC_CELL_LINEAGE,68,6.009828213591825,1.0
BRCA,kegg,0,3,KEGG_HISTIDINE_METABOLISM,19,1.9268220441343311,1.0
BRCA,kegg,0,3,KEGG_HOMOLOGOUS_RECOMBINATION,24,-0.92335625682409,1.0
BRCA,kegg,0,3,KEGG_HUNTINGTONS_DISEASE,143,-2.948245770642375,1.0
BRCA,kegg,0,3,KEGG_HYPERTROPHIC_CARDIOMYOPATHY_HCM,61,4.095786295612674,1.0
BRCA,kegg,0,3,KEGG_INOSITOL_PHOSPHATE_METABOLISM,50,-0.21539649086199375,1.0
BRCA,kegg,0,3,KEGG_INSULIN_SIGNALING_PATHWAY,115,3.0901674102075827,1.0
BRCA,kegg,0,3,KEGG_INTESTINAL_IMMUNE_NETWORK_FOR_IGA_PRODUCTION,40,4.151182265256775,1.0
BRCA,kegg,0,3,KEGG_JAK_STAT_SIGNALING_PATHWAY,109,5.4389072210355724,1.0
BRCA,kegg,0,3,KEGG_LEISHMANIA_INFECTION,66,7.387971887797228,1.0
BRCA,kegg,0,3,KEGG_LEUKOCYTE_TRANSENDOTHELIAL_MIGRATION,93,7.470481241068682,1.0
BRCA,kegg,0,3,KEGG_LINOLEIC_ACID_METABOLISM,10,-0.3825747743906897,1.0
BRCA,kegg,0,3,KEGG_LONG_TERM_DEPRESSION,49,0.4568285997231498,1.0
BRCA,kegg,0,3,KEGG_LONG_TERM_POTENTIATION,51,0.660480506094175,1.0
BRCA,kegg,0,3,KEGG_LYSINE_DEGRADATION,39,0.39284607749062683,1.0
BRCA,kegg,0,3,KEGG_LYSOSOME,113,2.2569149804365902,1.0
BRCA,kegg,0,3,KEGG_MAPK_SIGNALING_PATHWAY,214,4.971303552844559,1.0
BRCA,kegg,0,3,KEGG_MELANOGENESIS,78,1.0052857741797354,1.0
BRCA,kegg,0,3,KEGG_MELANOMA,56,2.4538996898484666,1.0
BRCA,kegg,0,3,KEGG_METABOLISM_OF_XENOBIOTICS_BY_CYTOCHROME_P450,28,2.292884878878621,1.0
BRCA,kegg,0,3,KEGG_MISMATCH_REPAIR,22,0.09363353713237808,1.0
BRCA,kegg,0,3,KEGG_MTOR_SIGNALING_PATHWAY,41,1.5439542239737156,1.0
BRCA,kegg,0,3,KEGG_NATURAL_KILLER_CELL_MEDIATED_CYTOTOXICITY,106,1.1788041262785203,1.0
BRCA,kegg,0,3,KEGG_NEUROACTIVE_LIGAND_RECEPTOR_INTERACTION,104,1.30776091160836,1.0
BRCA,kegg,0,3,KEGG_NEUROTROPHIN_SIGNALING_PATHWAY,111,3.5610545520667074,1.0
BRCA,kegg,0,3,KEGG_NICOTINATE_AND_NICOTINAMIDE_METABOLISM,21,1.3118133850749976,1.0
BRCA,kegg,0,3,KEGG_NITROGEN_METABOLISM,15,3.459032267024781,1.0
BRCA,kegg,0,3,KEGG_NOD_LIKE_RECEPTOR_SIGNALING_PATHWAY,57,2.363203663994946,1.0
BRCA,kegg,0,3,KEGG_NON_HOMOLOGOUS_END_JOINING,11,0.6223733779747714,1.0
BRCA,kegg,0,3,KEGG_NON_SMALL_CELL_LUNG_CANCER,51,1.201651288131151,1.0
BRCA,kegg,0,3,KEGG_NOTCH_SIGNALING_PATHWAY,44,0.2027315118161217,1.0
BRCA,kegg,0,3,KEGG_NUCLEOTIDE_EXCISION_REPAIR,43,-0.009341497030223802,1.0
BRCA,kegg,0,3,KEGG_N_GLYCAN_BIOSYNTHESIS,45,-1.1464604706599073,1.0
BRCA,kegg,0,3,KEGG_OLFACTORY_TRANSDUCTION,18,-0.8747464575364664,1.0
BRCA,kegg,0,3,KEGG_ONE_CARBON_POOL_BY_FOLATE,15,0.07849986291984444,1.0
BRCA,kegg,0,3,KEGG_OOCYTE_MEIOSIS,93,2.2614424716538397,1.0
BRCA,kegg,0,3,KEGG_OTHER_GLYCAN_DEGRADATION,13,-0.8613773756896367,1.0
BRCA,kegg,0,3,KEGG_OXIDATIVE_PHOSPHORYLATION,91,-3.9647917578950618,1.0
BRCA,kegg,0,3,KEGG_O_GLYCAN_BIOSYNTHESIS,21,0.7223669648164011,1.0
BRCA,kegg,0,3,KEGG_P53_SIGNALING_PATHWAY,63,4.630905468697576,1.0
BRCA,kegg,0,3,KEGG_PANCREATIC_CANCER,68,2.9348201880069866,1.0
BRCA,kegg,0,3,KEGG_PANTOTHENATE_AND_COA_BIOSYNTHESIS,13,0.1788444902972966,1.0
BRCA,kegg,0,3,KEGG_PARKINSONS_DISEASE,89,-3.7746508994916703,1.0
BRCA,kegg,0,3,KEGG_PATHOGENIC_ESCHERICHIA_COLI_INFECTION,49,4.650724726915673,1.0
BRCA,kegg,0,3,KEGG_PATHWAYS_IN_CANCER,279,7.898400662970734,1.0
BRCA,kegg,0,3,KEGG_PENTOSE_PHOSPHATE_PATHWAY,22,0.5139081839776152,1.0
BRCA,kegg,0,3,KEGG_PEROXISOME,71,0.5884474021455093,1.0
BRCA,kegg,0,3,KEGG_PHENYLALANINE_METABOLISM,13,1.7107969267567014,1.0
BRCA,kegg,0,3,KEGG_PHOSPHATIDYLINOSITOL_SIGNALING_SYSTEM,68,0.22997081478775316,1.0
BRCA,kegg,0,3,KEGG_PORPHYRIN_AND_CHLOROPHYLL_METABOLISM,20,0.39097429894526187,1.0
BRCA,kegg,0,3,KEGG_PPAR_SIGNALING_PATHWAY,52,4.361926654260093,1.0
BRCA,kegg,0,3,KEGG_PRIMARY_BILE_ACID_BIOSYNTHESIS,11,0.8382400550761397,1.0
BRCA,kegg,0,3,KEGG_PRIMARY_IMMUNODEFICIENCY,30,-1.7201332506056608,1.0
BRCA,kegg,0,3,KEGG_PRION_DISEASES,29,3.549798261656576,1.0
BRCA,kegg,0,3,KEGG_PROGESTERONE_MEDIATED_OOCYTE_MATURATION,72,1.6034710212991834,1.0
BRCA,kegg,0,3,KEGG_PROPANOATE_METABOLISM,28,1.234098990133356,1.0
BRCA,kegg,0,3,KEGG_PROSTATE_CANCER,83,2.594752909064612,1.0
BRCA,kegg,0,3,KEGG_PROTEASOME,41,-1.769599117005728,1.0
BRCA,kegg,0,3,KEGG_PROTEIN_EXPORT,23,-1.1900544270555573,1.0
BRCA,kegg,0,3,KEGG_PROXIMAL_TUBULE_BICARBONATE_RECLAMATION,17,3.802446956540144,1.0
BRCA,kegg,0,3,KEGG_PURINE_METABOLISM,132,-1.8153484634573376,1.0
BRCA,kegg,0,3,KEGG_PYRIMIDINE_METABOLISM,90,-2.209212396401602,1.0
BRCA,kegg,0,3,KEGG_PYRUVATE_METABOLISM,33,0.3672837756691869,1.0
BRCA,kegg,0,3,KEGG_REGULATION_OF_ACTIN_CYTOSKELETON,170,8.20243640865246,1.0
BRCA,kegg,0,3,KEGG_REGULATION_OF_AUTOPHAGY,20,0.08584545633450287,1.0
BRCA,kegg,0,3,KEGG_RENAL_CELL_CARCINOMA,64,4.430465373777484,1.0
BRCA,kegg,0,3,KEGG_RENIN_ANGIOTENSIN_SYSTEM,10,1.4468336411318956,1.0
BRCA,kegg,0,3,KEGG_RETINOL_METABOLISM,17,1.9913293086134585,1.0
BRCA,kegg,0,3,KEGG_RIBOFLAVIN_METABOLISM,11,-1.2875686385675145,1.0
BRCA,kegg,0,3,KEGG_RIG_I_LIKE_RECEPTOR_SIGNALING_PATHWAY,50,0.4311003312290722,1.0
BRCA,kegg,0,3,KEGG_RNA_DEGRADATION,50,-0.49393680887282715,1.0
BRCA,kegg,0,3,KEGG_RNA_POLYMERASE,28,-1.6415719909430058,1.0
BRCA,kegg,0,3,KEGG_SELENOAMINO_ACID_METABOLISM,22,1.2633057396491632,1.0
BRCA,kegg,0,3,KEGG_SMALL_CELL_LUNG_CANCER,78,5.467512123651754,1.0
BRCA,kegg,0,3,KEGG_SNARE_INTERACTIONS_IN_VESICULAR_TRANSPORT,36,-0.8137107278906154,1.0
BRCA,kegg,0,3,KEGG_SPHINGOLIPID_METABOLISM,32,1.5461573695687518,1.0
BRCA,kegg,0,3,KEGG_SPLICEOSOME,126,0.036285199517345434,1.0
BRCA,kegg,0,3,KEGG_STARCH_AND_SUCROSE_METABOLISM,21,1.6722121959369227,1.0
BRCA,kegg,0,3,KEGG_STEROID_BIOSYNTHESIS,15,0.2780399550947474,1.0
BRCA,kegg,0,3,KEGG_STEROID_HORMONE_BIOSYNTHESIS,19,0.4559154165708851,1.0
BRCA,kegg,0,3,KEGG_SULFUR_METABOLISM,11,0.23423100205858768,1.0
BRCA,kegg,0,3,KEGG_SYSTEMIC_LUPUS_ERYTHEMATOSUS,44,6.496296359269028,1.0
BRCA,kegg,0,3,KEGG_TASTE_TRANSDUCTION,13,-0.2800299010511035,1.0
BRCA,kegg,0,3,KEGG_TERPENOID_BACKBONE_BIOSYNTHESIS,14,-1.5681833857185223,1.0
BRCA,kegg,0,3,KEGG_TGF_BETA_SIGNALING_PATHWAY,69,5.03272950133249,1.0
BRCA,kegg,0,3,KEGG_THYROID_CANCER,28,3.1339711210134453,1.0
BRCA,kegg,0,3,KEGG_TIGHT_JUNCTION,97,5.225798376250442,1.0
BRCA,kegg,0,3,KEGG_TOLL_LIKE_RECEPTOR_SIGNALING_PATHWAY,85,4.887992672621261,1.0
BRCA,kegg,0,3,KEGG_TRYPTOPHAN_METABOLISM,27,2.9086011448625593,1.0
BRCA,kegg,0,3,KEGG_TYPE_II_DIABETES_MELLITUS,34,2.732471730577042,1.0
BRCA,kegg,0,3,KEGG_TYPE_I_DIABETES_MELLITUS,36,1.4574489386198692,1.0
BRCA,kegg,0,3,KEGG_TYROSINE_METABOLISM,28,1.405848677286232,1.0
BRCA,kegg,0,3,KEGG_T_CELL_RECEPTOR_SIGNALING_PATHWAY,101,2.9598326825769896,1.0
BRCA,kegg,0,3,KEGG_UBIQUITIN_MEDIATED_PROTEOLYSIS,126,2.115041755124071,1.0
BRCA,kegg,0,3,KEGG_VALINE_LEUCINE_AND_ISOLEUCINE_DEGRADATION,43,0.9924442744691223,1.0
BRCA,kegg,0,3,KEGG_VASCULAR_SMOOTH_MUSCLE_CONTRACTION,88,2.5539519711661893,1.0
BRCA,kegg,0,3,KEGG_VASOPRESSIN_REGULATED_WATER_REABSORPTION,39,-1.7152544568699828,1.0
BRCA,kegg,0,3,KEGG_VEGF_SIGNALING_PATHWAY,63,1.2825965085414657,1.0
BRCA,kegg,0,3,KEGG_VIBRIO_CHOLERAE_INFECTION,47,-1.70856276817031,1.0
BRCA,kegg,0,3,KEGG_VIRAL_MYOCARDITIS,57,5.774436114253711,1.0
BRCA,kegg,0,3,KEGG_WNT_SIGNALING_PATHWAY,126,3.386513964490667,1.0
BRCA,kegg,0,4,KEGG_ABC_TRANSPORTERS,33,1.1268896989500978,1.0
BRCA,kegg,0,4,KEGG_ACUTE_MYELOID_LEUKEMIA,53,0.5034454061335604,1.0
BRCA,kegg,0,4,KEGG_ADHERENS_JUNCTION,65,-2.3734565431750867,1.0
BRCA,kegg,0,4,KEGG_ADIPOCYTOKINE_SIGNALING_PATHWAY,54,0.2140124238064289,1.0
BRCA,kegg,0,4,KEGG_ALANINE_ASPARTATE_AND_GLUTAMATE_METABOLISM,25,-0.4341799351046584,1.0
BRCA,kegg,0,4,KEGG_ALDOSTERONE_REGULATED_SODIUM_REABSORPTION,33,-0.7280011936370324,1.0
BRCA,kegg,0,4,KEGG_ALLOGRAFT_REJECTION,32,15.950659950318691,1.0
BRCA,kegg,0,4,KEGG_ALPHA_LINOLENIC_ACID_METABOLISM,10,1.075711398609264,1.0
BRCA,kegg,0,4,KEGG_ALZHEIMERS_DISEASE,128,-3.3572438509758915,1.0
BRCA,kegg,0,4,KEGG_AMINOACYL_TRNA_BIOSYNTHESIS,22,-0.3441945084309633,1.0
BRCA,kegg,0,4,KEGG_AMINO_SUGAR_AND_NUCLEOTIDE_SUGAR_METABOLISM,39,-0.9237186770259588,1.0
BRCA,kegg,0,4,KEGG_AMYOTROPHIC_LATERAL_SCLEROSIS_ALS,41,-0.20614916810877396,1.0
BRCA,kegg,0,4,KEGG_ANTIGEN_PROCESSING_AND_PRESENTATION,66,13.834852140689186,1.0
BRCA,kegg,0,4,KEGG_APOPTOSIS,82,0.9982272486507378,1.0
BRCA,kegg,0,4,KEGG_ARACHIDONIC_ACID_METABOLISM,33,-0.03245591757722269,1.0
BRCA,kegg,0,4,KEGG_ARGININE_AND_PROLINE_METABOLISM,43,-1.39120842214129,1.0
BRCA,kegg,0,4,KEGG_ARRHYTHMOGENIC_RIGHT_VENTRICULAR_CARDIOMYOPATHY_ARVC,58,-3.90389533372293,1.0
BRCA,kegg,0,4,KEGG_ASTHMA,18,14.827548612890707,1.0
BRCA,kegg,0,4,KEGG_AUTOIMMUNE_THYROID_DISEASE,33,15.637013961761772,1.0
BRCA,kegg,0,4,KEGG_AXON_GUIDANCE,111,-2.076552105468454,1.0
BRCA,kegg,0,4,KEGG_BASAL_CELL_CARCINOMA,38,-1.136040940528032,1.0
BRCA,kegg,0,4,KEGG_BASAL_TRANSCRIPTION_FACTORS,31,-0.30770238210443895,1.0
BRCA,kegg,0,4,KEGG_BASE_EXCISION_REPAIR,33,0.3904794594335542,1.0
BRCA,kegg,0,4,KEGG_BETA_ALANINE_METABOLISM,16,-1.4638900916172417,1.0
BRCA,kegg,0,4,KEGG_BIOSYNTHESIS_OF_UNSATURATED_FATTY_ACIDS,21,-1.7439140701300673,1.0
BRCA,kegg,0,4,KEGG_BLADDER_CANCER,40,-0.9520549816969793,1.0
BRCA,kegg,0,4,KEGG_BUTANOATE_METABOLISM,28,-1.5426755425704723,1.0
BRCA,kegg,0,4,KEGG_B_CELL_RECEPTOR_SIGNALING_PATHWAY,71,3.4583337327010746,1.0
BRCA,kegg,0,4,KEGG_CALCIUM_SIGNALING_PATHWAY,112,-0.48118737143611773,1.0
BRCA,kegg,0,4,KEGG_CARDIAC_MUSCLE_CONTRACTION,51,-3.2921111197530797,1.0
BRCA,kegg,0,4,KEGG_CELL_ADHESION_MOLECULES_CAMS,109,9.384596171234062,1.0
BRCA,kegg,0,4,KEGG_CELL_CYCLE,116,2.240912977572646,1.0
BRCA,kegg,0,4,KEGG_CHEMOKINE_SIGNALING_PATHWAY,155,7.803027260288585,1.0
BRCA,kegg,0,4,KEGG_CHRONIC_MYELOID_LEUKEMIA,70,-0.773057292429746,1.0
BRCA,kegg,0,4,KEGG_CIRCADIAN_RHYTHM_MAMMAL,12,-1.8309215635982028,1.0
BRCA,kegg,0,4,KEGG_CITRATE_CYCLE_TCA_CYCLE,27,-1.343676923542084,1.0
BRCA,kegg,0,4,KEGG_COLORECTAL_CANCER,59,-0.7309035321231728,1.0
BRCA,kegg,0,4,KEGG_COMPLEMENT_AND_COAGULATION_CASCADES,45,2.0511793717504294,1.0
BRCA,kegg,0,4,KEGG_CYSTEINE_AND_METHIONINE_METABOLISM,27,0.19732118366351536,1.0
BRCA,kegg,0,4,KEGG_CYTOKINE_CYTOKINE_RECEPTOR_INTERACTION,191,7.585992805887128,1.0
BRCA,kegg,0,4,KEGG_CYTOSOLIC_DNA_SENSING_PATHWAY,38,4.598798504525424,1.0
BRCA,kegg,0,4,KEGG_DILATED_CARDIOMYOPATHY,66,-3.2844584815757947,1.0
BRCA,kegg,0,4,KEGG_DNA_REPLICATION,35,2.2101871897758794,1.0
BRCA,kegg,0,4,KEGG_DORSO_VENTRAL_AXIS_FORMATION,19,0.17885993773416814,1.0
BRCA,kegg,0,4,KEGG_DRUG_METABOLISM_CYTOCHROME_P450,29,-1.5060212959754267,1.0
BRCA,kegg,0,4,KEGG_DRUG_METABOLISM_OTHER_ENZYMES,22,-0.2720343814864738,1.0
BRCA,kegg,0,4,KEGG_ECM_RECEPTOR_INTERACTION,69,-9.744867141451522,1.0
BRCA,kegg,0,4,KEGG_ENDOCYTOSIS,166,-0.10598495901683457,1.0
BRCA,kegg,0,4,KEGG_ENDOMETRIAL_CANCER,48,-1.2277956041401472,1.0
BRCA,kegg,0,4,KEGG_EPITHELIAL_CELL_SIGNALING_IN_HELICOBACTER_PYLORI_INFECTION,61,-0.3031438994946139,1.0
BRCA,kegg,0,4,KEGG_ERBB_SIGNALING_PATHWAY,75,-1.2659267953802789,1.0
BRCA,kegg,0,4,KEGG_ETHER_LIPID_METABOLISM,24,0.25550405535617915,1.0
BRCA,kegg,0,4,KEGG_FATTY_ACID_METABOLISM,34,-1.9085055920450005,1.0
BRCA,kegg,0,4,KEGG_FC_EPSILON_RI_SIGNALING_PATHWAY,64,2.584437659880282,1.0
BRCA,kegg,0,4,KEGG_FC_GAMMA_R_MEDIATED_PHAGOCYTOSIS,87,1.638625628797517,1.0
BRCA,kegg,0,4,KEGG_FOCAL_ADHESION,176,-7.878623726151707,1.0
BRCA,kegg,0,4,KEGG_FRUCTOSE_AND_MANNOSE_METABOLISM,28,-0.24536824997922707,1.0
BRCA,kegg,0,4,KEGG_GALACTOSE_METABOLISM,21,-0.7148828829923661,1.0
BRCA,kegg,0,4,KEGG_GAP_JUNCTION,69,-1.3549786531217738,1.0
BRCA,kegg,0,4,KEGG_GLIOMA,59,-0.617669485854901,1.0
BRCA,kegg,0,4,KEGG_GLUTATHIONE_METABOLISM,41,-1.2681252929606603,1.0
BRCA,kegg,0,4,KEGG_GLYCEROLIPID_METABOLISM,39,-0.9615497115314675,1.0
BRCA,kegg,0,4,KEGG_GLYCEROPHOSPHOLIPID_METABOLISM,61,-1.1281892494185912,1.0
BRCA,kegg,0,4,KEGG_GLYCINE_SERINE_AND_THREONINE_METABOLISM,22,-0.6934747781922461,1.0
BRCA,kegg,0,4,KEGG_GLYCOLYSIS_GLUCONEOGENESIS,43,-0.7114417455263493,1.0
BRCA,kegg,0,4,KEGG_GLYCOSAMINOGLYCAN_BIOSYNTHESIS_CHONDROITIN_SULFATE,21,-1.4419589602861105,1.0
BRCA,kegg,0,4,KEGG_GLYCOSAMINOGLYCAN_BIOSYNTHESIS_HEPARAN_SULFATE,18,-1.0085452051539383,1.0
BRCA,kegg,0,4,KEGG_GLYCOSAMINOGLYCAN_BIOSYNTHESIS_KERATAN_SULFATE,13,-0.48905210560167145,1.0
BRCA,kegg,0,4,KEGG_GLYCOSAMINOGLYCAN_DEGRADATION,18,-1.2529176053282038,1.0
BRCA,kegg,0,4,KEGG_GLYCOSPHINGOLIPID_BIOSYNTHESIS_GANGLIO_SERIES,14,0.3822907112886393,1.0
BRCA,kegg,0,4,KEGG_GLYCOSPHINGOLIPID_BIOSYNTHESIS_GLOBO_SERIES,12,0.06777487338489115,1.0
BRCA,kegg,0,4,KEGG_GLYCOSPHINGOLIPID_BIOSYNTHESIS_LACTO_AND_NEOLACTO_SERIES,20,-0.023717871992058846,1.0
BRCA,kegg,0,4,KEGG_GLYCOSYLPHOSPHATIDYLINOSITOL_GPI_ANCHOR_BIOSYNTHESIS,23,-1.3297458752021547,1.0
BRCA,kegg,0,4,KEGG_GLYOXYLATE_AND_DICARBOXYLATE_METABOLISM,13,-0.04055189878631211,1.0
BRCA,kegg,0,4,KEGG_GNRH_SIGNALING_PATHWAY,80,-0.7624016581011568,1.0
BRCA,kegg,0,4,KEGG_GRAFT_VERSUS_HOST_DISEASE,37,14.762448704885001,1.0
BRCA,kegg,0,4,KEGG_HEDGEHOG_SIGNALING_PATHWAY,35,-0.7676740807843581,1.0
BRCA,kegg,0,4,KEGG_HEMATOPOIETIC_CELL_LINEAGE,68,8.116716097001019,1.0
BRCA,kegg,0,4,KEGG_HISTIDINE_METABOLISM,19,-1.2012046565254102,1.0
BRCA,kegg,0,4,KEGG_HOMOLOGOUS_RECOMBINATION,24,0.9017464916553448,1.0
BRCA,kegg,0,4,KEGG_HUNTINGTONS_DISEASE,143,-3.9210560942469,1.0
BRCA,kegg,0,4,KEGG_HYPERTROPHIC_CARDIOMYOPATHY_HCM,61,-3.2841215277931726,1.0
BRCA,kegg,0,4,KEGG_INOSITOL_PHOSPHATE_METABOLISM,50,-0.4369580687781039,1.0
BRCA,kegg,0,4,KEGG_INSULIN_SIGNALING_PATHWAY,115,-1.734283358393808,1.0
BRCA,kegg,0,4,KEGG_INTESTINAL_IMMUNE_NETWORK_FOR_IGA_PRODUCTION,40,11.228278336625241,1.0
BRCA,kegg,0,4,KEGG_JAK_STAT_SIGNALING_PATHWAY,109,2.2921998263234418,1.0
BRCA,kegg,0,4,KEGG_LEISHMANIA_INFECTION,66,9.437683026019394,1.0
BRCA,kegg,0,4,KEGG_LEUKOCYTE_TRANSENDOTHELIAL_MIGRATION,93,0.7679345776622442,1.0
BRCA,kegg,0,4,KEGG_LINOLEIC_ACID_METABOLISM,10,1.235875425848722,1.0
BRCA,kegg,0,4,KEGG_LONG_TERM_DEPRESSION,49,-0.018773941405603605,1.0
BRCA,kegg,0,4,KEGG_LONG_TERM_POTENTIATION,51,0.027529246261538833,1.0
BRCA,kegg,0,4,KEGG_LYSINE_DEGRADATION,39,-1.3384747840923163,1.0
BRCA,kegg,0,4,KEGG_LYSOSOME,113,-0.8936362936424542,1.0
BRCA,kegg,0,4,KEGG_MAPK_SIGNALING_PATHWAY,214,-1.1850216931240354,1.0
BRCA,kegg,0,4,KEGG_MELANOGENESIS,78,-1.2038520648362827,1.0
BRCA,kegg,0,4,KEGG_MELANOMA,56,-1.6831061193477512,1.0
BRCA,kegg,0,4,KEGG_METABOLISM_OF_XENOBIOTICS_BY_CYTOCHROME_P450,28,-1.5032685274751747,1.0
BRCA,kegg,0,4,KEGG_MISMATCH_REPAIR,22,1.119209373858738,1.0
BRCA,kegg,0,4,KEGG_MTOR_SIGNALING_PATHWAY,41,-0.740829668544717,1.0
BRCA,kegg,0,4,KEGG_NATURAL_KILLER_CELL_MEDIATED_CYTOTOXICITY,106,6.864854832447073,1.0
BRCA,kegg,0,4,KEGG_NEUROACTIVE_LIGAND_RECEPTOR_INTERACTION,104,1.904777687150839,1.0
BRCA,kegg,0,4,KEGG_NEUROTROPHIN_SIGNALING_PATHWAY,111,-0.49685997203486976,1.0
BRCA,kegg,0,4,KEGG_NICOTINATE_AND_NICOTINAMIDE_METABOLISM,21,0.16958786311571475,1.0
BRCA,kegg,0,4,KEGG_NITROGEN_METABOLISM,15,-1.6770249265094457,1.0
BRCA,kegg,0,4,KEGG_NOD_LIKE_RECEPTOR_SIGNALING_PATHWAY,57,3.0295289141564004,1.0
BRCA,kegg,0,4,KEGG_NON_HOMOLOGOUS_END_JOINING,11,0.5238611955954237,1.0
BRCA,kegg,0,4,KEGG_NON_SMALL_CELL_LUNG_CANCER,51,0.45518938530854375,1.0
BRCA,kegg,0,4,KEGG_NOTCH_SIGNALING_PATHWAY,44,-1.4814431734293652,1.0
BRCA,kegg,0,4,KEGG_NUCLEOTIDE_EXCISION_REPAIR,43,0.15809870732602072,1.0
BRCA,kegg,0,4,KEGG_N_GLYCAN_BIOSYNTHESIS,45,-1.6164974589698784,1.0
BRCA,kegg,0,4,KEGG_OLFACTORY_TRANSDUCTION,18,0.7095610072965794,1.0
BRCA,kegg,0,4,KEGG_ONE_CARBON_POOL_BY_FOLATE,15,0.7386577123712806,1.0
BRCA,kegg,0,4,KEGG_OOCYTE_MEIOSIS,93,0.12222440829906622,1.0
BRCA,kegg,0,4,KEGG_OTHER_GLYCAN_DEGRADATION,13,-0.6626349437136649,1.0
BRCA,kegg,0,4,KEGG_OXIDATIVE_PHOSPHORYLATION,91,-4.056050892954513,1.0
BRCA,kegg,0,4,KEGG_O_GLYCAN_BIOSYNTHESIS,21,-0.9130587506110915,1.0
BRCA,kegg,0,4,KEGG_P53_SIGNALING_PATHWAY,63,-0.46181979739359086,1.0
BRCA,kegg,0,4,KEGG_PANCREATIC_CANCER,68,0.09003058578397813,1.0
BRCA,kegg,0,4,KEGG_PANTOTHENATE_AND_COA_BIOSYNTHESIS,13,-0.21045206931877056,1.0
BRCA,kegg,0,4,KEGG_PARKINSONS_DISEASE,89,-3.154828698477334,1.0
BRCA,kegg,0,4,KEGG_PATHOGENIC_ESCHERICHIA_COLI_INFECTION,49,-0.46016520702234986,1.0
BRCA,kegg,0,4,KEGG_PATHWAYS_IN_CANCER,279,-1.9534477977456661,1.0
BRCA,kegg,0,4,KEGG_PENTOSE_PHOSPHATE_PATHWAY,22,-0.2783750959994664,1.0
BRCA,kegg,0,4,KEGG_PEROXISOME,71,-2.691158575400078,1.0
BRCA,kegg,0,4,KEGG_PHENYLALANINE_METABOLISM,13,-0.954568187300645,1.0
BRCA,kegg,0,4,KEGG_PHOSPHATIDYLINOSITOL_SIGNALING_SYSTEM,68,0.21499484349682899,1.0
BRCA,kegg,0,4,KEGG_PORPHYRIN_AND_CHLOROPHYLL_METABOLISM,20,-1.213815187738107,1.0
BRCA,kegg,0,4,KEGG_PPAR_SIGNALING_PATHWAY,52,-0.7899303130905011,1.0
BRCA,kegg,0,4,KEGG_PRIMARY_BILE_ACID_BIOSYNTHESIS,11,-0.4977164525649062,1.0
BRCA,kegg,0,4,KEGG_PRIMARY_IMMUNODEFICIENCY,30,10.047642203348364,1.0
BRCA,kegg,0,4,KEGG_PRION_DISEASES,29,3.464726933102109,1.0
BRCA,kegg,0,4,KEGG_PROGESTERONE_MEDIATED_OOCYTE_MATURATION,72,0.6335614325917519,1.0
BRCA,kegg,0,4,KEGG_PROPANOATE_METABOLISM,28,-1.6377789317521063,1.0
BRCA,kegg,0,4,KEGG_PROSTATE_CANCER,83,-1.8375090624448969,1.0
BRCA,kegg,0,4,KEGG_PROTEASOME,41,1.7586705754297678,1.0
BRCA,kegg,0,4,KEGG_PROTEIN_EXPORT,23,-1.851794730924541,1.0
BRCA,kegg,0,4,KEGG_PROXIMAL_TUBULE_BICARBONATE_RECLAMATION,17,-1.3453093306911763,1.0
BRCA,kegg,0,4,KEGG_PURINE_METABOLISM,132,-0.5179489693883885,1.0
BRCA,kegg,0,4,KEGG_PYRIMIDINE_METABOLISM,90,0.34507551876967596,1.0
BRCA,kegg,0,4,KEGG_PYRUVATE_METABOLISM,33,-0.776134825132517,1.0
BRCA,kegg,0,4,KEGG_REGULATION_OF_ACTIN_CYTOSKELETON,170,-2.1618186033758238,1.0
BRCA,kegg,0,4,KEGG_REGULATION_OF_AUTOPHAGY,20,-0.47507509971920014,1.0
BRCA,kegg,0,4,KEGG_RENAL_CELL_CARCINOMA,64,-1.2796145461780937,1.0
BRCA,kegg,0,4,KEGG_RENIN_ANGIOTENSIN_SYSTEM,10,-0.9466779552321616,1.0
BRCA,kegg,0,4,KEGG_RETINOL_METABOLISM,17,-0.5334007530332099,1.0
BRCA,kegg,0,4,KEGG_RIBOFLAVIN_METABOLISM,11,0.07849003867631497,1.0
BRCA,kegg,0,4,KEGG_RIG_I_LIKE_RECEPTOR_SIGNALING_PATHWAY,50,3.0313014311661917,1.0
BRCA,kegg,0,4,KEGG_RNA_DEGRADATION,50,0.3324871789471317,1.0
BRCA,kegg,0,4,KEGG_RNA_POLYMERASE,28,-0.5229084823958691,1.0
BRCA,kegg,0,4,KEGG_SELENOAMINO_ACID_METABOLISM,22,-1.2474032492054585,1.0
BRCA,kegg,0,4,KEGG_SMALL_CELL_LUNG_CANCER,78,-1.2888674035969299,1.0
BRCA,kegg,0,4,KEGG_SNARE_INTERACTIONS_IN_VESICULAR_TRANSPORT,36,-0.7407727052198945,1.0
BRCA,kegg,0,4,KEGG_SPHINGOLIPID_METABOLISM,32,-1.589838112934897,1.0
BRCA,kegg,0,4,KEGG_SPLICEOSOME,126,-1.15527074347582,1.0
BRCA,kegg,0,4,KEGG_STARCH_AND_SUCROSE_METABOLISM,21,-1.9609188280723766,1.0
BRCA,kegg,0,4,KEGG_STEROID_BIOSYNTHESIS,15,-1.2862571579535746,1.0
BRCA,kegg,0,4,KEGG_STEROID_HORMONE_BIOSYNTHESIS,19,0.06362444155329368,1.0
BRCA,kegg,0,4,KEGG_SULFUR_METABOLISM,11,-0.2168291214031208,1.0
BRCA,kegg,0,4,KEGG_SYSTEMIC_LUPUS_ERYTHEMATOSUS,44,13.320399623665987,1.0
BRCA,kegg,0,4,KEGG_TASTE_TRANSDUCTION,13,-0.7771298964929064,1.0
BRCA,kegg,0,4,KEGG_TERPENOID_BACKBONE_BIOSYNTHESIS,14,-0.965597428698741,1.0
BRCA,kegg,0,4,KEGG_TGF_BETA_SIGNALING_PATHWAY,69,-3.4224249202961086,1.0
BRCA,kegg,0,4,KEGG_THYROID_CANCER,28,-1.3142220457041487,1.0
BRCA,kegg,0,4,KEGG_TIGHT_JUNCTION,97,-3.2204473434489076,1.0
BRCA,kegg,0,4,KEGG_TOLL_LIKE_RECEPTOR_SIGNALING_PATHWAY,85,5.470893923939377,1.0
BRCA,kegg,0,4,KEGG_TRYPTOPHAN_METABOLISM,27,-0.11416063480864472,1.0
BRCA,kegg,0,4,KEGG_TYPE_II_DIABETES_MELLITUS,34,-0.27081171510911123,1.0
BRCA,kegg,0,4,KEGG_TYPE_I_DIABETES_MELLITUS,36,14.256670748644856,1.0
BRCA,kegg,0,4,KEGG_TYROSINE_METABOLISM,28,-0.8807675444913945,1.0
BRCA,kegg,0,4,KEGG_T_CELL_RECEPTOR_SIGNALING_PATHWAY,101,4.1037379779165555,1.0
BRCA,kegg,0,4,KEGG_UBIQUITIN_MEDIATED_PROTEOLYSIS,126,-0.4577316563002569,1.0
BRCA,kegg,0,4,KEGG_VALINE_LEUCINE_AND_ISOLEUCINE_DEGRADATION,43,-2.367444437910883,1.0
BRCA,kegg,0,4,KEGG_VASCULAR_SMOOTH_MUSCLE_CONTRACTION,88,-1.7678850007912503,1.0
BRCA,kegg,0,4,KEGG_VASOPRESSIN_REGULATED_WATER_REABSORPTION,39,-3.0077274721512475,1.0
BRCA,kegg,0,4,KEGG_VEGF_SIGNALING_PATHWAY,63,0.11172678820181572,1.0
BRCA,kegg,0,4,KEGG_VIBRIO_CHOLERAE_INFECTION,47,-2.9458322304056392,1.0
BRCA,kegg,0,4,KEGG_VIRAL_MYOCARDITIS,57,10.79383695319558,1.0
BRCA,kegg,0,4,KEGG_WNT_SIGNALING_PATHWAY,126,-1.937035108239305,1.0
BRCA,kegg,0,5,KEGG_ABC_TRANSPORTERS,33,0.7396531188996316,1.0
BRCA,kegg,0,5,KEGG_ACUTE_MYELOID_LEUKEMIA,53,-0.39216906381965644,1.0
BRCA,kegg,0,5,KEGG_ADHERENS_JUNCTION,65,2.3638231261098697,1.0
BRCA,kegg,0,5,KEGG_ADIPOCYTOKINE_SIGNALING_PATHWAY,54,-0.12489534733079043,1.0
BRCA,kegg,0,5,KEGG_ALANINE_ASPARTATE_AND_GLUTAMATE_METABOLISM,25,-0.04033306850163512,1.0
BRCA,kegg,0,5,KEGG_ALDOSTERONE_REGULATED_SODIUM_REABSORPTION,33,0.8856163059837867,1.0
BRCA,kegg,0,5,KEGG_ALLOGRAFT_REJECTION,32,-1.7588656539499514,1.0
BRCA,kegg,0,5,KEGG_ALPHA_LINOLENIC_ACID_METABOLISM,10,-0.34849549432647936,1.0
BRCA,kegg,0,5,KEGG_ALZHEIMERS_DISEASE,128,3.210525266349895,1.0
BRCA,kegg,0,5,KEGG_AMINOACYL_TRNA_BIOSYNTHESIS,22,-1.0368411786814256,1.0
BRCA,kegg,0,5,KEGG_AMINO_SUGAR_AND_NUCLEOTIDE_SUGAR_METABOLISM,39,1.4012669224756065,1.0
BRCA,kegg,0,5,KEGG_AMYOTROPHIC_LATERAL_SCLEROSIS_ALS,41,0.01489141143318306,1.0
BRCA,kegg,0,5,KEGG_ANTIGEN_PROCESSING_AND_PRESENTATION,66,1.1578533083214537,1.0
BRCA,kegg,0,5,KEGG_APOPTOSIS,82,0.48159688934020356,1.0
BRCA,kegg,0,5,KEGG_ARACHIDONIC_ACID_METABOLISM,33,-1.770056392858797,1.0
BRCA,kegg,0,5,KEGG_ARGININE_AND_PROLINE_METABOLISM,43,0.14670644045990094,1.0
BRCA,kegg,0,5,KEGG_ARRHYTHMOGENIC_RIGHT_VENTRICULAR_CARDIOMYOPATHY_ARVC,58,5.0350302687143325,1.0
BRCA,kegg,0,5,KEGG_ASTHMA,18,-0.9284796713368743,1.0
BRCA,kegg,0,5,KEGG_AUTOIMMUNE_THYROID_DISEASE,33,-1.7553780374757786,1.0
BRCA,kegg,0,5,KEGG_AXON_GUIDANCE,111,1.519012661337133,1.0
BRCA,kegg,0,5,KEGG_BASAL_CELL_CARCINOMA,38,-0.653443220330328,1.0
BRCA,kegg,0,5,KEGG_BASAL_TRANSCRIPTION_FACTORS,31,-0.26545320653584836,1.0
BRCA,kegg,0,5,KEGG_BASE_EXCISION_REPAIR,33,0.2869799872722485,1.0
BRCA,kegg,0,5,KEGG_BETA_ALANINE_METABOLISM,16,-0.36607808524769,1.0
BRCA,kegg,0,5,KEGG_BIOSYNTHESIS_OF_UNSATURATED_FATTY_ACIDS,21,3.8571396774872846,1.0
BRCA,kegg,0,5,KEGG_BLADDER_CANCER,40,5.17927774309264,1.0
BRCA,kegg,0,5,KEGG_BUTANOATE_METABOLISM,28,0.29038917644271733,1.0
BRCA,kegg,0,5,KEGG_B_CELL_RECEPTOR_SIGNALING_PATHWAY,71,0.02381804557492198,1.0
BRCA,kegg,0,5,KEGG_CALCIUM_SIGNALING_PATHWAY,112,1.4747045800672571,1.0
BRCA,kegg,0,5,KEGG_CARDIAC_MUSCLE_CONTRACTION,51,2.6784051565031377,1.0
BRCA,kegg,0,5,KEGG_CELL_ADHESION_MOLECULES_CAMS,109,0.4346508463048438,1.0
BRCA,kegg,0,5,KEGG_CELL_CYCLE,116,0.9345239195264233,1.0
BRCA,kegg,0,5,KEGG_CHEMOKINE_SIGNALING_PATHWAY,155,-2.177011622756685,1.0
BRCA,kegg,0,5,KEGG_CHRONIC_MYELOID_LEUKEMIA,70,0.7975023441699404,1.0
BRCA,kegg,0,5,KEGG_CIRCADIAN_RHYTHM_MAMMAL,12,0.2699190846798951,1.0
BRCA,kegg,0,5,KEGG_CITRATE_CYCLE_TCA_CYCLE,27,0.7117392207397871,1.0
BRCA,kegg,0,5,KEGG_COLORECTAL_CANCER,59,0.4145995096549545,1.0
BRCA,kegg,0,5,KEGG_COMPLEMENT_AND_COAGULATION_CASCADES,45,2.70216248226791,1.0
BRCA,kegg,0,5,KEGG_CYSTEINE_AND_METHIONINE_METABOLISM,27,-0.6670640790680471,1.0
BRCA,kegg,0,5,KEGG_CYTOKINE_CYTOKINE_RECEPTOR_INTERACTION,191,-2.7736702510099978,1.0
BRCA,kegg,0,5,KEGG_CYTOSOLIC_DNA_SENSING_PATHWAY,38,-2.125765502821284,1.0
BRCA,kegg,0,5,KEGG_DILATED_CARDIOMYOPATHY,66,4.41115694763243,1.0
BRCA,kegg,0,5,KEGG_DNA_REPLICATION,35,0.3341650423987338,1.0
BRCA,kegg,0,5,KEGG_DORSO_VENTRAL_AXIS_FORMATION,19,-0.08627127737380715,1.0
BRCA,kegg,0,5,KEGG_DRUG_METABOLISM_CYTOCHROME_P450,29,-0.46260153559294875,1.0
BRCA,kegg,0,5,KEGG_DRUG_METABOLISM_OTHER_ENZYMES,22,0.06651027110889371,1.0
BRCA,kegg,0,5,KEGG_ECM_RECEPTOR_INTERACTION,69,20.33532974608829,1.0
BRCA,kegg,0,5,KEGG_ENDOCYTOSIS,166,1.7180724526277442,1.0
BRCA,kegg,0,5,KEGG_ENDOMETRIAL_CANCER,48,1.8119072076548814,1.0
BRCA,kegg,0,5,KEGG_EPITHELIAL_CELL_SIGNALING_IN_HELICOBACTER_PYLORI_INFECTION,61,0.24017892817836797,1.0
BRCA,kegg,0,5,KEGG_ERBB_SIGNALING_PATHWAY,75,0.34269798864838336,1.0
BRCA,kegg,0,5,KEGG_ETHER_LIPID_METABOLISM,24,-1.7018708389989026,1.0
BRCA,kegg,0,5,KEGG_FATTY_ACID_METABOLISM,34,-0.4862556106648595,1.0
BRCA,kegg,0,5,KEGG_FC_EPSILON_RI_SIGNALING_PATHWAY,64,0.17255572390165783,1.0
BRCA,kegg,0,5,KEGG_FC_GAMMA_R_MEDIATED_PHAGOCYTOSIS,87,1.2441965331841085,1.0
BRCA,kegg,0,5,KEGG_FOCAL_ADHESION,176,15.289997121099649,1.0
BRCA,kegg,0,5,KEGG_FRUCTOSE_AND_MANNOSE_METABOLISM,28,1.8020397465304359,1.0
BRCA,kegg,0,5,KEGG_GALACTOSE_METABOLISM,21,0.8247793420107589,1.0
BRCA,kegg,0,5,KEGG_GAP_JUNCTION,69,2.9026062008897893,1.0
BRCA,kegg,0,5,KEGG_GLIOMA,59,2.229322990057276,1.0
BRCA,kegg,0,5,KEGG_GLUTATHIONE_METABOLISM,41,0.49926439299987285,1.0
BRCA,kegg,0,5,KEGG_GLYCEROLIPID_METABOLISM,39,-0.42711248037854116,1.0
BRCA,kegg,0,5,KEGG_GLYCEROPHOSPHOLIPID_METABOLISM,61,-0.5971503011487302,1.0
BRCA,kegg,0,5,KEGG_GLYCINE_SERINE_AND_THREONINE_METABOLISM,22,-1.3299519743395887,1.0
BRCA,kegg,0,5,KEGG_GLYCOLYSIS_GLUCONEOGENESIS,43,4.014234474739758,1.0
BRCA,kegg,0,5,KEGG_GLYCOSAMINOGLYCAN_BIOSYNTHESIS_CHONDROITIN_SULFATE,21,2.2024665580301073,1.0
BRCA,kegg,0,5,KEGG_GLYCOSAMINOGLYCAN_BIOSYNTHESIS_HEPARAN_SULFATE,18,0.8047717725570579,1.0
BRCA,kegg,0,5,KEGG_GLYCOSAMINOGLYCAN_BIOSYNTHESIS_KERATAN_SULFATE,13,1.2171909783959698,1.0
BRCA,kegg,0,5,KEGG_GLYCOSAMINOGLYCAN_DEGRADATION,18,0.4504198006676102,1.0
BRCA,kegg,0,5,KEGG_GLYCOSPHINGOLIPID_BIOSYNTHESIS_GANGLIO_SERIES,14,0.6807750480531124,1.0
BRCA,kegg,0,5,KEGG_GLYCOSPHINGOLIPID_BIOSYNTHESIS_GLOBO_SERIES,12,0.6492029284309786,1.0
BRCA,kegg,0,5,KEGG_GLYCOSPHINGOLIPID_BIOSYNTHESIS_LACTO_AND_NEOLACTO_SERIES,20,0.09152655997302968,1.0
BRCA,kegg,0,5,KEGG_GLYCOSYLPHOSPHATIDYLINOSITOL_GPI_ANCHOR_BIOSYNTHESIS,23,0.8598771820140396,1.0
BRCA,kegg,0,5,KEGG_GLYOXYLATE_AND_DICARBOXYLATE_METABOLISM,13,-0.1712505986343296,1.0
BRCA,kegg,0,5,KEGG_GNRH_SIGNALING_PATHWAY,80,1.9330325278573788,1.0
BRCA,kegg,0,5,KEGG_GRAFT_VERSUS_HOST_DISEASE,37,-1.6065400321140795,1.0
BRCA,kegg,0,5,KEGG_HEDGEHOG_SIGNALING_PATHWAY,35,0.3457801798219515,1.0
BRCA,kegg,0,5,KEGG_HEMATOPOIETIC_CELL_LINEAGE,68,-1.253766480587759,1.0
BRCA,kegg,0,5,KEGG_HISTIDINE_METABOLISM,19,0.6661997782801455,1.0
BRCA,kegg,0,5,KEGG_HOMOLOGOUS_RECOMBINATION,24,-0.5927937683463983,1.0
BRCA,kegg,0,5,KEGG_HUNTINGTONS_DISEASE,143,2.7145482085214305,1.0
BRCA,kegg,0,5,KEGG_HYPERTROPHIC_CARDIOMYOPATHY_HCM,61,4.652568399749626,1.0
BRCA,kegg,0,5,KEGG_INOSITOL_PHOSPHATE_METABOLISM,50,-0.24485467012160186,1.0
BRCA,kegg,0,5,KEGG_INSULIN_SIGNALING_PATHWAY,115,1.4913524157544051,1.0
BRCA,kegg,0,5,KEGG_INTESTINAL_IMMUNE_NETWORK_FOR_IGA_PRODUCTION,40,-1.89854211825802,1.0
BRCA,kegg,0,5,KEGG_JAK_STAT_SIGNALING_PATHWAY,109,-1.5332526976210363,1.0
BRCA,kegg,0,5,KEGG_LEISHMANIA_INFECTION,66,-0.10790961450567586,1.0
BRCA,kegg,0,5,KEGG_LEUKOCYTE_TRANSENDOTHELIAL_MIGRATION,93,3.739801342480235,1.0
BRCA,kegg,0,5,KEGG_LINOLEIC_ACID_METABOLISM,10,-1.0888453672725233,1.0
BRCA,kegg,0,5,KEGG_LONG_TERM_DEPRESSION,49,0.6275197341445347,1.0
BRCA,kegg,0,5,KEGG_LONG_TERM_POTENTIATION,51,1.3679252484865583,1.0
BRCA,kegg,0,5,KEGG_LYSINE_DEGRADATION,39,-0.2798177949483426,1.0
BRCA,kegg,0,5,KEGG_LYSOSOME,113,4.1123384477652145,1.0
BRCA,kegg,0,5,KEGG_MAPK_SIGNALING_PATHWAY,214,1.13046722222516,1.0
BRCA,kegg,0,5,KEGG_MELANOGENESIS,78,1.1982409359265562,1.0
BRCA,kegg,0,5,KEGG_MELANOMA,56,2.0047213384866183,1.0
BRCA,kegg,0,5,KEGG_METABOLISM_OF_XENOBIOTICS_BY_CYTOCHROME_P450,28,-0.09358052272368293,1.0
BRCA,kegg,0,5,KEGG_MISMATCH_REPAIR,22,-0.17111136779698424,1.0
BRCA,kegg,0,5,KEGG_MTOR_SIGNALING_PATHWAY,41,0.9381948029857238,1.0
BRCA,kegg,0,5,KEGG_NATURAL_KILLER_CELL_MEDIATED_CYTOTOXICITY,106,0.3469005642608399,1.0
BRCA,kegg,0,5,KEGG_NEUROACTIVE_LIGAND_RECEPTOR_INTERACTION,104,-1.2129789557425805,1.0
BRCA,kegg,0,5,KEGG_NEUROTROPHIN_SIGNALING_PATHWAY,111,1.8241442826650909,1.0
BRCA,kegg,0,5,KEGG_NICOTINATE_AND_NICOTINAMIDE_METABOLISM,21,0.8403381188115826,1.0
BRCA,kegg,0,5,KEGG_NITROGEN_METABOLISM,15,0.9225595842039616,1.0
BRCA,kegg,0,5,KEGG_NOD_LIKE_RECEPTOR_SIGNALING_PATHWAY,57,-1.0878047895897316,1.0
BRCA,kegg,0,5,KEGG_NON_HOMOLOGOUS_END_JOINING,11,0.8913425979742506,1.0
BRCA,kegg,0,5,KEGG_NON_SMALL_CELL_LUNG_CANCER,51,0.9362445159930393,1.0
BRCA,kegg,0,5,KEGG_NOTCH_SIGNALING_PATHWAY,44,-0.5325070350766979,1.0
BRCA,kegg,0,5,KEGG_NUCLEOTIDE_EXCISION_REPAIR,43,0.915488542040321,1.0
BRCA,kegg,0,5,KEGG_N_GLYCAN_BIOSYNTHESIS,45,2.10708911435435,1.0
BRCA,kegg,0,5,KEGG_OLFACTORY_TRANSDUCTION,18,1.2863458421830667,1.0
BRCA,kegg,0,5,KEGG_ONE_CARBON_POOL_BY_FOLATE,15,-0.10910078547004523,1.0
BRCA,kegg,0,5,KEGG_OOCYTE_MEIOSIS,93,2.221414765620799,1.0
BRCA,kegg,0,5,KEGG_OTHER_GLYCAN_DEGRADATION,13,0.5169492312098727,1.0
BRCA,kegg,0,5,KEGG_OXIDATIVE_PHOSPHORYLATION,91,2.7814351735940264,1.0
BRCA,kegg,0,5,KEGG_O_GLYCAN_BIOSYNTHESIS,21,2.0687537095358053,1.0
BRCA,kegg,0,5,KEGG_P53_SIGNALING_PATHWAY,63,1.841820518461236,1.0
BRCA,kegg,0,5,KEGG_PANCREATIC_CANCER,68,2.470547863464832,1.0
BRCA,kegg,0,5,KEGG_PANTOTHENATE_AND_COA_BIOSYNTHESIS,13,0.7172976895109091,1.0
BRCA,kegg,0,5,KEGG_PARKINSONS_DISEASE,89,1.9476639539200042,1.0
BRCA,kegg,0,5,KEGG_PATHOGENIC_ESCHERICHIA_COLI_INFECTION,49,4.267613126868071,1.0
BRCA,kegg,0,5,KEGG_PATHWAYS_IN_CANCER,279,3.9235660537893375,1.0
BRCA,kegg,0,5,KEGG_PENTOSE_PHOSPHATE_PATHWAY,22,1.323883258600982,1.0
BRCA,kegg,0,5,KEGG_PEROXISOME,71,0.8624525860976975,1.0
BRCA,kegg,0,5,KEGG_PHENYLALANINE_METABOLISM,13,-0.8095521408097148,1.0
BRCA,kegg,0,5,KEGG_PHOSPHATIDYLINOSITOL_SIGNALING_SYSTEM,68,0.5071926307889062,1.0
BRCA,kegg,0,5,KEGG_PORPHYRIN_AND_CHLOROPHYLL_METABOLISM,20,2.1171873545321236,1.0
BRCA,kegg,0,5,KEGG_PPAR_SIGNALING_PATHWAY,52,1.0655122185208965,1.0
BRCA,kegg,0,5,KEGG_PRIMARY_BILE_ACID_BIOSYNTHESIS,11,-0.2084944225976906,1.0
BRCA,kegg,0,5,KEGG_PRIMARY_IMMUNODEFICIENCY,30,-4.150147803481689,1.0
BRCA,kegg,0,5,KEGG_PRION_DISEASES,29,-0.7250869132218671,1.0
BRCA,kegg,0,5,KEGG_PROGESTERONE_MEDIATED_OOCYTE_MATURATION,72,1.160340377133866,1.0
BRCA,kegg,0,5,KEGG_PROPANOATE_METABOLISM,28,0.6653779525320842,1.0
BRCA,kegg,0,5,KEGG_PROSTATE_CANCER,83,2.7272865301031723,1.0
BRCA,kegg,0,5,KEGG_PROTEASOME,41,2.712169096793101,1.0
BRCA,kegg,0,5,KEGG_PROTEIN_EXPORT,23,1.7091944878070342,1.0
BRCA,kegg,0,5,KEGG_PROXIMAL_TUBULE_BICARBONATE_RECLAMATION,17,0.31640276022893726,1.0
BRCA,kegg,0,5,KEGG_PURINE_METABOLISM,132,-0.025737306752264252,1.0
BRCA,kegg,0,5,KEGG_PYRIMIDINE_METABOLISM,90,-0.11559758880521999,1.0
BRCA,kegg,0,5,KEGG_PYRUVATE_METABOLISM,33,1.07485038584732,1.0
BRCA,kegg,0,5,KEGG_REGULATION_OF_ACTIN_CYTOSKELETON,170,6.312737571102612,1.0
BRCA,kegg,0,5,KEGG_REGULATION_OF_AUTOPHAGY,20,-0.20757073455503744,1.0
BRCA,kegg,0,5,KEGG_RENAL_CELL_CARCINOMA,64,1.6270420345179823,1.0
BRCA,kegg,0,5,KEGG_RENIN_ANGIOTENSIN_SYSTEM,10,1.162021334987143,1.0
BRCA,kegg,0,5,KEGG_RETINOL_METABOLISM,17,-0.9660216659661072,1.0
BRCA,kegg,0,5,KEGG_RIBOFLAVIN_METABOLISM,11,0.8606367396086643,1.0
BRCA,kegg,0,5,KEGG_RIG_I_LIKE_RECEPTOR_SIGNALING_PATHWAY,50,-0.028395429619570468,1.0
BRCA,kegg,0,5,KEGG_RNA_DEGRADATION,50,-0.8078910410509497,1.0
BRCA,kegg,0,5,KEGG_RNA_POLYMERASE,28,-0.8773533955630486,1.0
BRCA,kegg,0,5,KEGG_SELENOAMINO_ACID_METABOLISM,22,0.32466580200408285,1.0
BRCA,kegg,0,5,KEGG_SMALL_CELL_LUNG_CANCER,78,3.009498075881618,1.0
BRCA,kegg,0,5,KEGG_SNARE_INTERACTIONS_IN_VESICULAR_TRANSPORT,36,0.18944147631888397,1.0
BRCA,kegg,0,5,KEGG_SPHINGOLIPID_METABOLISM,32,1.7882240526551332,1.0
BRCA,kegg,0,5,KEGG_SPLICEOSOME,126,-1.5140980377279554,1.0
BRCA,kegg,0,5,KEGG_STARCH_AND_SUCROSE_METABOLISM,21,2.368371992637702,1.0
BRCA,kegg,0,5,KEGG_STEROID_BIOSYNTHESIS,15,3.0843271579491702,1.0
BRCA,kegg,0,5,KEGG_STEROID_HORMONE_BIOSYNTHESIS,19,-0.15400635804864643,1.0
BRCA,kegg,0,5,KEGG_SULFUR_METABOLISM,11,0.376866372786784,1.0
BRCA,kegg,0,5,KEGG_SYSTEMIC_LUPUS_ERYTHEMATOSUS,44,0.053142025187111565,1.0
BRCA,kegg,0,5,KEGG_TASTE_TRANSDUCTION,13,1.1071935861579245,1.0
BRCA,kegg,0,5,KEGG_TERPENOID_BACKBONE_BIOSYNTHESIS,14,0.9517324077083282,1.0
BRCA,kegg,0,5,KEGG_TGF_BETA_SIGNALING_PATHWAY,69,4.021637133835024,1.0
BRCA,kegg,0,5,KEGG_THYROID_CANCER,28,1.0298830324754322,1.0
BRCA,kegg,0,5,KEGG_TIGHT_JUNCTION,97,1.6306012460278314,1.0
BRCA,kegg,0,5,KEGG_TOLL_LIKE_RECEPTOR_SIGNALING_PATHWAY,85,0.3393927008787002,1.0
BRCA,kegg,0,5,KEGG_TRYPTOPHAN_METABOLISM,27,-0.7702599029280676,1.0
BRCA,kegg,0,5,KEGG_TYPE_II_DIABETES_MELLITUS,34,1.3386524838514517,1.0
BRCA,kegg,0,5,KEGG_TYPE_I_DIABETES_MELLITUS,36,-1.2538036161144712,1.0
BRCA,kegg,0,5,KEGG_TYROSINE_METABOLISM,28,0.31765560959068456,1.0
BRCA,kegg,0,5,KEGG_T_CELL_RECEPTOR_SIGNALING_PATHWAY,101,-0.7411677828778408,1.0
BRCA,kegg,0,5,KEGG_UBIQUITIN_MEDIATED_PROTEOLYSIS,126,0.2033511919542963,1.0
BRCA,kegg,0,5,KEGG_VALINE_LEUCINE_AND_ISOLEUCINE_DEGRADATION,43,-0.0574895108281338,1.0
BRCA,kegg,0,5,KEGG_VASCULAR_SMOOTH_MUSCLE_CONTRACTION,88,1.2956199008825484,1.0
BRCA,kegg,0,5,KEGG_VASOPRESSIN_REGULATED_WATER_REABSORPTION,39,2.539660782972932,1.0
BRCA,kegg,0,5,KEGG_VEGF_SIGNALING_PATHWAY,63,0.6063347328382095,1.0
BRCA,kegg,0,5,KEGG_VIBRIO_CHOLERAE_INFECTION,47,2.849217104242554,1.0
BRCA,kegg,0,5,KEGG_VIRAL_MYOCARDITIS,57,0.9141649679258163,1.0
BRCA,kegg,0,5,KEGG_WNT_SIGNALING_PATHWAY,126,-0.49181487789216566,1.0
BRCA,kegg,0,6,KEGG_ABC_TRANSPORTERS,33,-1.2799832336226065,1.0
BRCA,kegg,0,6,KEGG_ACUTE_MYELOID_LEUKEMIA,53,0.23741980615843658,1.0
BRCA,kegg,0,6,KEGG_ADHERENS_JUNCTION,65,3.7626806608918266,1.0
BRCA,kegg,0,6,KEGG_ADIPOCYTOKINE_SIGNALING_PATHWAY,54,1.306896455937164,1.0
BRCA,kegg,0,6,KEGG_ALANINE_ASPARTATE_AND_GLUTAMATE_METABOLISM,25,-0.3020413979759323,1.0
BRCA,kegg,0,6,KEGG_ALDOSTERONE_REGULATED_SODIUM_REABSORPTION,33,2.4763974902308385,1.0
BRCA,kegg,0,6,KEGG_ALLOGRAFT_REJECTION,32,-11.711836065236321,1.0
BRCA,kegg,0,6,KEGG_ALPHA_LINOLENIC_ACID_METABOLISM,10,-0.5886981313499139,1.0
BRCA,kegg,0,6,KEGG_ALZHEIMERS_DISEASE,128,1.5450394357145036,1.0
BRCA,kegg,0,6,KEGG_AMINOACYL_TRNA_BIOSYNTHESIS,22,-0.11643524416775262,1.0
BRCA,kegg,0,6,KEGG_AMINO_SUGAR_AND_NUCLEOTIDE_SUGAR_METABOLISM,39,-0.008780221472935374,1.0
BRCA,kegg,0,6,KEGG_AMYOTROPHIC_LATERAL_SCLEROSIS_ALS,41,-0.0830337612525548,1.0
BRCA,kegg,0,6,KEGG_ANTIGEN_PROCESSING_AND_PRESENTATION,66,-9.777045285777843,1.0
BRCA,kegg,0,6,KEGG_APOPTOSIS,82,-0.07876860980704554,1.0
BRCA,kegg,0,6,KEGG_ARACHIDONIC_ACID_METABOLISM,33,-0.6361247867671543,1.0
BRCA,kegg,0,6,KEGG_ARGININE_AND_PROLINE_METABOLISM,43,0.3084729948191422,1.0
BRCA,kegg,0,6,KEGG_ARRHYTHMOGENIC_RIGHT_VENTRICULAR_CARDIOMYOPATHY_ARVC,58,4.486927180801435,1.0
BRCA,kegg,0,6,KEGG_ASTHMA,18,-10.65635872664253,1.0
BRCA,kegg,0,6,KEGG_AUTOIMMUNE_THYROID_DISEASE,33,-11.374225336063205,1.0
BRCA,kegg,0,6,KEGG_AXON_GUIDANCE,111,2.2985490164924403,1.0
BRCA,kegg,0,6,KEGG_BASAL_CELL_CARCINOMA,38,0.6819704898716162,1.0
BRCA,kegg,0,6,KEGG_BASAL_TRANSCRIPTION_FACTORS,31,0.3638591348255652,1.0
BRCA,kegg,0,6,KEGG_BASE_EXCISION_REPAIR,33,-2.3668484378732946,1.0
BRCA,kegg,0,6,KEGG_BETA_ALANINE_METABOLISM,16,-0.19116223875414365,1.0
BRCA,kegg,0,6,KEGG_BIOSYNTHESIS_OF_UNSATURATED_FATTY_ACIDS,21,-0.6368263288237321,1.0
BRCA,kegg,0,6,KEGG_BLADDER_CANCER,40,-0.5146255367160968,1.0
BRCA,kegg,0,6,KEGG_BUTANOATE_METABOLISM,28,-0.3464772192168418,1.0
BRCA,kegg,0,6,KEGG_B_CELL_RECEPTOR_SIGNALING_PATHWAY,71,-1.5012838065543608,1.0
BRCA,kegg,0,6,KEGG_CALCIUM_SIGNALING_PATHWAY,112,2.4452239910889615,1.0
BRCA,kegg,0,6,KEGG_CARDIAC_MUSCLE_CONTRACTION,51,2.2927946867346924,1.0
BRCA,kegg,0,6,KEGG_CELL_ADHESION_MOLECULES_CAMS,109,-5.423640181072472,1.0
BRCA,kegg,0,6,KEGG_CELL_CYCLE,116,-1.556168552670933,1.0
BRCA,kegg,0,6,KEGG_CHEMOKINE_SIGNALING_PATHWAY,155,-3.0988606614285064,1.0
BRCA,kegg,0,6,KEGG_CHRONIC_MYELOID_LEUKEMIA,70,1.974288410255774,1.0
BRCA,kegg,0,6,KEGG_CIRCADIAN_RHYTHM_MAMMAL,12,3.205918259733431,1.0
BRCA,kegg,0,6,KEGG_CITRATE_CYCLE_TCA_CYCLE,27,0.09760233389027331,1.0
BRCA,kegg,0,6,KEGG_COLORECTAL_CANCER,59,1.5874921911306048,1.0
BRCA,kegg,0,6,KEGG_COMPLEMENT_AND_COAGULATION_CASCADES,45,0.5421708992375485,1.0
BRCA,kegg,0,6,KEGG_CYSTEINE_AND_METHIONINE_METABOLISM,27,-0.8578725517859098,1.0
BRCA,kegg,0,6,KEGG_CYTOKINE_CYTOKINE_RECEPTOR_INTERACTION,191,-2.9691818432616772,1.0
BRCA,kegg,0,6,KEGG_CYTOSOLIC_DNA_SENSING_PATHWAY,38,-4.074158666026697,1.0
BRCA,kegg,0,6,KEGG_DILATED_CARDIOMYOPATHY,66,3.1925367516184746,1.0
BRCA,kegg,0,6,KEGG_DNA_REPLICATION,35,-4.029142585206015,1.0
BRCA,kegg,0,6,KEGG_DORSO_VENTRAL_AXIS_FORMATION,19,2.0293869524855417,1.0
BRCA,kegg,0,6,KEGG_DRUG_METABOLISM_CYTOCHROME_P450,29,0.2632708106578556,1.0
BRCA,kegg,0,6,KEGG_DRUG_METABOLISM_OTHER_ENZYMES,22,-1.8186660340701093,1.0
BRCA,kegg,0,6,KEGG_ECM_RECEPTOR_INTERACTION,69,7.405951258534451,1.0
BRCA,kegg,0,6,KEGG_ENDOCYTOSIS,166,1.9966629308817216,1.0
BRCA,kegg,0,6,KEGG_ENDOMETRIAL_CANCER,48,1.9198948512556109,1.0
BRCA,kegg,0,6,KEGG_EPITHELIAL_CELL_SIGNALING_IN_HELICOBACTER_PYLORI_INFECTION,61,0.7447977759389633,1.0
BRCA,kegg,0,6,KEGG_ERBB_SIGNALING_PATHWAY,75,1.9190015967038436,1.0
BRCA,kegg,0,6,KEGG_ETHER_LIPID_METABOLISM,24,0.8732201822614762,1.0
BRCA,kegg,0,6,KEGG_FATTY_ACID_METABOLISM,34,0.9766016070049247,1.0
BRCA,kegg,0,6,KEGG_FC_EPSILON_RI_SIGNALING_PATHWAY,64,-1.0649194864449603,1.0
BRCA,kegg,0,6,KEGG_FC_GAMMA_R_MEDIATED_PHAGOCYTOSIS,87,-0.4487482904522902,1.0
BRCA,kegg,0,6,KEGG_FOCAL_ADHESION,176,7.76370142859251,1.0
BRCA,kegg,0,6,KEGG_FRUCTOSE_AND_MANNOSE_METABOLISM,28,-0.6215015724464437,1.0
BRCA,kegg,0,6,KEGG_GALACTOSE_METABOLISM,21,-0.9767520343739854,1.0
BRCA,kegg,0,6,KEGG_GAP_JUNCTION,69,1.6943048113334354,1.0
BRCA,kegg,0,6,KEGG_GLIOMA,59,1.4191568324163883,1.0
BRCA,kegg,0,6,KEGG_GLUTATHIONE_METABOLISM,41,-2.5332341418309166,1.0
BRCA,kegg,0,6,KEGG_GLYCEROLIPID_METABOLISM,39,1.3753024809697267,1.0
BRCA,kegg,0,6,KEGG_GLYCEROPHOSPHOLIPID_METABOLISM,61,2.0172961665534013,1.0
BRCA,kegg,0,6,KEGG_GLYCINE_SERINE_AND_THREONINE_METABOLISM,22,-0.7133788615435552,1.0
BRCA,kegg,0,6,KEGG_GLYCOLYSIS_GLUCONEOGENESIS,43,-1.7467730480273627,1.0
BRCA,kegg,0,6,KEGG_GLYCOSAMINOGLYCAN_BIOSYNTHESIS_CHONDROITIN_SULFATE,21,-0.15298316823274408,1.0
BRCA,kegg,0,6,KEGG_GLYCOSAMINOGLYCAN_BIOSYNTHESIS_HEPARAN_SULFATE,18,0.7668010449023155,1.0
BRCA,kegg,0,6,KEGG_GLYCOSAMINOGLYCAN_BIOSYNTHESIS_KERATAN_SULFATE,13,1.7508135838773804,1.0
BRCA,kegg,0,6,KEGG_GLYCOSAMINOGLYCAN_DEGRADATION,18,0.4055207035782458,1.0
BRCA,kegg,0,6,KEGG_GLYCOSPHINGOLIPID_BIOSYNTHESIS_GANGLIO_SERIES,14,0.382411350329718,1.0
BRCA,kegg,0,6,KEGG_GLYCOSPHINGOLIPID_BIOSYNTHESIS_GLOBO_SERIES,12,0.6132527502992325,1.0
BRCA,kegg,0,6,KEGG_GLYCOSPHINGOLIPID_BIOSYNTHESIS_LACTO_AND_NEOLACTO_SERIES,20,-0.39171863084584724,1.0
BRCA,kegg,0,6,KEGG_GLYCOSYLPHOSPHATIDYLINOSITOL_GPI_ANCHOR_BIOSYNTHESIS,23,1.0508108870007542,1.0
BRCA,kegg,0,6,KEGG_GLYOXYLATE_AND_DICARBOXYLATE_METABOLISM,13,-0.7809793239996061,1.0
BRCA,kegg,0,6,KEGG_GNRH_SIGNALING_PATHWAY,80,1.8102653884475395,1.0
BRCA,kegg,0,6,KEGG_GRAFT_VERSUS_HOST_DISEASE,37,-10.890513374208949,1.0
BRCA,kegg,0,6,KEGG_HEDGEHOG_SIGNALING_PATHWAY,35,1.5344454852189953,1.0
BRCA,kegg,0,6,KEGG_HEMATOPOIETIC_CELL_LINEAGE,68,-3.0794815829177384,1.0
BRCA,kegg,0,6,KEGG_HISTIDINE_METABOLISM,19,0.5469787137708922,1.0
BRCA,kegg,0,6,KEGG_HOMOLOGOUS_RECOMBINATION,24,-2.2600671604350087,1.0
BRCA,kegg,0,6,KEGG_HUNTINGTONS_DISEASE,143,1.4491948027378976,1.0
BRCA,kegg,0,6,KEGG_HYPERTROPHIC_CARDIOMYOPATHY_HCM,61,3.123730826615023,1.0
BRCA,kegg,0,6,KEGG_INOSITOL_PHOSPHATE_METABOLISM,50,1.1652982017519768,1.0
BRCA,kegg,0,6,KEGG_INSULIN_SIGNALING_PATHWAY,115,2.5852254768186116,1.0
BRCA,kegg,0,6,KEGG_INTESTINAL_IMMUNE_NETWORK_FOR_IGA_PRODUCTION,40,-7.53522320332869,1.0
BRCA,kegg,0,6,KEGG_JAK_STAT_SIGNALING_PATHWAY,109,1.3254238097355524,1.0
BRCA,kegg,0,6,KEGG_LEISHMANIA_INFECTION,66,-6.442451307749591,1.0
BRCA,kegg,0,6,KEGG_LEUKOCYTE_TRANSENDOTHELIAL_MIGRATION,93,0.9700883925614326,1.0
BRCA,kegg,0,6,KEGG_LINOLEIC_ACID_METABOLISM,10,-0.19601181212488186,1.0
BRCA,kegg,0,6,KEGG_LONG_TERM_DEPRESSION,49,1.4558309197387436,1.0
BRCA,kegg,0,6,KEGG_LONG_TERM_POTENTIATION,51,1.4684473149832677,1.0
BRCA,kegg,0,6,KEGG_LYSINE_DEGRADATION,39,0.07627089594659693,1.0
BRCA,kegg,0,6,KEGG_LYSOSOME,113,0.04745520801576822,1.0
BRCA,kegg,0,6,KEGG_MAPK_SIGNALING_PATHWAY,214,3.2177025211556294,1.0
BRCA,kegg,0,6,KEGG_MELANOGENESIS,78,1.4357889357498814,1.0
BRCA,kegg,0,6,KEGG_MELANOMA,56,1.8650156941096054,1.0
BRCA,kegg,0,6,KEGG_METABOLISM_OF_XENOBIOTICS_BY_CYTOCHROME_P450,28,-0.4030707780989556,1.0
BRCA,kegg,0,6,KEGG_MISMATCH_REPAIR,22,-2.4019742483409656,1.0
BRCA,kegg,0,6,KEGG_MTOR_SIGNALING_PATHWAY,41,0.05948622685422069,1.0
BRCA,kegg,0,6,KEGG_NATURAL_KILLER_CELL_MEDIATED_CYTOTOXICITY,106,-4.612491061338777,1.0
BRCA,kegg,0,6,KEGG_NEUROACTIVE_LIGAND_RECEPTOR_INTERACTION,104,0.015593768233845982,1.0
BRCA,kegg,0,6,KEGG_NEUROTROPHIN_SIGNALING_PATHWAY,111,2.86802755434278,1.0
BRCA,kegg,0,6,KEGG_NICOTINATE_AND_NICOTINAMIDE_METABOLISM,21,-0.2685147448973372,1.0
BRCA,kegg,0,6,KEGG_NITROGEN_METABOLISM,15,2.509455540396267,1.0
BRCA,kegg,0,6,KEGG_NOD_LIKE_RECEPTOR_SIGNALING_PATHWAY,57,-2.1410244834971848,1.0
BRCA,kegg,0,6,KEGG_NON_HOMOLOGOUS_END_JOINING,11,-0.2984266286315011,1.0
BRCA,kegg,0,6,KEGG_NON_SMALL_CELL_LUNG_CANCER,51,0.11834821735629202,1.0
BRCA,kegg,0,6,KEGG_NOTCH_SIGNALING_PATHWAY,44,2.6310055871524596,1.0
BRCA,kegg,0,6,KEGG_NUCLEOTIDE_EXCISION_REPAIR,43,-1.0694631019252705,1.0
BRCA,kegg,0,6,KEGG_N_GLYCAN_BIOSYNTHESIS,45,0.7051746854468204,1.0
BRCA,kegg,0,6,KEGG_OLFACTORY_TRANSDUCTION,18,-0.18193337987068756,1.0
BRCA,kegg,0,6,KEGG_ONE_CARBON_POOL_BY_FOLATE,15,-1.5252711095572822,1.0
BRCA,kegg,0,6,KEGG_OOCYTE_MEIOSIS,93,1.3196197271802774,1.0
BRCA,kegg,0,6,KEGG_OTHER_GLYCAN_DEGRADATION,13,0.40009888583307446,1.0
BRCA,kegg,0,6,KEGG_OXIDATIVE_PHOSPHORYLATION,91,0.9955597903484422,1.0
BRCA,kegg,0,6,KEGG_O_GLYCAN_BIOSYNTHESIS,21,2.1128986111405674,1.0
BRCA,kegg,0,6,KEGG_P53_SIGNALING_PATHWAY,63,-0.08670247042384009,1.0
BRCA,kegg,0,6,KEGG_PANCREATIC_CANCER,68,0.09458588256752863,1.0
BRCA,kegg,0,6,KEGG_PANTOTHENATE_AND_COA_BIOSYNTHESIS,13,0.008820582747834205,1.0
BRCA,kegg,0,6,KEGG_PARKINSONS_DISEASE,89,0.2565998442725068,1.0
BRCA,kegg,0,6,KEGG_PATHOGENIC_ESCHERICHIA_COLI_INFECTION,49,1.1974920305070869,1.0
BRCA,kegg,0,6,KEGG_PATHWAYS_IN_CANCER,279,3.929806350832157,1.0
BRCA,kegg,0,6,KEGG_PENTOSE_PHOSPHATE_PATHWAY,22,-1.4798426747192117,1.0
BRCA,kegg,0,6,KEGG_PEROXISOME,71,0.004136641257000705,1.0
BRCA,kegg,0,6,KEGG_PHENYLALANINE_METABOLISM,13,1.8034769378713014,1.0
BRCA,kegg,0,6,KEGG_PHOSPHATIDYLINOSITOL_SIGNALING_SYSTEM,68,1.71823160693758,1.0
BRCA,kegg,0,6,KEGG_PORPHYRIN_AND_CHLOROPHYLL_METABOLISM,20,-2.066598631774808,1.0
BRCA,kegg,0,6,KEGG_PPAR_SIGNALING_PATHWAY,52,0.4965615764802467,1.0
BRCA,kegg,0,6,KEGG_PRIMARY_BILE_ACID_BIOSYNTHESIS,11,0.244582892155004,1.0
BRCA,kegg,0,6,KEGG_PRIMARY_IMMUNODEFICIENCY,30,-5.64836895696497,1.0
BRCA,kegg,0,6,KEGG_PRION_DISEASES,29,-1.6424824997638081,1.0
BRCA,kegg,0,6,KEGG_PROGESTERONE_MEDIATED_OOCYTE_MATURATION,72,-0.1481203266193831,1.0
BRCA,kegg,0,6,KEGG_PROPANOATE_METABOLISM,28,-0.020575112886976176,1.0
BRCA,kegg,0,6,KEGG_PROSTATE_CANCER,83,3.08021892845066,1.0
BRCA,kegg,0,6,KEGG_PROTEASOME,41,-5.571005982078781,1.0
BRCA,kegg,0,6,KEGG_PROTEIN_EXPORT,23,1.8729376214608393,1.0
BRCA,kegg,0,6,KEGG_PROXIMAL_TUBULE_BICARBONATE_RECLAMATION,17,3.112449565232121,1.0
BRCA,kegg,0,6,KEGG_PURINE_METABOLISM,132,-1.9635093571698548,1.0
BRCA,kegg,0,6,KEGG_PYRIMIDINE_METABOLISM,90,-3.062667327379588,1.0
BRCA,kegg,0,6,KEGG_PYRUVATE_METABOLISM,33,-0.9748628873978917,1.0
BRCA,kegg,0,6,KEGG_REGULATION_OF_ACTIN_CYTOSKELETON,170,3.4273582277298407,1.0
BRCA,kegg,0,6,KEGG_REGULATION_OF_AUTOPHAGY,20,1.0945330419933457,1.0
BRCA,kegg,0,6,KEGG_RENAL_CELL_CARCINOMA,64,2.4813064835851795,1.0
BRCA,kegg,0,6,KEGG_RENIN_ANGIOTENSIN_SYSTEM,10,1.8554107458623255,1.0
BRCA,kegg,0,6,KEGG_RETINOL_METABOLISM,17,0.8545406462063097,1.0
BRCA,kegg,0,6,KEGG_RIBOFLAVIN_METABOLISM,11,-0.4672092791105981,1.0
BRCA,kegg,0,6,KEGG_RIG_I_LIKE_RECEPTOR_SIGNALING_PATHWAY,50,-3.564500524704247,1.0
BRCA,kegg,0,6,KEGG_RNA_DEGRADATION,50,-0.5638603916100962,1.0
BRCA,kegg,0,6,KEGG_RNA_POLYMERASE,28,-1.085274205471852,1.0
BRCA,kegg,0,6,KEGG_SELENOAMINO_ACID_METABOLISM,22,-0.014948414154922412,1.0
BRCA,kegg,0,6,KEGG_SMALL_CELL_LUNG_CANCER,78,2.599435744784507,1.0
BRCA,kegg,0,6,KEGG_SNARE_INTERACTIONS_IN_VESICULAR_TRANSPORT,36,0.817515170090556,1.0
BRCA,kegg,0,6,KEGG_SPHINGOLIPID_METABOLISM,32,2.1589872384047757,1.0
BRCA,kegg,0,6,KEGG_SPLICEOSOME,126,0.18227218498824602,1.0
BRCA,kegg,0,6,KEGG_STARCH_AND_SUCROSE_METABOLISM,21,1.4572412574110114,1.0
BRCA,kegg,0,6,KEGG_STEROID_BIOSYNTHESIS,15,-0.21546708164132217,1.0
BRCA,kegg,0,6,KEGG_STEROID_HORMONE_BIOSYNTHESIS,19,-1.1818215435510329,1.0
BRCA,kegg,0,6,KEGG_SULFUR_METABOLISM,11,-0.3610750561386164,1.0
BRCA,kegg,0,6,KEGG_SYSTEMIC_LUPUS_ERYTHEMATOSUS,44,-10.291621007763222,1.0
BRCA,kegg,0,6,KEGG_TASTE_TRANSDUCTION,13,1.6726967846804228,1.0
BRCA,kegg,0,6,KEGG_TERPENOID_BACKBONE_BIOSYNTHESIS,14,-0.21115880086129268,1.0
BRCA,kegg,0,6,KEGG_TGF_BETA_SIGNALING_PATHWAY,69,4.15995793182291,1.0
BRCA,kegg,0,6,KEGG_THYROID_CANCER,28,2.5867261196777327,1.0
BRCA,kegg,0,6,KEGG_TIGHT_JUNCTION,97,2.549012915314743,1.0
BRCA,kegg,0,6,KEGG_TOLL_LIKE_RECEPTOR_SIGNALING_PATHWAY,85,-4.732095870593316,1.0
BRCA,kegg,0,6,KEGG_TRYPTOPHAN_METABOLISM,27,-0.21084197362820045,1.0
BRCA,kegg,0,6,KEGG_TYPE_II_DIABETES_MELLITUS,34,1.694260402494604,1.0
BRCA,kegg,0,6,KEGG_TYPE_I_DIABETES_MELLITUS,36,-9.913572010984101,1.0
BRCA,kegg,0,6,KEGG_TYROSINE_METABOLISM,28,0.28988571724452256,1.0
BRCA,kegg,0,6,KEGG_T_CELL_RECEPTOR_SIGNALING_PATHWAY,101,-0.8798966185571725,1.0
BRCA,kegg,0,6,KEGG_UBIQUITIN_MEDIATED_PROTEOLYSIS,126,0.876665303265435,1.0
BRCA,kegg,0,6,KEGG_VALINE_LEUCINE_AND_ISOLEUCINE_DEGRADATION,43,0.254940091334251,1.0
BRCA,kegg,0,6,KEGG_VASCULAR_SMOOTH_MUSCLE_CONTRACTION,88,3.6372195582962545,1.0
BRCA,kegg,0,6,KEGG_VASOPRESSIN_REGULATED_WATER_REABSORPTION,39,3.70399524491195,1.0
BRCA,kegg,0,6,KEGG_VEGF_SIGNALING_PATHWAY,63,0.577578861503369,1.0
BRCA,kegg,0,6,KEGG_VIBRIO_CHOLERAE_INFECTION,47,1.7119426691818327,1.0
BRCA,kegg,0,6,KEGG_VIRAL_MYOCARDITIS,57,-6.781809994511137,1.0
BRCA,kegg,0,6,KEGG_WNT_SIGNALING_PATHWAY,126,3.525938824747323,1.0
BRCA,kegg,0,7,KEGG_ABC_TRANSPORTERS,33,0.22893658236470305,1.0
BRCA,kegg,0,7,KEGG_ACUTE_MYELOID_LEUKEMIA,53,0.9393609882044452,1.0
BRCA,kegg,0,7,KEGG_ADHERENS_JUNCTION,65,1.0477174021289195,1.0
BRCA,kegg,0,7,KEGG_ADIPOCYTOKINE_SIGNALING_PATHWAY,54,0.11600648481356986,1.0
BRCA,kegg,0,7,KEGG_ALANINE_ASPARTATE_AND_GLUTAMATE_METABOLISM,25,2.1002085149692467,1.0
BRCA,kegg,0,7,KEGG_ALDOSTERONE_REGULATED_SODIUM_REABSORPTION,33,1.827236809406091,1.0
BRCA,kegg,0,7,KEGG_ALLOGRAFT_REJECTION,32,-10.689781654845346,1.0
BRCA,kegg,0,7,KEGG_ALPHA_LINOLENIC_ACID_METABOLISM,10,-0.38614060959807084,1.0
BRCA,kegg,0,7,KEGG_ALZHEIMERS_DISEASE,128,3.5796517110872874,1.0
BRCA,kegg,0,7,KEGG_AMINOACYL_TRNA_BIOSYNTHESIS,22,1.1615592302401048,1.0
BRCA,kegg,0,7,KEGG_AMINO_SUGAR_AND_NUCLEOTIDE_SUGAR_METABOLISM,39,1.1952765992431094,1.0
BRCA,kegg,0,7,KEGG_AMYOTROPHIC_LATERAL_SCLEROSIS_ALS,41,0.3028288259591614,1.0
BRCA,kegg,0,7,KEGG_ANTIGEN_PROCESSING_AND_PRESENTATION,66,-7.616815404510095,1.0
BRCA,kegg,0,7,KEGG_APOPTOSIS,82,-0.11373515369829781,1.0
BRCA,kegg,0,7,KEGG_ARACHIDONIC_ACID_METABOLISM,33,-1.072720769006929,1.0
BRCA,kegg,0,7,KEGG_ARGININE_AND_PROLINE_METABOLISM,43,2.084855035145175,1.0
BRCA,kegg,0,7,KEGG_ARRHYTHMOGENIC_RIGHT_VENTRICULAR_CARDIOMYOPATHY_ARVC,58,3.222863387258996,1.0
BRCA,kegg,0,7,KEGG_ASTHMA,18,-10.146280772134999,1.0
BRCA,kegg,0,7,KEGG_AUTOIMMUNE_THYROID_DISEASE,33,-10.273873995875736,1.0
BRCA,kegg,0,7,KEGG_AXON_GUIDANCE,111,-0.4522553562345337,1.0
BRCA,kegg,0,7,KEGG_BASAL_CELL_CARCINOMA,38,-0.9428304410107679,1.0
BRCA,kegg,0,7,KEGG_BASAL_TRANSCRIPTION_FACTORS,31,0.11503292679279141,1.0
BRCA,kegg,0,7,KEGG_BASE_EXCISION_REPAIR,33,1.304625114084428,1.0
BRCA,kegg,0,7,KEGG_BETA_ALANINE_METABOLISM,16,0.8316894047108551,1.0
BRCA,kegg,0,7,KEGG_BIOSYNTHESIS_OF_UNSATURATED_FATTY_ACIDS,21,4.218447872986599,1.0
BRCA,kegg,0,7,KEGG_BLADDER_CANCER,40,0.864139998463352,1.0
BRCA,kegg,0,7,KEGG_BUTANOATE_METABOLISM,28,2.090641547163202,1.0
BRCA,kegg,0,7,KEGG_B_CELL_RECEPTOR_SIGNALING_PATHWAY,71,-0.7023346593015654,1.0
BRCA,kegg,0,7,KEGG_CALCIUM_SIGNALING_PATHWAY,112,-0.5641108560331118,1.0
BRCA,kegg,0,7,KEGG_CARDIAC_MUSCLE_CONTRACTION,51,2.4252227126178463,1.0
BRCA,kegg,0,7,KEGG_CELL_ADHESION_MOLECULES_CAMS,109,-7.160020344471064,1.0
BRCA,kegg,0,7,KEGG_CELL_CYCLE,116,-1.861306827239822,1.0
BRCA,kegg,0,7,KEGG_CHEMOKINE_SIGNALING_PATHWAY,155,-4.9571238935321595,1.0
BRCA,kegg,0,7,KEGG_CHRONIC_MYELOID_LEUKEMIA,70,0.9540593679264335,1.0
BRCA,kegg,0,7,KEGG_CIRCADIAN_RHYTHM_MAMMAL,12,0.8955956645660862,1.0
BRCA,kegg,0,7,KEGG_CITRATE_CYCLE_TCA_CYCLE,27,3.4325622957333963,1.0
BRCA,kegg,0,7,KEGG_COLORECTAL_CANCER,59,-0.534823512818432,1.0
BRCA,kegg,0,7,KEGG_COMPLEMENT_AND_COAGULATION_CASCADES,45,-5.131751842357917,1.0
BRCA,kegg,0,7,KEGG_CYSTEINE_AND_METHIONINE_METABOLISM,27,0.3433950064360616,1.0
BRCA,kegg,0,7,KEGG_CYTOKINE_CYTOKINE_RECEPTOR_INTERACTION,191,-8.3077250431523,1.0
BRCA,kegg,0,7,KEGG_CYTOSOLIC_DNA_SENSING_PATHWAY,38,-2.6126286366147347,1.0
BRCA,kegg,0,7,KEGG_DILATED_CARDIOMYOPATHY,66,0.051604659127329526,1.0
BRCA,kegg,0,7,KEGG_DNA_REPLICATION,35,-1.0679056257338118,1.0
BRCA,kegg,0,7,KEGG_DORSO_VENTRAL_AXIS_FORMATION,19,-2.090446852157108,1.0
BRCA,kegg,0,7,KEGG_DRUG_METABOLISM_CYTOCHROME_P450,29,0.7007891183531519,1.0
BRCA,kegg,0,7,KEGG_DRUG_METABOLISM_OTHER_ENZYMES,22,1.2632776668097037,1.0
BRCA,kegg,0,7,KEGG_ECM_RECEPTOR_INTERACTION,69,-2.5546048397696985,1.0
BRCA,kegg,0,7,KEGG_ENDOCYTOSIS,166,1.3828221134457401,1.0
BRCA,kegg,0,7,KEGG_ENDOMETRIAL_CANCER,48,2.7860676261390065,1.0
BRCA,kegg,0,7,KEGG_EPITHELIAL_CELL_SIGNALING_IN_HELICOBACTER_PYLORI_INFECTION,61,-0.44635875976235173,1.0
BRCA,kegg,0,7,KEGG_ERBB_SIGNALING_PATHWAY,75,1.4602703347913542,1.0
BRCA,kegg,0,7,KEGG_ETHER_LIPID_METABOLISM,24,-1.047518703059273,1.0
BRCA,kegg,0,7,KEGG_FATTY_ACID_METABOLISM,34,1.852464792038347,1.0
BRCA,kegg,0,7,KEGG_FC_EPSILON_RI_SIGNALING_PATHWAY,64,-0.7931324051907632,1.0
BRCA,kegg,0,7,KEGG_FC_GAMMA_R_MEDIATED_PHAGOCYTOSIS,87,-2.2185231499487337,1.0
BRCA,kegg,0,7,KEGG_FOCAL_ADHESION,176,-1.0755387002358987,1.0
BRCA,kegg,0,7,KEGG_FRUCTOSE_AND_MANNOSE_METABOLISM,28,1.4429414046052007,1.0
BRCA,kegg,0,7,KEGG_GALACTOSE_METABOLISM,21,0.7967841144960035,1.0
BRCA,kegg,0,7,KEGG_GAP_JUNCTION,69,-0.5954534407481101,1.0
BRCA,kegg,0,7,KEGG_GLIOMA,59,0.502052692520735,1.0
BRCA,kegg,0,7,KEGG_GLUTATHIONE_METABOLISM,41,1.419119213999147,1.0
BRCA,kegg,0,7,KEGG_GLYCEROLIPID_METABOLISM,39,-0.6449327299808909,1.0
BRCA,kegg,0,7,KEGG_GLYCEROPHOSPHOLIPID_METABOLISM,61,1.41815404661818,1.0
BRCA,kegg,0,7,KEGG_GLYCINE_SERINE_AND_THREONINE_METABOLISM,22,-0.2392383234809222,1.0
BRCA,kegg,0,7,KEGG_GLYCOLYSIS_GLUCONEOGENESIS,43,2.146944958851284,1.0
BRCA,kegg,0,7,KEGG_GLYCOSAMINOGLYCAN_BIOSYNTHESIS_CHONDROITIN_SULFATE,21,-0.07613514713956081,1.0
BRCA,kegg,0,7,KEGG_GLYCOSAMINOGLYCAN_BIOSYNTHESIS_HEPARAN_SULFATE,18,0.26421377444923927,1.0
BRCA,kegg,0,7,KEGG_GLYCOSAMINOGLYCAN_BIOSYNTHESIS_KERATAN_SULFATE,13,0.5576579626166066,1.0
BRCA,kegg,0,7,KEGG_GLYCOSAMINOGLYCAN_DEGRADATION,18,-0.0398947294020798,1.0
BRCA,kegg,0,7,KEGG_GLYCOSPHINGOLIPID_BIOSYNTHESIS_GANGLIO_SERIES,14,-0.6656699272086514,1.0
BRCA,kegg,0,7,KEGG_GLYCOSPHINGOLIPID_BIOSYNTHESIS_GLOBO_SERIES,12,0.20846692902305838,1.0
BRCA,kegg,0,7,KEGG_GLYCOSPHINGOLIPID_BIOSYNTHESIS_LACTO_AND_NEOLACTO_SERIES,20,0.6010864714676271,1.0
BRCA,kegg,0,7,KEGG_GLYCOSYLPHOSPHATIDYLINOSITOL_GPI_ANCHOR_BIOSYNTHESIS,23,1.8262755431253956,1.0
BRCA,kegg,0,7,KEGG_GLYOXYLATE_AND_DICARBOXYLATE_METABOLISM,13,0.44213516179047274,1.0
BRCA,kegg,0,7,KEGG_GNRH_SIGNALING_PATHWAY,80,-0.4634346990289657,1.0
BRCA,kegg,0,7,KEGG_GRAFT_VERSUS_HOST_DISEASE,37,-9.885770484870438,1.0
BRCA,kegg,0,7,KEGG_HEDGEHOG_SIGNALING_PATHWAY,35,-0.7402143604277327,1.0
BRCA,kegg,0,7,KEGG_HEMATOPOIETIC_CELL_LINEAGE,68,-5.619064962314639,1.0
BRCA,kegg,0,7,KEGG_HISTIDINE_METABOLISM,19,1.8943172031577844,1.0
BRCA,kegg,0,7,KEGG_HOMOLOGOUS_RECOMBINATION,24,-0.46668448482947483,1.0
BRCA,kegg,0,7,KEGG_HUNTINGTONS_DISEASE,143,4.709168672477644,1.0
BRCA,kegg,0,7,KEGG_HYPERTROPHIC_CARDIOMYOPATHY_HCM,61,0.10590872746799927,1.0
BRCA,kegg,0,7,KEGG_INOSITOL_PHOSPHATE_METABOLISM,50,0.734878807172526,1.0
BRCA,kegg,0,7,KEGG_INSULIN_SIGNALING_PATHWAY,115,3.4950965022426135,1.0
BRCA,kegg,0,7,KEGG_INTESTINAL_IMMUNE_NETWORK_FOR_IGA_PRODUCTION,40,-7.989801176509033,1.0
BRCA,kegg,0,7,KEGG_JAK_STAT_SIGNALING_PATHWAY,109,-1.6936694265397192,1.0
BRCA,kegg,0,7,KEGG_LEISHMANIA_INFECTION,66,-7.282293745395757,1.0
BRCA,kegg,0,7,KEGG_LEUKOCYTE_TRANSENDOTHELIAL_MIGRATION,93,-1.2242671465642436,1.0
BRCA,kegg,0,7,KEGG_LINOLEIC_ACID_METABOLISM,10,-0.6350885770390375,1.0
BRCA,kegg,0,7,KEGG_LONG_TERM_DEPRESSION,49,0.8219392283668064,1.0
BRCA,kegg,0,7,KEGG_LONG_TERM_POTENTIATION,51,0.49771556659766514,1.0
BRCA,kegg,0,7,KEGG_LYSINE_DEGRADATION,39,0.6937039612336837,1.0
BRCA,kegg,0,7,KEGG_LYSOSOME,113,2.298870839697429,1.0
BRCA,kegg,0,7,KEGG_MAPK_SIGNALING_PATHWAY,214,-0.47837873534599074,1.0
BRCA,kegg,0,7,KEGG_MELANOGENESIS,78,0.18243924908523532,1.0
BRCA,kegg,0,7,KEGG_MELANOMA,56,0.8106171542724491,1.0
BRCA,kegg,0,7,KEGG_METABOLISM_OF_XENOBIOTICS_BY_CYTOCHROME_P450,28,0.7019975491361969,1.0
BRCA,kegg,0,7,KEGG_MISMATCH_REPAIR,22,-0.24731721026916145,1.0
BRCA,kegg,0,7,KEGG_MTOR_SIGNALING_PATHWAY,41,0.8792183094587267,1.0
BRCA,kegg,0,7,KEGG_NATURAL_KILLER_CELL_MEDIATED_CYTOTOXICITY,106,-4.420258388994901,1.0
BRCA,kegg,0,7,KEGG_NEUROACTIVE_LIGAND_RECEPTOR_INTERACTION,104,-3.244104089057244,1.0
BRCA,kegg,0,7,KEGG_NEUROTROPHIN_SIGNALING_PATHWAY,111,1.4322686502326143,1.0
BRCA,kegg,0,7,KEGG_NICOTINATE_AND_NICOTINAMIDE_METABOLISM,21,-0.08808581643280317,1.0
BRCA,kegg,0,7,KEGG_NITROGEN_METABOLISM,15,3.167590604140258,1.0
BRCA,kegg,0,7,KEGG_NOD_LIKE_RECEPTOR_SIGNALING_PATHWAY,57,-0.8306225757696069,1.0
BRCA,kegg,0,7,KEGG_NON_HOMOLOGOUS_END_JOINING,11,0.11494732829574025,1.0
BRCA,kegg,0,7,KEGG_NON_SMALL_CELL_LUNG_CANCER,51,0.7843805867959556,1.0
BRCA,kegg,0,7,KEGG_NOTCH_SIGNALING_PATHWAY,44,-0.5748758514646064,1.0
BRCA,kegg,0,7,KEGG_NUCLEOTIDE_EXCISION_REPAIR,43,0.9158399307954297,1.0
BRCA,kegg,0,7,KEGG_N_GLYCAN_BIOSYNTHESIS,45,2.626107531754991,1.0
BRCA,kegg,0,7,KEGG_OLFACTORY_TRANSDUCTION,18,-1.271511228529133,1.0
BRCA,kegg,0,7,KEGG_ONE_CARBON_POOL_BY_FOLATE,15,-0.48891309659856635,1.0
BRCA,kegg,0,7,KEGG_OOCYTE_MEIOSIS,93,1.5910166856364003,1.0
BRCA,kegg,0,7,KEGG_OTHER_GLYCAN_DEGRADATION,13,1.0640599846367464,1.0
BRCA,kegg,0,7,KEGG_OXIDATIVE_PHOSPHORYLATION,91,4.523217527562869,1.0
BRCA,kegg,0,7,KEGG_O_GLYCAN_BIOSYNTHESIS,21,0.7652732782085756,1.0
BRCA,kegg,0,7,KEGG_P53_SIGNALING_PATHWAY,63,0.06773419424603618,1.0
BRCA,kegg,0,7,KEGG_PANCREATIC_CANCER,68,0.007832571294502778,1.0
BRCA,kegg,0,7,KEGG_PANTOTHENATE_AND_COA_BIOSYNTHESIS,13,1.1552672576598264,1.0
BRCA,kegg,0,7,KEGG_PARKINSONS_DISEASE,89,3.176529859058106,1.0
BRCA,kegg,0,7,KEGG_PATHOGENIC_ESCHERICHIA_COLI_INFECTION,49,1.5137188966105286,1.0
BRCA,kegg,0,7,KEGG_PATHWAYS_IN_CANCER,279,-0.7876331781348864,1.0
BRCA,kegg,0,7,KEGG_PENTOSE_PHOSPHATE_PATHWAY,22,1.0502191485531382,1.0
BRCA,kegg,0,7,KEGG_PEROXISOME,71,5.108803993735644,1.0
BRCA,kegg,0,7,KEGG_PHENYLALANINE_METABOLISM,13,1.045718930820704,1.0
BRCA,kegg,0,7,KEGG_PHOSPHATIDYLINOSITOL_SIGNALING_SYSTEM,68,0.531157431154428,1.0
BRCA,kegg,0,7,KEGG_PORPHYRIN_AND_CHLOROPHYLL_METABOLISM,20,2.376987523715722,1.0
BRCA,kegg,0,7,KEGG_PPAR_SIGNALING_PATHWAY,52,-1.4268341731226597,1.0
BRCA,kegg,0,7,KEGG_PRIMARY_BILE_ACID_BIOSYNTHESIS,11,0.15481055455062537,1.0
BRCA,kegg,0,7,KEGG_PRIMARY_IMMUNODEFICIENCY,30,-5.595502836683832,1.0
BRCA,kegg,0,7,KEGG_PRION_DISEASES,29,-5.146236473149396,1.0
BRCA,kegg,0,7,KEGG_PROGESTERONE_MEDIATED_OOCYTE_MATURATION,72,0.9888082790310565,1.0
BRCA,kegg,0,7,KEGG_PROPANOATE_METABOLISM,28,2.8227610247624386,1.0
BRCA,kegg,0,7,KEGG_PROSTATE_CANCER,83,2.124538061478405,1.0
BRCA,kegg,0,7,KEGG_PROTEASOME,41,1.0655711660417122,1.0
BRCA,kegg,0,7,KEGG_PROTEIN_EXPORT,23,2.3609961147432164,1.0
BRCA,kegg,0,7,KEGG_PROXIMAL_TUBULE_BICARBONATE_RECLAMATION,17,0.7001222881444857,1.0
BRCA,kegg,0,7,KEGG_PURINE_METABOLISM,132,1.1547549898467204,1.0
BRCA,kegg,0,7,KEGG_PYRIMIDINE_METABOLISM,90,0.8196922466579727,1.0
BRCA,kegg,0,7,KEGG_PYRUVATE_METABOLISM,33,1.876518477689256,1.0
BRCA,kegg,0,7,KEGG_REGULATION_OF_ACTIN_CYTOSKELETON,170,0.9204241302719948,1.0
BRCA,kegg,0,7,KEGG_REGULATION_OF_AUTOPHAGY,20,-0.050465202563116464,1.0
BRCA,kegg,0,7,KEGG_RENAL_CELL_CARCINOMA,64,-0.19996222853938225,1.0
BRCA,kegg,0,7,KEGG_RENIN_ANGIOTENSIN_SYSTEM,10,-0.18026162028855927,1.0
BRCA,kegg,0,7,KEGG_RETINOL_METABOLISM,17,-0.9057158290644762,1.0
BRCA,kegg,0,7,KEGG_RIBOFLAVIN_METABOLISM,11,0.1439893291927302,1.0
BRCA,kegg,0,7,KEGG_RIG_I_LIKE_RECEPTOR_SIGNALING_PATHWAY,50,-0.7532726793335772,1.0
BRCA,kegg,0,7,KEGG_RNA_DEGRADATION,50,-0.4119189908264274,1.0
BRCA,kegg,0,7,KEGG_RNA_POLYMERASE,28,0.5475904363358662,1.0
BRCA,kegg,0,7,KEGG_SELENOAMINO_ACID_METABOLISM,22,2.4709345111174867,1.0
BRCA,kegg,0,7,KEGG_SMALL_CELL_LUNG_CANCER,78,0.10047883729955864,1.0
BRCA,kegg,0,7,KEGG_SNARE_INTERACTIONS_IN_VESICULAR_TRANSPORT,36,0.7353087872357151,1.0
BRCA,kegg,0,7,KEGG_SPHINGOLIPID_METABOLISM,32,1.5246550580476776,1.0
BRCA,kegg,0,7,KEGG_SPLICEOSOME,126,0.9042270614628409,1.0
BRCA,kegg,0,7,KEGG_STARCH_AND_SUCROSE_METABOLISM,21,2.0960222091824545,1.0
BRCA,kegg,0,7,KEGG_STEROID_BIOSYNTHESIS,15,3.0319700859668233,1.0
BRCA,kegg,0,7,KEGG_STEROID_HORMONE_BIOSYNTHESIS,19,0.44609439297993875,1.0
BRCA,kegg,0,7,KEGG_SULFUR_METABOLISM,11,0.6914646252919306,1.0
BRCA,kegg,0,7,KEGG_SYSTEMIC_LUPUS_ERYTHEMATOSUS,44,-10.438779737821084,1.0
BRCA,kegg,0,7,KEGG_TASTE_TRANSDUCTION,13,0.7790664039871036,1.0
BRCA,kegg,0,7,KEGG_TERPENOID_BACKBONE_BIOSYNTHESIS,14,1.766727150551059,1.0
BRCA,kegg,0,7,KEGG_TGF_BETA_SIGNALING_PATHWAY,69,-1.8420063891432321,1.0
BRCA,kegg,0,7,KEGG_THYROID_CANCER,28,2.8671701432579266,1.0
BRCA,kegg,0,7,KEGG_TIGHT_JUNCTION,97,3.7815032558165944,1.0
BRCA,kegg,0,7,KEGG_TOLL_LIKE_RECEPTOR_SIGNALING_PATHWAY,85,-3.6205051221342206,1.0
BRCA,kegg,0,7,KEGG_TRYPTOPHAN_METABOLISM,27,0.3132496534919908,1.0
BRCA,kegg,0,7,KEGG_TYPE_II_DIABETES_MELLITUS,34,1.2007677346890513,1.0
BRCA,kegg,0,7,KEGG_TYPE_I_DIABETES_MELLITUS,36,-9.789902490058774,1.0
BRCA,kegg,0,7,KEGG_TYROSINE_METABOLISM,28,1.4671248345994872,1.0
BRCA,kegg,0,7,KEGG_T_CELL_RECEPTOR_SIGNALING_PATHWAY,101,-1.7448291418638489,1.0
BRCA,kegg,0,7,KEGG_UBIQUITIN_MEDIATED_PROTEOLYSIS,126,1.179628932937335,1.0
BRCA,kegg,0,7,KEGG_VALINE_LEUCINE_AND_ISOLEUCINE_DEGRADATION,43,3.5056149133490435,1.0
BRCA,kegg,0,7,KEGG_VASCULAR_SMOOTH_MUSCLE_CONTRACTION,88,0.23055591395752023,1.0
BRCA,kegg,0,7,KEGG_VASOPRESSIN_REGULATED_WATER_REABSORPTION,39,3.2401523850399783,1.0
BRCA,kegg,0,7,KEGG_VEGF_SIGNALING_PATHWAY,63,0.729389116793608,1.0
BRCA,kegg,0,7,KEGG_VIBRIO_CHOLERAE_INFECTION,47,2.205306388816781,1.0
BRCA,kegg,0,7,KEGG_VIRAL_MYOCARDITIS,57,-7.479974346491479,1.0
BRCA,kegg,0,7,KEGG_WNT_SIGNALING_PATHWAY,126,-1.5508075585780998,1.0
BRCA,kegg,1,0,KEGG_ABC_TRANSPORTERS,33,-0.37129479816907024,0.9956202626824646
BRCA,kegg,1,0,KEGG_ACUTE_MYELOID_LEUKEMIA,53,0.9985168562848694,0.9956202626824646
BRCA,kegg,1,0,KEGG_ADHERENS_JUNCTION,65,-1.0596903030333,0.9956202626824646
BRCA,kegg,1,0,KEGG_ADIPOCYTOKINE_SIGNALING_PATHWAY,54,-0.04307695522146611,0.9956202626824646
BRCA,kegg,1,0,KEGG_ALANINE_ASPARTATE_AND_GLUTAMATE_METABOLISM,25,1.225140566139046,0.9956202626824646
BRCA,kegg,1,0,KEGG_ALDOSTERONE_REGULATED_SODIUM_REABSORPTION,33,-0.8025270342714674,0.9956202626824646
BRCA,kegg,1,0,KEGG_ALLOGRAFT_REJECTION,32,-4.958357836624478,0.9956202626824646
BRCA,kegg,1,0,KEGG_ALPHA_LINOLENIC_ACID_METABOLISM,10,-0.28097844386411946,0.9956202626824646
BRCA,kegg,1,0,KEGG_ALZHEIMERS_DISEASE,128,5.842853383985029,0.9956202626824646
BRCA,kegg,1,0,KEGG_AMINOACYL_TRNA_BIOSYNTHESIS,22,2.2596225358860016,0.9956202626824646
BRCA,kegg,1,0,KEGG_AMINO_SUGAR_AND_NUCLEOTIDE_SUGAR_METABOLISM,39,0.921961334462631,0.9956202626824646
BRCA,kegg,1,0,KEGG_AMYOTROPHIC_LATERAL_SCLEROSIS_ALS,41,1.3638505637461278,0.9956202626824646
BRCA,kegg,1,0,KEGG_ANTIGEN_PROCESSING_AND_PRESENTATION,66,-0.5464472024521193,0.9956202626824646
BRCA,kegg,1,0,KEGG_APOPTOSIS,82,-0.617623751684112,0.9956202626824646
BRCA,kegg,1,0,KEGG_ARACHIDONIC_ACID_METABOLISM,33,-2.050628650883635,0.9956202626824646
BRCA,kegg,1,0,KEGG_ARGININE_AND_PROLINE_METABOLISM,43,1.8286500814380684,0.9956202626824646
BRCA,kegg,1,0,KEGG_ARRHYTHMOGENIC_RIGHT_VENTRICULAR_CARDIOMYOPATHY_ARVC,58,-2.622955901028836,0.9956202626824646
BRCA,kegg,1,0,KEGG_ASTHMA,18,-6.361353037504795,0.9956202626824646
BRCA,kegg,1,0,KEGG_AUTOIMMUNE_THYROID_DISEASE,33,-4.777398341237866,0.9956202626824646
BRCA,kegg,1,0,KEGG_AXON_GUIDANCE,111,-2.7163780638241874,0.9956202626824646
BRCA,kegg,1,0,KEGG_BASAL_CELL_CARCINOMA,38,-1.3539505145258717,0.9956202626824646
BRCA,kegg,1,0,KEGG_BASAL_TRANSCRIPTION_FACTORS,31,1.475432252933818,0.9956202626824646
BRCA,kegg,1,0,KEGG_BASE_EXCISION_REPAIR,33,4.584767255064384,0.9956202626824646
BRCA,kegg,1,0,KEGG_BETA_ALANINE_METABOLISM,16,0.6221499028826515,0.9956202626824646
BRCA,kegg,1,0,KEGG_BIOSYNTHESIS_OF_UNSATURATED_FATTY_ACIDS,21,1.854354415753083,0.9956202626824646
BRCA,kegg,1,0,KEGG_BLADDER_CANCER,40,0.10265572375932563,0.9956202626824646
BRCA,kegg,1,0,KEGG_BUTANOATE_METABOLISM,28,0.8617071412773631,0.9956202626824646
BRCA,kegg,1,0,KEGG_B_CELL_RECEPTOR_SIGNALING_PATHWAY,71,-1.4657204222408369,0.9956202626824646
BRCA,kegg,1,0,KEGG_CALCIUM_SIGNALING_PATHWAY,112,-1.5186727697642421,0.9956202626824646
BRCA,kegg,1,0,KEGG_CARDIAC_MUSCLE_CONTRACTION,51,2.8194738278828924,0.9956202626824646
BRCA,kegg,1,0,KEGG_CELL_ADHESION_MOLECULES_CAMS,109,-6.426687342630554,0.9956202626824646
BRCA,kegg,1,0,KEGG_CELL_CYCLE,116,8.141266815926063,0.9956202626824646
BRCA,kegg,1,0,KEGG_CHEMOKINE_SIGNALING_PATHWAY,155,-2.3125663940850827,0.9956202626824646
BRCA,kegg,1,0,KEGG_CHRONIC_MYELOID_LEUKEMIA,70,0.8554866471943807,0.9956202626824646
BRCA,kegg,1,0,KEGG_CIRCADIAN_RHYTHM_MAMMAL,12,-1.2025770126955435,0.9956202626824646
BRCA,kegg,1,0,KEGG_CITRATE_CYCLE_TCA_CYCLE,27,4.1947715018375735,0.9956202626824646
BRCA,kegg,1,0,KEGG_COLORECTAL_CANCER,59,-1.3367096887953591,0.9956202626824646
BRCA,kegg,1,0,KEGG_COMPLEMENT_AND_COAGULATION_CASCADES,45,-9.076454857851843,0.9956202626824646
BRCA,kegg,1,0,KEGG_CYSTEINE_AND_METHIONINE_METABOLISM,27,3.002718833199601,0.9956202626824646
BRCA,kegg,1,0,KEGG_CYTOKINE_CYTOKINE_RECEPTOR_INTERACTION,191,-7.697157698092282,0.9956202626824646
BRCA,kegg,1,0,KEGG_CYTOSOLIC_DNA_SENSING_PATHWAY,38,0.446801424844898,0.9956202626824646
BRCA,kegg,1,0,KEGG_DILATED_CARDIOMYOPATHY,66,-4.172874075873339,0.9956202626824646
BRCA,kegg,1,0,KEGG_DNA_REPLICATION,35,6.438382550907607,0.9956202626824646
BRCA,kegg,1,0,KEGG_DORSO_VENTRAL_AXIS_FORMATION,19,-0.7003541746069277,0.9956202626824646
BRCA,kegg,1,0,KEGG_DRUG_METABOLISM_CYTOCHROME_P450,29,-1.5651455814525146,0.9956202626824646
BRCA,kegg,1,0,KEGG_DRUG_METABOLISM_OTHER_ENZYMES,22,1.9346642195236128,0.9956202626824646
BRCA,kegg,1,0,KEGG_ECM_RECEPTOR_INTERACTION,69,-17.847567313106666,0.9956202626824646
BRCA,kegg,1,0,KEGG_ENDOCYTOSIS,166,1.5733397818702397,0.9956202626824646
BRCA,kegg,1,0,KEGG_ENDOMETRIAL_CANCER,48,1.0626550932551209,0.9956202626824646
BRCA,kegg,1,0,KEGG_EPITHELIAL_CELL_SIGNALING_IN_HELICOBACTER_PYLORI_INFECTION,61,0.9657659822416246,0.9956202626824646
BRCA,kegg,1,0,KEGG_ERBB_SIGNALING_PATHWAY,75,0.5915108793346063,0.9956202626824646
BRCA,kegg,1,0,KEGG_ETHER_LIPID_METABOLISM,24,-0.905803527163756,0.9956202626824646
BRCA,kegg,1,0,KEGG_FATTY_ACID_METABOLISM,34,0.9695999144169365,0.9956202626824646
BRCA,kegg,1,0,KEGG_FC_EPSILON_RI_SIGNALING_PATHWAY,64,-0.4916370774220925,0.9956202626824646
BRCA,kegg,1,0,KEGG_FC_GAMMA_R_MEDIATED_PHAGOCYTOSIS,87,-1.2586558293423449,0.9956202626824646
BRCA,kegg,1,0,KEGG_FOCAL_ADHESION,176,-13.998714525851314,0.9956202626824646
BRCA,kegg,1,0,KEGG_FRUCTOSE_AND_MANNOSE_METABOLISM,28,1.4768309508997113,0.9956202626824646
BRCA,kegg,1,0,KEGG_GALACTOSE_METABOLISM,21,1.0412007817748814,0.9956202626824646
BRCA,kegg,1,0,KEGG_GAP_JUNCTION,69,0.1422199713260128,0.9956202626824646
BRCA,kegg,1,0,KEGG_GLIOMA,59,0.23792790096483704,0.9956202626824646
BRCA,kegg,1,0,KEGG_GLUTATHIONE_METABOLISM,41,1.5168283234335793,0.9956202626824646
BRCA,kegg,1,0,KEGG_GLYCEROLIPID_METABOLISM,39,-0.6953861159567303,0.9956202626824646
BRCA,kegg,1,0,KEGG_GLYCEROPHOSPHOLIPID_METABOLISM,61,0.5429978639888812,0.9956202626824646
BRCA,kegg,1,0,KEGG_GLYCINE_SERINE_AND_THREONINE_METABOLISM,22,0.7337989006481592,0.9956202626824646
BRCA,kegg,1,0,KEGG_GLYCOLYSIS_GLUCONEOGENESIS,43,3.9516169603159215,0.9956202626824646
BRCA,kegg,1,0,KEGG_GLYCOSAMINOGLYCAN_BIOSYNTHESIS_CHONDROITIN_SULFATE,21,-1.8376432010452715,0.9956202626824646
BRCA,kegg,1,0,KEGG_GLYCOSAMINOGLYCAN_BIOSYNTHESIS_HEPARAN_SULFATE,18,-0.12571260412690732,0.9956202626824646
BRCA,kegg,1,0,KEGG_GLYCOSAMINOGLYCAN_BIOSYNTHESIS_KERATAN_SULFATE,13,0.6699196315415973,0.9956202626824646
BRCA,kegg,1,0,KEGG_GLYCOSAMINOGLYCAN_DEGRADATION,18,-0.7388823045444065,0.9956202626824646
BRCA,kegg,1,0,KEGG_GLYCOSPHINGOLIPID_BIOSYNTHESIS_GANGLIO_SERIES,14,-0.3627280275443536,0.9956202626824646
BRCA,kegg,1,0,KEGG_GLYCOSPHINGOLIPID_BIOSYNTHESIS_GLOBO_SERIES,12,-0.2921071889426596,0.9956202626824646
BRCA,kegg,1,0,KEGG_GLYCOSPHINGOLIPID_BIOSYNTHESIS_LACTO_AND_NEOLACTO_SERIES,20,0.22910301161545743,0.9956202626824646
BRCA,kegg,1,0,KEGG_GLYCOSYLPHOSPHATIDYLINOSITOL_GPI_ANCHOR_BIOSYNTHESIS,23,1.5269642723860695,0.9956202626824646
BRCA,kegg,1,0,KEGG_GLYOXYLATE_AND_DICARBOXYLATE_METABOLISM,13,2.1840369802093407,0.9956202626824646
BRCA,kegg,1,0,KEGG_GNRH_SIGNALING_PATHWAY,80,-1.262330080025896,0.9956202626824646
BRCA,kegg,1,0,KEGG_GRAFT_VERSUS_HOST_DISEASE,37,-4.838927365020926,0.9956202626824646
BRCA,kegg,1,0,KEGG_HEDGEHOG_SIGNALING_PATHWAY,35,-1.4164547007049788,0.9956202626824646
BRCA,kegg,1,0,KEGG_HEMATOPOIETIC_CELL_LINEAGE,68,-5.106649997492887,0.9956202626824646
BRCA,kegg,1,0,KEGG_HISTIDINE_METABOLISM,19,-0.49959783748673314,0.9956202626824646
BRCA,kegg,1,0,KEGG_HOMOLOGOUS_RECOMBINATION,24,1.9332138773339393,0.9956202626824646
BRCA,kegg,1,0,KEGG_HUNTINGTONS_DISEASE,143,8.49582285602589,0.9956202626824646
BRCA,kegg,1,0,KEGG_HYPERTROPHIC_CARDIOMYOPATHY_HCM,61,-4.637831337498381,0.9956202626824646
BRCA,kegg,1,0,KEGG_INOSITOL_PHOSPHATE_METABOLISM,50,1.2697542197423999,0.9956202626824646
BRCA,kegg,1,0,KEGG_INSULIN_SIGNALING_PATHWAY,115,1.9297031960566458,0.9956202626824646
BRCA,kegg,1,0,KEGG_INTESTINAL_IMMUNE_NETWORK_FOR_IGA_PRODUCTION,40,-6.171373445076446,0.9956202626824646
BRCA,kegg,1,0,KEGG_JAK_STAT_SIGNALING_PATHWAY,109,-2.7698582994392584,0.9956202626824646
BRCA,kegg,1,0,KEGG_LEISHMANIA_INFECTION,66,-5.809329503162897,0.9956202626824646
BRCA,kegg,1,0,KEGG_LEUKOCYTE_TRANSENDOTHELIAL_MIGRATION,93,-5.088158791151648,0.9956202626824646
BRCA,kegg,1,0,KEGG_LINOLEIC_ACID_METABOLISM,10,-1.0548962921754157,0.9956202626824646
BRCA,kegg,1,0,KEGG_LONG_TERM_DEPRESSION,49,0.5330973219231568,0.9956202626824646
BRCA,kegg,1,0,KEGG_LONG_TERM_POTENTIATION,51,1.1006956917703365,0.9956202626824646
BRCA,kegg,1,0,KEGG_LYSINE_DEGRADATION,39,1.3780023825192944,0.9956202626824646
BRCA,kegg,1,0,KEGG_LYSOSOME,113,0.4617671169817504,0.9956202626824646
BRCA,kegg,1,0,KEGG_MAPK_SIGNALING_PATHWAY,214,-2.645797270761184,0.9956202626824646
BRCA,kegg,1,0,KEGG_MELANOGENESIS,78,-0.8653133837765581,0.9956202626824646
BRCA,kegg,1,0,KEGG_MELANOMA,56,-0.6788111954871521,0.9956202626824646
BRCA,kegg,1,0,KEGG_METABOLISM_OF_XENOBIOTICS_BY_CYTOCHROME_P450,28,-1.7271271344927495,0.9956202626824646
BRCA,kegg,1,0,KEGG_MISMATCH_REPAIR,22,4.273832780670143,0.9956202626824646
BRCA,kegg,1,0,KEGG_MTOR_SIGNALING_PATHWAY,41,-0.10223915530948817,0.9956202626824646
BRCA,kegg,1,0,KEGG_NATURAL_KILLER_CELL_MEDIATED_CYTOTOXICITY,106,-1.9206350186454764,0.9956202626824646
BRCA,kegg,1,0,KEGG_NEUROACTIVE_LIGAND_RECEPTOR_INTERACTION,104,-3.447632816126358,0.9956202626824646
BRCA,kegg,1,0,KEGG_NEUROTROPHIN_SIGNALING_PATHWAY,111,1.4702604125498449,0.9956202626824646
BRCA,kegg,1,0,KEGG_NICOTINATE_AND_NICOTINAMIDE_METABOLISM,21,-1.2568133858452215,0.9956202626824646
BRCA,kegg,1,0,KEGG_NITROGEN_METABOLISM,15,-0.3973701292485042,0.9956202626824646
BRCA,kegg,1,0,KEGG_NOD_LIKE_RECEPTOR_SIGNALING_PATHWAY,57,0.43168790089315906,0.9956202626824646
BRCA,kegg,1,0,KEGG_NON_HOMOLOGOUS_END_JOINING,11,2.1025965412918906,0.9956202626824646
BRCA,kegg,1,0,KEGG_NON_SMALL_CELL_LUNG_CANCER,51,0.9538520757504404,0.9956202626824646
BRCA,kegg,1,0,KEGG_NOTCH_SIGNALING_PATHWAY,44,0.592144075479276,0.9956202626824646
BRCA,kegg,1,0,KEGG_NUCLEOTIDE_EXCISION_REPAIR,43,4.153971580288235,0.9956202626824646
BRCA,kegg,1,0,KEGG_N_GLYCAN_BIOSYNTHESIS,45,2.6181337630835633,0.9956202626824646
BRCA,kegg,1,0,KEGG_OLFACTORY_TRANSDUCTION,18,-0.26992182718780366,0.9956202626824646
BRCA,kegg,1,0,KEGG_ONE_CARBON_POOL_BY_FOLATE,15,1.5415987209221882,0.9956202626824646
BRCA,kegg,1,0,KEGG_OOCYTE_MEIOSIS,93,5.5008043314927955,0.9956202626824646
BRCA,kegg,1,0,KEGG_OTHER_GLYCAN_DEGRADATION,13,0.21145320940043688,0.9956202626824646
BRCA,kegg,1,0,KEGG_OXIDATIVE_PHOSPHORYLATION,91,8.073238811535868,0.9956202626824646
BRCA,kegg,1,0,KEGG_O_GLYCAN_BIOSYNTHESIS,21,-1.1963103859963808,0.9956202626824646
BRCA,kegg,1,0,KEGG_P53_SIGNALING_PATHWAY,63,0.37482388421645235,0.9956202626824646
BRCA,kegg,1,0,KEGG_PANCREATIC_CANCER,68,-0.8075784833107216,0.9956202626824646
BRCA,kegg,1,0,KEGG_PANTOTHENATE_AND_COA_BIOSYNTHESIS,13,0.18705850827418727,0.9956202626824646
BRCA,kegg,1,0,KEGG_PARKINSONS_DISEASE,89,8.700177829853505,0.9956202626824646
BRCA,kegg,1,0,KEGG_PATHOGENIC_ESCHERICHIA_COLI_INFECTION,49,2.527657869947433,0.9956202626824646
BRCA,kegg,1,0,KEGG_PATHWAYS_IN_CANCER,279,-3.105732596975187,0.9956202626824646
BRCA,kegg,1,0,KEGG_PENTOSE_PHOSPHATE_PATHWAY,22,2.6650089187467367,0.9956202626824646
BRCA,kegg,1,0,KEGG_PEROXISOME,71,2.1562707989203296,0.9956202626824646
BRCA,kegg,1,0,KEGG_PHENYLALANINE_METABOLISM,13,-0.06150273561816685,0.9956202626824646
BRCA,kegg,1,0,KEGG_PHOSPHATIDYLINOSITOL_SIGNALING_SYSTEM,68,0.22400952363139526,0.9956202626824646
BRCA,kegg,1,0,KEGG_PORPHYRIN_AND_CHLOROPHYLL_METABOLISM,20,0.7853158986186374,0.9956202626824646
BRCA,kegg,1,0,KEGG_PPAR_SIGNALING_PATHWAY,52,-1.7496139040008474,0.9956202626824646
BRCA,kegg,1,0,KEGG_PRIMARY_BILE_ACID_BIOSYNTHESIS,11,-0.5184767150679233,0.9956202626824646
BRCA,kegg,1,0,KEGG_PRIMARY_IMMUNODEFICIENCY,30,-1.1004755616522466,0.9956202626824646
BRCA,kegg,1,0,KEGG_PRION_DISEASES,29,-0.8619232148407386,0.9956202626824646
BRCA,kegg,1,0,KEGG_PROGESTERONE_MEDIATED_OOCYTE_MATURATION,72,3.3589010974038835,0.9956202626824646
BRCA,kegg,1,0,KEGG_PROPANOATE_METABOLISM,28,1.4811861619941233,0.9956202626824646
BRCA,kegg,1,0,KEGG_PROSTATE_CANCER,83,0.45755448676290905,0.9956202626824646
BRCA,kegg,1,0,KEGG_PROTEASOME,41,7.27540664947691,0.9956202626824646
BRCA,kegg,1,0,KEGG_PROTEIN_EXPORT,23,2.9387953620271943,0.9956202626824646
BRCA,kegg,1,0,KEGG_PROXIMAL_TUBULE_BICARBONATE_RECLAMATION,17,-0.5356127511354937,0.9956202626824646
BRCA,kegg,1,0,KEGG_PURINE_METABOLISM,132,4.222499153276176,0.9956202626824646
BRCA,kegg,1,0,KEGG_PYRIMIDINE_METABOLISM,90,5.10920653199511,0.9956202626824646
BRCA,kegg,1,0,KEGG_PYRUVATE_METABOLISM,33,3.115107460919658,0.9956202626824646
BRCA,kegg,1,0,KEGG_REGULATION_OF_ACTIN_CYTOSKELETON,170,-3.866091402914446,0.9956202626824646
BRCA,kegg,1,0,KEGG_REGULATION_OF_AUTOPHAGY,20,0.2582746008845905,0.9956202626824646
BRCA,kegg,1,0,KEGG_RENAL_CELL_CARCINOMA,64,-1.3237542737485097,0.9956202626824646
BRCA,kegg,1,0,KEGG_RENIN_ANGIOTENSIN_SYSTEM,10,0.1620371560115336,0.9956202626824646
BRCA,kegg,1,0,KEGG_RETINOL_METABOLISM,17,-0.7579071612355921,0.9956202626824646
BRCA,kegg,1,0,KEGG_RIBOFLAVIN_METABOLISM,11,0.9651939272714796,0.9956202626824646
BRCA,kegg,1,0,KEGG_RIG_I_LIKE_RECEPTOR_SIGNALING_PATHWAY,50,0.8905409122103679,0.9956202626824646
BRCA,kegg,1,0,KEGG_RNA_DEGRADATION,50,3.760649648254864,0.9956202626824646
BRCA,kegg,1,0,KEGG_RNA_POLYMERASE,28,3.333036849723676,0.9956202626824646
BRCA,kegg,1,0,KEGG_SELENOAMINO_ACID_METABOLISM,22,1.715786056320981,0.9956202626824646
BRCA,kegg,1,0,KEGG_SMALL_CELL_LUNG_CANCER,78,-1.5763077108203614,0.9956202626824646
BRCA,kegg,1,0,KEGG_SNARE_INTERACTIONS_IN_VESICULAR_TRANSPORT,36,0.5956921545583831,0.9956202626824646
BRCA,kegg,1,0,KEGG_SPHINGOLIPID_METABOLISM,32,-0.3201875869890945,0.9956202626824646
BRCA,kegg,1,0,KEGG_SPLICEOSOME,126,10.380355737409692,0.9956202626824646
BRCA,kegg,1,0,KEGG_STARCH_AND_SUCROSE_METABOLISM,21,0.4698972504344157,0.9956202626824646
BRCA,kegg,1,0,KEGG_STEROID_BIOSYNTHESIS,15,2.103859484101663,0.9956202626824646
BRCA,kegg,1,0,KEGG_STEROID_HORMONE_BIOSYNTHESIS,19,-1.3290619898330962,0.9956202626824646
BRCA,kegg,1,0,KEGG_SULFUR_METABOLISM,11,-0.11765059558195917,0.9956202626824646
BRCA,kegg,1,0,KEGG_SYSTEMIC_LUPUS_ERYTHEMATOSUS,44,-6.6182664482787565,0.9956202626824646
BRCA,kegg,1,0,KEGG_TASTE_TRANSDUCTION,13,0.9164388651240716,0.9956202626824646
BRCA,kegg,1,0,KEGG_TERPENOID_BACKBONE_BIOSYNTHESIS,14,1.0171441586652987,0.9956202626824646
BRCA,kegg,1,0,KEGG_TGF_BETA_SIGNALING_PATHWAY,69,-5.964071047015064,0.9956202626824646
BRCA,kegg,1,0,KEGG_THYROID_CANCER,28,2.7559544936423093,0.9956202626824646
BRCA,kegg,1,0,KEGG_TIGHT_JUNCTION,97,0.34089489243256466,0.9956202626824646
BRCA,kegg,1,0,KEGG_TOLL_LIKE_RECEPTOR_SIGNALING_PATHWAY,85,-2.45075499980829,0.9956202626824646
BRCA,kegg,1,0,KEGG_TRYPTOPHAN_METABOLISM,27,0.2379902097924343,0.9956202626824646
BRCA,kegg,1,0,KEGG_TYPE_II_DIABETES_MELLITUS,34,-0.4044791839951858,0.9956202626824646
BRCA,kegg,1,0,KEGG_TYPE_I_DIABETES_MELLITUS,36,-4.450187246226089,0.9956202626824646
BRCA,kegg,1,0,KEGG_TYROSINE_METABOLISM,28,-0.9517683360783131,0.9956202626824646
BRCA,kegg,1,0,KEGG_T_CELL_RECEPTOR_SIGNALING_PATHWAY,101,-1.433357377276109,0.9956202626824646
BRCA,kegg,1,0,KEGG_UBIQUITIN_MEDIATED_PROTEOLYSIS,126,3.9182034527513565,0.9956202626824646
BRCA,kegg,1,0,KEGG_VALINE_LEUCINE_AND_ISOLEUCINE_DEGRADATION,43,1.5678921855232493,0.9956202626824646
BRCA,kegg,1,0,KEGG_VASCULAR_SMOOTH_MUSCLE_CONTRACTION,88,-1.9559296375601614,0.9956202626824646
BRCA,kegg,1,0,KEGG_VASOPRESSIN_REGULATED_WATER_REABSORPTION,39,1.0917913300124324,0.9956202626824646
BRCA,kegg,1,0,KEGG_VEGF_SIGNALING_PATHWAY,63,-0.25463910656642696,0.9956202626824646
BRCA,kegg,1,0,KEGG_VIBRIO_CHOLERAE_INFECTION,47,2.4033608309886754,0.9956202626824646
BRCA,kegg,1,0,KEGG_VIRAL_MYOCARDITIS,57,-4.257612989981745,0.9956202626824646
BRCA,kegg,1,0,KEGG_WNT_SIGNALING_PATHWAY,126,-1.6819179251110734,0.9956202626824646
BRCA,kegg,1,1,KEGG_ABC_TRANSPORTERS,33,-0.007222783890839463,0.9987246602806066
BRCA,kegg,1,1,KEGG_ACUTE_MYELOID_LEUKEMIA,53,0.46716676445698835,0.9987246602806066
BRCA,kegg,1,1,KEGG_ADHERENS_JUNCTION,65,1.2422357964160367,0.9987246602806066
BRCA,kegg,1,1,KEGG_ADIPOCYTOKINE_SIGNALING_PATHWAY,54,1.4498911801123278,0.9987246602806066
BRCA,kegg,1,1,KEGG_ALANINE_ASPARTATE_AND_GLUTAMATE_METABOLISM,25,0.853561228204149,0.9987246602806066
BRCA,kegg,1,1,KEGG_ALDOSTERONE_REGULATED_SODIUM_REABSORPTION,33,1.2985281487410567,0.9987246602806066
BRCA,kegg,1,1,KEGG_ALLOGRAFT_REJECTION,32,8.024669552353455,0.9987246602806066
BRCA,kegg,1,1,KEGG_ALPHA_LINOLENIC_ACID_METABOLISM,10,-0.23057920304115992,0.9987246602806066
BRCA,kegg,1,1,KEGG_ALZHEIMERS_DISEASE,128,-0.35291116925867894,0.9987246602806066
BRCA,kegg,1,1,KEGG_AMINOACYL_TRNA_BIOSYNTHESIS,22,0.1766988183043419,0.9987246602806066
BRCA,kegg,1,1,KEGG_AMINO_SUGAR_AND_NUCLEOTIDE_SUGAR_METABOLISM,39,0.39003355381541516,0.9987246602806066
BRCA,kegg,1,1,KEGG_AMYOTROPHIC_LATERAL_SCLEROSIS_ALS,41,0.6675464981436693,0.9987246602806066
BRCA,kegg,1,1,KEGG_ANTIGEN_PROCESSING_AND_PRESENTATION,66,9.418908613248895,0.9987246602806066
BRCA,kegg,1,1,KEGG_APOPTOSIS,82,3.09354582855157,0.9987246602806066
BRCA,kegg,1,1,KEGG_ARACHIDONIC_ACID_METABOLISM,33,-0.14148016757186005,0.9987246602806066
BRCA,kegg,1,1,KEGG_ARGININE_AND_PROLINE_METABOLISM,43,1.4101183115358378,0.9987246602806066
BRCA,kegg,1,1,KEGG_ARRHYTHMOGENIC_RIGHT_VENTRICULAR_CARDIOMYOPATHY_ARVC,58,2.0977037489354537,0.9987246602806066
BRCA,kegg,1,1,KEGG_ASTHMA,18,9.915621140497942,0.9987246602806066
BRCA,kegg,1,1,KEGG_AUTOIMMUNE_THYROID_DISEASE,33,7.735789743393361,0.9987246602806066
BRCA,kegg,1,1,KEGG_AXON_GUIDANCE,111,0.765348386936902,0.9987246602806066
BRCA,kegg,1,1,KEGG_BASAL_CELL_CARCINOMA,38,-0.8604075124044878,0.9987246602806066
BRCA,kegg,1,1,KEGG_BASAL_TRANSCRIPTION_FACTORS,31,0.7559802558132518,0.9987246602806066
BRCA,kegg,1,1,KEGG_BASE_EXCISION_REPAIR,33,-1.2362611287100636,0.9987246602806066
BRCA,kegg,1,1,KEGG_BETA_ALANINE_METABOLISM,16,2.5816981787979048,0.9987246602806066
BRCA,kegg,1,1,KEGG_BIOSYNTHESIS_OF_UNSATURATED_FATTY_ACIDS,21,1.6224735754390593,0.9987246602806066
BRCA,kegg,1,1,KEGG_BLADDER_CANCER,40,-1.9247005009150835,0.9987246602806066
BRCA,kegg,1,1,KEGG_BUTANOATE_METABOLISM,28,2.054801225593408,0.9987246602806066
BRCA,kegg,1,1,KEGG_B_CELL_RECEPTOR_SIGNALING_PATHWAY,71,3.041346855305262,0.9987246602806066
BRCA,kegg,1,1,KEGG_CALCIUM_SIGNALING_PATHWAY,112,-0.17593092564554566,0.9987246602806066
BRCA,kegg,1,1,KEGG_CARDIAC_MUSCLE_CONTRACTION,51,-0.5783547212222463,0.9987246602806066
BRCA,kegg,1,1,KEGG_CELL_ADHESION_MOLECULES_CAMS,109,6.217104436852636,0.9987246602806066
BRCA,kegg,1,1,KEGG_CELL_CYCLE,116,-3.7864406476296777,0.9987246602806066
BRCA,kegg,1,1,KEGG_CHEMOKINE_SIGNALING_PATHWAY,155,4.876967191134863,0.9987246602806066
BRCA,kegg,1,1,KEGG_CHRONIC_MYELOID_LEUKEMIA,70,1.6977707750780546,0.9987246602806066
BRCA,kegg,1,1,KEGG_CIRCADIAN_RHYTHM_MAMMAL,12,1.2429262600417175,0.9987246602806066
BRCA,kegg,1,1,KEGG_CITRATE_CYCLE_TCA_CYCLE,27,1.7844289053581752,0.9987246602806066
BRCA,kegg,1,1,KEGG_COLORECTAL_CANCER,59,2.5580289648225825,0.9987246602806066
BRCA,kegg,1,1,KEGG_COMPLEMENT_AND_COAGULATION_CASCADES,45,8.30956964358643,0.9987246602806066
BRCA,kegg,1,1,KEGG_CYSTEINE_AND_METHIONINE_METABOLISM,27,-0.3947865335317279,0.9987246602806066
BRCA,kegg,1,1,KEGG_CYTOKINE_CYTOKINE_RECEPTOR_INTERACTION,191,5.236602489675843,0.9987246602806066
BRCA,kegg,1,1,KEGG_CYTOSOLIC_DNA_SENSING_PATHWAY,38,2.1097653697329526,0.9987246602806066
BRCA,kegg,1,1,KEGG_DILATED_CARDIOMYOPATHY,66,0.548454021538308,0.9987246602806066
BRCA,kegg,1,1,KEGG_DNA_REPLICATION,35,-3.6720963916326115,0.9987246602806066
BRCA,kegg,1,1,KEGG_DORSO_VENTRAL_AXIS_FORMATION,19,0.1549429289817996,0.9987246602806066
BRCA,kegg,1,1,KEGG_DRUG_METABOLISM_CYTOCHROME_P450,29,1.9226032090240304,0.9987246602806066
BRCA,kegg,1,1,KEGG_DRUG_METABOLISM_OTHER_ENZYMES,22,0.26612856776959654,0.9987246602806066
BRCA,kegg,1,1,KEGG_ECM_RECEPTOR_INTERACTION,69,6.92992477357297,0.9987246602806066
BRCA,kegg,1,1,KEGG_ENDOCYTOSIS,166,1.8801592397615452,0.9987246602806066
BRCA,kegg,1,1,KEGG_ENDOMETRIAL_CANCER,48,0.7619899150760504,0.9987246602806066
BRCA,kegg,1,1,KEGG_EPITHELIAL_CELL_SIGNALING_IN_HELICOBACTER_PYLORI_INFECTION,61,0.6601214530761524,0.9987246602806066
BRCA,kegg,1,1,KEGG_ERBB_SIGNALING_PATHWAY,75,-0.39939893241840035,0.9987246602806066
BRCA,kegg,1,1,KEGG_ETHER_LIPID_METABOLISM,24,0.6487786311080223,0.9987246602806066
BRCA,kegg,1,1,KEGG_FATTY_ACID_METABOLISM,34,2.82668218556769,0.9987246602806066
BRCA,kegg,1,1,KEGG_FC_EPSILON_RI_SIGNALING_PATHWAY,64,1.075413453616186,0.9987246602806066
BRCA,kegg,1,1,KEGG_FC_GAMMA_R_MEDIATED_PHAGOCYTOSIS,87,1.7191612466174677,0.9987246602806066
BRCA,kegg,1,1,KEGG_FOCAL_ADHESION,176,6.222179381952899,0.9987246602806066
BRCA,kegg,1,1,KEGG_FRUCTOSE_AND_MANNOSE_METABOLISM,28,-1.590113380447666,0.9987246602806066
BRCA,kegg,1,1,KEGG_GALACTOSE_METABOLISM,21,-1.0885327344663387,0.9987246602806066
BRCA,kegg,1,1,KEGG_GAP_JUNCTION,69,-0.5541718207922166,0.9987246602806066
BRCA,kegg,1,1,KEGG_GLIOMA,59,-0.7575887082723746,0.9987246602806066
BRCA,kegg,1,1,KEGG_GLUTATHIONE_METABOLISM,41,-0.25381271597776855,0.9987246602806066
BRCA,kegg,1,1,KEGG_GLYCEROLIPID_METABOLISM,39,0.18479084221052092,0.9987246602806066
BRCA,kegg,1,1,KEGG_GLYCEROPHOSPHOLIPID_METABOLISM,61,-0.19905471209253342,0.9987246602806066
BRCA,kegg,1,1,KEGG_GLYCINE_SERINE_AND_THREONINE_METABOLISM,22,-0.7118003658574361,0.9987246602806066
BRCA,kegg,1,1,KEGG_GLYCOLYSIS_GLUCONEOGENESIS,43,-1.1046819720175387,0.9987246602806066
BRCA,kegg,1,1,KEGG_GLYCOSAMINOGLYCAN_BIOSYNTHESIS_CHONDROITIN_SULFATE,21,-1.0110610195248937,0.9987246602806066
BRCA,kegg,1,1,KEGG_GLYCOSAMINOGLYCAN_BIOSYNTHESIS_HEPARAN_SULFATE,18,-1.0342476156721394,0.9987246602806066
BRCA,kegg,1,1,KEGG_GLYCOSAMINOGLYCAN_BIOSYNTHESIS_KERATAN_SULFATE,13,0.6669458271214002,0.9987246602806066
BRCA,kegg,1,1,KEGG_GLYCOSAMINOGLYCAN_DEGRADATION,18,0.15634700253032283,0.9987246602806066
BRCA,kegg,1,1,KEGG_GLYCOSPHINGOLIPID_BIOSYNTHESIS_GANGLIO_SERIES,14,-0.1614685639529896,0.9987246602806066
BRCA,kegg,1,1,KEGG_GLYCOSPHINGOLIPID_BIOSYNTHESIS_GLOBO_SERIES,12,0.5201968316483119,0.9987246602806066
BRCA,kegg,1,1,KEGG_GLYCOSPHINGOLIPID_BIOSYNTHESIS_LACTO_AND_NEOLACTO_SERIES,20,-0.5040610416801788,0.9987246602806066
BRCA,kegg,1,1,KEGG_GLYCOSYLPHOSPHATIDYLINOSITOL_GPI_ANCHOR_BIOSYNTHESIS,23,-0.2995486423715246,0.9987246602806066
BRCA,kegg,1,1,KEGG_GLYOXYLATE_AND_DICARBOXYLATE_METABOLISM,13,-0.9265606412936518,0.9987246602806066
BRCA,kegg,1,1,KEGG_GNRH_SIGNALING_PATHWAY,80,-1.0730778724576544,0.9987246602806066
BRCA,kegg,1,1,KEGG_GRAFT_VERSUS_HOST_DISEASE,37,7.2132405626698235,0.9987246602806066
BRCA,kegg,1,1,KEGG_HEDGEHOG_SIGNALING_PATHWAY,35,-0.2601146730722879,0.9987246602806066
BRCA,kegg,1,1,KEGG_HEMATOPOIETIC_CELL_LINEAGE,68,5.8826595537274775,0.9987246602806066
BRCA,kegg,1,1,KEGG_HISTIDINE_METABOLISM,19,2.539648414507883,0.9987246602806066
BRCA,kegg,1,1,KEGG_HOMOLOGOUS_RECOMBINATION,24,-1.5364935189251963,0.9987246602806066
BRCA,kegg,1,1,KEGG_HUNTINGTONS_DISEASE,143,-0.5308983288280748,0.9987246602806066
BRCA,kegg,1,1,KEGG_HYPERTROPHIC_CARDIOMYOPATHY_HCM,61,1.069113729829671,0.9987246602806066
BRCA,kegg,1,1,KEGG_INOSITOL_PHOSPHATE_METABOLISM,50,-0.5093138010867788,0.9987246602806066
BRCA,kegg,1,1,KEGG_INSULIN_SIGNALING_PATHWAY,115,0.8024850790787882,0.9987246602806066
BRCA,kegg,1,1,KEGG_INTESTINAL_IMMUNE_NETWORK_FOR_IGA_PRODUCTION,40,6.846318230750418,0.9987246602806066
BRCA,kegg,1,1,KEGG_JAK_STAT_SIGNALING_PATHWAY,109,3.963057943072872,0.9987246602806066
BRCA,kegg,1,1,KEGG_LEISHMANIA_INFECTION,66,7.6850645112808715,0.9987246602806066
BRCA,kegg,1,1,KEGG_LEUKOCYTE_TRANSENDOTHELIAL_MIGRATION,93,4.3686957001025775,0.9987246602806066
BRCA,kegg,1,1,KEGG_LINOLEIC_ACID_METABOLISM,10,-0.09588292366216059,0.9987246602806066
BRCA,kegg,1,1,KEGG_LONG_TERM_DEPRESSION,49,0.26613343573285136,0.9987246602806066
BRCA,kegg,1,1,KEGG_LONG_TERM_POTENTIATION,51,-0.12286550294801275,0.9987246602806066
BRCA,kegg,1,1,KEGG_LYSINE_DEGRADATION,39,0.21866298953735774,0.9987246602806066
BRCA,kegg,1,1,KEGG_LYSOSOME,113,4.343960019405965,0.9987246602806066
BRCA,kegg,1,1,KEGG_MAPK_SIGNALING_PATHWAY,214,1.2837417498417494,0.9987246602806066
BRCA,kegg,1,1,KEGG_MELANOGENESIS,78,-0.44714448931579415,0.9987246602806066
BRCA,kegg,1,1,KEGG_MELANOMA,56,-0.28459580421841973,0.9987246602806066
BRCA,kegg,1,1,KEGG_METABOLISM_OF_XENOBIOTICS_BY_CYTOCHROME_P450,28,1.0409588815807866,0.9987246602806066
BRCA,kegg,1,1,KEGG_MISMATCH_REPAIR,22,-1.2755915128669661,0.9987246602806066
BRCA,kegg,1,1,KEGG_MTOR_SIGNALING_PATHWAY,41,-0.4136088069700678,0.9987246602806066
BRCA,kegg,1,1,KEGG_NATURAL_KILLER_CELL_MEDIATED_CYTOTOXICITY,106,3.5989043525454805,0.9987246602806066
BRCA,kegg,1,1,KEGG_NEUROACTIVE_LIGAND_RECEPTOR_INTERACTION,104,0.5359015017748209,0.9987246602806066
BRCA,kegg,1,1,KEGG_NEUROTROPHIN_SIGNALING_PATHWAY,111,1.616740881788902,0.9987246602806066
BRCA,kegg,1,1,KEGG_NICOTINATE_AND_NICOTINAMIDE_METABOLISM,21,0.29075354514522195,0.9987246602806066
BRCA,kegg,1,1,KEGG_NITROGEN_METABOLISM,15,3.757473697810355,0.9987246602806066
BRCA,kegg,1,1,KEGG_NOD_LIKE_RECEPTOR_SIGNALING_PATHWAY,57,2.052531416818105,0.9987246602806066
BRCA,kegg,1,1,KEGG_NON_HOMOLOGOUS_END_JOINING,11,-0.55072524928345,0.9987246602806066
BRCA,kegg,1,1,KEGG_NON_SMALL_CELL_LUNG_CANCER,51,-0.7724226871735786,0.9987246602806066
BRCA,kegg,1,1,KEGG_NOTCH_SIGNALING_PATHWAY,44,0.0013157870887435857,0.9987246602806066
BRCA,kegg,1,1,KEGG_NUCLEOTIDE_EXCISION_REPAIR,43,-0.2872398367625455,0.9987246602806066
BRCA,kegg,1,1,KEGG_N_GLYCAN_BIOSYNTHESIS,45,1.0806008353696035,0.9987246602806066
BRCA,kegg,1,1,KEGG_OLFACTORY_TRANSDUCTION,18,-1.4259698046623461,0.9987246602806066
BRCA,kegg,1,1,KEGG_ONE_CARBON_POOL_BY_FOLATE,15,-1.2103738965544295,0.9987246602806066
BRCA,kegg,1,1,KEGG_OOCYTE_MEIOSIS,93,0.6158857952162174,0.9987246602806066
BRCA,kegg,1,1,KEGG_OTHER_GLYCAN_DEGRADATION,13,1.8610042386117167,0.9987246602806066
BRCA,kegg,1,1,KEGG_OXIDATIVE_PHOSPHORYLATION,91,-1.03818435001267,0.9987246602806066
BRCA,kegg,1,1,KEGG_O_GLYCAN_BIOSYNTHESIS,21,2.369027645660834,0.9987246602806066
BRCA,kegg,1,1,KEGG_P53_SIGNALING_PATHWAY,63,-0.28318534278664415,0.9987246602806066
BRCA,kegg,1,1,KEGG_PANCREATIC_CANCER,68,1.8944191286542895,0.9987246602806066
BRCA,kegg,1,1,KEGG_PANTOTHENATE_AND_COA_BIOSYNTHESIS,13,0.572717862533351,0.9987246602806066
BRCA,kegg,1,1,KEGG_PARKINSONS_DISEASE,89,-1.1292710478796597,0.9987246602806066
BRCA,kegg,1,1,KEGG_PATHOGENIC_ESCHERICHIA_COLI_INFECTION,49,1.0797156070449665,0.9987246602806066
BRCA,kegg,1,1,KEGG_PATHWAYS_IN_CANCER,279,2.721573874066753,0.9987246602806066
BRCA,kegg,1,1,KEGG_PENTOSE_PHOSPHATE_PATHWAY,22,-1.9458542585798837,0.9987246602806066
BRCA,kegg,1,1,KEGG_PEROXISOME,71,2.7437286264973,0.9987246602806066
BRCA,kegg,1,1,KEGG_PHENYLALANINE_METABOLISM,13,1.7024979935389282,0.9987246602806066
BRCA,kegg,1,1,KEGG_PHOSPHATIDYLINOSITOL_SIGNALING_SYSTEM,68,-0.4153981261520988,0.9987246602806066
BRCA,kegg,1,1,KEGG_PORPHYRIN_AND_CHLOROPHYLL_METABOLISM,20,0.3932423154113126,0.9987246602806066
BRCA,kegg,1,1,KEGG_PPAR_SIGNALING_PATHWAY,52,1.7769910097780426,0.9987246602806066
BRCA,kegg,1,1,KEGG_PRIMARY_BILE_ACID_BIOSYNTHESIS,11,1.5861847391241033,0.9987246602806066
BRCA,kegg,1,1,KEGG_PRIMARY_IMMUNODEFICIENCY,30,1.5106906196509124,0.9987246602806066
BRCA,kegg,1,1,KEGG_PRION_DISEASES,29,1.814397946249111,0.9987246602806066
BRCA,kegg,1,1,KEGG_PROGESTERONE_MEDIATED_OOCYTE_MATURATION,72,-0.7223161477035382,0.9987246602806066
BRCA,kegg,1,1,KEGG_PROPANOATE_METABOLISM,28,3.2367912928277107,0.9987246602806066
BRCA,kegg,1,1,KEGG_PROSTATE_CANCER,83,2.0868319328126956,0.9987246602806066
BRCA,kegg,1,1,KEGG_PROTEASOME,41,-0.7684330599297016,0.9987246602806066
BRCA,kegg,1,1,KEGG_PROTEIN_EXPORT,23,2.7156723639019416,0.9987246602806066
BRCA,kegg,1,1,KEGG_PROXIMAL_TUBULE_BICARBONATE_RECLAMATION,17,2.523564511673554,0.9987246602806066
BRCA,kegg,1,1,KEGG_PURINE_METABOLISM,132,-1.9153595745205825,0.9987246602806066
BRCA,kegg,1,1,KEGG_PYRIMIDINE_METABOLISM,90,-2.2260738072590684,0.9987246602806066
BRCA,kegg,1,1,KEGG_PYRUVATE_METABOLISM,33,0.5174927862411945,0.9987246602806066
BRCA,kegg,1,1,KEGG_REGULATION_OF_ACTIN_CYTOSKELETON,170,4.569619443953019,0.9987246602806066
BRCA,kegg,1,1,KEGG_REGULATION_OF_AUTOPHAGY,20,-0.23033374736805678,0.9987246602806066
BRCA,kegg,1,1,KEGG_RENAL_CELL_CARCINOMA,64,1.7134806556168525,0.9987246602806066
BRCA,kegg,1,1,KEGG_RENIN_ANGIOTENSIN_SYSTEM,10,0.3687740031920564,0.9987246602806066
BRCA,kegg,1,1,KEGG_RETINOL_METABOLISM,17,0.36436786894959117,0.9987246602806066
BRCA,kegg,1,1,KEGG_RIBOFLAVIN_METABOLISM,11,0.7957798063785453,0.9987246602806066
BRCA,kegg,1,1,KEGG_RIG_I_LIKE_RECEPTOR_SIGNALING_PATHWAY,50,0.19220078355704537,0.9987246602806066
BRCA,kegg,1,1,KEGG_RNA_DEGRADATION,50,-1.2111392824253373,0.9987246602806066
BRCA,kegg,1,1,KEGG_RNA_POLYMERASE,28,-1.242826286584744,0.9987246602806066
BRCA,kegg,1,1,KEGG_SELENOAMINO_ACID_METABOLISM,22,0.7168912473384379,0.9987246602806066
BRCA,kegg,1,1,KEGG_SMALL_CELL_LUNG_CANCER,78,2.0475440071059205,0.9987246602806066
BRCA,kegg,1,1,KEGG_SNARE_INTERACTIONS_IN_VESICULAR_TRANSPORT,36,0.6224052805137851,0.9987246602806066
BRCA,kegg,1,1,KEGG_SPHINGOLIPID_METABOLISM,32,3.9133189655499567,0.9987246602806066
BRCA,kegg,1,1,KEGG_SPLICEOSOME,126,-2.282997539428601,0.9987246602806066
BRCA,kegg,1,1,KEGG_STARCH_AND_SUCROSE_METABOLISM,21,0.49505704999440237,0.9987246602806066
BRCA,kegg,1,1,KEGG_STEROID_BIOSYNTHESIS,15,0.25742895589343784,0.9987246602806066
BRCA,kegg,1,1,KEGG_STEROID_HORMONE_BIOSYNTHESIS,19,-0.5760316508936334,0.9987246602806066
BRCA,kegg,1,1,KEGG_SULFUR_METABOLISM,11,0.004176582608170378,0.9987246602806066
BRCA,kegg,1,1,KEGG_SYSTEMIC_LUPUS_ERYTHEMATOSUS,44,8.955510317079382,0.9987246602806066
BRCA,kegg,1,1,KEGG_TASTE_TRANSDUCTION,13,-0.48377016940661766,0.9987246602806066
BRCA,kegg,1,1,KEGG_TERPENOID_BACKBONE_BIOSYNTHESIS,14,-0.10864660656045563,0.9987246602806066
BRCA,kegg,1,1,KEGG_TGF_BETA_SIGNALING_PATHWAY,69,3.4095305485496854,0.9987246602806066
BRCA,kegg,1,1,KEGG_THYROID_CANCER,28,1.1261802959980796,0.9987246602806066
BRCA,kegg,1,1,KEGG_TIGHT_JUNCTION,97,0.12951208570185224,0.9987246602806066
BRCA,kegg,1,1,KEGG_TOLL_LIKE_RECEPTOR_SIGNALING_PATHWAY,85,3.2522146565420127,0.9987246602806066
BRCA,kegg,1,1,KEGG_TRYPTOPHAN_METABOLISM,27,3.2587673527823013,0.9987246602806066
BRCA,kegg,1,1,KEGG_TYPE_II_DIABETES_MELLITUS,34,1.2164477597414887,0.9987246602806066
BRCA,kegg,1,1,KEGG_TYPE_I_DIABETES_MELLITUS,36,7.571574968277962,0.9987246602806066
BRCA,kegg,1,1,KEGG_TYROSINE_METABOLISM,28,0.9902252018304311,0.9987246602806066
BRCA,kegg,1,1,KEGG_T_CELL_RECEPTOR_SIGNALING_PATHWAY,101,2.4044088150639875,0.9987246602806066
BRCA,kegg,1,1,KEGG_UBIQUITIN_MEDIATED_PROTEOLYSIS,126,0.8051176584551044,0.9987246602806066
BRCA,kegg,1,1,KEGG_VALINE_LEUCINE_AND_ISOLEUCINE_DEGRADATION,43,3.587257288884722,0.9987246602806066
BRCA,kegg,1,1,KEGG_VASCULAR_SMOOTH_MUSCLE_CONTRACTION,88,0.15733747231438666,0.9987246602806066
BRCA,kegg,1,1,KEGG_VASOPRESSIN_REGULATED_WATER_REABSORPTION,39,3.396324036630067,0.9987246602806066
BRCA,kegg,1,1,KEGG_VEGF_SIGNALING_PATHWAY,63,-0.16851659067166994,0.9987246602806066
BRCA,kegg,1,1,KEGG_VIBRIO_CHOLERAE_INFECTION,47,0.18854399699532576,0.9987246602806066
BRCA,kegg,1,1,KEGG_VIRAL_MYOCARDITIS,57,7.708911147976608,0.9987246602806066
BRCA,kegg,1,1,KEGG_WNT_SIGNALING_PATHWAY,126,1.2405614165020835,0.9987246602806066
BRCA,kegg,1,2,KEGG_ABC_TRANSPORTERS,33,0.014629701507944291,0.9976398731593843
BRCA,kegg,1,2,KEGG_ACUTE_MYELOID_LEUKEMIA,53,0.4396209420381167,0.9976398731593843
BRCA,kegg,1,2,KEGG_ADHERENS_JUNCTION,65,1.3820093156999107,0.9976398731593843
BRCA,kegg,1,2,KEGG_ADIPOCYTOKINE_SIGNALING_PATHWAY,54,0.5589688179920038,0.9976398731593843
BRCA,kegg,1,2,KEGG_ALANINE_ASPARTATE_AND_GLUTAMATE_METABOLISM,25,-0.12629223555526017,0.9976398731593843
BRCA,kegg,1,2,KEGG_ALDOSTERONE_REGULATED_SODIUM_REABSORPTION,33,0.827344969708151,0.9976398731593843
BRCA,kegg,1,2,KEGG_ALLOGRAFT_REJECTION,32,-8.392432312565816,0.9976398731593843
BRCA,kegg,1,2,KEGG_ALPHA_LINOLENIC_ACID_METABOLISM,10,-0.7537484858000242,0.9976398731593843
BRCA,kegg,1,2,KEGG_ALZHEIMERS_DISEASE,128,0.5356800304630739,0.9976398731593843
BRCA,kegg,1,2,KEGG_AMINOACYL_TRNA_BIOSYNTHESIS,22,-0.56928496404231,0.9976398731593843
BRCA,kegg,1,2,KEGG_AMINO_SUGAR_AND_NUCLEOTIDE_SUGAR_METABOLISM,39,-0.048499914302692695,0.9976398731593843
BRCA,kegg,1,2,KEGG_AMYOTROPHIC_LATERAL_SCLEROSIS_ALS,41,-0.2234067894331535,0.9976398731593843
BRCA,kegg,1,2,KEGG_ANTIGEN_PROCESSING_AND_PRESENTATION,66,-7.388965715002479,0.9976398731593843
BRCA,kegg,1,2,KEGG_APOPTOSIS,82,-0.8198119229251319,0.9976398731593843
BRCA,kegg,1,2,KEGG_ARACHIDONIC_ACID_METABOLISM,33,0.6950705909979674,0.9976398731593843
BRCA,kegg,1,2,KEGG_ARGININE_AND_PROLINE_METABOLISM,43,0.03388458246989972,0.9976398731593843
BRCA,kegg,1,2,KEGG_ARRHYTHMOGENIC_RIGHT_VENTRICULAR_CARDIOMYOPATHY_ARVC,58,2.6172112962854293,0.9976398731593843
BRCA,kegg,1,2,KEGG_ASTHMA,18,-6.195118268664638,0.9976398731593843
BRCA,kegg,1,2,KEGG_AUTOIMMUNE_THYROID_DISEASE,33,-7.982437831321599,0.9976398731593843
BRCA,kegg,1,2,KEGG_AXON_GUIDANCE,111,1.6362976902785977,0.9976398731593843
BRCA,kegg,1,2,KEGG_BASAL_CELL_CARCINOMA,38,-0.32100519929216004,0.9976398731593843
BRCA,kegg,1,2,KEGG_BASAL_TRANSCRIPTION_FACTORS,31,-0.8453071606365452,0.9976398731593843
BRCA,kegg,1,2,KEGG_BASE_EXCISION_REPAIR,33,-1.1527297730867248,0.9976398731593843
BRCA,kegg,1,2,KEGG_BETA_ALANINE_METABOLISM,16,0.8255117128399336,0.9976398731593843
BRCA,kegg,1,2,KEGG_BIOSYNTHESIS_OF_UNSATURATED_FATTY_ACIDS,21,2.3012678840948793,0.9976398731593843
BRCA,kegg,1,2,KEGG_BLADDER_CANCER,40,1.9107997175791136,0.9976398731593843
BRCA,kegg,1,2,KEGG_BUTANOATE_METABOLISM,28,0.9889084129615717,0.9976398731593843
BRCA,kegg,1,2,KEGG_B_CELL_RECEPTOR_SIGNALING_PATHWAY,71,-0.5856082014669586,0.9976398731593843
BRCA,kegg,1,2,KEGG_CALCIUM_SIGNALING_PATHWAY,112,0.9776832319269573,0.9976398731593843
BRCA,kegg,1,2,KEGG_CARDIAC_MUSCLE_CONTRACTION,51,1.5552439917842955,0.9976398731593843
BRCA,kegg,1,2,KEGG_CELL_ADHESION_MOLECULES_CAMS,109,-4.590086938263589,0.9976398731593843
BRCA,kegg,1,2,KEGG_CELL_CYCLE,116,-5.006438513084515,0.9976398731593843
BRCA,kegg,1,2,KEGG_CHEMOKINE_SIGNALING_PATHWAY,155,-3.764477366238534,0.9976398731593843
BRCA,kegg,1,2,KEGG_CHRONIC_MYELOID_LEUKEMIA,70,1.6307290546283248,0.9976398731593843
BRCA,kegg,1,2,KEGG_CIRCADIAN_RHYTHM_MAMMAL,12,2.9475981753879483,0.9976398731593843
BRCA,kegg,1,2,KEGG_CITRATE_CYCLE_TCA_CYCLE,27,-0.295204108765965,0.9976398731593843
BRCA,kegg,1,2,KEGG_COLORECTAL_CANCER,59,1.3277914869891387,0.9976398731593843
BRCA,kegg,1,2,KEGG_COMPLEMENT_AND_COAGULATION_CASCADES,45,2.480527917040695,0.9976398731593843
BRCA,kegg,1,2,KEGG_CYSTEINE_AND_METHIONINE_METABOLISM,27,-1.5087339215407312,0.9976398731593843
BRCA,kegg,1,2,KEGG_CYTOKINE_CYTOKINE_RECEPTOR_INTERACTION,191,-3.713024371774927,0.9976398731593843
BRCA,kegg,1,2,KEGG_CYTOSOLIC_DNA_SENSING_PATHWAY,38,-3.3615979679460772,0.9976398731593843
BRCA,kegg,1,2,KEGG_DILATED_CARDIOMYOPATHY,66,2.9619570566400197,0.9976398731593843
BRCA,kegg,1,2,KEGG_DNA_REPLICATION,35,-4.457659797766016,0.9976398731593843
BRCA,kegg,1,2,KEGG_DORSO_VENTRAL_AXIS_FORMATION,19,-0.7256731094349791,0.9976398731593843
BRCA,kegg,1,2,KEGG_DRUG_METABOLISM_CYTOCHROME_P450,29,0.8133533389364138,0.9976398731593843
BRCA,kegg,1,2,KEGG_DRUG_METABOLISM_OTHER_ENZYMES,22,-0.06121145911738568,0.9976398731593843
BRCA,kegg,1,2,KEGG_ECM_RECEPTOR_INTERACTION,69,12.650167340459914,0.9976398731593843
BRCA,kegg,1,2,KEGG_ENDOCYTOSIS,166,2.4337422820316075,0.9976398731593843
BRCA,kegg,1,2,KEGG_ENDOMETRIAL_CANCER,48,1.563219441288689,0.9976398731593843
BRCA,kegg,1,2,KEGG_EPITHELIAL_CELL_SIGNALING_IN_HELICOBACTER_PYLORI_INFECTION,61,-0.05185966925958122,0.9976398731593843
BRCA,kegg,1,2,KEGG_ERBB_SIGNALING_PATHWAY,75,1.3561507944272098,0.9976398731593843
BRCA,kegg,1,2,KEGG_ETHER_LIPID_METABOLISM,24,-0.17606919067881316,0.9976398731593843
BRCA,kegg,1,2,KEGG_FATTY_ACID_METABOLISM,34,1.9187768580320101,0.9976398731593843
BRCA,kegg,1,2,KEGG_FC_EPSILON_RI_SIGNALING_PATHWAY,64,-0.6351663220657786,0.9976398731593843
BRCA,kegg,1,2,KEGG_FC_GAMMA_R_MEDIATED_PHAGOCYTOSIS,87,-0.9868312604023655,0.9976398731593843
BRCA,kegg,1,2,KEGG_FOCAL_ADHESION,176,10.183519408042965,0.9976398731593843
BRCA,kegg,1,2,KEGG_FRUCTOSE_AND_MANNOSE_METABOLISM,28,0.7328904331277133,0.9976398731593843
BRCA,kegg,1,2,KEGG_GALACTOSE_METABOLISM,21,-0.2276537440149932,0.9976398731593843
BRCA,kegg,1,2,KEGG_GAP_JUNCTION,69,1.0351178244255765,0.9976398731593843
BRCA,kegg,1,2,KEGG_GLIOMA,59,0.8558745837484292,0.9976398731593843
BRCA,kegg,1,2,KEGG_GLUTATHIONE_METABOLISM,41,-0.46929848029422777,0.9976398731593843
BRCA,kegg,1,2,KEGG_GLYCEROLIPID_METABOLISM,39,0.6601310977824929,0.9976398731593843
BRCA,kegg,1,2,KEGG_GLYCEROPHOSPHOLIPID_METABOLISM,61,1.0959801275857164,0.9976398731593843
BRCA,kegg,1,2,KEGG_GLYCINE_SERINE_AND_THREONINE_METABOLISM,22,-0.5549163193379354,0.9976398731593843
BRCA,kegg,1,2,KEGG_GLYCOLYSIS_GLUCONEOGENESIS,43,-0.31251195776220314,0.9976398731593843
BRCA,kegg,1,2,KEGG_GLYCOSAMINOGLYCAN_BIOSYNTHESIS_CHONDROITIN_SULFATE,21,1.4530011968399539,0.9976398731593843
BRCA,kegg,1,2,KEGG_GLYCOSAMINOGLYCAN_BIOSYNTHESIS_HEPARAN_SULFATE,18,0.8559555890159061,0.9976398731593843
BRCA,kegg,1,2,KEGG_GLYCOSAMINOGLYCAN_BIOSYNTHESIS_KERATAN_SULFATE,13,0.545670812055986,0.9976398731593843
BRCA,kegg,1,2,KEGG_GLYCOSAMINOGLYCAN_DEGRADATION,18,1.2567169836589627,0.9976398731593843
BRCA,kegg,1,2,KEGG_GLYCOSPHINGOLIPID_BIOSYNTHESIS_GANGLIO_SERIES,14,0.02552221053294289,0.9976398731593843
BRCA,kegg,1,2,KEGG_GLYCOSPHINGOLIPID_BIOSYNTHESIS_GLOBO_SERIES,12,0.48910831156273854,0.9976398731593843
BRCA,kegg,1,2,KEGG_GLYCOSPHINGOLIPID_BIOSYNTHESIS_LACTO_AND_NEOLACTO_SERIES,20,-1.0501369271344125,0.9976398731593843
BRCA,kegg,1,2,KEGG_GLYCOSYLPHOSPHATIDYLINOSITOL_GPI_ANCHOR_BIOSYNTHESIS,23,1.150429649045466,0.9976398731593843
BRCA,kegg,1,2,KEGG_GLYOXYLATE_AND_DICARBOXYLATE_METABOLISM,13,-0.9026074730183434,0.9976398731593843
BRCA,kegg,1,2,KEGG_GNRH_SIGNALING_PATHWAY,80,0.9743257244915735,0.9976398731593843
BRCA,kegg,1,2,KEGG_GRAFT_VERSUS_HOST_DISEASE,37,-7.69161395985807,0.9976398731593843
BRCA,kegg,1,2,KEGG_HEDGEHOG_SIGNALING_PATHWAY,35,0.8160570022124944,0.9976398731593843
BRCA,kegg,1,2,KEGG_HEMATOPOIETIC_CELL_LINEAGE,68,-3.236714066508801,0.9976398731593843
BRCA,kegg,1,2,KEGG_HISTIDINE_METABOLISM,19,1.4751837273133988,0.9976398731593843
BRCA,kegg,1,2,KEGG_HOMOLOGOUS_RECOMBINATION,24,-1.732510520946181,0.9976398731593843
BRCA,kegg,1,2,KEGG_HUNTINGTONS_DISEASE,143,1.4415413406777347,0.9976398731593843
BRCA,kegg,1,2,KEGG_HYPERTROPHIC_CARDIOMYOPATHY_HCM,61,3.068702189782724,0.9976398731593843
BRCA,kegg,1,2,KEGG_INOSITOL_PHOSPHATE_METABOLISM,50,0.5993599456667617,0.9976398731593843
BRCA,kegg,1,2,KEGG_INSULIN_SIGNALING_PATHWAY,115,2.5118845979915045,0.9976398731593843
BRCA,kegg,1,2,KEGG_INTESTINAL_IMMUNE_NETWORK_FOR_IGA_PRODUCTION,40,-5.07965249078736,0.9976398731593843
BRCA,kegg,1,2,KEGG_JAK_STAT_SIGNALING_PATHWAY,109,0.05785749314221343,0.9976398731593843
BRCA,kegg,1,2,KEGG_LEISHMANIA_INFECTION,66,-4.080822308570405,0.9976398731593843
BRCA,kegg,1,2,KEGG_LEUKOCYTE_TRANSENDOTHELIAL_MIGRATION,93,0.7056466810145313,0.9976398731593843
BRCA,kegg,1,2,KEGG_LINOLEIC_ACID_METABOLISM,10,-0.5605566963902271,0.9976398731593843
BRCA,kegg,1,2,KEGG_LONG_TERM_DEPRESSION,49,0.43362631955059444,0.9976398731593843
BRCA,kegg,1,2,KEGG_LONG_TERM_POTENTIATION,51,-0.7062584624759499,0.9976398731593843
BRCA,kegg,1,2,KEGG_LYSINE_DEGRADATION,39,-0.2554870171675328,0.9976398731593843
BRCA,kegg,1,2,KEGG_LYSOSOME,113,2.7025897343014527,0.9976398731593843
BRCA,kegg,1,2,KEGG_MAPK_SIGNALING_PATHWAY,214,3.235522708807607,0.9976398731593843
BRCA,kegg,1,2,KEGG_MELANOGENESIS,78,0.06990481340054099,0.9976398731593843
BRCA,kegg,1,2,KEGG_MELANOMA,56,2.0042559712134675,0.9976398731593843
BRCA,kegg,1,2,KEGG_METABOLISM_OF_XENOBIOTICS_BY_CYTOCHROME_P450,28,0.4054796755428441,0.9976398731593843
BRCA,kegg,1,2,KEGG_MISMATCH_REPAIR,22,-2.646769826488762,0.9976398731593843
BRCA,kegg,1,2,KEGG_MTOR_SIGNALING_PATHWAY,41,0.49502790713403844,0.9976398731593843
BRCA,kegg,1,2,KEGG_NATURAL_KILLER_CELL_MEDIATED_CYTOTOXICITY,106,-3.471489799989176,0.9976398731593843
BRCA,kegg,1,2,KEGG_NEUROACTIVE_LIGAND_RECEPTOR_INTERACTION,104,-0.12824898241579244,0.9976398731593843
BRCA,kegg,1,2,KEGG_NEUROTROPHIN_SIGNALING_PATHWAY,111,0.4574355263120284,0.9976398731593843
BRCA,kegg,1,2,KEGG_NICOTINATE_AND_NICOTINAMIDE_METABOLISM,21,0.11647697187323386,0.9976398731593843
BRCA,kegg,1,2,KEGG_NITROGEN_METABOLISM,15,2.4494974942976584,0.9976398731593843
BRCA,kegg,1,2,KEGG_NOD_LIKE_RECEPTOR_SIGNALING_PATHWAY,57,-3.0202246727705013,0.9976398731593843
BRCA,kegg,1,2,KEGG_NON_HOMOLOGOUS_END_JOINING,11,-1.11430590626449,0.9976398731593843
BRCA,kegg,1,2,KEGG_NON_SMALL_CELL_LUNG_CANCER,51,-0.034227905848565415,0.9976398731593843
BRCA,kegg,1,2,KEGG_NOTCH_SIGNALING_PATHWAY,44,0.8036474247978836,0.9976398731593843
BRCA,kegg,1,2,KEGG_NUCLEOTIDE_EXCISION_REPAIR,43,-1.1773695265696626,0.9976398731593843
BRCA,kegg,1,2,KEGG_N_GLYCAN_BIOSYNTHESIS,45,0.3881623134092728,0.9976398731593843
BRCA,kegg,1,2,KEGG_OLFACTORY_TRANSDUCTION,18,-1.3635876358754018,0.9976398731593843
BRCA,kegg,1,2,KEGG_ONE_CARBON_POOL_BY_FOLATE,15,-1.6065232215476872,0.9976398731593843
BRCA,kegg,1,2,KEGG_OOCYTE_MEIOSIS,93,-1.883375652337954,0.9976398731593843
BRCA,kegg,1,2,KEGG_OTHER_GLYCAN_DEGRADATION,13,1.2043894243007003,0.9976398731593843
BRCA,kegg,1,2,KEGG_OXIDATIVE_PHOSPHORYLATION,91,1.3916481816176702,0.9976398731593843
BRCA,kegg,1,2,KEGG_O_GLYCAN_BIOSYNTHESIS,21,1.3065507923368351,0.9976398731593843
BRCA,kegg,1,2,KEGG_P53_SIGNALING_PATHWAY,63,-0.6230961614442838,0.9976398731593843
BRCA,kegg,1,2,KEGG_PANCREATIC_CANCER,68,0.8552217541011129,0.9976398731593843
BRCA,kegg,1,2,KEGG_PANTOTHENATE_AND_COA_BIOSYNTHESIS,13,1.009833109901137,0.9976398731593843
BRCA,kegg,1,2,KEGG_PARKINSONS_DISEASE,89,0.12747050479326114,0.9976398731593843
BRCA,kegg,1,2,KEGG_PATHOGENIC_ESCHERICHIA_COLI_INFECTION,49,-0.5373904639464855,0.9976398731593843
BRCA,kegg,1,2,KEGG_PATHWAYS_IN_CANCER,279,1.7477646540946992,0.9976398731593843
BRCA,kegg,1,2,KEGG_PENTOSE_PHOSPHATE_PATHWAY,22,-1.0997316976218603,0.9976398731593843
BRCA,kegg,1,2,KEGG_PEROXISOME,71,1.9764864721637705,0.9976398731593843
BRCA,kegg,1,2,KEGG_PHENYLALANINE_METABOLISM,13,1.5621731488512018,0.9976398731593843
BRCA,kegg,1,2,KEGG_PHOSPHATIDYLINOSITOL_SIGNALING_SYSTEM,68,0.1725309173127079,0.9976398731593843
BRCA,kegg,1,2,KEGG_PORPHYRIN_AND_CHLOROPHYLL_METABOLISM,20,1.3428289594795733,0.9976398731593843
BRCA,kegg,1,2,KEGG_PPAR_SIGNALING_PATHWAY,52,0.5799310258035261,0.9976398731593843
BRCA,kegg,1,2,KEGG_PRIMARY_BILE_ACID_BIOSYNTHESIS,11,0.3010592413095811,0.9976398731593843
BRCA,kegg,1,2,KEGG_PRIMARY_IMMUNODEFICIENCY,30,-5.841538636323514,0.9976398731593843
BRCA,kegg,1,2,KEGG_PRION_DISEASES,29,-1.7690665147328188,0.9976398731593843
BRCA,kegg,1,2,KEGG_PROGESTERONE_MEDIATED_OOCYTE_MATURATION,72,-1.000519918386687,0.9976398731593843
BRCA,kegg,1,2,KEGG_PROPANOATE_METABOLISM,28,1.0072357194640644,0.9976398731593843
BRCA,kegg,1,2,KEGG_PROSTATE_CANCER,83,1.9168909250543074,0.9976398731593843
BRCA,kegg,1,2,KEGG_PROTEASOME,41,-3.023369203780192,0.9976398731593843
BRCA,kegg,1,2,KEGG_PROTEIN_EXPORT,23,0.26657543991109794,0.9976398731593843
BRCA,kegg,1,2,KEGG_PROXIMAL_TUBULE_BICARBONATE_RECLAMATION,17,0.7235219038370706,0.9976398731593843
BRCA,kegg,1,2,KEGG_PURINE_METABOLISM,132,-1.089943065702822,0.9976398731593843
BRCA,kegg,1,2,KEGG_PYRIMIDINE_METABOLISM,90,-1.2858505641340643,0.9976398731593843
BRCA,kegg,1,2,KEGG_PYRUVATE_METABOLISM,33,-0.5588211015685862,0.9976398731593843
BRCA,kegg,1,2,KEGG_REGULATION_OF_ACTIN_CYTOSKELETON,170,2.482231163793705,0.9976398731593843
BRCA,kegg,1,2,KEGG_REGULATION_OF_AUTOPHAGY,20,0.20733926778058306,0.9976398731593843
BRCA,kegg,1,2,KEGG_RENAL_CELL_CARCINOMA,64,1.205409942460052,0.9976398731593843
BRCA,kegg,1,2,KEGG_RENIN_ANGIOTENSIN_SYSTEM,10,0.9953781742514879,0.9976398731593843
BRCA,kegg,1,2,KEGG_RETINOL_METABOLISM,17,0.5547251155785268,0.9976398731593843
BRCA,kegg,1,2,KEGG_RIBOFLAVIN_METABOLISM,11,0.3336461958618779,0.9976398731593843
BRCA,kegg,1,2,KEGG_RIG_I_LIKE_RECEPTOR_SIGNALING_PATHWAY,50,-2.1375604814679976,0.9976398731593843
BRCA,kegg,1,2,KEGG_RNA_DEGRADATION,50,-2.427298886034598,0.9976398731593843
BRCA,kegg,1,2,KEGG_RNA_POLYMERASE,28,-0.6608021185177174,0.9976398731593843
BRCA,kegg,1,2,KEGG_SELENOAMINO_ACID_METABOLISM,22,0.24738066750111354,0.9976398731593843
BRCA,kegg,1,2,KEGG_SMALL_CELL_LUNG_CANCER,78,1.1153903608079405,0.9976398731593843
BRCA,kegg,1,2,KEGG_SNARE_INTERACTIONS_IN_VESICULAR_TRANSPORT,36,0.7052651271169902,0.9976398731593843
BRCA,kegg,1,2,KEGG_SPHINGOLIPID_METABOLISM,32,2.312999885288443,0.9976398731593843
BRCA,kegg,1,2,KEGG_SPLICEOSOME,126,-2.5589328599039978,0.9976398731593843
BRCA,kegg,1,2,KEGG_STARCH_AND_SUCROSE_METABOLISM,21,1.2325225354329188,0.9976398731593843
BRCA,kegg,1,2,KEGG_STEROID_BIOSYNTHESIS,15,1.0320970348579108,0.9976398731593843
BRCA,kegg,1,2,KEGG_STEROID_HORMONE_BIOSYNTHESIS,19,-0.2965658595753043,0.9976398731593843
BRCA,kegg,1,2,KEGG_SULFUR_METABOLISM,11,-0.5314624039859976,0.9976398731593843
BRCA,kegg,1,2,KEGG_SYSTEMIC_LUPUS_ERYTHEMATOSUS,44,-5.876649275407788,0.9976398731593843
BRCA,kegg,1,2,KEGG_TASTE_TRANSDUCTION,13,0.7375469643313951,0.9976398731593843
BRCA,kegg,1,2,KEGG_TERPENOID_BACKBONE_BIOSYNTHESIS,14,0.2532854983017329,0.9976398731593843
BRCA,kegg,1,2,KEGG_TGF_BETA_SIGNALING_PATHWAY,69,3.9913758245727062,0.9976398731593843
BRCA,kegg,1,2,KEGG_THYROID_CANCER,28,1.2362561076205827,0.9976398731593843
BRCA,kegg,1,2,KEGG_TIGHT_JUNCTION,97,1.9056662761137213,0.9976398731593843
BRCA,kegg,1,2,KEGG_TOLL_LIKE_RECEPTOR_SIGNALING_PATHWAY,85,-3.470702007105453,0.9976398731593843
BRCA,kegg,1,2,KEGG_TRYPTOPHAN_METABOLISM,27,-0.17389405498460966,0.9976398731593843
BRCA,kegg,1,2,KEGG_TYPE_II_DIABETES_MELLITUS,34,1.5069156960789303,0.9976398731593843
BRCA,kegg,1,2,KEGG_TYPE_I_DIABETES_MELLITUS,36,-7.042915208496322,0.9976398731593843
BRCA,kegg,1,2,KEGG_TYROSINE_METABOLISM,28,1.9666920793817204,0.9976398731593843
BRCA,kegg,1,2,KEGG_T_CELL_RECEPTOR_SIGNALING_PATHWAY,101,-1.2425090212185428,0.9976398731593843
BRCA,kegg,1,2,KEGG_UBIQUITIN_MEDIATED_PROTEOLYSIS,126,-0.8824664359913744,0.9976398731593843
BRCA,kegg,1,2,KEGG_VALINE_LEUCINE_AND_ISOLEUCINE_DEGRADATION,43,1.9552113121445354,0.9976398731593843
BRCA,kegg,1,2,KEGG_VASCULAR_SMOOTH_MUSCLE_CONTRACTION,88,1.583720441417791,0.9976398731593843
BRCA,kegg,1,2,KEGG_VASOPRESSIN_REGULATED_WATER_REABSORPTION,39,3.3333971187148546,0.9976398731593843
BRCA,kegg,1,2,KEGG_VEGF_SIGNALING_PATHWAY,63,0.7158604456866207,0.9976398731593843
BRCA,kegg,1,2,KEGG_VIBRIO_CHOLERAE_INFECTION,47,0.9329473665414251,0.9976398731593843
BRCA,kegg,1,2,KEGG_VIRAL_MYOCARDITIS,57,-4.714924330993249,0.9976398731593843
BRCA,kegg,1,2,KEGG_WNT_SIGNALING_PATHWAY,126,0.01347287527777483,0.9976398731593843
BRCA,kegg,1,3,KEGG_ABC_TRANSPORTERS,33,-0.5455468188460135,0.9720726655374791
BRCA,kegg,1,3,KEGG_ACUTE_MYELOID_LEUKEMIA,53,1.6036752969384596,0.9720726655374791
BRCA,kegg,1,3,KEGG_ADHERENS_JUNCTION,65,2.4095809575435103,0.9720726655374791
BRCA,kegg,1,3,KEGG_ADIPOCYTOKINE_SIGNALING_PATHWAY,54,2.3988912946520324,0.9720726655374791
BRCA,kegg,1,3,KEGG_ALANINE_ASPARTATE_AND_GLUTAMATE_METABOLISM,25,-0.4067753195319034,0.9720726655374791
BRCA,kegg,1,3,KEGG_ALDOSTERONE_REGULATED_SODIUM_REABSORPTION,33,1.6783870307661957,0.9720726655374791
BRCA,kegg,1,3,KEGG_ALLOGRAFT_REJECTION,32,13.064613706537353,0.9720726655374791
BRCA,kegg,1,3,KEGG_ALPHA_LINOLENIC_ACID_METABOLISM,10,-0.13052071510434235,0.9720726655374791
BRCA,kegg,1,3,KEGG_ALZHEIMERS_DISEASE,128,-4.7006720227169065,0.9720726655374791
BRCA,kegg,1,3,KEGG_AMINOACYL_TRNA_BIOSYNTHESIS,22,-1.1999186528852723,0.9720726655374791
BRCA,kegg,1,3,KEGG_AMINO_SUGAR_AND_NUCLEOTIDE_SUGAR_METABOLISM,39,-0.8458953786081296,0.9720726655374791
BRCA,kegg,1,3,KEGG_AMYOTROPHIC_LATERAL_SCLEROSIS_ALS,41,-0.08608963485391068,0.9720726655374791
BRCA,kegg,1,3,KEGG_ANTIGEN_PROCESSING_AND_PRESENTATION,66,10.176422273528537,0.9720726655374791
BRCA,kegg,1,3,KEGG_APOPTOSIS,82,3.3412387356591977,0.9720726655374791
BRCA,kegg,1,3,KEGG_ARACHIDONIC_ACID_METABOLISM,33,1.6228571030672605,0.9720726655374791
BRCA,kegg,1,3,KEGG_ARGININE_AND_PROLINE_METABOLISM,43,0.207531305186761,0.9720726655374791
BRCA,kegg,1,3,KEGG_ARRHYTHMOGENIC_RIGHT_VENTRICULAR_CARDIOMYOPATHY_ARVC,58,4.306763439966596,0.9720726655374791
BRCA,kegg,1,3,KEGG_ASTHMA,18,14.143621638633883,0.9720726655374791
BRCA,kegg,1,3,KEGG_AUTOIMMUNE_THYROID_DISEASE,33,12.560144190671641,0.9720726655374791
BRCA,kegg,1,3,KEGG_AXON_GUIDANCE,111,3.429712441585295,0.9720726655374791
BRCA,kegg,1,3,KEGG_BASAL_CELL_CARCINOMA,38,1.6721715920313727,0.9720726655374791
BRCA,kegg,1,3,KEGG_BASAL_TRANSCRIPTION_FACTORS,31,-0.4807685114831359,0.9720726655374791
BRCA,kegg,1,3,KEGG_BASE_EXCISION_REPAIR,33,-2.8763931931416775,0.9720726655374791
BRCA,kegg,1,3,KEGG_BETA_ALANINE_METABOLISM,16,1.6221141634788003,0.9720726655374791
BRCA,kegg,1,3,KEGG_BIOSYNTHESIS_OF_UNSATURATED_FATTY_ACIDS,21,-2.4113722148053083,0.9720726655374791
BRCA,kegg,1,3,KEGG_BLADDER_CANCER,40,-1.1815764623960832,0.9720726655374791
BRCA,kegg,1,3,KEGG_BUTANOATE_METABOLISM,28,0.3390196554507887,0.9720726655374791
BRCA,kegg,1,3,KEGG_B_CELL_RECEPTOR_SIGNALING_PATHWAY,71,4.170220967268306,0.9720726655374791
BRCA,kegg,1,3,KEGG_CALCIUM_SIGNALING_PATHWAY,112,0.46636189179982857,0.9720726655374791
BRCA,kegg,1,3,KEGG_CARDIAC_MUSCLE_CONTRACTION,51,-3.8195564040504504,0.9720726655374791
BRCA,kegg,1,3,KEGG_CELL_ADHESION_MOLECULES_CAMS,109,12.414017571556398,0.9720726655374791
BRCA,kegg,1,3,KEGG_CELL_CYCLE,116,-4.527417235430826,0.9720726655374791
BRCA,kegg,1,3,KEGG_CHEMOKINE_SIGNALING_PATHWAY,155,7.912601465899354,0.9720726655374791
BRCA,kegg,1,3,KEGG_CHRONIC_MYELOID_LEUKEMIA,70,2.1863581733157402,0.9720726655374791
BRCA,kegg,1,3,KEGG_CIRCADIAN_RHYTHM_MAMMAL,12,1.2706773164479903,0.9720726655374791
BRCA,kegg,1,3,KEGG_CITRATE_CYCLE_TCA_CYCLE,27,-1.3449229915970062,0.9720726655374791
BRCA,kegg,1,3,KEGG_COLORECTAL_CANCER,59,3.23461455608826,0.9720726655374791
BRCA,kegg,1,3,KEGG_COMPLEMENT_AND_COAGULATION_CASCADES,45,12.733110068719972,0.9720726655374791
BRCA,kegg,1,3,KEGG_CYSTEINE_AND_METHIONINE_METABOLISM,27,-1.5187773356729295,0.9720726655374791
BRCA,kegg,1,3,KEGG_CYTOKINE_CYTOKINE_RECEPTOR_INTERACTION,191,10.958849212169252,0.9720726655374791
BRCA,kegg,1,3,KEGG_CYTOSOLIC_DNA_SENSING_PATHWAY,38,2.647373753057066,0.9720726655374791
BRCA,kegg,1,3,KEGG_DILATED_CARDIOMYOPATHY,66,3.192502120538995,0.9720726655374791
BRCA,kegg,1,3,KEGG_DNA_REPLICATION,35,-4.049803395598442,0.9720726655374791
BRCA,kegg,1,3,KEGG_DORSO_VENTRAL_AXIS_FORMATION,19,2.450643005118423,0.9720726655374791
BRCA,kegg,1,3,KEGG_DRUG_METABOLISM_CYTOCHROME_P450,29,2.032982325754487,0.9720726655374791
BRCA,kegg,1,3,KEGG_DRUG_METABOLISM_OTHER_ENZYMES,22,-1.1289102392886852,0.9720726655374791
BRCA,kegg,1,3,KEGG_ECM_RECEPTOR_INTERACTION,69,14.12324680417703,0.9720726655374791
BRCA,kegg,1,3,KEGG_ENDOCYTOSIS,166,0.2714901521501837,0.9720726655374791
BRCA,kegg,1,3,KEGG_ENDOMETRIAL_CANCER,48,-0.30404844592617325,0.9720726655374791
BRCA,kegg,1,3,KEGG_EPITHELIAL_CELL_SIGNALING_IN_HELICOBACTER_PYLORI_INFECTION,61,0.3418855649364374,0.9720726655374791
BRCA,kegg,1,3,KEGG_ERBB_SIGNALING_PATHWAY,75,0.32790333183509973,0.9720726655374791
BRCA,kegg,1,3,KEGG_ETHER_LIPID_METABOLISM,24,1.7321821354248095,0.9720726655374791
BRCA,kegg,1,3,KEGG_FATTY_ACID_METABOLISM,34,1.2153344645637316,0.9720726655374791
BRCA,kegg,1,3,KEGG_FC_EPSILON_RI_SIGNALING_PATHWAY,64,1.6924435921636334,0.9720726655374791
BRCA,kegg,1,3,KEGG_FC_GAMMA_R_MEDIATED_PHAGOCYTOSIS,87,3.3895263874754327,0.9720726655374791
BRCA,kegg,1,3,KEGG_FOCAL_ADHESION,176,12.433404353883226,0.9720726655374791
BRCA,kegg,1,3,KEGG_FRUCTOSE_AND_MANNOSE_METABOLISM,28,-2.170618675865299,0.9720726655374791
BRCA,kegg,1,3,KEGG_GALACTOSE_METABOLISM,21,-0.28313036007480064,0.9720726655374791
BRCA,kegg,1,3,KEGG_GAP_JUNCTION,69,0.5686526050246311,0.9720726655374791
BRCA,kegg,1,3,KEGG_GLIOMA,59,0.04659958367742548,0.9720726655374791
BRCA,kegg,1,3,KEGG_GLUTATHIONE_METABOLISM,41,-0.9793274655275337,0.9720726655374791
BRCA,kegg,1,3,KEGG_GLYCEROLIPID_METABOLISM,39,1.1874921923161004,0.9720726655374791
BRCA,kegg,1,3,KEGG_GLYCEROPHOSPHOLIPID_METABOLISM,61,-0.6945062360795033,0.9720726655374791
BRCA,kegg,1,3,KEGG_GLYCINE_SERINE_AND_THREONINE_METABOLISM,22,0.182391761211189,0.9720726655374791
BRCA,kegg,1,3,KEGG_GLYCOLYSIS_GLUCONEOGENESIS,43,-2.4450555214402714,0.9720726655374791
BRCA,kegg,1,3,KEGG_GLYCOSAMINOGLYCAN_BIOSYNTHESIS_CHONDROITIN_SULFATE,21,0.9062236700526329,0.9720726655374791
BRCA,kegg,1,3,KEGG_GLYCOSAMINOGLYCAN_BIOSYNTHESIS_HEPARAN_SULFATE,18,-0.06947416617245383,0.9720726655374791
BRCA,kegg,1,3,KEGG_GLYCOSAMINOGLYCAN_BIOSYNTHESIS_KERATAN_SULFATE,13,0.2214606931227156,0.9720726655374791
BRCA,kegg,1,3,KEGG_GLYCOSAMINOGLYCAN_DEGRADATION,18,0.042329149099437274,0.9720726655374791
BRCA,kegg,1,3,KEGG_GLYCOSPHINGOLIPID_BIOSYNTHESIS_GANGLIO_SERIES,14,-0.4712322703047207,0.9720726655374791
BRCA,kegg,1,3,KEGG_GLYCOSPHINGOLIPID_BIOSYNTHESIS_GLOBO_SERIES,12,0.22370717191386488,0.9720726655374791
BRCA,kegg,1,3,KEGG_GLYCOSPHINGOLIPID_BIOSYNTHESIS_LACTO_AND_NEOLACTO_SERIES,20,0.3229234135143185,0.9720726655374791
BRCA,kegg,1,3,KEGG_GLYCOSYLPHOSPHATIDYLINOSITOL_GPI_ANCHOR_BIOSYNTHESIS,23,-2.2872357692509104,0.9720726655374791
BRCA,kegg,1,3,KEGG_GLYOXYLATE_AND_DICARBOXYLATE_METABOLISM,13,-1.504031481496879,0.9720726655374791
BRCA,kegg,1,3,KEGG_GNRH_SIGNALING_PATHWAY,80,0.8965446449993772,0.9720726655374791
BRCA,kegg,1,3,KEGG_GRAFT_VERSUS_HOST_DISEASE,37,12.033564158075775,0.9720726655374791
BRCA,kegg,1,3,KEGG_HEDGEHOG_SIGNALING_PATHWAY,35,0.7043025440481948,0.9720726655374791
BRCA,kegg,1,3,KEGG_HEMATOPOIETIC_CELL_LINEAGE,68,10.174927327324422,0.9720726655374791
BRCA,kegg,1,3,KEGG_HISTIDINE_METABOLISM,19,1.2958180005561644,0.9720726655374791
BRCA,kegg,1,3,KEGG_HOMOLOGOUS_RECOMBINATION,24,-1.706927756284811,0.9720726655374791
BRCA,kegg,1,3,KEGG_HUNTINGTONS_DISEASE,143,-7.350854641711638,0.9720726655374791
BRCA,kegg,1,3,KEGG_HYPERTROPHIC_CARDIOMYOPATHY_HCM,61,3.6213730752747484,0.9720726655374791
BRCA,kegg,1,3,KEGG_INOSITOL_PHOSPHATE_METABOLISM,50,-0.5694153471599361,0.9720726655374791
BRCA,kegg,1,3,KEGG_INSULIN_SIGNALING_PATHWAY,115,-0.23929217692916058,0.9720726655374791
BRCA,kegg,1,3,KEGG_INTESTINAL_IMMUNE_NETWORK_FOR_IGA_PRODUCTION,40,11.570394406683272,0.9720726655374791
BRCA,kegg,1,3,KEGG_JAK_STAT_SIGNALING_PATHWAY,109,5.3550629424437854,0.9720726655374791
BRCA,kegg,1,3,KEGG_LEISHMANIA_INFECTION,66,12.61883850089728,0.9720726655374791
BRCA,kegg,1,3,KEGG_LEUKOCYTE_TRANSENDOTHELIAL_MIGRATION,93,8.0710638276902,0.9720726655374791
BRCA,kegg,1,3,KEGG_LINOLEIC_ACID_METABOLISM,10,0.2823276898571814,0.9720726655374791
BRCA,kegg,1,3,KEGG_LONG_TERM_DEPRESSION,49,0.3120938164226213,0.9720726655374791
BRCA,kegg,1,3,KEGG_LONG_TERM_POTENTIATION,51,0.06353742424683542,0.9720726655374791
BRCA,kegg,1,3,KEGG_LYSINE_DEGRADATION,39,0.3317550684057492,0.9720726655374791
BRCA,kegg,1,3,KEGG_LYSOSOME,113,1.9938912874647428,0.9720726655374791
BRCA,kegg,1,3,KEGG_MAPK_SIGNALING_PATHWAY,214,3.4624435750964655,0.9720726655374791
BRCA,kegg,1,3,KEGG_MELANOGENESIS,78,1.4194905743476713,0.9720726655374791
BRCA,kegg,1,3,KEGG_MELANOMA,56,0.09150605468844396,0.9720726655374791
BRCA,kegg,1,3,KEGG_METABOLISM_OF_XENOBIOTICS_BY_CYTOCHROME_P450,28,1.001336302054532,0.9720726655374791
BRCA,kegg,1,3,KEGG_MISMATCH_REPAIR,22,-2.374075070878652,0.9720726655374791
BRCA,kegg,1,3,KEGG_MTOR_SIGNALING_PATHWAY,41,-0.01937293474274232,0.9720726655374791
BRCA,kegg,1,3,KEGG_NATURAL_KILLER_CELL_MEDIATED_CYTOTOXICITY,106,5.363781826648958,0.9720726655374791
BRCA,kegg,1,3,KEGG_NEUROACTIVE_LIGAND_RECEPTOR_INTERACTION,104,2.5319025283900274,0.9720726655374791
BRCA,kegg,1,3,KEGG_NEUROTROPHIN_SIGNALING_PATHWAY,111,1.5729757759326215,0.9720726655374791
BRCA,kegg,1,3,KEGG_NICOTINATE_AND_NICOTINAMIDE_METABOLISM,21,0.5199234374154535,0.9720726655374791
BRCA,kegg,1,3,KEGG_NITROGEN_METABOLISM,15,0.8376410848712348,0.9720726655374791
BRCA,kegg,1,3,KEGG_NOD_LIKE_RECEPTOR_SIGNALING_PATHWAY,57,2.716650662553367,0.9720726655374791
BRCA,kegg,1,3,KEGG_NON_HOMOLOGOUS_END_JOINING,11,-1.0466766263110865,0.9720726655374791
BRCA,kegg,1,3,KEGG_NON_SMALL_CELL_LUNG_CANCER,51,-0.5272375963780968,0.9720726655374791
BRCA,kegg,1,3,KEGG_NOTCH_SIGNALING_PATHWAY,44,1.1011545668270633,0.9720726655374791
BRCA,kegg,1,3,KEGG_NUCLEOTIDE_EXCISION_REPAIR,43,-2.465480486549852,0.9720726655374791
BRCA,kegg,1,3,KEGG_N_GLYCAN_BIOSYNTHESIS,45,-1.0090017097161126,0.9720726655374791
BRCA,kegg,1,3,KEGG_OLFACTORY_TRANSDUCTION,18,-0.08992519857731394,0.9720726655374791
BRCA,kegg,1,3,KEGG_ONE_CARBON_POOL_BY_FOLATE,15,-1.3938942548821807,0.9720726655374791
BRCA,kegg,1,3,KEGG_OOCYTE_MEIOSIS,93,-2.8172670187805666,0.9720726655374791
BRCA,kegg,1,3,KEGG_OTHER_GLYCAN_DEGRADATION,13,0.45193888687819894,0.9720726655374791
BRCA,kegg,1,3,KEGG_OXIDATIVE_PHOSPHORYLATION,91,-8.50782617857956,0.9720726655374791
BRCA,kegg,1,3,KEGG_O_GLYCAN_BIOSYNTHESIS,21,1.1681100620325056,0.9720726655374791
BRCA,kegg,1,3,KEGG_P53_SIGNALING_PATHWAY,63,0.5970021948808597,0.9720726655374791
BRCA,kegg,1,3,KEGG_PANCREATIC_CANCER,68,1.8528747050803325,0.9720726655374791
BRCA,kegg,1,3,KEGG_PANTOTHENATE_AND_COA_BIOSYNTHESIS,13,-0.8095169285025731,0.9720726655374791
BRCA,kegg,1,3,KEGG_PARKINSONS_DISEASE,89,-7.807130108066839,0.9720726655374791
BRCA,kegg,1,3,KEGG_PATHOGENIC_ESCHERICHIA_COLI_INFECTION,49,0.6896063706541518,0.9720726655374791
BRCA,kegg,1,3,KEGG_PATHWAYS_IN_CANCER,279,5.8920953779089,0.9720726655374791
BRCA,kegg,1,3,KEGG_PENTOSE_PHOSPHATE_PATHWAY,22,-1.9461179869373237,0.9720726655374791
BRCA,kegg,1,3,KEGG_PEROXISOME,71,-1.3935827994388779,0.9720726655374791
BRCA,kegg,1,3,KEGG_PHENYLALANINE_METABOLISM,13,0.6260767057428853,0.9720726655374791
BRCA,kegg,1,3,KEGG_PHOSPHATIDYLINOSITOL_SIGNALING_SYSTEM,68,0.041664115266923374,0.9720726655374791
BRCA,kegg,1,3,KEGG_PORPHYRIN_AND_CHLOROPHYLL_METABOLISM,20,-1.2127537509842818,0.9720726655374791
BRCA,kegg,1,3,KEGG_PPAR_SIGNALING_PATHWAY,52,2.0562199196875603,0.9720726655374791
BRCA,kegg,1,3,KEGG_PRIMARY_BILE_ACID_BIOSYNTHESIS,11,1.2953942633605842,0.9720726655374791
BRCA,kegg,1,3,KEGG_PRIMARY_IMMUNODEFICIENCY,30,4.415309353277375,0.9720726655374791
BRCA,kegg,1,3,KEGG_PRION_DISEASES,29,4.938567248683295,0.9720726655374791
BRCA,kegg,1,3,KEGG_PROGESTERONE_MEDIATED_OOCYTE_MATURATION,72,-2.374176009698306,0.9720726655374791
BRCA,kegg,1,3,KEGG_PROPANOATE_METABOLISM,28,0.50686558269394,0.9720726655374791
BRCA,kegg,1,3,KEGG_PROSTATE_CANCER,83,1.3553878159098356,0.9720726655374791
BRCA,kegg,1,3,KEGG_PROTEASOME,41,-5.6792010936894055,0.9720726655374791
BRCA,kegg,1,3,KEGG_PROTEIN_EXPORT,23,-1.4789810313446758,0.9720726655374791
BRCA,kegg,1,3,KEGG_PROXIMAL_TUBULE_BICARBONATE_RECLAMATION,17,2.8771047867380033,0.9720726655374791
BRCA,kegg,1,3,KEGG_PURINE_METABOLISM,132,-3.6623985211410486,0.9720726655374791
BRCA,kegg,1,3,KEGG_PYRIMIDINE_METABOLISM,90,-4.3303283502018015,0.9720726655374791
BRCA,kegg,1,3,KEGG_PYRUVATE_METABOLISM,33,-1.276814077208214,0.9720726655374791
BRCA,kegg,1,3,KEGG_REGULATION_OF_ACTIN_CYTOSKELETON,170,7.330790825099194,0.9720726655374791
BRCA,kegg,1,3,KEGG_REGULATION_OF_AUTOPHAGY,20,-0.34083423494847487,0.9720726655374791
BRCA,kegg,1,3,KEGG_RENAL_CELL_CARCINOMA,64,2.6124549713236065,0.9720726655374791
BRCA,kegg,1,3,KEGG_RENIN_ANGIOTENSIN_SYSTEM,10,0.08452705311650549,0.9720726655374791
BRCA,kegg,1,3,KEGG_RETINOL_METABOLISM,17,0.7064298722857296,0.9720726655374791
BRCA,kegg,1,3,KEGG_RIBOFLAVIN_METABOLISM,11,-0.7370731213457767,0.9720726655374791
BRCA,kegg,1,3,KEGG_RIG_I_LIKE_RECEPTOR_SIGNALING_PATHWAY,50,0.40299294571185973,0.9720726655374791
BRCA,kegg,1,3,KEGG_RNA_DEGRADATION,50,-2.6755132532139685,0.9720726655374791
BRCA,kegg,1,3,KEGG_RNA_POLYMERASE,28,-2.3906385256460005,0.9720726655374791
BRCA,kegg,1,3,KEGG_SELENOAMINO_ACID_METABOLISM,22,-0.5503299603714534,0.9720726655374791
BRCA,kegg,1,3,KEGG_SMALL_CELL_LUNG_CANCER,78,4.114887168018073,0.9720726655374791
BRCA,kegg,1,3,KEGG_SNARE_INTERACTIONS_IN_VESICULAR_TRANSPORT,36,-0.11866456128872752,0.9720726655374791
BRCA,kegg,1,3,KEGG_SPHINGOLIPID_METABOLISM,32,1.8326746990922502,0.9720726655374791
BRCA,kegg,1,3,KEGG_SPLICEOSOME,126,-5.101612914040403,0.9720726655374791
BRCA,kegg,1,3,KEGG_STARCH_AND_SUCROSE_METABOLISM,21,-0.34419043491666024,0.9720726655374791
BRCA,kegg,1,3,KEGG_STEROID_BIOSYNTHESIS,15,-2.984507481562683,0.9720726655374791
BRCA,kegg,1,3,KEGG_STEROID_HORMONE_BIOSYNTHESIS,19,-0.38524673481267585,0.9720726655374791
BRCA,kegg,1,3,KEGG_SULFUR_METABOLISM,11,-0.051959475350764346,0.9720726655374791
BRCA,kegg,1,3,KEGG_SYSTEMIC_LUPUS_ERYTHEMATOSUS,44,15.015822181209996,0.9720726655374791
BRCA,kegg,1,3,KEGG_TASTE_TRANSDUCTION,13,-0.5982288817950837,0.9720726655374791
BRCA,kegg,1,3,KEGG_TERPENOID_BACKBONE_BIOSYNTHESIS,14,-1.5932109204053306,0.9720726655374791
BRCA,kegg,1,3,KEGG_TGF_BETA_SIGNALING_PATHWAY,69,5.407249108764842,0.9720726655374791
BRCA,kegg,1,3,KEGG_THYROID_CANCER,28,-0.47448453483680236,0.9720726655374791
BRCA,kegg,1,3,KEGG_TIGHT_JUNCTION,97,1.662497181627648,0.9720726655374791
BRCA,kegg,1,3,KEGG_TOLL_LIKE_RECEPTOR_SIGNALING_PATHWAY,85,5.60856844878044,0.9720726655374791
BRCA,kegg,1,3,KEGG_TRYPTOPHAN_METABOLISM,27,2.8345443956367666,0.9720726655374791
BRCA,kegg,1,3,KEGG_TYPE_II_DIABETES_MELLITUS,34,0.7500492893918691,0.9720726655374791
BRCA,kegg,1,3,KEGG_TYPE_I_DIABETES_MELLITUS,36,11.763408072702028,0.9720726655374791
BRCA,kegg,1,3,KEGG_TYROSINE_METABOLISM,28,-0.021978430540247968,0.9720726655374791
BRCA,kegg,1,3,KEGG_T_CELL_RECEPTOR_SIGNALING_PATHWAY,101,4.1130346953839405,0.9720726655374791
BRCA,kegg,1,3,KEGG_UBIQUITIN_MEDIATED_PROTEOLYSIS,126,-1.6844788397843942,0.9720726655374791
BRCA,kegg,1,3,KEGG_VALINE_LEUCINE_AND_ISOLEUCINE_DEGRADATION,43,0.4709408706466261,0.9720726655374791
BRCA,kegg,1,3,KEGG_VASCULAR_SMOOTH_MUSCLE_CONTRACTION,88,2.2203484286074278,0.9720726655374791
BRCA,kegg,1,3,KEGG_VASOPRESSIN_REGULATED_WATER_REABSORPTION,39,0.2334991014799162,0.9720726655374791
BRCA,kegg,1,3,KEGG_VEGF_SIGNALING_PATHWAY,63,0.2219804241764859,0.9720726655374791
BRCA,kegg,1,3,KEGG_VIBRIO_CHOLERAE_INFECTION,47,-2.2171191337109413,0.9720726655374791
BRCA,kegg,1,3,KEGG_VIRAL_MYOCARDITIS,57,12.377460581018774,0.9720726655374791
BRCA,kegg,1,3,KEGG_WNT_SIGNALING_PATHWAY,126,3.827159830325182,0.9720726655374791
BRCA,kegg,1,4,KEGG_ABC_TRANSPORTERS,33,1.5025222860156666,0.9969389630726462
BRCA,kegg,1,4,KEGG_ACUTE_MYELOID_LEUKEMIA,53,-0.34378820825127193,0.9969389630726462
BRCA,kegg,1,4,KEGG_ADHERENS_JUNCTION,65,-2.8859788313911108,0.9969389630726462
BRCA,kegg,1,4,KEGG_ADIPOCYTOKINE_SIGNALING_PATHWAY,54,0.18353441559399672,0.9969389630726462
BRCA,kegg,1,4,KEGG_ALANINE_ASPARTATE_AND_GLUTAMATE_METABOLISM,25,-0.041762846884633144,0.9969389630726462
BRCA,kegg,1,4,KEGG_ALDOSTERONE_REGULATED_SODIUM_REABSORPTION,33,-0.9365813689855949,0.9969389630726462
BRCA,kegg,1,4,KEGG_ALLOGRAFT_REJECTION,32,17.400329560193892,0.9969389630726462
BRCA,kegg,1,4,KEGG_ALPHA_LINOLENIC_ACID_METABOLISM,10,1.1365869085483746,0.9969389630726462
BRCA,kegg,1,4,KEGG_ALZHEIMERS_DISEASE,128,-1.865492761385566,0.9969389630726462
BRCA,kegg,1,4,KEGG_AMINOACYL_TRNA_BIOSYNTHESIS,22,-0.37132640297852715,0.9969389630726462
BRCA,kegg,1,4,KEGG_AMINO_SUGAR_AND_NUCLEOTIDE_SUGAR_METABOLISM,39,-0.3027557868426584,0.9969389630726462
BRCA,kegg,1,4,KEGG_AMYOTROPHIC_LATERAL_SCLEROSIS_ALS,41,0.04197655205383197,0.9969389630726462
BRCA,kegg,1,4,KEGG_ANTIGEN_PROCESSING_AND_PRESENTATION,66,15.897405507431285,0.9969389630726462
BRCA,kegg,1,4,KEGG_APOPTOSIS,82,1.2091167094060455,0.9969389630726462
BRCA,kegg,1,4,KEGG_ARACHIDONIC_ACID_METABOLISM,33,0.6163700616851736,0.9969389630726462
BRCA,kegg,1,4,KEGG_ARGININE_AND_PROLINE_METABOLISM,43,-0.855638591266333,0.9969389630726462
BRCA,kegg,1,4,KEGG_ARRHYTHMOGENIC_RIGHT_VENTRICULAR_CARDIOMYOPATHY_ARVC,58,-4.978816089737878,0.9969389630726462
BRCA,kegg,1,4,KEGG_ASTHMA,18,14.319745624273345,0.9969389630726462
BRCA,kegg,1,4,KEGG_AUTOIMMUNE_THYROID_DISEASE,33,17.0062605492208,0.9969389630726462
BRCA,kegg,1,4,KEGG_AXON_GUIDANCE,111,-2.4902275082574223,0.9969389630726462
BRCA,kegg,1,4,KEGG_BASAL_CELL_CARCINOMA,38,-1.6064699257585513,0.9969389630726462
BRCA,kegg,1,4,KEGG_BASAL_TRANSCRIPTION_FACTORS,31,-0.39731718372594393,0.9969389630726462
BRCA,kegg,1,4,KEGG_BASE_EXCISION_REPAIR,33,-0.02937792614375501,0.9969389630726462
BRCA,kegg,1,4,KEGG_BETA_ALANINE_METABOLISM,16,-0.8604572146178515,0.9969389630726462
BRCA,kegg,1,4,KEGG_BIOSYNTHESIS_OF_UNSATURATED_FATTY_ACIDS,21,-1.2910370305223442,0.9969389630726462
BRCA,kegg,1,4,KEGG_BLADDER_CANCER,40,-1.6460889453631222,0.9969389630726462
BRCA,kegg,1,4,KEGG_BUTANOATE_METABOLISM,28,-0.7911815462327443,0.9969389630726462
BRCA,kegg,1,4,KEGG_B_CELL_RECEPTOR_SIGNALING_PATHWAY,71,2.809898463291139,0.9969389630726462
BRCA,kegg,1,4,KEGG_CALCIUM_SIGNALING_PATHWAY,112,-0.5884032216418421,0.9969389630726462
BRCA,kegg,1,4,KEGG_CARDIAC_MUSCLE_CONTRACTION,51,-2.359174521729613,0.9969389630726462
BRCA,kegg,1,4,KEGG_CELL_ADHESION_MOLECULES_CAMS,109,10.354825638206062,0.9969389630726462
BRCA,kegg,1,4,KEGG_CELL_CYCLE,116,0.49082454856920865,0.9969389630726462
BRCA,kegg,1,4,KEGG_CHEMOKINE_SIGNALING_PATHWAY,155,7.653005931153886,0.9969389630726462
BRCA,kegg,1,4,KEGG_CHRONIC_MYELOID_LEUKEMIA,70,-1.9827702337380706,0.9969389630726462
BRCA,kegg,1,4,KEGG_CIRCADIAN_RHYTHM_MAMMAL,12,-2.3235874775710754,0.9969389630726462
BRCA,kegg,1,4,KEGG_CITRATE_CYCLE_TCA_CYCLE,27,-0.5705698076414192,0.9969389630726462
BRCA,kegg,1,4,KEGG_COLORECTAL_CANCER,59,-1.47860740394989,0.9969389630726462
BRCA,kegg,1,4,KEGG_COMPLEMENT_AND_COAGULATION_CASCADES,45,3.3083359682829268,0.9969389630726462
BRCA,kegg,1,4,KEGG_CYSTEINE_AND_METHIONINE_METABOLISM,27,0.13962976302577834,0.9969389630726462
BRCA,kegg,1,4,KEGG_CYTOKINE_CYTOKINE_RECEPTOR_INTERACTION,191,8.1116093220904,0.9969389630726462
BRCA,kegg,1,4,KEGG_CYTOSOLIC_DNA_SENSING_PATHWAY,38,5.076442932550694,0.9969389630726462
BRCA,kegg,1,4,KEGG_DILATED_CARDIOMYOPATHY,66,-3.7190801723835314,0.9969389630726462
BRCA,kegg,1,4,KEGG_DNA_REPLICATION,35,1.1743730776700805,0.9969389630726462
BRCA,kegg,1,4,KEGG_DORSO_VENTRAL_AXIS_FORMATION,19,-0.38366567601588486,0.9969389630726462
BRCA,kegg,1,4,KEGG_DRUG_METABOLISM_CYTOCHROME_P450,29,-0.6629681517536796,0.9969389630726462
BRCA,kegg,1,4,KEGG_DRUG_METABOLISM_OTHER_ENZYMES,22,0.07993563163542036,0.9969389630726462
BRCA,kegg,1,4,KEGG_ECM_RECEPTOR_INTERACTION,69,-11.817847203096852,0.9969389630726462
BRCA,kegg,1,4,KEGG_ENDOCYTOSIS,166,0.09713579310004854,0.9969389630726462
BRCA,kegg,1,4,KEGG_ENDOMETRIAL_CANCER,48,-1.7965391375608961,0.9969389630726462
BRCA,kegg,1,4,KEGG_EPITHELIAL_CELL_SIGNALING_IN_HELICOBACTER_PYLORI_INFECTION,61,0.5161848454458461,0.9969389630726462
BRCA,kegg,1,4,KEGG_ERBB_SIGNALING_PATHWAY,75,-2.0629264243648615,0.9969389630726462
BRCA,kegg,1,4,KEGG_ETHER_LIPID_METABOLISM,24,0.35611984517960205,0.9969389630726462
BRCA,kegg,1,4,KEGG_FATTY_ACID_METABOLISM,34,-1.130820185010734,0.9969389630726462
BRCA,kegg,1,4,KEGG_FC_EPSILON_RI_SIGNALING_PATHWAY,64,2.0616007034941997,0.9969389630726462
BRCA,kegg,1,4,KEGG_FC_GAMMA_R_MEDIATED_PHAGOCYTOSIS,87,1.255646076955932,0.9969389630726462
BRCA,kegg,1,4,KEGG_FOCAL_ADHESION,176,-9.862527342084789,0.9969389630726462
BRCA,kegg,1,4,KEGG_FRUCTOSE_AND_MANNOSE_METABOLISM,28,-0.5199936576326131,0.9969389630726462
BRCA,kegg,1,4,KEGG_GALACTOSE_METABOLISM,21,-0.6636281608315739,0.9969389630726462
BRCA,kegg,1,4,KEGG_GAP_JUNCTION,69,-2.173194115879839,0.9969389630726462
BRCA,kegg,1,4,KEGG_GLIOMA,59,-1.3536281853647496,0.9969389630726462
BRCA,kegg,1,4,KEGG_GLUTATHIONE_METABOLISM,41,-0.021271681328391658,0.9969389630726462
BRCA,kegg,1,4,KEGG_GLYCEROLIPID_METABOLISM,39,-0.41337024304637343,0.9969389630726462
BRCA,kegg,1,4,KEGG_GLYCEROPHOSPHOLIPID_METABOLISM,61,-0.8242614633225842,0.9969389630726462
BRCA,kegg,1,4,KEGG_GLYCINE_SERINE_AND_THREONINE_METABOLISM,22,-0.3773457996532081,0.9969389630726462
BRCA,kegg,1,4,KEGG_GLYCOLYSIS_GLUCONEOGENESIS,43,-0.9478229992648576,0.9969389630726462
BRCA,kegg,1,4,KEGG_GLYCOSAMINOGLYCAN_BIOSYNTHESIS_CHONDROITIN_SULFATE,21,-1.3269106508862902,0.9969389630726462
BRCA,kegg,1,4,KEGG_GLYCOSAMINOGLYCAN_BIOSYNTHESIS_HEPARAN_SULFATE,18,-1.1174607057238275,0.9969389630726462
BRCA,kegg,1,4,KEGG_GLYCOSAMINOGLYCAN_BIOSYNTHESIS_KERATAN_SULFATE,13,-0.6515362590833581,0.9969389630726462
BRCA,kegg,1,4,KEGG_GLYCOSAMINOGLYCAN_DEGRADATION,18,-0.4028349165279561,0.9969389630726462
BRCA,kegg,1,4,KEGG_GLYCOSPHINGOLIPID_BIOSYNTHESIS_GANGLIO_SERIES,14,0.6129092144778678,0.9969389630726462
BRCA,kegg,1,4,KEGG_GLYCOSPHINGOLIPID_BIOSYNTHESIS_GLOBO_SERIES,12,0.21911006442076805,0.9969389630726462
BRCA,kegg,1,4,KEGG_GLYCOSPHINGOLIPID_BIOSYNTHESIS_LACTO_AND_NEOLACTO_SERIES,20,0.06538756884556517,0.9969389630726462
BRCA,kegg,1,4,KEGG_GLYCOSYLPHOSPHATIDYLINOSITOL_GPI_ANCHOR_BIOSYNTHESIS,23,-0.7877057852026396,0.9969389630726462
BRCA,kegg,1,4,KEGG_GLYOXYLATE_AND_DICARBOXYLATE_METABOLISM,13,-0.05778203632690818,0.9969389630726462
BRCA,kegg,1,4,KEGG_GNRH_SIGNALING_PATHWAY,80,-1.434894495477531,0.9969389630726462
BRCA,kegg,1,4,KEGG_GRAFT_VERSUS_HOST_DISEASE,37,15.864327431809228,0.9969389630726462
BRCA,kegg,1,4,KEGG_HEDGEHOG_SIGNALING_PATHWAY,35,-1.1698863817588596,0.9969389630726462
BRCA,kegg,1,4,KEGG_HEMATOPOIETIC_CELL_LINEAGE,68,8.169224398802609,0.9969389630726462
BRCA,kegg,1,4,KEGG_HISTIDINE_METABOLISM,19,-0.7691083258074698,0.9969389630726462
BRCA,kegg,1,4,KEGG_HOMOLOGOUS_RECOMBINATION,24,0.6019536523629936,0.9969389630726462
BRCA,kegg,1,4,KEGG_HUNTINGTONS_DISEASE,143,-2.4619619322502824,0.9969389630726462
BRCA,kegg,1,4,KEGG_HYPERTROPHIC_CARDIOMYOPATHY_HCM,61,-3.8588294722203416,0.9969389630726462
BRCA,kegg,1,4,KEGG_INOSITOL_PHOSPHATE_METABOLISM,50,-0.779936186902073,0.9969389630726462
BRCA,kegg,1,4,KEGG_INSULIN_SIGNALING_PATHWAY,115,-2.1903892050328024,0.9969389630726462
BRCA,kegg,1,4,KEGG_INTESTINAL_IMMUNE_NETWORK_FOR_IGA_PRODUCTION,40,11.819394603249137,0.9969389630726462
BRCA,kegg,1,4,KEGG_JAK_STAT_SIGNALING_PATHWAY,109,1.9412932435247197,0.9969389630726462
BRCA,kegg,1,4,KEGG_LEISHMANIA_INFECTION,66,9.806181274818211,0.9969389630726462
BRCA,kegg,1,4,KEGG_LEUKOCYTE_TRANSENDOTHELIAL_MIGRATION,93,0.6854234321918926,0.9969389630726462
BRCA,kegg,1,4,KEGG_LINOLEIC_ACID_METABOLISM,10,1.2587420333325907,0.9969389630726462
BRCA,kegg,1,4,KEGG_LONG_TERM_DEPRESSION,49,-0.2856382424714972,0.9969389630726462
BRCA,kegg,1,4,KEGG_LONG_TERM_POTENTIATION,51,-0.4987265666422799,0.9969389630726462
BRCA,kegg,1,4,KEGG_LYSINE_DEGRADATION,39,-1.3081131829779988,0.9969389630726462
BRCA,kegg,1,4,KEGG_LYSOSOME,113,1.250281704223541,0.9969389630726462
BRCA,kegg,1,4,KEGG_MAPK_SIGNALING_PATHWAY,214,-2.0916486987022767,0.9969389630726462
BRCA,kegg,1,4,KEGG_MELANOGENESIS,78,-1.6759304106533872,0.9969389630726462
BRCA,kegg,1,4,KEGG_MELANOMA,56,-1.9877368246426197,0.9969389630726462
BRCA,kegg,1,4,KEGG_METABOLISM_OF_XENOBIOTICS_BY_CYTOCHROME_P450,28,-0.19696137158081126,0.9969389630726462
BRCA,kegg,1,4,KEGG_MISMATCH_REPAIR,22,0.5124932465060781,0.9969389630726462
BRCA,kegg,1,4,KEGG_MTOR_SIGNALING_PATHWAY,41,-0.9971974406941402,0.9969389630726462
BRCA,kegg,1,4,KEGG_NATURAL_KILLER_CELL_MEDIATED_CYTOTOXICITY,106,7.114598455108029,0.9969389630726462
BRCA,kegg,1,4,KEGG_NEUROACTIVE_LIGAND_RECEPTOR_INTERACTION,104,1.9607699214528804,0.9969389630726462
BRCA,kegg,1,4,KEGG_NEUROTROPHIN_SIGNALING_PATHWAY,111,-1.2992716194373157,0.9969389630726462
BRCA,kegg,1,4,KEGG_NICOTINATE_AND_NICOTINAMIDE_METABOLISM,21,0.33127736329440666,0.9969389630726462
BRCA,kegg,1,4,KEGG_NITROGEN_METABOLISM,15,-1.6221695534372231,0.9969389630726462
BRCA,kegg,1,4,KEGG_NOD_LIKE_RECEPTOR_SIGNALING_PATHWAY,57,3.424955560979032,0.9969389630726462
BRCA,kegg,1,4,KEGG_NON_HOMOLOGOUS_END_JOINING,11,-0.10445052352049439,0.9969389630726462
BRCA,kegg,1,4,KEGG_NON_SMALL_CELL_LUNG_CANCER,51,-0.23168600379269172,0.9969389630726462
BRCA,kegg,1,4,KEGG_NOTCH_SIGNALING_PATHWAY,44,-1.8993609362320816,0.9969389630726462
BRCA,kegg,1,4,KEGG_NUCLEOTIDE_EXCISION_REPAIR,43,-0.2830968138832763,0.9969389630726462
BRCA,kegg,1,4,KEGG_N_GLYCAN_BIOSYNTHESIS,45,-1.1330111932756892,0.9969389630726462
BRCA,kegg,1,4,KEGG_OLFACTORY_TRANSDUCTION,18,0.4467358414000244,0.9969389630726462
BRCA,kegg,1,4,KEGG_ONE_CARBON_POOL_BY_FOLATE,15,0.3632071462008464,0.9969389630726462
BRCA,kegg,1,4,KEGG_OOCYTE_MEIOSIS,93,-0.4202499190529575,0.9969389630726462
BRCA,kegg,1,4,KEGG_OTHER_GLYCAN_DEGRADATION,13,0.14256642222664567,0.9969389630726462
BRCA,kegg,1,4,KEGG_OXIDATIVE_PHOSPHORYLATION,91,-1.4048244975995663,0.9969389630726462
BRCA,kegg,1,4,KEGG_O_GLYCAN_BIOSYNTHESIS,21,-1.0082794779077346,0.9969389630726462
BRCA,kegg,1,4,KEGG_P53_SIGNALING_PATHWAY,63,-1.15796619668762,0.9969389630726462
BRCA,kegg,1,4,KEGG_PANCREATIC_CANCER,68,-0.36720603821821024,0.9969389630726462
BRCA,kegg,1,4,KEGG_PANTOTHENATE_AND_COA_BIOSYNTHESIS,13,-0.20404559333432745,0.9969389630726462
BRCA,kegg,1,4,KEGG_PARKINSONS_DISEASE,89,-1.0792988019257186,0.9969389630726462
BRCA,kegg,1,4,KEGG_PATHOGENIC_ESCHERICHIA_COLI_INFECTION,49,-1.1515086685959832,0.9969389630726462
BRCA,kegg,1,4,KEGG_PATHWAYS_IN_CANCER,279,-3.1010247258863535,0.9969389630726462
BRCA,kegg,1,4,KEGG_PENTOSE_PHOSPHATE_PATHWAY,22,-0.19752862666552143,0.9969389630726462
BRCA,kegg,1,4,KEGG_PEROXISOME,71,-1.0907230669823669,0.9969389630726462
BRCA,kegg,1,4,KEGG_PHENYLALANINE_METABOLISM,13,-0.3198773456126746,0.9969389630726462
BRCA,kegg,1,4,KEGG_PHOSPHATIDYLINOSITOL_SIGNALING_SYSTEM,68,-0.32638093021820885,0.9969389630726462
BRCA,kegg,1,4,KEGG_PORPHYRIN_AND_CHLOROPHYLL_METABOLISM,20,0.2049522862905896,0.9969389630726462
BRCA,kegg,1,4,KEGG_PPAR_SIGNALING_PATHWAY,52,0.8357608498979145,0.9969389630726462
BRCA,kegg,1,4,KEGG_PRIMARY_BILE_ACID_BIOSYNTHESIS,11,0.04344248288736699,0.9969389630726462
BRCA,kegg,1,4,KEGG_PRIMARY_IMMUNODEFICIENCY,30,9.51398171960166,0.9969389630726462
BRCA,kegg,1,4,KEGG_PRION_DISEASES,29,4.187715992176753,0.9969389630726462
BRCA,kegg,1,4,KEGG_PROGESTERONE_MEDIATED_OOCYTE_MATURATION,72,0.2845783162069268,0.9969389630726462
BRCA,kegg,1,4,KEGG_PROPANOATE_METABOLISM,28,-1.14130118567038,0.9969389630726462
BRCA,kegg,1,4,KEGG_PROSTATE_CANCER,83,-2.6380129472471676,0.9969389630726462
BRCA,kegg,1,4,KEGG_PROTEASOME,41,3.2511310590674944,0.9969389630726462
BRCA,kegg,1,4,KEGG_PROTEIN_EXPORT,23,-0.9144691831941996,0.9969389630726462
BRCA,kegg,1,4,KEGG_PROXIMAL_TUBULE_BICARBONATE_RECLAMATION,17,-1.4926573715980977,0.9969389630726462
BRCA,kegg,1,4,KEGG_PURINE_METABOLISM,132,-0.4298039469824954,0.9969389630726462
BRCA,kegg,1,4,KEGG_PYRIMIDINE_METABOLISM,90,0.274730189161755,0.9969389630726462
BRCA,kegg,1,4,KEGG_PYRUVATE_METABOLISM,33,-0.33465277713203073,0.9969389630726462
BRCA,kegg,1,4,KEGG_REGULATION_OF_ACTIN_CYTOSKELETON,170,-3.248498487854572,0.9969389630726462
BRCA,kegg,1,4,KEGG_REGULATION_OF_AUTOPHAGY,20,-0.2746677427438394,0.9969389630726462
BRCA,kegg,1,4,KEGG_RENAL_CELL_CARCINOMA,64,-1.6878362725631653,0.9969389630726462
BRCA,kegg,1,4,KEGG_RENIN_ANGIOTENSIN_SYSTEM,10,-0.5866517653665964,0.9969389630726462
BRCA,kegg,1,4,KEGG_RETINOL_METABOLISM,17,0.13948391700782875,0.9969389630726462
BRCA,kegg,1,4,KEGG_RIBOFLAVIN_METABOLISM,11,0.3278222891525648,0.9969389630726462
BRCA,kegg,1,4,KEGG_RIG_I_LIKE_RECEPTOR_SIGNALING_PATHWAY,50,3.538407044504211,0.9969389630726462
BRCA,kegg,1,4,KEGG_RNA_DEGRADATION,50,-0.12940627581810832,0.9969389630726462
BRCA,kegg,1,4,KEGG_RNA_POLYMERASE,28,-0.63769213683752,0.9969389630726462
BRCA,kegg,1,4,KEGG_SELENOAMINO_ACID_METABOLISM,22,-0.9765411025950755,0.9969389630726462
BRCA,kegg,1,4,KEGG_SMALL_CELL_LUNG_CANCER,78,-2.4370293128361133,0.9969389630726462
BRCA,kegg,1,4,KEGG_SNARE_INTERACTIONS_IN_VESICULAR_TRANSPORT,36,-0.25096038282185035,0.9969389630726462
BRCA,kegg,1,4,KEGG_SPHINGOLIPID_METABOLISM,32,-1.4635157931003462,0.9969389630726462
BRCA,kegg,1,4,KEGG_SPLICEOSOME,126,-2.4224163524689013,0.9969389630726462
BRCA,kegg,1,4,KEGG_STARCH_AND_SUCROSE_METABOLISM,21,-1.6542025743248532,0.9969389630726462
BRCA,kegg,1,4,KEGG_STEROID_BIOSYNTHESIS,15,-0.12451061840048097,0.9969389630726462
BRCA,kegg,1,4,KEGG_STEROID_HORMONE_BIOSYNTHESIS,19,0.7288815642659291,0.9969389630726462
BRCA,kegg,1,4,KEGG_SULFUR_METABOLISM,11,0.09491545935678375,0.9969389630726462
BRCA,kegg,1,4,KEGG_SYSTEMIC_LUPUS_ERYTHEMATOSUS,44,14.32366347281745,0.9969389630726462
BRCA,kegg,1,4,KEGG_TASTE_TRANSDUCTION,13,-0.7672056716446285,0.9969389630726462
BRCA,kegg,1,4,KEGG_TERPENOID_BACKBONE_BIOSYNTHESIS,14,-0.4185722321239912,0.9969389630726462
BRCA,kegg,1,4,KEGG_TGF_BETA_SIGNALING_PATHWAY,69,-4.267744460437015,0.9969389630726462
BRCA,kegg,1,4,KEGG_THYROID_CANCER,28,-1.9317516810927837,0.9969389630726462
BRCA,kegg,1,4,KEGG_TIGHT_JUNCTION,97,-3.53335403634447,0.9969389630726462
BRCA,kegg,1,4,KEGG_TOLL_LIKE_RECEPTOR_SIGNALING_PATHWAY,85,5.914806821186348,0.9969389630726462
BRCA,kegg,1,4,KEGG_TRYPTOPHAN_METABOLISM,27,0.5871043470465135,0.9969389630726462
BRCA,kegg,1,4,KEGG_TYPE_II_DIABETES_MELLITUS,34,-0.6551665698632971,0.9969389630726462
BRCA,kegg,1,4,KEGG_TYPE_I_DIABETES_MELLITUS,36,15.427505937176138,0.9969389630726462
BRCA,kegg,1,4,KEGG_TYROSINE_METABOLISM,28,-0.3378222245031592,0.9969389630726462
BRCA,kegg,1,4,KEGG_T_CELL_RECEPTOR_SIGNALING_PATHWAY,101,3.208390418575407,0.9969389630726462
BRCA,kegg,1,4,KEGG_UBIQUITIN_MEDIATED_PROTEOLYSIS,126,-0.5862381354035543,0.9969389630726462
BRCA,kegg,1,4,KEGG_VALINE_LEUCINE_AND_ISOLEUCINE_DEGRADATION,43,-1.4905450542721794,0.9969389630726462
BRCA,kegg,1,4,KEGG_VASCULAR_SMOOTH_MUSCLE_CONTRACTION,88,-1.755571143652951,0.9969389630726462
BRCA,kegg,1,4,KEGG_VASOPRESSIN_REGULATED_WATER_REABSORPTION,39,-2.579314732895187,0.9969389630726462
BRCA,kegg,1,4,KEGG_VEGF_SIGNALING_PATHWAY,63,0.15748286741171955,0.9969389630726462
BRCA,kegg,1,4,KEGG_VIBRIO_CHOLERAE_INFECTION,47,-1.2854216929130806,0.9969389630726462
BRCA,kegg,1,4,KEGG_VIRAL_MYOCARDITIS,57,11.077095130427324,0.9969389630726462
BRCA,kegg,1,4,KEGG_WNT_SIGNALING_PATHWAY,126,-2.5944949858835282,0.9969389630726462
BRCA,kegg,1,5,KEGG_ABC_TRANSPORTERS,33,-0.7282637086546089,0.9971127528731096
BRCA,kegg,1,5,KEGG_ACUTE_MYELOID_LEUKEMIA,53,-0.9953651332475894,0.9971127528731096
BRCA,kegg,1,5,KEGG_ADHERENS_JUNCTION,65,2.372152839033268,0.9971127528731096
BRCA,kegg,1,5,KEGG_ADIPOCYTOKINE_SIGNALING_PATHWAY,54,0.08299914352768212,0.9971127528731096
BRCA,kegg,1,5,KEGG_ALANINE_ASPARTATE_AND_GLUTAMATE_METABOLISM,25,0.16265448433082969,0.9971127528731096
BRCA,kegg,1,5,KEGG_ALDOSTERONE_REGULATED_SODIUM_REABSORPTION,33,0.4307597110308306,0.9971127528731096
BRCA,kegg,1,5,KEGG_ALLOGRAFT_REJECTION,32,3.2449177778759335,0.9971127528731096
BRCA,kegg,1,5,KEGG_ALPHA_LINOLENIC_ACID_METABOLISM,10,-0.16965191156551113,0.9971127528731096
BRCA,kegg,1,5,KEGG_ALZHEIMERS_DISEASE,128,3.8443693267573176,0.9971127528731096
BRCA,kegg,1,5,KEGG_AMINOACYL_TRNA_BIOSYNTHESIS,22,-0.7726221649957744,0.9971127528731096
BRCA,kegg,1,5,KEGG_AMINO_SUGAR_AND_NUCLEOTIDE_SUGAR_METABOLISM,39,1.108701657307547,0.9971127528731096
BRCA,kegg,1,5,KEGG_AMYOTROPHIC_LATERAL_SCLEROSIS_ALS,41,0.6182002767208384,0.9971127528731096
BRCA,kegg,1,5,KEGG_ANTIGEN_PROCESSING_AND_PRESENTATION,66,5.120349842224915,0.9971127528731096
BRCA,kegg,1,5,KEGG_APOPTOSIS,82,0.8895261356595234,0.9971127528731096
BRCA,kegg,1,5,KEGG_ARACHIDONIC_ACID_METABOLISM,33,0.8320369355721052,0.9971127528731096
BRCA,kegg,1,5,KEGG_ARGININE_AND_PROLINE_METABOLISM,43,1.686750820431597,0.9971127528731096
BRCA,kegg,1,5,KEGG_ARRHYTHMOGENIC_RIGHT_VENTRICULAR_CARDIOMYOPATHY_ARVC,58,4.901917113602526,0.9971127528731096
BRCA,kegg,1,5,KEGG_ASTHMA,18,5.236661626972212,0.9971127528731096
BRCA,kegg,1,5,KEGG_AUTOIMMUNE_THYROID_DISEASE,33,2.906678264684203,0.9971127528731096
BRCA,kegg,1,5,KEGG_AXON_GUIDANCE,111,2.3447372498082024,0.9971127528731096
BRCA,kegg,1,5,KEGG_BASAL_CELL_CARCINOMA,38,-0.09395057874489221,0.9971127528731096
BRCA,kegg,1,5,KEGG_BASAL_TRANSCRIPTION_FACTORS,31,-0.12108530221368057,0.9971127528731096
BRCA,kegg,1,5,KEGG_BASE_EXCISION_REPAIR,33,-1.115464984865503,0.9971127528731096
BRCA,kegg,1,5,KEGG_BETA_ALANINE_METABOLISM,16,2.443009767610108,0.9971127528731096
BRCA,kegg,1,5,KEGG_BIOSYNTHESIS_OF_UNSATURATED_FATTY_ACIDS,21,1.8240515495157517,0.9971127528731096
BRCA,kegg,1,5,KEGG_BLADDER_CANCER,40,2.6256097777043066,0.9971127528731096
BRCA,kegg,1,5,KEGG_BUTANOATE_METABOLISM,28,1.2948203316030265,0.9971127528731096
BRCA,kegg,1,5,KEGG_B_CELL_RECEPTOR_SIGNALING_PATHWAY,71,0.571184484743588,0.9971127528731096
BRCA,kegg,1,5,KEGG_CALCIUM_SIGNALING_PATHWAY,112,1.5775276094557573,0.9971127528731096
BRCA,kegg,1,5,KEGG_CARDIAC_MUSCLE_CONTRACTION,51,2.994211311683145,0.9971127528731096
BRCA,kegg,1,5,KEGG_CELL_ADHESION_MOLECULES_CAMS,109,6.027180843105538,0.9971127528731096
BRCA,kegg,1,5,KEGG_CELL_CYCLE,116,-2.606020151340617,0.9971127528731096
BRCA,kegg,1,5,KEGG_CHEMOKINE_SIGNALING_PATHWAY,155,0.8089710917704768,0.9971127528731096
BRCA,kegg,1,5,KEGG_CHRONIC_MYELOID_LEUKEMIA,70,-0.003973991243225024,0.9971127528731096
BRCA,kegg,1,5,KEGG_CIRCADIAN_RHYTHM_MAMMAL,12,-0.30307469149954214,0.9971127528731096
BRCA,kegg,1,5,KEGG_CITRATE_CYCLE_TCA_CYCLE,27,1.953708699697988,0.9971127528731096
BRCA,kegg,1,5,KEGG_COLORECTAL_CANCER,59,1.1729305986576337,0.9971127528731096
BRCA,kegg,1,5,KEGG_COMPLEMENT_AND_COAGULATION_CASCADES,45,9.865240916389276,0.9971127528731096
BRCA,kegg,1,5,KEGG_CYSTEINE_AND_METHIONINE_METABOLISM,27,-0.44958922258572986,0.9971127528731096
BRCA,kegg,1,5,KEGG_CYTOKINE_CYTOKINE_RECEPTOR_INTERACTION,191,3.821767694425009,0.9971127528731096
BRCA,kegg,1,5,KEGG_CYTOSOLIC_DNA_SENSING_PATHWAY,38,-0.5097891833177146,0.9971127528731096
BRCA,kegg,1,5,KEGG_DILATED_CARDIOMYOPATHY,66,4.749873550120811,0.9971127528731096
BRCA,kegg,1,5,KEGG_DNA_REPLICATION,35,-2.574715147101783,0.9971127528731096
BRCA,kegg,1,5,KEGG_DORSO_VENTRAL_AXIS_FORMATION,19,0.11410852311675859,0.9971127528731096
BRCA,kegg,1,5,KEGG_DRUG_METABOLISM_CYTOCHROME_P450,29,2.7049127881926203,0.9971127528731096
BRCA,kegg,1,5,KEGG_DRUG_METABOLISM_OTHER_ENZYMES,22,0.31303157897596307,0.9971127528731096
BRCA,kegg,1,5,KEGG_ECM_RECEPTOR_INTERACTION,69,22.875303135046284,0.9971127528731096
BRCA,kegg,1,5,KEGG_ENDOCYTOSIS,166,-0.05873051178325161,0.9971127528731096
BRCA,kegg,1,5,KEGG_ENDOMETRIAL_CANCER,48,-0.0490121724786012,0.9971127528731096
BRCA,kegg,1,5,KEGG_EPITHELIAL_CELL_SIGNALING_IN_HELICOBACTER_PYLORI_INFECTION,61,0.4418570196639591,0.9971127528731096
BRCA,kegg,1,5,KEGG_ERBB_SIGNALING_PATHWAY,75,-0.7703754640040762,0.9971127528731096
BRCA,kegg,1,5,KEGG_ETHER_LIPID_METABOLISM,24,0.02500686234867974,0.9971127528731096
BRCA,kegg,1,5,KEGG_FATTY_ACID_METABOLISM,34,1.4164304985780418,0.9971127528731096
BRCA,kegg,1,5,KEGG_FC_EPSILON_RI_SIGNALING_PATHWAY,64,-0.3522041383313723,0.9971127528731096
BRCA,kegg,1,5,KEGG_FC_GAMMA_R_MEDIATED_PHAGOCYTOSIS,87,1.8329807010815438,0.9971127528731096
BRCA,kegg,1,5,KEGG_FOCAL_ADHESION,176,17.612334746983358,0.9971127528731096
BRCA,kegg,1,5,KEGG_FRUCTOSE_AND_MANNOSE_METABOLISM,28,-0.1117972138120895,0.9971127528731096
BRCA,kegg,1,5,KEGG_GALACTOSE_METABOLISM,21,0.7613161766896014,0.9971127528731096
BRCA,kegg,1,5,KEGG_GAP_JUNCTION,69,1.6145436682074197,0.9971127528731096
BRCA,kegg,1,5,KEGG_GLIOMA,59,0.35151210740593014,0.9971127528731096
BRCA,kegg,1,5,KEGG_GLUTATHIONE_METABOLISM,41,2.8406115834265484,0.9971127528731096
BRCA,kegg,1,5,KEGG_GLYCEROLIPID_METABOLISM,39,0.27962229552058626,0.9971127528731096
BRCA,kegg,1,5,KEGG_GLYCEROPHOSPHOLIPID_METABOLISM,61,-0.9559931555416555,0.9971127528731096
BRCA,kegg,1,5,KEGG_GLYCINE_SERINE_AND_THREONINE_METABOLISM,22,-0.5871359006204736,0.9971127528731096
BRCA,kegg,1,5,KEGG_GLYCOLYSIS_GLUCONEOGENESIS,43,2.4651160540807355,0.9971127528731096
BRCA,kegg,1,5,KEGG_GLYCOSAMINOGLYCAN_BIOSYNTHESIS_CHONDROITIN_SULFATE,21,1.7593071611312177,0.9971127528731096
BRCA,kegg,1,5,KEGG_GLYCOSAMINOGLYCAN_BIOSYNTHESIS_HEPARAN_SULFATE,18,-0.1795445105743769,0.9971127528731096
BRCA,kegg,1,5,KEGG_GLYCOSAMINOGLYCAN_BIOSYNTHESIS_KERATAN_SULFATE,13,0.5451732888341033,0.9971127528731096
BRCA,kegg,1,5,KEGG_GLYCOSAMINOGLYCAN_DEGRADATION,18,0.915072279350718,0.9971127528731096
BRCA,kegg,1,5,KEGG_GLYCOSPHINGOLIPID_BIOSYNTHESIS_GANGLIO_SERIES,14,0.24472701559415794,0.9971127528731096
BRCA,kegg,1,5,KEGG_GLYCOSPHINGOLIPID_BIOSYNTHESIS_GLOBO_SERIES,12,0.7633331894555078,0.9971127528731096
BRCA,kegg,1,5,KEGG_GLYCOSPHINGOLIPID_BIOSYNTHESIS_LACTO_AND_NEOLACTO_SERIES,20,0.3621186997820836,0.9971127528731096
BRCA,kegg,1,5,KEGG_GLYCOSYLPHOSPHATIDYLINOSITOL_GPI_ANCHOR_BIOSYNTHESIS,23,-0.6113996773663981,0.9971127528731096
BRCA,kegg,1,5,KEGG_GLYOXYLATE_AND_DICARBOXYLATE_METABOLISM,13,-0.2468303325895014,0.9971127528731096
BRCA,kegg,1,5,KEGG_GNRH_SIGNALING_PATHWAY,80,0.5731981806648992,0.9971127528731096
BRCA,kegg,1,5,KEGG_GRAFT_VERSUS_HOST_DISEASE,37,3.0242126890941847,0.9971127528731096
BRCA,kegg,1,5,KEGG_HEDGEHOG_SIGNALING_PATHWAY,35,-0.22880582050234696,0.9971127528731096
BRCA,kegg,1,5,KEGG_HEMATOPOIETIC_CELL_LINEAGE,68,3.771712496654309,0.9971127528731096
BRCA,kegg,1,5,KEGG_HISTIDINE_METABOLISM,19,2.090481232865559,0.9971127528731096
BRCA,kegg,1,5,KEGG_HOMOLOGOUS_RECOMBINATION,24,-1.4865036205068607,0.9971127528731096
BRCA,kegg,1,5,KEGG_HUNTINGTONS_DISEASE,143,2.7658534504227004,0.9971127528731096
BRCA,kegg,1,5,KEGG_HYPERTROPHIC_CARDIOMYOPATHY_HCM,61,5.321596348788176,0.9971127528731096
BRCA,kegg,1,5,KEGG_INOSITOL_PHOSPHATE_METABOLISM,50,-1.515763164160423,0.9971127528731096
BRCA,kegg,1,5,KEGG_INSULIN_SIGNALING_PATHWAY,115,-0.4360870295359499,0.9971127528731096
BRCA,kegg,1,5,KEGG_INTESTINAL_IMMUNE_NETWORK_FOR_IGA_PRODUCTION,40,3.812252200875702,0.9971127528731096
BRCA,kegg,1,5,KEGG_JAK_STAT_SIGNALING_PATHWAY,109,0.3453834440969263,0.9971127528731096
BRCA,kegg,1,5,KEGG_LEISHMANIA_INFECTION,66,4.688945983806093,0.9971127528731096
BRCA,kegg,1,5,KEGG_LEUKOCYTE_TRANSENDOTHELIAL_MIGRATION,93,7.689229301794451,0.9971127528731096
BRCA,kegg,1,5,KEGG_LINOLEIC_ACID_METABOLISM,10,0.10903909614343194,0.9971127528731096
BRCA,kegg,1,5,KEGG_LONG_TERM_DEPRESSION,49,-0.3288768016804303,0.9971127528731096
BRCA,kegg,1,5,KEGG_LONG_TERM_POTENTIATION,51,-0.16108229092628187,0.9971127528731096
BRCA,kegg,1,5,KEGG_LYSINE_DEGRADATION,39,-0.11013141858580387,0.9971127528731096
BRCA,kegg,1,5,KEGG_LYSOSOME,113,5.070369428238332,0.9971127528731096
BRCA,kegg,1,5,KEGG_MAPK_SIGNALING_PATHWAY,214,0.8828570234823103,0.9971127528731096
BRCA,kegg,1,5,KEGG_MELANOGENESIS,78,0.950756499707574,0.9971127528731096
BRCA,kegg,1,5,KEGG_MELANOMA,56,0.550833180684474,0.9971127528731096
BRCA,kegg,1,5,KEGG_METABOLISM_OF_XENOBIOTICS_BY_CYTOCHROME_P450,28,3.0596098386381603,0.9971127528731096
BRCA,kegg,1,5,KEGG_MISMATCH_REPAIR,22,-1.5994051195876695,0.9971127528731096
BRCA,kegg,1,5,KEGG_MTOR_SIGNALING_PATHWAY,41,0.026487551798099224,0.9971127528731096
BRCA,kegg,1,5,KEGG_NATURAL_KILLER_CELL_MEDIATED_CYTOTOXICITY,106,1.431440366236366,0.9971127528731096
BRCA,kegg,1,5,KEGG_NEUROACTIVE_LIGAND_RECEPTOR_INTERACTION,104,0.34697893384784195,0.9971127528731096
BRCA,kegg,1,5,KEGG_NEUROTROPHIN_SIGNALING_PATHWAY,111,0.8384430133128836,0.9971127528731096
BRCA,kegg,1,5,KEGG_NICOTINATE_AND_NICOTINAMIDE_METABOLISM,21,1.3937801711787265,0.9971127528731096
BRCA,kegg,1,5,KEGG_NITROGEN_METABOLISM,15,1.1957720918938775,0.9971127528731096
BRCA,kegg,1,5,KEGG_NOD_LIKE_RECEPTOR_SIGNALING_PATHWAY,57,0.6708761281109407,0.9971127528731096
BRCA,kegg,1,5,KEGG_NON_HOMOLOGOUS_END_JOINING,11,-0.3213289071035122,0.9971127528731096
BRCA,kegg,1,5,KEGG_NON_SMALL_CELL_LUNG_CANCER,51,-1.1937692948061127,0.9971127528731096
BRCA,kegg,1,5,KEGG_NOTCH_SIGNALING_PATHWAY,44,-0.7458122297637144,0.9971127528731096
BRCA,kegg,1,5,KEGG_NUCLEOTIDE_EXCISION_REPAIR,43,-0.9862095527814929,0.9971127528731096
BRCA,kegg,1,5,KEGG_N_GLYCAN_BIOSYNTHESIS,45,1.6102728917581735,0.9971127528731096
BRCA,kegg,1,5,KEGG_OLFACTORY_TRANSDUCTION,18,1.0749727339532957,0.9971127528731096
BRCA,kegg,1,5,KEGG_ONE_CARBON_POOL_BY_FOLATE,15,-0.5820079682690615,0.9971127528731096
BRCA,kegg,1,5,KEGG_OOCYTE_MEIOSIS,93,0.17029599293805284,0.9971127528731096
BRCA,kegg,1,5,KEGG_OTHER_GLYCAN_DEGRADATION,13,1.1068784187603327,0.9971127528731096
BRCA,kegg,1,5,KEGG_OXIDATIVE_PHOSPHORYLATION,91,2.769498501028901,0.9971127528731096
BRCA,kegg,1,5,KEGG_O_GLYCAN_BIOSYNTHESIS,21,2.653987832592051,0.9971127528731096
BRCA,kegg,1,5,KEGG_P53_SIGNALING_PATHWAY,63,1.6528071554041344,0.9971127528731096
BRCA,kegg,1,5,KEGG_PANCREATIC_CANCER,68,1.7546169675806416,0.9971127528731096
BRCA,kegg,1,5,KEGG_PANTOTHENATE_AND_COA_BIOSYNTHESIS,13,-0.31535377876953796,0.9971127528731096
BRCA,kegg,1,5,KEGG_PARKINSONS_DISEASE,89,2.8839989878000987,0.9971127528731096
BRCA,kegg,1,5,KEGG_PATHOGENIC_ESCHERICHIA_COLI_INFECTION,49,5.388868611417826,0.9971127528731096
BRCA,kegg,1,5,KEGG_PATHWAYS_IN_CANCER,279,4.431067675494703,0.9971127528731096
BRCA,kegg,1,5,KEGG_PENTOSE_PHOSPHATE_PATHWAY,22,0.33905225469472106,0.9971127528731096
BRCA,kegg,1,5,KEGG_PEROXISOME,71,1.5646861976251696,0.9971127528731096
BRCA,kegg,1,5,KEGG_PHENYLALANINE_METABOLISM,13,1.8232830368526391,0.9971127528731096
BRCA,kegg,1,5,KEGG_PHOSPHATIDYLINOSITOL_SIGNALING_SYSTEM,68,-1.4266987386196919,0.9971127528731096
BRCA,kegg,1,5,KEGG_PORPHYRIN_AND_CHLOROPHYLL_METABOLISM,20,1.660006622617489,0.9971127528731096
BRCA,kegg,1,5,KEGG_PPAR_SIGNALING_PATHWAY,52,3.5727734404270546,0.9971127528731096
BRCA,kegg,1,5,KEGG_PRIMARY_BILE_ACID_BIOSYNTHESIS,11,0.8893317183482203,0.9971127528731096
BRCA,kegg,1,5,KEGG_PRIMARY_IMMUNODEFICIENCY,30,-1.6821512452752108,0.9971127528731096
BRCA,kegg,1,5,KEGG_PRION_DISEASES,29,2.6464395958213163,0.9971127528731096
BRCA,kegg,1,5,KEGG_PROGESTERONE_MEDIATED_OOCYTE_MATURATION,72,-1.127382982426773,0.9971127528731096
BRCA,kegg,1,5,KEGG_PROPANOATE_METABOLISM,28,2.0308514940770284,0.9971127528731096
BRCA,kegg,1,5,KEGG_PROSTATE_CANCER,83,1.520927090300226,0.9971127528731096
BRCA,kegg,1,5,KEGG_PROTEASOME,41,2.635529943463514,0.9971127528731096
BRCA,kegg,1,5,KEGG_PROTEIN_EXPORT,23,2.833718076686411,0.9971127528731096
BRCA,kegg,1,5,KEGG_PROXIMAL_TUBULE_BICARBONATE_RECLAMATION,17,1.866996336823224,0.9971127528731096
BRCA,kegg,1,5,KEGG_PURINE_METABOLISM,132,-0.8224848844394544,0.9971127528731096
BRCA,kegg,1,5,KEGG_PYRIMIDINE_METABOLISM,90,-1.4753025099279742,0.9971127528731096
BRCA,kegg,1,5,KEGG_PYRUVATE_METABOLISM,33,1.0498672800402578,0.9971127528731096
BRCA,kegg,1,5,KEGG_REGULATION_OF_ACTIN_CYTOSKELETON,170,7.846245249116284,0.9971127528731096
BRCA,kegg,1,5,KEGG_REGULATION_OF_AUTOPHAGY,20,-1.0247933416887294,0.9971127528731096
BRCA,kegg,1,5,KEGG_RENAL_CELL_CARCINOMA,64,1.706237694610867,0.9971127528731096
BRCA,kegg,1,5,KEGG_RENIN_ANGIOTENSIN_SYSTEM,10,0.005017699125641479,0.9971127528731096
BRCA,kegg,1,5,KEGG_RETINOL_METABOLISM,17,0.9632712557656271,0.9971127528731096
BRCA,kegg,1,5,KEGG_RIBOFLAVIN_METABOLISM,11,0.15475616586440072,0.9971127528731096
BRCA,kegg,1,5,KEGG_RIG_I_LIKE_RECEPTOR_SIGNALING_PATHWAY,50,-1.7011515056445758,0.9971127528731096
BRCA,kegg,1,5,KEGG_RNA_DEGRADATION,50,-1.7005683469740114,0.9971127528731096
BRCA,kegg,1,5,KEGG_RNA_POLYMERASE,28,-0.6116492630522705,0.9971127528731096
BRCA,kegg,1,5,KEGG_SELENOAMINO_ACID_METABOLISM,22,-0.09541243963393278,0.9971127528731096
BRCA,kegg,1,5,KEGG_SMALL_CELL_LUNG_CANCER,78,2.240902238789379,0.9971127528731096
BRCA,kegg,1,5,KEGG_SNARE_INTERACTIONS_IN_VESICULAR_TRANSPORT,36,-0.14333309476538997,0.9971127528731096
BRCA,kegg,1,5,KEGG_SPHINGOLIPID_METABOLISM,32,1.9772876474634196,0.9971127528731096
BRCA,kegg,1,5,KEGG_SPLICEOSOME,126,-3.0570194413358283,0.9971127528731096
BRCA,kegg,1,5,KEGG_STARCH_AND_SUCROSE_METABOLISM,21,1.4358006828232939,0.9971127528731096
BRCA,kegg,1,5,KEGG_STEROID_BIOSYNTHESIS,15,2.2694769862550643,0.9971127528731096
BRCA,kegg,1,5,KEGG_STEROID_HORMONE_BIOSYNTHESIS,19,1.1110378440571904,0.9971127528731096
BRCA,kegg,1,5,KEGG_SULFUR_METABOLISM,11,0.49789635938769333,0.9971127528731096
BRCA,kegg,1,5,KEGG_SYSTEMIC_LUPUS_ERYTHEMATOSUS,44,6.828725477520778,0.9971127528731096
BRCA,kegg,1,5,KEGG_TASTE_TRANSDUCTION,13,-0.33394988720080065,0.9971127528731096
BRCA,kegg,1,5,KEGG_TERPENOID_BACKBONE_BIOSYNTHESIS,14,0.8118907964552984,0.9971127528731096
BRCA,kegg,1,5,KEGG_TGF_BETA_SIGNALING_PATHWAY,69,5.909353402074872,0.9971127528731096
BRCA,kegg,1,5,KEGG_THYROID_CANCER,28,-0.33656030414009797,0.9971127528731096
BRCA,kegg,1,5,KEGG_TIGHT_JUNCTION,97,2.5141631474902923,0.9971127528731096
BRCA,kegg,1,5,KEGG_TOLL_LIKE_RECEPTOR_SIGNALING_PATHWAY,85,1.779404541903111,0.9971127528731096
BRCA,kegg,1,5,KEGG_TRYPTOPHAN_METABOLISM,27,2.143405974824459,0.9971127528731096
BRCA,kegg,1,5,KEGG_TYPE_II_DIABETES_MELLITUS,34,-0.005592729611689466,0.9971127528731096
BRCA,kegg,1,5,KEGG_TYPE_I_DIABETES_MELLITUS,36,3.192284638609789,0.9971127528731096
BRCA,kegg,1,5,KEGG_TYROSINE_METABOLISM,28,1.8256374045813704,0.9971127528731096
BRCA,kegg,1,5,KEGG_T_CELL_RECEPTOR_SIGNALING_PATHWAY,101,-0.20950923692435527,0.9971127528731096
BRCA,kegg,1,5,KEGG_UBIQUITIN_MEDIATED_PROTEOLYSIS,126,-1.9399538496627309,0.9971127528731096
BRCA,kegg,1,5,KEGG_VALINE_LEUCINE_AND_ISOLEUCINE_DEGRADATION,43,1.037849247655652,0.9971127528731096
BRCA,kegg,1,5,KEGG_VASCULAR_SMOOTH_MUSCLE_CONTRACTION,88,1.735902843865262,0.9971127528731096
BRCA,kegg,1,5,KEGG_VASOPRESSIN_REGULATED_WATER_REABSORPTION,39,1.8956350177997237,0.9971127528731096
BRCA,kegg,1,5,KEGG_VEGF_SIGNALING_PATHWAY,63,0.4397520751515041,0.9971127528731096
BRCA,kegg,1,5,KEGG_VIBRIO_CHOLERAE_INFECTION,47,3.299023612372849,0.9971127528731096
BRCA,kegg,1,5,KEGG_VIRAL_MYOCARDITIS,57,5.372237310719105,0.9971127528731096
BRCA,kegg,1,5,KEGG_WNT_SIGNALING_PATHWAY,126,1.3650596718762247,0.9971127528731096
BRCA,kegg,1,6,KEGG_ABC_TRANSPORTERS,33,-1.1610216741110797,0.9720955395948865
BRCA,kegg,1,6,KEGG_ACUTE_MYELOID_LEUKEMIA,53,2.781323306526042,0.9720955395948865
BRCA,kegg,1,6,KEGG_ADHERENS_JUNCTION,65,7.239292076879421,0.9720955395948865
BRCA,kegg,1,6,KEGG_ADIPOCYTOKINE_SIGNALING_PATHWAY,54,2.4727790763958173,0.9720955395948865
BRCA,kegg,1,6,KEGG_ALANINE_ASPARTATE_AND_GLUTAMATE_METABOLISM,25,-0.4173306742891512,0.9720955395948865
BRCA,kegg,1,6,KEGG_ALDOSTERONE_REGULATED_SODIUM_REABSORPTION,33,1.358507738531172,0.9720955395948865
BRCA,kegg,1,6,KEGG_ALLOGRAFT_REJECTION,32,-4.484635035878069,0.9720955395948865
BRCA,kegg,1,6,KEGG_ALPHA_LINOLENIC_ACID_METABOLISM,10,-0.6832213910828929,0.9720955395948865
BRCA,kegg,1,6,KEGG_ALZHEIMERS_DISEASE,128,-5.103245386592809,0.9720955395948865
BRCA,kegg,1,6,KEGG_AMINOACYL_TRNA_BIOSYNTHESIS,22,0.1360591572038267,0.9720955395948865
BRCA,kegg,1,6,KEGG_AMINO_SUGAR_AND_NUCLEOTIDE_SUGAR_METABOLISM,39,-0.028149952497144942,0.9720955395948865
BRCA,kegg,1,6,KEGG_AMYOTROPHIC_LATERAL_SCLEROSIS_ALS,41,-0.024543677742142445,0.9720955395948865
BRCA,kegg,1,6,KEGG_ANTIGEN_PROCESSING_AND_PRESENTATION,66,-3.4060689158968898,0.9720955395948865
BRCA,kegg,1,6,KEGG_APOPTOSIS,82,1.8574651021778503,0.9720955395948865
BRCA,kegg,1,6,KEGG_ARACHIDONIC_ACID_METABOLISM,33,-1.9587457795181415,0.9720955395948865
BRCA,kegg,1,6,KEGG_ARGININE_AND_PROLINE_METABOLISM,43,0.03508639792519824,0.9720955395948865
BRCA,kegg,1,6,KEGG_ARRHYTHMOGENIC_RIGHT_VENTRICULAR_CARDIOMYOPATHY_ARVC,58,7.166460562712197,0.9720955395948865
BRCA,kegg,1,6,KEGG_ASTHMA,18,-1.573573095610062,0.9720955395948865
BRCA,kegg,1,6,KEGG_AUTOIMMUNE_THYROID_DISEASE,33,-4.740727771298736,0.9720955395948865
BRCA,kegg,1,6,KEGG_AXON_GUIDANCE,111,3.9075330216861985,0.9720955395948865
BRCA,kegg,1,6,KEGG_BASAL_CELL_CARCINOMA,38,2.478128704989939,0.9720955395948865
BRCA,kegg,1,6,KEGG_BASAL_TRANSCRIPTION_FACTORS,31,1.3333574899416176,0.9720955395948865
BRCA,kegg,1,6,KEGG_BASE_EXCISION_REPAIR,33,-0.2032459493941366,0.9720955395948865
BRCA,kegg,1,6,KEGG_BETA_ALANINE_METABOLISM,16,0.8668126526681191,0.9720955395948865
BRCA,kegg,1,6,KEGG_BIOSYNTHESIS_OF_UNSATURATED_FATTY_ACIDS,21,-0.28749151044900967,0.9720955395948865
BRCA,kegg,1,6,KEGG_BLADDER_CANCER,40,2.8864623435080374,0.9720955395948865
BRCA,kegg,1,6,KEGG_BUTANOATE_METABOLISM,28,-0.9046269849113896,0.9720955395948865
BRCA,kegg,1,6,KEGG_B_CELL_RECEPTOR_SIGNALING_PATHWAY,71,0.8674029590167042,0.9720955395948865
BRCA,kegg,1,6,KEGG_CALCIUM_SIGNALING_PATHWAY,112,1.2257611374486952,0.9720955395948865
BRCA,kegg,1,6,KEGG_CARDIAC_MUSCLE_CONTRACTION,51,-3.874679542938927,0.9720955395948865
BRCA,kegg,1,6,KEGG_CELL_ADHESION_MOLECULES_CAMS,109,0.8522408451086916,0.9720955395948865
BRCA,kegg,1,6,KEGG_CELL_CYCLE,116,5.540691100398201,0.9720955395948865
BRCA,kegg,1,6,KEGG_CHEMOKINE_SIGNALING_PATHWAY,155,1.9309993235816039,0.9720955395948865
BRCA,kegg,1,6,KEGG_CHRONIC_MYELOID_LEUKEMIA,70,5.2165967239536375,0.9720955395948865
BRCA,kegg,1,6,KEGG_CIRCADIAN_RHYTHM_MAMMAL,12,1.6104046824540599,0.9720955395948865
BRCA,kegg,1,6,KEGG_CITRATE_CYCLE_TCA_CYCLE,27,0.4333066834841266,0.9720955395948865
BRCA,kegg,1,6,KEGG_COLORECTAL_CANCER,59,4.257630672442448,0.9720955395948865
BRCA,kegg,1,6,KEGG_COMPLEMENT_AND_COAGULATION_CASCADES,45,2.183756128309958,0.9720955395948865
BRCA,kegg,1,6,KEGG_CYSTEINE_AND_METHIONINE_METABOLISM,27,1.0221006982922956,0.9720955395948865
BRCA,kegg,1,6,KEGG_CYTOKINE_CYTOKINE_RECEPTOR_INTERACTION,191,0.3896010011037637,0.9720955395948865
BRCA,kegg,1,6,KEGG_CYTOSOLIC_DNA_SENSING_PATHWAY,38,-1.7911424632545192,0.9720955395948865
BRCA,kegg,1,6,KEGG_DILATED_CARDIOMYOPATHY,66,4.508855687514781,0.9720955395948865
BRCA,kegg,1,6,KEGG_DNA_REPLICATION,35,1.58906458686525,0.9720955395948865
BRCA,kegg,1,6,KEGG_DORSO_VENTRAL_AXIS_FORMATION,19,4.4853195815167535,0.9720955395948865
BRCA,kegg,1,6,KEGG_DRUG_METABOLISM_CYTOCHROME_P450,29,-1.254810803967658,0.9720955395948865
BRCA,kegg,1,6,KEGG_DRUG_METABOLISM_OTHER_ENZYMES,22,-1.7502962802224564,0.9720955395948865
BRCA,kegg,1,6,KEGG_ECM_RECEPTOR_INTERACTION,69,16.83832017583045,0.9720955395948865
BRCA,kegg,1,6,KEGG_ENDOCYTOSIS,166,1.483878802495059,0.9720955395948865
BRCA,kegg,1,6,KEGG_ENDOMETRIAL_CANCER,48,3.4974760079561547,0.9720955395948865
BRCA,kegg,1,6,KEGG_EPITHELIAL_CELL_SIGNALING_IN_HELICOBACTER_PYLORI_INFECTION,61,0.843554917813622,0.9720955395948865
BRCA,kegg,1,6,KEGG_ERBB_SIGNALING_PATHWAY,75,3.575154582532509,0.9720955395948865
BRCA,kegg,1,6,KEGG_ETHER_LIPID_METABOLISM,24,0.3867355505083072,0.9720955395948865
BRCA,kegg,1,6,KEGG_FATTY_ACID_METABOLISM,34,0.6109496801226321,0.9720955395948865
BRCA,kegg,1,6,KEGG_FC_EPSILON_RI_SIGNALING_PATHWAY,64,0.9546746016488571,0.9720955395948865
BRCA,kegg,1,6,KEGG_FC_GAMMA_R_MEDIATED_PHAGOCYTOSIS,87,3.2595890618625716,0.9720955395948865
BRCA,kegg,1,6,KEGG_FOCAL_ADHESION,176,15.596088170812536,0.9720955395948865
BRCA,kegg,1,6,KEGG_FRUCTOSE_AND_MANNOSE_METABOLISM,28,-0.857376437120954,0.9720955395948865
BRCA,kegg,1,6,KEGG_GALACTOSE_METABOLISM,21,0.6943454064779614,0.9720955395948865
BRCA,kegg,1,6,KEGG_GAP_JUNCTION,69,4.323282842140292,0.9720955395948865
BRCA,kegg,1,6,KEGG_GLIOMA,59,3.5290528727735895,0.9720955395948865
BRCA,kegg,1,6,KEGG_GLUTATHIONE_METABOLISM,41,-1.4828033391957705,0.9720955395948865
BRCA,kegg,1,6,KEGG_GLYCEROLIPID_METABOLISM,39,0.21756637416282462,0.9720955395948865
BRCA,kegg,1,6,KEGG_GLYCEROPHOSPHOLIPID_METABOLISM,61,-0.058808747574558166,0.9720955395948865
BRCA,kegg,1,6,KEGG_GLYCINE_SERINE_AND_THREONINE_METABOLISM,22,-0.1143627850580626,0.9720955395948865
BRCA,kegg,1,6,KEGG_GLYCOLYSIS_GLUCONEOGENESIS,43,1.011519980135618,0.9720955395948865
BRCA,kegg,1,6,KEGG_GLYCOSAMINOGLYCAN_BIOSYNTHESIS_CHONDROITIN_SULFATE,21,0.7550877724284417,0.9720955395948865
BRCA,kegg,1,6,KEGG_GLYCOSAMINOGLYCAN_BIOSYNTHESIS_HEPARAN_SULFATE,18,0.6176418586684742,0.9720955395948865
BRCA,kegg,1,6,KEGG_GLYCOSAMINOGLYCAN_BIOSYNTHESIS_KERATAN_SULFATE,13,0.5427500776778403,0.9720955395948865
BRCA,kegg,1,6,KEGG_GLYCOSAMINOGLYCAN_DEGRADATION,18,-0.5303756392876684,0.9720955395948865
BRCA,kegg,1,6,KEGG_GLYCOSPHINGOLIPID_BIOSYNTHESIS_GANGLIO_SERIES,14,-0.8223131607806808,0.9720955395948865
BRCA,kegg,1,6,KEGG_GLYCOSPHINGOLIPID_BIOSYNTHESIS_GLOBO_SERIES,12,-0.17639006567770507,0.9720955395948865
BRCA,kegg,1,6,KEGG_GLYCOSPHINGOLIPID_BIOSYNTHESIS_LACTO_AND_NEOLACTO_SERIES,20,-0.11663003594488788,0.9720955395948865
BRCA,kegg,1,6,KEGG_GLYCOSYLPHOSPHATIDYLINOSITOL_GPI_ANCHOR_BIOSYNTHESIS,23,-1.514110260914708,0.9720955395948865
BRCA,kegg,1,6,KEGG_GLYOXYLATE_AND_DICARBOXYLATE_METABOLISM,13,-0.13742518983095794,0.9720955395948865
BRCA,kegg,1,6,KEGG_GNRH_SIGNALING_PATHWAY,80,2.830927618940767,0.9720955395948865
BRCA,kegg,1,6,KEGG_GRAFT_VERSUS_HOST_DISEASE,37,-4.475673348372139,0.9720955395948865
BRCA,kegg,1,6,KEGG_HEDGEHOG_SIGNALING_PATHWAY,35,1.1837473197989017,0.9720955395948865
BRCA,kegg,1,6,KEGG_HEMATOPOIETIC_CELL_LINEAGE,68,0.587148307525709,0.9720955395948865
BRCA,kegg,1,6,KEGG_HISTIDINE_METABOLISM,19,-0.0541761975274334,0.9720955395948865
BRCA,kegg,1,6,KEGG_HOMOLOGOUS_RECOMBINATION,24,-0.30236728729968027,0.9720955395948865
BRCA,kegg,1,6,KEGG_HUNTINGTONS_DISEASE,143,-6.137202500859178,0.9720955395948865
BRCA,kegg,1,6,KEGG_HYPERTROPHIC_CARDIOMYOPATHY_HCM,61,4.684228109025067,0.9720955395948865
BRCA,kegg,1,6,KEGG_INOSITOL_PHOSPHATE_METABOLISM,50,1.6524564643848931,0.9720955395948865
BRCA,kegg,1,6,KEGG_INSULIN_SIGNALING_PATHWAY,115,2.7091956353610276,0.9720955395948865
BRCA,kegg,1,6,KEGG_INTESTINAL_IMMUNE_NETWORK_FOR_IGA_PRODUCTION,40,-1.5388056445043519,0.9720955395948865
BRCA,kegg,1,6,KEGG_JAK_STAT_SIGNALING_PATHWAY,109,2.8617496088969987,0.9720955395948865
BRCA,kegg,1,6,KEGG_LEISHMANIA_INFECTION,66,1.6764643737904374,0.9720955395948865
BRCA,kegg,1,6,KEGG_LEUKOCYTE_TRANSENDOTHELIAL_MIGRATION,93,5.119170141515987,0.9720955395948865
BRCA,kegg,1,6,KEGG_LINOLEIC_ACID_METABOLISM,10,-1.3684916966544514,0.9720955395948865
BRCA,kegg,1,6,KEGG_LONG_TERM_DEPRESSION,49,1.4750428082070985,0.9720955395948865
BRCA,kegg,1,6,KEGG_LONG_TERM_POTENTIATION,51,2.3453887270067604,0.9720955395948865
BRCA,kegg,1,6,KEGG_LYSINE_DEGRADATION,39,2.2805295079159045,0.9720955395948865
BRCA,kegg,1,6,KEGG_LYSOSOME,113,-0.4380376642188745,0.9720955395948865
BRCA,kegg,1,6,KEGG_MAPK_SIGNALING_PATHWAY,214,3.360621624291238,0.9720955395948865
BRCA,kegg,1,6,KEGG_MELANOGENESIS,78,2.839869060077136,0.9720955395948865
BRCA,kegg,1,6,KEGG_MELANOMA,56,3.3012674629694727,0.9720955395948865
BRCA,kegg,1,6,KEGG_METABOLISM_OF_XENOBIOTICS_BY_CYTOCHROME_P450,28,-1.9916485200671425,0.9720955395948865
BRCA,kegg,1,6,KEGG_MISMATCH_REPAIR,22,1.1911546005746634,0.9720955395948865
BRCA,kegg,1,6,KEGG_MTOR_SIGNALING_PATHWAY,41,1.6473701733499462,0.9720955395948865
BRCA,kegg,1,6,KEGG_NATURAL_KILLER_CELL_MEDIATED_CYTOTOXICITY,106,-1.0093290370363845,0.9720955395948865
BRCA,kegg,1,6,KEGG_NEUROACTIVE_LIGAND_RECEPTOR_INTERACTION,104,-1.3808055044237388,0.9720955395948865
BRCA,kegg,1,6,KEGG_NEUROTROPHIN_SIGNALING_PATHWAY,111,4.374309353894941,0.9720955395948865
BRCA,kegg,1,6,KEGG_NICOTINATE_AND_NICOTINAMIDE_METABOLISM,21,-0.45583670981145297,0.9720955395948865
BRCA,kegg,1,6,KEGG_NITROGEN_METABOLISM,15,-0.24351331604796358,0.9720955395948865
BRCA,kegg,1,6,KEGG_NOD_LIKE_RECEPTOR_SIGNALING_PATHWAY,57,0.5605462887027458,0.9720955395948865
BRCA,kegg,1,6,KEGG_NON_HOMOLOGOUS_END_JOINING,11,1.9352250858418105,0.9720955395948865
BRCA,kegg,1,6,KEGG_NON_SMALL_CELL_LUNG_CANCER,51,2.2909032384844084,0.9720955395948865
BRCA,kegg,1,6,KEGG_NOTCH_SIGNALING_PATHWAY,44,2.2621126990920497,0.9720955395948865
BRCA,kegg,1,6,KEGG_NUCLEOTIDE_EXCISION_REPAIR,43,0.5521050531624834,0.9720955395948865
BRCA,kegg,1,6,KEGG_N_GLYCAN_BIOSYNTHESIS,45,0.4774161723787807,0.9720955395948865
BRCA,kegg,1,6,KEGG_OLFACTORY_TRANSDUCTION,18,-0.11395291350773938,0.9720955395948865
BRCA,kegg,1,6,KEGG_ONE_CARBON_POOL_BY_FOLATE,15,0.6934926748619562,0.9720955395948865
BRCA,kegg,1,6,KEGG_OOCYTE_MEIOSIS,93,3.351392224643135,0.9720955395948865
BRCA,kegg,1,6,KEGG_OTHER_GLYCAN_DEGRADATION,13,-0.7753553772059235,0.9720955395948865
BRCA,kegg,1,6,KEGG_OXIDATIVE_PHOSPHORYLATION,91,-9.7491122473813,0.9720955395948865
BRCA,kegg,1,6,KEGG_O_GLYCAN_BIOSYNTHESIS,21,1.5562029686923435,0.9720955395948865
BRCA,kegg,1,6,KEGG_P53_SIGNALING_PATHWAY,63,2.7028692819241025,0.9720955395948865
BRCA,kegg,1,6,KEGG_PANCREATIC_CANCER,68,3.402938253022774,0.9720955395948865
BRCA,kegg,1,6,KEGG_PANTOTHENATE_AND_COA_BIOSYNTHESIS,13,-0.672217757737174,0.9720955395948865
BRCA,kegg,1,6,KEGG_PARKINSONS_DISEASE,89,-8.388465750505386,0.9720955395948865
BRCA,kegg,1,6,KEGG_PATHOGENIC_ESCHERICHIA_COLI_INFECTION,49,4.549295022572997,0.9720955395948865
BRCA,kegg,1,6,KEGG_PATHWAYS_IN_CANCER,279,9.26870132734066,0.9720955395948865
BRCA,kegg,1,6,KEGG_PENTOSE_PHOSPHATE_PATHWAY,22,-0.07089505486790915,0.9720955395948865
BRCA,kegg,1,6,KEGG_PEROXISOME,71,-2.9612485054628133,0.9720955395948865
BRCA,kegg,1,6,KEGG_PHENYLALANINE_METABOLISM,13,-0.62188542648293,0.9720955395948865
BRCA,kegg,1,6,KEGG_PHOSPHATIDYLINOSITOL_SIGNALING_SYSTEM,68,1.7155913000621221,0.9720955395948865
BRCA,kegg,1,6,KEGG_PORPHYRIN_AND_CHLOROPHYLL_METABOLISM,20,-2.8945669769399296,0.9720955395948865
BRCA,kegg,1,6,KEGG_PPAR_SIGNALING_PATHWAY,52,0.5566969876708578,0.9720955395948865
BRCA,kegg,1,6,KEGG_PRIMARY_BILE_ACID_BIOSYNTHESIS,11,-0.4522229853192655,0.9720955395948865
BRCA,kegg,1,6,KEGG_PRIMARY_IMMUNODEFICIENCY,30,-2.320760738408299,0.9720955395948865
BRCA,kegg,1,6,KEGG_PRION_DISEASES,29,1.335867954313665,0.9720955395948865
BRCA,kegg,1,6,KEGG_PROGESTERONE_MEDIATED_OOCYTE_MATURATION,72,1.8078674380307505,0.9720955395948865
BRCA,kegg,1,6,KEGG_PROPANOATE_METABOLISM,28,0.2094449444338939,0.9720955395948865
BRCA,kegg,1,6,KEGG_PROSTATE_CANCER,83,4.853450436269238,0.9720955395948865
BRCA,kegg,1,6,KEGG_PROTEASOME,41,-4.3006831559710195,0.9720955395948865
BRCA,kegg,1,6,KEGG_PROTEIN_EXPORT,23,-0.07470035684804306,0.9720955395948865
BRCA,kegg,1,6,KEGG_PROXIMAL_TUBULE_BICARBONATE_RECLAMATION,17,2.008106806245352,0.9720955395948865
BRCA,kegg,1,6,KEGG_PURINE_METABOLISM,132,-1.3753789518324728,0.9720955395948865
BRCA,kegg,1,6,KEGG_PYRIMIDINE_METABOLISM,90,-1.7983747491340738,0.9720955395948865
BRCA,kegg,1,6,KEGG_PYRUVATE_METABOLISM,33,-0.04803443391697728,0.9720955395948865
BRCA,kegg,1,6,KEGG_REGULATION_OF_ACTIN_CYTOSKELETON,170,9.257458730644819,0.9720955395948865
BRCA,kegg,1,6,KEGG_REGULATION_OF_AUTOPHAGY,20,0.5930833502155656,0.9720955395948865
BRCA,kegg,1,6,KEGG_RENAL_CELL_CARCINOMA,64,4.889290818519399,0.9720955395948865
BRCA,kegg,1,6,KEGG_RENIN_ANGIOTENSIN_SYSTEM,10,-0.5094958408891207,0.9720955395948865
BRCA,kegg,1,6,KEGG_RETINOL_METABOLISM,17,-0.6689207517703784,0.9720955395948865
BRCA,kegg,1,6,KEGG_RIBOFLAVIN_METABOLISM,11,-1.3521535531499471,0.9720955395948865
BRCA,kegg,1,6,KEGG_RIG_I_LIKE_RECEPTOR_SIGNALING_PATHWAY,50,-1.5479000955708975,0.9720955395948865
BRCA,kegg,1,6,KEGG_RNA_DEGRADATION,50,1.7473333505192776,0.9720955395948865
BRCA,kegg,1,6,KEGG_RNA_POLYMERASE,28,-0.9163496758778473,0.9720955395948865
BRCA,kegg,1,6,KEGG_SELENOAMINO_ACID_METABOLISM,22,1.0482272434215214,0.9720955395948865
BRCA,kegg,1,6,KEGG_SMALL_CELL_LUNG_CANCER,78,7.205324410221278,0.9720955395948865
BRCA,kegg,1,6,KEGG_SNARE_INTERACTIONS_IN_VESICULAR_TRANSPORT,36,-0.9272183003243468,0.9720955395948865
BRCA,kegg,1,6,KEGG_SPHINGOLIPID_METABOLISM,32,0.6452475646856117,0.9720955395948865
BRCA,kegg,1,6,KEGG_SPLICEOSOME,126,3.4319282170187777,0.9720955395948865
BRCA,kegg,1,6,KEGG_STARCH_AND_SUCROSE_METABOLISM,21,1.442769577264201,0.9720955395948865
BRCA,kegg,1,6,KEGG_STEROID_BIOSYNTHESIS,15,-1.4713310307127796,0.9720955395948865
BRCA,kegg,1,6,KEGG_STEROID_HORMONE_BIOSYNTHESIS,19,-1.7849589525696379,0.9720955395948865
BRCA,kegg,1,6,KEGG_SULFUR_METABOLISM,11,0.10880752119846131,0.9720955395948865
BRCA,kegg,1,6,KEGG_SYSTEMIC_LUPUS_ERYTHEMATOSUS,44,-0.5169131342753065,0.9720955395948865
BRCA,kegg,1,6,KEGG_TASTE_TRANSDUCTION,13,0.7462642928102837,0.9720955395948865
BRCA,kegg,1,6,KEGG_TERPENOID_BACKBONE_BIOSYNTHESIS,14,-1.600331185212632,0.9720955395948865
BRCA,kegg,1,6,KEGG_TGF_BETA_SIGNALING_PATHWAY,69,7.186048968531194,0.9720955395948865
BRCA,kegg,1,6,KEGG_THYROID_CANCER,28,3.6156646901123355,0.9720955395948865
BRCA,kegg,1,6,KEGG_TIGHT_JUNCTION,97,4.057612549882736,0.9720955395948865
BRCA,kegg,1,6,KEGG_TOLL_LIKE_RECEPTOR_SIGNALING_PATHWAY,85,0.6015444931389765,0.9720955395948865
BRCA,kegg,1,6,KEGG_TRYPTOPHAN_METABOLISM,27,0.5195663127224132,0.9720955395948865
BRCA,kegg,1,6,KEGG_TYPE_II_DIABETES_MELLITUS,34,1.2437826435123285,0.9720955395948865
BRCA,kegg,1,6,KEGG_TYPE_I_DIABETES_MELLITUS,36,-4.163027297325883,0.9720955395948865
BRCA,kegg,1,6,KEGG_TYROSINE_METABOLISM,28,-1.5505657606908472,0.9720955395948865
BRCA,kegg,1,6,KEGG_T_CELL_RECEPTOR_SIGNALING_PATHWAY,101,1.629648604227616,0.9720955395948865
BRCA,kegg,1,6,KEGG_UBIQUITIN_MEDIATED_PROTEOLYSIS,126,3.242150725271519,0.9720955395948865
BRCA,kegg,1,6,KEGG_VALINE_LEUCINE_AND_ISOLEUCINE_DEGRADATION,43,-0.48976797611451606,0.9720955395948865
BRCA,kegg,1,6,KEGG_VASCULAR_SMOOTH_MUSCLE_CONTRACTION,88,2.3842533575934777,0.9720955395948865
BRCA,kegg,1,6,KEGG_VASOPRESSIN_REGULATED_WATER_REABSORPTION,39,0.5807424579433872,0.9720955395948865
BRCA,kegg,1,6,KEGG_VEGF_SIGNALING_PATHWAY,63,0.3056630989820893,0.9720955395948865
BRCA,kegg,1,6,KEGG_VIBRIO_CHOLERAE_INFECTION,47,-0.5567363304720501,0.9720955395948865
BRCA,kegg,1,6,KEGG_VIRAL_MYOCARDITIS,57,1.0212016923048677,0.9720955395948865
BRCA,kegg,1,6,KEGG_WNT_SIGNALING_PATHWAY,126,5.592027684241895,0.9720955395948865
BRCA,kegg,1,7,KEGG_ABC_TRANSPORTERS,33,-0.2691815391938123,0.9920225067578641
BRCA,kegg,1,7,KEGG_ACUTE_MYELOID_LEUKEMIA,53,1.28218694969911,0.9920225067578641
BRCA,kegg,1,7,KEGG_ADHERENS_JUNCTION,65,0.22302448623497925,0.9920225067578641
BRCA,kegg,1,7,KEGG_ADIPOCYTOKINE_SIGNALING_PATHWAY,54,0.2297695378486755,0.9920225067578641
BRCA,kegg,1,7,KEGG_ALANINE_ASPARTATE_AND_GLUTAMATE_METABOLISM,25,1.1376547116402245,0.9920225067578641
BRCA,kegg,1,7,KEGG_ALDOSTERONE_REGULATED_SODIUM_REABSORPTION,33,-0.5634735795848392,0.9920225067578641
BRCA,kegg,1,7,KEGG_ALLOGRAFT_REJECTION,32,-7.32919824474035,0.9920225067578641
BRCA,kegg,1,7,KEGG_ALPHA_LINOLENIC_ACID_METABOLISM,10,-0.2800452288746171,0.9920225067578641
BRCA,kegg,1,7,KEGG_ALZHEIMERS_DISEASE,128,5.463738756771669,0.9920225067578641
BRCA,kegg,1,7,KEGG_AMINOACYL_TRNA_BIOSYNTHESIS,22,1.9781886041716052,0.9920225067578641
BRCA,kegg,1,7,KEGG_AMINO_SUGAR_AND_NUCLEOTIDE_SUGAR_METABOLISM,39,1.1928055108158386,0.9920225067578641
BRCA,kegg,1,7,KEGG_AMYOTROPHIC_LATERAL_SCLEROSIS_ALS,41,1.2541697520050858,0.9920225067578641
BRCA,kegg,1,7,KEGG_ANTIGEN_PROCESSING_AND_PRESENTATION,66,-2.305866931903507,0.9920225067578641
BRCA,kegg,1,7,KEGG_APOPTOSIS,82,-1.012417424788429,0.9920225067578641
BRCA,kegg,1,7,KEGG_ARACHIDONIC_ACID_METABOLISM,33,-2.074644569756545,0.9920225067578641
BRCA,kegg,1,7,KEGG_ARGININE_AND_PROLINE_METABOLISM,43,1.672521081459316,0.9920225067578641
BRCA,kegg,1,7,KEGG_ARRHYTHMOGENIC_RIGHT_VENTRICULAR_CARDIOMYOPATHY_ARVC,58,-1.2507037875438936,0.9920225067578641
BRCA,kegg,1,7,KEGG_ASTHMA,18,-8.370423398900137,0.9920225067578641
BRCA,kegg,1,7,KEGG_AUTOIMMUNE_THYROID_DISEASE,33,-7.042774331517194,0.9920225067578641
BRCA,kegg,1,7,KEGG_AXON_GUIDANCE,111,-1.9786452307001898,0.9920225067578641
BRCA,kegg,1,7,KEGG_BASAL_CELL_CARCINOMA,38,-1.2508659131102462,0.9920225067578641
BRCA,kegg,1,7,KEGG_BASAL_TRANSCRIPTION_FACTORS,31,1.1444246813025614,0.9920225067578641
BRCA,kegg,1,7,KEGG_BASE_EXCISION_REPAIR,33,4.346667126811772,0.9920225067578641
BRCA,kegg,1,7,KEGG_BETA_ALANINE_METABOLISM,16,0.4815664121952832,0.9920225067578641
BRCA,kegg,1,7,KEGG_BIOSYNTHESIS_OF_UNSATURATED_FATTY_ACIDS,21,2.485389387167003,0.9920225067578641
BRCA,kegg,1,7,KEGG_BLADDER_CANCER,40,1.9633881390169121,0.9920225067578641
BRCA,kegg,1,7,KEGG_BUTANOATE_METABOLISM,28,0.6820645851158542,0.9920225067578641
BRCA,kegg,1,7,KEGG_B_CELL_RECEPTOR_SIGNALING_PATHWAY,71,-1.942755829748727,0.9920225067578641
BRCA,kegg,1,7,KEGG_CALCIUM_SIGNALING_PATHWAY,112,-0.6545659679393782,0.9920225067578641
BRCA,kegg,1,7,KEGG_CARDIAC_MUSCLE_CONTRACTION,51,2.8054888061872023,0.9920225067578641
BRCA,kegg,1,7,KEGG_CELL_ADHESION_MOLECULES_CAMS,109,-6.922935253428052,0.9920225067578641
BRCA,kegg,1,7,KEGG_CELL_CYCLE,116,8.46741929482326,0.9920225067578641
BRCA,kegg,1,7,KEGG_CHEMOKINE_SIGNALING_PATHWAY,155,-3.2339122014756545,0.9920225067578641
BRCA,kegg,1,7,KEGG_CHRONIC_MYELOID_LEUKEMIA,70,1.424284171474799,0.9920225067578641
BRCA,kegg,1,7,KEGG_CIRCADIAN_RHYTHM_MAMMAL,12,-0.9016795272993573,0.9920225067578641
BRCA,kegg,1,7,KEGG_CITRATE_CYCLE_TCA_CYCLE,27,4.3052155988292915,0.9920225067578641
BRCA,kegg,1,7,KEGG_COLORECTAL_CANCER,59,-1.2155992133985036,0.9920225067578641
BRCA,kegg,1,7,KEGG_COMPLEMENT_AND_COAGULATION_CASCADES,45,-8.555733319386277,0.9920225067578641
BRCA,kegg,1,7,KEGG_CYSTEINE_AND_METHIONINE_METABOLISM,27,2.938972132055456,0.9920225067578641
BRCA,kegg,1,7,KEGG_CYTOKINE_CYTOKINE_RECEPTOR_INTERACTION,191,-8.701422752246975,0.9920225067578641
BRCA,kegg,1,7,KEGG_CYTOSOLIC_DNA_SENSING_PATHWAY,38,-0.8286228948907207,0.9920225067578641
BRCA,kegg,1,7,KEGG_DILATED_CARDIOMYOPATHY,66,-2.6807724680532115,0.9920225067578641
BRCA,kegg,1,7,KEGG_DNA_REPLICATION,35,6.3027137001841185,0.9920225067578641
BRCA,kegg,1,7,KEGG_DORSO_VENTRAL_AXIS_FORMATION,19,-0.17370203550621854,0.9920225067578641
BRCA,kegg,1,7,KEGG_DRUG_METABOLISM_CYTOCHROME_P450,29,-1.9354231467864156,0.9920225067578641
BRCA,kegg,1,7,KEGG_DRUG_METABOLISM_OTHER_ENZYMES,22,1.5700578425814864,0.9920225067578641
BRCA,kegg,1,7,KEGG_ECM_RECEPTOR_INTERACTION,69,-12.343089115915332,0.9920225067578641
BRCA,kegg,1,7,KEGG_ENDOCYTOSIS,166,2.291313489388882,0.9920225067578641
BRCA,kegg,1,7,KEGG_ENDOMETRIAL_CANCER,48,1.8211880254458597,0.9920225067578641
BRCA,kegg,1,7,KEGG_EPITHELIAL_CELL_SIGNALING_IN_HELICOBACTER_PYLORI_INFECTION,61,1.145038657005364,0.9920225067578641
BRCA,kegg,1,7,KEGG_ERBB_SIGNALING_PATHWAY,75,1.2790613382336031,0.9920225067578641
BRCA,kegg,1,7,KEGG_ETHER_LIPID_METABOLISM,24,-1.0284379727153878,0.9920225067578641
BRCA,kegg,1,7,KEGG_FATTY_ACID_METABOLISM,34,1.0039190651601588,0.9920225067578641
BRCA,kegg,1,7,KEGG_FC_EPSILON_RI_SIGNALING_PATHWAY,64,-0.489857891825214,0.9920225067578641
BRCA,kegg,1,7,KEGG_FC_GAMMA_R_MEDIATED_PHAGOCYTOSIS,87,-1.1143871830838663,0.9920225067578641
BRCA,kegg,1,7,KEGG_FOCAL_ADHESION,176,-9.461124778084258,0.9920225067578641
BRCA,kegg,1,7,KEGG_FRUCTOSE_AND_MANNOSE_METABOLISM,28,2.0800843687362494,0.9920225067578641
BRCA,kegg,1,7,KEGG_GALACTOSE_METABOLISM,21,1.5723651672117782,0.9920225067578641
BRCA,kegg,1,7,KEGG_GAP_JUNCTION,69,1.2552048584394127,0.9920225067578641
BRCA,kegg,1,7,KEGG_GLIOMA,59,1.2322390851163931,0.9920225067578641
BRCA,kegg,1,7,KEGG_GLUTATHIONE_METABOLISM,41,1.54169049784362,0.9920225067578641
BRCA,kegg,1,7,KEGG_GLYCEROLIPID_METABOLISM,39,-0.6054835701867707,0.9920225067578641
BRCA,kegg,1,7,KEGG_GLYCEROPHOSPHOLIPID_METABOLISM,61,0.6949529988511739,0.9920225067578641
BRCA,kegg,1,7,KEGG_GLYCINE_SERINE_AND_THREONINE_METABOLISM,22,0.5658146599706333,0.9920225067578641
BRCA,kegg,1,7,KEGG_GLYCOLYSIS_GLUCONEOGENESIS,43,5.0430264911663425,0.9920225067578641
BRCA,kegg,1,7,KEGG_GLYCOSAMINOGLYCAN_BIOSYNTHESIS_CHONDROITIN_SULFATE,21,-1.073462790932755,0.9920225067578641
BRCA,kegg,1,7,KEGG_GLYCOSAMINOGLYCAN_BIOSYNTHESIS_HEPARAN_SULFATE,18,0.31988783540778387,0.9920225067578641
BRCA,kegg,1,7,KEGG_GLYCOSAMINOGLYCAN_BIOSYNTHESIS_KERATAN_SULFATE,13,0.9156431743413791,0.9920225067578641
BRCA,kegg,1,7,KEGG_GLYCOSAMINOGLYCAN_DEGRADATION,18,-0.3378042549873818,0.9920225067578641
BRCA,kegg,1,7,KEGG_GLYCOSPHINGOLIPID_BIOSYNTHESIS_GANGLIO_SERIES,14,-0.18512299456182107,0.9920225067578641
BRCA,kegg,1,7,KEGG_GLYCOSPHINGOLIPID_BIOSYNTHESIS_GLOBO_SERIES,12,-0.05125532339398417,0.9920225067578641
BRCA,kegg,1,7,KEGG_GLYCOSPHINGOLIPID_BIOSYNTHESIS_LACTO_AND_NEOLACTO_SERIES,20,0.27213672080635537,0.9920225067578641
BRCA,kegg,1,7,KEGG_GLYCOSYLPHOSPHATIDYLINOSITOL_GPI_ANCHOR_BIOSYNTHESIS,23,1.6026920760399748,0.9920225067578641
BRCA,kegg,1,7,KEGG_GLYOXYLATE_AND_DICARBOXYLATE_METABOLISM,13,2.234128086108932,0.9920225067578641
BRCA,kegg,1,7,KEGG_GNRH_SIGNALING_PATHWAY,80,-0.3763267000684192,0.9920225067578641
BRCA,kegg,1,7,KEGG_GRAFT_VERSUS_HOST_DISEASE,37,-7.012884479653251,0.9920225067578641
BRCA,kegg,1,7,KEGG_HEDGEHOG_SIGNALING_PATHWAY,35,-1.158857257616721,0.9920225067578641
BRCA,kegg,1,7,KEGG_HEMATOPOIETIC_CELL_LINEAGE,68,-5.814888690340898,0.9920225067578641
BRCA,kegg,1,7,KEGG_HISTIDINE_METABOLISM,19,-0.5927567932802877,0.9920225067578641
BRCA,kegg,1,7,KEGG_HOMOLOGOUS_RECOMBINATION,24,1.6741180026417322,0.9920225067578641
BRCA,kegg,1,7,KEGG_HUNTINGTONS_DISEASE,143,8.062625768624658,0.9920225067578641
BRCA,kegg,1,7,KEGG_HYPERTROPHIC_CARDIOMYOPATHY_HCM,61,-3.1985030361759517,0.9920225067578641
BRCA,kegg,1,7,KEGG_INOSITOL_PHOSPHATE_METABOLISM,50,1.6137424280558614,0.9920225067578641
BRCA,kegg,1,7,KEGG_INSULIN_SIGNALING_PATHWAY,115,2.821920752279749,0.9920225067578641
BRCA,kegg,1,7,KEGG_INTESTINAL_IMMUNE_NETWORK_FOR_IGA_PRODUCTION,40,-7.708347569300582,0.9920225067578641
BRCA,kegg,1,7,KEGG_JAK_STAT_SIGNALING_PATHWAY,109,-3.0252664518554875,0.9920225067578641
BRCA,kegg,1,7,KEGG_LEISHMANIA_INFECTION,66,-7.0282191987174585,0.9920225067578641
BRCA,kegg,1,7,KEGG_LEUKOCYTE_TRANSENDOTHELIAL_MIGRATION,93,-4.207292401484937,0.9920225067578641
BRCA,kegg,1,7,KEGG_LINOLEIC_ACID_METABOLISM,10,-1.1519378632131276,0.9920225067578641
BRCA,kegg,1,7,KEGG_LONG_TERM_DEPRESSION,49,0.8860508707896945,0.9920225067578641
BRCA,kegg,1,7,KEGG_LONG_TERM_POTENTIATION,51,1.4156819700195744,0.9920225067578641
BRCA,kegg,1,7,KEGG_LYSINE_DEGRADATION,39,1.5073608031288885,0.9920225067578641
BRCA,kegg,1,7,KEGG_LYSOSOME,113,1.4806562901759557,0.9920225067578641
BRCA,kegg,1,7,KEGG_MAPK_SIGNALING_PATHWAY,214,-1.8775258999164222,0.9920225067578641
BRCA,kegg,1,7,KEGG_MELANOGENESIS,78,-0.3569569056410317,0.9920225067578641
BRCA,kegg,1,7,KEGG_MELANOMA,56,0.4755187141850654,0.9920225067578641
BRCA,kegg,1,7,KEGG_METABOLISM_OF_XENOBIOTICS_BY_CYTOCHROME_P450,28,-1.9446620030109423,0.9920225067578641
BRCA,kegg,1,7,KEGG_MISMATCH_REPAIR,22,3.937187308135875,0.9920225067578641
BRCA,kegg,1,7,KEGG_MTOR_SIGNALING_PATHWAY,41,0.2569337281426655,0.9920225067578641
BRCA,kegg,1,7,KEGG_NATURAL_KILLER_CELL_MEDIATED_CYTOTOXICITY,106,-2.7285411117354768,0.9920225067578641
BRCA,kegg,1,7,KEGG_NEUROACTIVE_LIGAND_RECEPTOR_INTERACTION,104,-3.5003592204562914,0.9920225067578641
BRCA,kegg,1,7,KEGG_NEUROTROPHIN_SIGNALING_PATHWAY,111,1.9424357299090533,0.9920225067578641
BRCA,kegg,1,7,KEGG_NICOTINATE_AND_NICOTINAMIDE_METABOLISM,21,-1.1458668759509802,0.9920225067578641
BRCA,kegg,1,7,KEGG_NITROGEN_METABOLISM,15,-0.697722208788538,0.9920225067578641
BRCA,kegg,1,7,KEGG_NOD_LIKE_RECEPTOR_SIGNALING_PATHWAY,57,-0.23952031682444144,0.9920225067578641
BRCA,kegg,1,7,KEGG_NON_HOMOLOGOUS_END_JOINING,11,2.2994535169025134,0.9920225067578641
BRCA,kegg,1,7,KEGG_NON_SMALL_CELL_LUNG_CANCER,51,1.4462606469348736,0.9920225067578641
BRCA,kegg,1,7,KEGG_NOTCH_SIGNALING_PATHWAY,44,0.6837247477649983,0.9920225067578641
BRCA,kegg,1,7,KEGG_NUCLEOTIDE_EXCISION_REPAIR,43,3.8489758944431887,0.9920225067578641
BRCA,kegg,1,7,KEGG_N_GLYCAN_BIOSYNTHESIS,45,3.012640022560117,0.9920225067578641
BRCA,kegg,1,7,KEGG_OLFACTORY_TRANSDUCTION,18,0.0017557042898697932,0.9920225067578641
BRCA,kegg,1,7,KEGG_ONE_CARBON_POOL_BY_FOLATE,15,1.5492120591274046,0.9920225067578641
BRCA,kegg,1,7,KEGG_OOCYTE_MEIOSIS,93,5.668256322828835,0.9920225067578641
BRCA,kegg,1,7,KEGG_OTHER_GLYCAN_DEGRADATION,13,0.3120275580711577,0.9920225067578641
BRCA,kegg,1,7,KEGG_OXIDATIVE_PHOSPHORYLATION,91,7.263633180806118,0.9920225067578641
BRCA,kegg,1,7,KEGG_O_GLYCAN_BIOSYNTHESIS,21,-0.7848153638758577,0.9920225067578641
BRCA,kegg,1,7,KEGG_P53_SIGNALING_PATHWAY,63,0.6749051148676474,0.9920225067578641
BRCA,kegg,1,7,KEGG_PANCREATIC_CANCER,68,-0.23328129640110645,0.9920225067578641
BRCA,kegg,1,7,KEGG_PANTOTHENATE_AND_COA_BIOSYNTHESIS,13,0.20376738825559898,0.9920225067578641
BRCA,kegg,1,7,KEGG_PARKINSONS_DISEASE,89,7.733218801172562,0.9920225067578641
BRCA,kegg,1,7,KEGG_PATHOGENIC_ESCHERICHIA_COLI_INFECTION,49,3.511362509299066,0.9920225067578641
BRCA,kegg,1,7,KEGG_PATHWAYS_IN_CANCER,279,-1.5885085566274362,0.9920225067578641
BRCA,kegg,1,7,KEGG_PENTOSE_PHOSPHATE_PATHWAY,22,3.019623353521039,0.9920225067578641
BRCA,kegg,1,7,KEGG_PEROXISOME,71,1.8001328123962348,0.9920225067578641
BRCA,kegg,1,7,KEGG_PHENYLALANINE_METABOLISM,13,0.15817368808975046,0.9920225067578641
BRCA,kegg,1,7,KEGG_PHOSPHATIDYLINOSITOL_SIGNALING_SYSTEM,68,0.5139454921529613,0.9920225067578641
BRCA,kegg,1,7,KEGG_PORPHYRIN_AND_CHLOROPHYLL_METABOLISM,20,0.9025624229029167,0.9920225067578641
BRCA,kegg,1,7,KEGG_PPAR_SIGNALING_PATHWAY,52,-1.138470551439842,0.9920225067578641
BRCA,kegg,1,7,KEGG_PRIMARY_BILE_ACID_BIOSYNTHESIS,11,-0.8081470340029407,0.9920225067578641
BRCA,kegg,1,7,KEGG_PRIMARY_IMMUNODEFICIENCY,30,-2.377610201813152,0.9920225067578641
BRCA,kegg,1,7,KEGG_PRION_DISEASES,29,-0.6303231252564067,0.9920225067578641
BRCA,kegg,1,7,KEGG_PROGESTERONE_MEDIATED_OOCYTE_MATURATION,72,3.687705549869701,0.9920225067578641
BRCA,kegg,1,7,KEGG_PROPANOATE_METABOLISM,28,1.287114775969969,0.9920225067578641
BRCA,kegg,1,7,KEGG_PROSTATE_CANCER,83,1.289345395019927,0.9920225067578641
BRCA,kegg,1,7,KEGG_PROTEASOME,41,6.9591913921650566,0.9920225067578641
BRCA,kegg,1,7,KEGG_PROTEIN_EXPORT,23,2.885453370931147,0.9920225067578641
BRCA,kegg,1,7,KEGG_PROXIMAL_TUBULE_BICARBONATE_RECLAMATION,17,-0.48147544951626525,0.9920225067578641
BRCA,kegg,1,7,KEGG_PURINE_METABOLISM,132,4.082082232532209,0.9920225067578641
BRCA,kegg,1,7,KEGG_PYRIMIDINE_METABOLISM,90,4.934781904114481,0.9920225067578641
BRCA,kegg,1,7,KEGG_PYRUVATE_METABOLISM,33,3.2075139049624948,0.9920225067578641
BRCA,kegg,1,7,KEGG_REGULATION_OF_ACTIN_CYTOSKELETON,170,-2.1919018915778854,0.9920225067578641
BRCA,kegg,1,7,KEGG_REGULATION_OF_AUTOPHAGY,20,0.2985997649867638,0.9920225067578641
BRCA,kegg,1,7,KEGG_RENAL_CELL_CARCINOMA,64,-0.607807971721343,0.9920225067578641
BRCA,kegg,1,7,KEGG_RENIN_ANGIOTENSIN_SYSTEM,10,0.29304190149456033,0.9920225067578641
BRCA,kegg,1,7,KEGG_RETINOL_METABOLISM,17,-0.6107144693654492,0.9920225067578641
BRCA,kegg,1,7,KEGG_RIBOFLAVIN_METABOLISM,11,0.7285782011818902,0.9920225067578641
BRCA,kegg,1,7,KEGG_RIG_I_LIKE_RECEPTOR_SIGNALING_PATHWAY,50,0.22096407878133545,0.9920225067578641
BRCA,kegg,1,7,KEGG_RNA_DEGRADATION,50,3.3821488921389,0.9920225067578641
BRCA,kegg,1,7,KEGG_RNA_POLYMERASE,28,3.1086794903702386,0.9920225067578641
BRCA,kegg,1,7,KEGG_SELENOAMINO_ACID_METABOLISM,22,1.6475582480274908,0.9920225067578641
BRCA,kegg,1,7,KEGG_SMALL_CELL_LUNG_CANCER,78,-0.6699456606647887,0.9920225067578641
BRCA,kegg,1,7,KEGG_SNARE_INTERACTIONS_IN_VESICULAR_TRANSPORT,36,0.36586274127967827,0.9920225067578641
BRCA,kegg,1,7,KEGG_SPHINGOLIPID_METABOLISM,32,-0.4767284808803053,0.9920225067578641
BRCA,kegg,1,7,KEGG_SPLICEOSOME,126,9.544346256436556,0.9920225067578641
BRCA,kegg,1,7,KEGG_STARCH_AND_SUCROSE_METABOLISM,21,1.1541169235540103,0.9920225067578641
BRCA,kegg,1,7,KEGG_STEROID_BIOSYNTHESIS,15,2.891220009005085,0.9920225067578641
BRCA,kegg,1,7,KEGG_STEROID_HORMONE_BIOSYNTHESIS,19,-1.231053484048643,0.9920225067578641
BRCA,kegg,1,7,KEGG_SULFUR_METABOLISM,11,-0.12484158486529955,0.9920225067578641
BRCA,kegg,1,7,KEGG_SYSTEMIC_LUPUS_ERYTHEMATOSUS,44,-8.017905560362387,0.9920225067578641
BRCA,kegg,1,7,KEGG_TASTE_TRANSDUCTION,13,1.4005534276756608,0.9920225067578641
BRCA,kegg,1,7,KEGG_TERPENOID_BACKBONE_BIOSYNTHESIS,14,1.0993781686713804,0.9920225067578641
BRCA,kegg,1,7,KEGG_TGF_BETA_SIGNALING_PATHWAY,69,-4.609984079420264,0.9920225067578641
BRCA,kegg,1,7,KEGG_THYROID_CANCER,28,3.3555577478965186,0.9920225067578641
BRCA,kegg,1,7,KEGG_TIGHT_JUNCTION,97,1.385239228519973,0.9920225067578641
BRCA,kegg,1,7,KEGG_TOLL_LIKE_RECEPTOR_SIGNALING_PATHWAY,85,-3.1422318062143577,0.9920225067578641
BRCA,kegg,1,7,KEGG_TRYPTOPHAN_METABOLISM,27,-0.14653870293606205,0.9920225067578641
BRCA,kegg,1,7,KEGG_TYPE_II_DIABETES_MELLITUS,34,-0.06594837744622242,0.9920225067578641
BRCA,kegg,1,7,KEGG_TYPE_I_DIABETES_MELLITUS,36,-6.42206013110183,0.9920225067578641
BRCA,kegg,1,7,KEGG_TYROSINE_METABOLISM,28,-0.6749999112651588,0.9920225067578641
BRCA,kegg,1,7,KEGG_T_CELL_RECEPTOR_SIGNALING_PATHWAY,101,-1.8374428024444618,0.9920225067578641
BRCA,kegg,1,7,KEGG_UBIQUITIN_MEDIATED_PROTEOLYSIS,126,3.687226581038733,0.9920225067578641
BRCA,kegg,1,7,KEGG_VALINE_LEUCINE_AND_ISOLEUCINE_DEGRADATION,43,1.194192078259932,0.9920225067578641
BRCA,kegg,1,7,KEGG_VASCULAR_SMOOTH_MUSCLE_CONTRACTION,88,-1.1589935170717787,0.9920225067578641
BRCA,kegg,1,7,KEGG_VASOPRESSIN_REGULATED_WATER_REABSORPTION,39,1.3436795053129396,0.9920225067578641
BRCA,kegg,1,7,KEGG_VEGF_SIGNALING_PATHWAY,63,0.13780630963546814,0.9920225067578641
BRCA,kegg,1,7,KEGG_VIBRIO_CHOLERAE_INFECTION,47,3.0626288340244563,0.9920225067578641
BRCA,kegg,1,7,KEGG_VIRAL_MYOCARDITIS,57,-5.173585254651981,0.9920225067578641
BRCA,kegg,1,7,KEGG_WNT_SIGNALING_PATHWAY,126,-1.4998259713359086,0.9920225067578641
BRCA,kegg,2,0,KEGG_ABC_TRANSPORTERS,33,-0.3771116432308833,0.9953200963884594
BRCA,kegg,2,0,KEGG_ACUTE_MYELOID_LEUKEMIA,53,0.22549739224582502,0.9953200963884594
BRCA,kegg,2,0,KEGG_ADHERENS_JUNCTION,65,-1.5994223020459168,0.9953200963884594
BRCA,kegg,2,0,KEGG_ADIPOCYTOKINE_SIGNALING_PATHWAY,54,-0.85953755427612,0.9953200963884594
BRCA,kegg,2,0,KEGG_ALANINE_ASPARTATE_AND_GLUTAMATE_METABOLISM,25,0.8404827518875227,0.9953200963884594
BRCA,kegg,2,0,KEGG_ALDOSTERONE_REGULATED_SODIUM_REABSORPTION,33,-0.498818119367787,0.9953200963884594
BRCA,kegg,2,0,KEGG_ALLOGRAFT_REJECTION,32,-3.376618588599985,0.9953200963884594
BRCA,kegg,2,0,KEGG_ALPHA_LINOLENIC_ACID_METABOLISM,10,0.2684811790107885,0.9953200963884594
BRCA,kegg,2,0,KEGG_ALZHEIMERS_DISEASE,128,3.1132331738274504,0.9953200963884594
BRCA,kegg,2,0,KEGG_AMINOACYL_TRNA_BIOSYNTHESIS,22,1.8573549853511666,0.9953200963884594
BRCA,kegg,2,0,KEGG_AMINO_SUGAR_AND_NUCLEOTIDE_SUGAR_METABOLISM,39,0.9990076768267224,0.9953200963884594
BRCA,kegg,2,0,KEGG_AMYOTROPHIC_LATERAL_SCLEROSIS_ALS,41,1.1038733658354314,0.9953200963884594
BRCA,kegg,2,0,KEGG_ANTIGEN_PROCESSING_AND_PRESENTATION,66,-0.8512639272329794,0.9953200963884594
BRCA,kegg,2,0,KEGG_APOPTOSIS,82,-1.363758153923242,0.9953200963884594
BRCA,kegg,2,0,KEGG_ARACHIDONIC_ACID_METABOLISM,33,-1.6904260789906,0.9953200963884594
BRCA,kegg,2,0,KEGG_ARGININE_AND_PROLINE_METABOLISM,43,1.3800902999355908,0.9953200963884594
BRCA,kegg,2,0,KEGG_ARRHYTHMOGENIC_RIGHT_VENTRICULAR_CARDIOMYOPATHY_ARVC,58,-5.01874480313499,0.9953200963884594
BRCA,kegg,2,0,KEGG_ASTHMA,18,-4.2803545057480346,0.9953200963884594
BRCA,kegg,2,0,KEGG_AUTOIMMUNE_THYROID_DISEASE,33,-3.07185440837056,0.9953200963884594
BRCA,kegg,2,0,KEGG_AXON_GUIDANCE,111,-3.3712918431910297,0.9953200963884594
BRCA,kegg,2,0,KEGG_BASAL_CELL_CARCINOMA,38,-0.7579456849664669,0.9953200963884594
BRCA,kegg,2,0,KEGG_BASAL_TRANSCRIPTION_FACTORS,31,1.511138759431614,0.9953200963884594
BRCA,kegg,2,0,KEGG_BASE_EXCISION_REPAIR,33,3.2184552517522063,0.9953200963884594
BRCA,kegg,2,0,KEGG_BETA_ALANINE_METABOLISM,16,-0.3172530003678835,0.9953200963884594
BRCA,kegg,2,0,KEGG_BIOSYNTHESIS_OF_UNSATURATED_FATTY_ACIDS,21,0.8046607035232753,0.9953200963884594
BRCA,kegg,2,0,KEGG_BLADDER_CANCER,40,-1.6718869406571362,0.9953200963884594
BRCA,kegg,2,0,KEGG_BUTANOATE_METABOLISM,28,0.11392876359439597,0.9953200963884594
BRCA,kegg,2,0,KEGG_B_CELL_RECEPTOR_SIGNALING_PATHWAY,71,-1.6747139820918875,0.9953200963884594
BRCA,kegg,2,0,KEGG_CALCIUM_SIGNALING_PATHWAY,112,-1.352484045392066,0.9953200963884594
BRCA,kegg,2,0,KEGG_CARDIAC_MUSCLE_CONTRACTION,51,1.4550340358636298,0.9953200963884594
BRCA,kegg,2,0,KEGG_CELL_ADHESION_MOLECULES_CAMS,109,-5.6453908680426395,0.9953200963884594
BRCA,kegg,2,0,KEGG_CELL_CYCLE,116,8.732698483519957,0.9953200963884594
BRCA,kegg,2,0,KEGG_CHEMOKINE_SIGNALING_PATHWAY,155,-1.7000522360610293,0.9953200963884594
BRCA,kegg,2,0,KEGG_CHRONIC_MYELOID_LEUKEMIA,70,0.04417928661519994,0.9953200963884594
BRCA,kegg,2,0,KEGG_CIRCADIAN_RHYTHM_MAMMAL,12,-2.410146895871179,0.9953200963884594
BRCA,kegg,2,0,KEGG_CITRATE_CYCLE_TCA_CYCLE,27,2.552667368088339,0.9953200963884594
BRCA,kegg,2,0,KEGG_COLORECTAL_CANCER,59,-1.6427790284924075,0.9953200963884594
BRCA,kegg,2,0,KEGG_COMPLEMENT_AND_COAGULATION_CASCADES,45,-9.81306199456509,0.9953200963884594
BRCA,kegg,2,0,KEGG_CYSTEINE_AND_METHIONINE_METABOLISM,27,3.5936081147692933,0.9953200963884594
BRCA,kegg,2,0,KEGG_CYTOKINE_CYTOKINE_RECEPTOR_INTERACTION,191,-5.329549781710112,0.9953200963884594
BRCA,kegg,2,0,KEGG_CYTOSOLIC_DNA_SENSING_PATHWAY,38,-0.1615083003370038,0.9953200963884594
BRCA,kegg,2,0,KEGG_DILATED_CARDIOMYOPATHY,66,-5.694182428094967,0.9953200963884594
BRCA,kegg,2,0,KEGG_DNA_REPLICATION,35,6.730327012485097,0.9953200963884594
BRCA,kegg,2,0,KEGG_DORSO_VENTRAL_AXIS_FORMATION,19,0.16320258739077637,0.9953200963884594
BRCA,kegg,2,0,KEGG_DRUG_METABOLISM_CYTOCHROME_P450,29,-1.5821158373517301,0.9953200963884594
BRCA,kegg,2,0,KEGG_DRUG_METABOLISM_OTHER_ENZYMES,22,0.17487951621085326,0.9953200963884594
BRCA,kegg,2,0,KEGG_ECM_RECEPTOR_INTERACTION,69,-21.96711223369736,0.9953200963884594
BRCA,kegg,2,0,KEGG_ENDOCYTOSIS,166,-0.1986817991690716,0.9953200963884594
BRCA,kegg,2,0,KEGG_ENDOMETRIAL_CANCER,48,0.09900965408322616,0.9953200963884594
BRCA,kegg,2,0,KEGG_EPITHELIAL_CELL_SIGNALING_IN_HELICOBACTER_PYLORI_INFECTION,61,0.6933353501224202,0.9953200963884594
BRCA,kegg,2,0,KEGG_ERBB_SIGNALING_PATHWAY,75,-0.23183876513134644,0.9953200963884594
BRCA,kegg,2,0,KEGG_ETHER_LIPID_METABOLISM,24,-0.15111019901260872,0.9953200963884594
BRCA,kegg,2,0,KEGG_FATTY_ACID_METABOLISM,34,0.5185796719122268,0.9953200963884594
BRCA,kegg,2,0,KEGG_FC_EPSILON_RI_SIGNALING_PATHWAY,64,0.0349673167300617,0.9953200963884594
BRCA,kegg,2,0,KEGG_FC_GAMMA_R_MEDIATED_PHAGOCYTOSIS,87,-0.9489919569379438,0.9953200963884594
BRCA,kegg,2,0,KEGG_FOCAL_ADHESION,176,-17.2290662013582,0.9953200963884594
BRCA,kegg,2,0,KEGG_FRUCTOSE_AND_MANNOSE_METABOLISM,28,1.1612978602498978,0.9953200963884594
BRCA,kegg,2,0,KEGG_GALACTOSE_METABOLISM,21,0.43863928425178234,0.9953200963884594
BRCA,kegg,2,0,KEGG_GAP_JUNCTION,69,-0.37918770525020745,0.9953200963884594
BRCA,kegg,2,0,KEGG_GLIOMA,59,-0.11698711402963531,0.9953200963884594
BRCA,kegg,2,0,KEGG_GLUTATHIONE_METABOLISM,41,1.1081295592483837,0.9953200963884594
BRCA,kegg,2,0,KEGG_GLYCEROLIPID_METABOLISM,39,-0.7617892528477126,0.9953200963884594
BRCA,kegg,2,0,KEGG_GLYCEROPHOSPHOLIPID_METABOLISM,61,0.4816055837443739,0.9953200963884594
BRCA,kegg,2,0,KEGG_GLYCINE_SERINE_AND_THREONINE_METABOLISM,22,1.3935852653517868,0.9953200963884594
BRCA,kegg,2,0,KEGG_GLYCOLYSIS_GLUCONEOGENESIS,43,3.057099176062781,0.9953200963884594
BRCA,kegg,2,0,KEGG_GLYCOSAMINOGLYCAN_BIOSYNTHESIS_CHONDROITIN_SULFATE,21,-2.4513399860308103,0.9953200963884594
BRCA,kegg,2,0,KEGG_GLYCOSAMINOGLYCAN_BIOSYNTHESIS_HEPARAN_SULFATE,18,-0.19116384013863694,0.9953200963884594
BRCA,kegg,2,0,KEGG_GLYCOSAMINOGLYCAN_BIOSYNTHESIS_KERATAN_SULFATE,13,-0.01716985995553134,0.9953200963884594
BRCA,kegg,2,0,KEGG_GLYCOSAMINOGLYCAN_DEGRADATION,18,-0.6355177747072486,0.9953200963884594
BRCA,kegg,2,0,KEGG_GLYCOSPHINGOLIPID_BIOSYNTHESIS_GANGLIO_SERIES,14,0.13993722545300888,0.9953200963884594
BRCA,kegg,2,0,KEGG_GLYCOSPHINGOLIPID_BIOSYNTHESIS_GLOBO_SERIES,12,-0.2658057464589034,0.9953200963884594
BRCA,kegg,2,0,KEGG_GLYCOSPHINGOLIPID_BIOSYNTHESIS_LACTO_AND_NEOLACTO_SERIES,20,-0.08994485192837558,0.9953200963884594
BRCA,kegg,2,0,KEGG_GLYCOSYLPHOSPHATIDYLINOSITOL_GPI_ANCHOR_BIOSYNTHESIS,23,1.367103736115595,0.9953200963884594
BRCA,kegg,2,0,KEGG_GLYOXYLATE_AND_DICARBOXYLATE_METABOLISM,13,2.113391175082121,0.9953200963884594
BRCA,kegg,2,0,KEGG_GNRH_SIGNALING_PATHWAY,80,-1.4201628494147052,0.9953200963884594
BRCA,kegg,2,0,KEGG_GRAFT_VERSUS_HOST_DISEASE,37,-3.2243029205900076,0.9953200963884594
BRCA,kegg,2,0,KEGG_HEDGEHOG_SIGNALING_PATHWAY,35,-1.0032153851340369,0.9953200963884594
BRCA,kegg,2,0,KEGG_HEMATOPOIETIC_CELL_LINEAGE,68,-3.82632446681682,0.9953200963884594
BRCA,kegg,2,0,KEGG_HISTIDINE_METABOLISM,19,-1.4667674406022282,0.9953200963884594
BRCA,kegg,2,0,KEGG_HOMOLOGOUS_RECOMBINATION,24,2.4578040193946626,0.9953200963884594
BRCA,kegg,2,0,KEGG_HUNTINGTONS_DISEASE,143,4.861197607834052,0.9953200963884594
BRCA,kegg,2,0,KEGG_HYPERTROPHIC_CARDIOMYOPATHY_HCM,61,-6.0399012030323265,0.9953200963884594
BRCA,kegg,2,0,KEGG_INOSITOL_PHOSPHATE_METABOLISM,50,1.1096840957740486,0.9953200963884594
BRCA,kegg,2,0,KEGG_INSULIN_SIGNALING_PATHWAY,115,0.3788273228925917,0.9953200963884594
BRCA,kegg,2,0,KEGG_INTESTINAL_IMMUNE_NETWORK_FOR_IGA_PRODUCTION,40,-4.266103530658883,0.9953200963884594
BRCA,kegg,2,0,KEGG_JAK_STAT_SIGNALING_PATHWAY,109,-2.488941202706774,0.9953200963884594
BRCA,kegg,2,0,KEGG_LEISHMANIA_INFECTION,66,-4.71819092323256,0.9953200963884594
BRCA,kegg,2,0,KEGG_LEUKOCYTE_TRANSENDOTHELIAL_MIGRATION,93,-6.689466891082015,0.9953200963884594
BRCA,kegg,2,0,KEGG_LINOLEIC_ACID_METABOLISM,10,-0.40576193403040955,0.9953200963884594
BRCA,kegg,2,0,KEGG_LONG_TERM_DEPRESSION,49,0.5701273604236748,0.9953200963884594
BRCA,kegg,2,0,KEGG_LONG_TERM_POTENTIATION,51,1.4275657196717826,0.9953200963884594
BRCA,kegg,2,0,KEGG_LYSINE_DEGRADATION,39,1.2232331961400942,0.9953200963884594
BRCA,kegg,2,0,KEGG_LYSOSOME,113,-0.7105914298079093,0.9953200963884594
BRCA,kegg,2,0,KEGG_MAPK_SIGNALING_PATHWAY,214,-3.3185983430131563,0.9953200963884594
BRCA,kegg,2,0,KEGG_MELANOGENESIS,78,-0.8036880231891484,0.9953200963884594
BRCA,kegg,2,0,KEGG_MELANOMA,56,-0.6118375965483154,0.9953200963884594
BRCA,kegg,2,0,KEGG_METABOLISM_OF_XENOBIOTICS_BY_CYTOCHROME_P450,28,-1.4677958122655843,0.9953200963884594
BRCA,kegg,2,0,KEGG_MISMATCH_REPAIR,22,4.680249290161699,0.9953200963884594
BRCA,kegg,2,0,KEGG_MTOR_SIGNALING_PATHWAY,41,-0.012112843230095737,0.9953200963884594
BRCA,kegg,2,0,KEGG_NATURAL_KILLER_CELL_MEDIATED_CYTOTOXICITY,106,-1.2572786749355687,0.9953200963884594
BRCA,kegg,2,0,KEGG_NEUROACTIVE_LIGAND_RECEPTOR_INTERACTION,104,-1.7973481644862244,0.9953200963884594
BRCA,kegg,2,0,KEGG_NEUROTROPHIN_SIGNALING_PATHWAY,111,0.2955681416012941,0.9953200963884594
BRCA,kegg,2,0,KEGG_NICOTINATE_AND_NICOTINAMIDE_METABOLISM,21,-0.7899602928457664,0.9953200963884594
BRCA,kegg,2,0,KEGG_NITROGEN_METABOLISM,15,-1.2808027212111956,0.9953200963884594
BRCA,kegg,2,0,KEGG_NOD_LIKE_RECEPTOR_SIGNALING_PATHWAY,57,0.35426039704364026,0.9953200963884594
BRCA,kegg,2,0,KEGG_NON_HOMOLOGOUS_END_JOINING,11,2.58271761350692,0.9953200963884594
BRCA,kegg,2,0,KEGG_NON_SMALL_CELL_LUNG_CANCER,51,0.8772819962993468,0.9953200963884594
BRCA,kegg,2,0,KEGG_NOTCH_SIGNALING_PATHWAY,44,-0.37698930696723554,0.9953200963884594
BRCA,kegg,2,0,KEGG_NUCLEOTIDE_EXCISION_REPAIR,43,3.753175205136861,0.9953200963884594
BRCA,kegg,2,0,KEGG_N_GLYCAN_BIOSYNTHESIS,45,1.7935288698931613,0.9953200963884594
BRCA,kegg,2,0,KEGG_OLFACTORY_TRANSDUCTION,18,0.010411976068768557,0.9953200963884594
BRCA,kegg,2,0,KEGG_ONE_CARBON_POOL_BY_FOLATE,15,2.1356795236871036,0.9953200963884594
BRCA,kegg,2,0,KEGG_OOCYTE_MEIOSIS,93,4.979595876599404,0.9953200963884594
BRCA,kegg,2,0,KEGG_OTHER_GLYCAN_DEGRADATION,13,-0.18566195814325834,0.9953200963884594
BRCA,kegg,2,0,KEGG_OXIDATIVE_PHOSPHORYLATION,91,5.231094367281199,0.9953200963884594
BRCA,kegg,2,0,KEGG_O_GLYCAN_BIOSYNTHESIS,21,-1.2870034787588718,0.9953200963884594
BRCA,kegg,2,0,KEGG_P53_SIGNALING_PATHWAY,63,-0.4355783559191622,0.9953200963884594
BRCA,kegg,2,0,KEGG_PANCREATIC_CANCER,68,-1.2752331738415057,0.9953200963884594
BRCA,kegg,2,0,KEGG_PANTOTHENATE_AND_COA_BIOSYNTHESIS,13,0.4804035891476279,0.9953200963884594
BRCA,kegg,2,0,KEGG_PARKINSONS_DISEASE,89,5.938636566320834,0.9953200963884594
BRCA,kegg,2,0,KEGG_PATHOGENIC_ESCHERICHIA_COLI_INFECTION,49,0.04621290686813843,0.9953200963884594
BRCA,kegg,2,0,KEGG_PATHWAYS_IN_CANCER,279,-3.772179905018702,0.9953200963884594
BRCA,kegg,2,0,KEGG_PENTOSE_PHOSPHATE_PATHWAY,22,2.28413758921302,0.9953200963884594
BRCA,kegg,2,0,KEGG_PEROXISOME,71,0.3173169152853783,0.9953200963884594
BRCA,kegg,2,0,KEGG_PHENYLALANINE_METABOLISM,13,-0.8917549647367917,0.9953200963884594
BRCA,kegg,2,0,KEGG_PHOSPHATIDYLINOSITOL_SIGNALING_SYSTEM,68,0.28479413042196317,0.9953200963884594
BRCA,kegg,2,0,KEGG_PORPHYRIN_AND_CHLOROPHYLL_METABOLISM,20,-0.5575283662852866,0.9953200963884594
BRCA,kegg,2,0,KEGG_PPAR_SIGNALING_PATHWAY,52,-1.3525874036629821,0.9953200963884594
BRCA,kegg,2,0,KEGG_PRIMARY_BILE_ACID_BIOSYNTHESIS,11,-0.7540260855785944,0.9953200963884594
BRCA,kegg,2,0,KEGG_PRIMARY_IMMUNODEFICIENCY,30,0.3370843627429934,0.9953200963884594
BRCA,kegg,2,0,KEGG_PRION_DISEASES,29,-1.0641887547414457,0.9953200963884594
BRCA,kegg,2,0,KEGG_PROGESTERONE_MEDIATED_OOCYTE_MATURATION,72,2.887437583535765,0.9953200963884594
BRCA,kegg,2,0,KEGG_PROPANOATE_METABOLISM,28,0.9762005769154175,0.9953200963884594
BRCA,kegg,2,0,KEGG_PROSTATE_CANCER,83,-0.6593360640410206,0.9953200963884594
BRCA,kegg,2,0,KEGG_PROTEASOME,41,4.712445790909555,0.9953200963884594
BRCA,kegg,2,0,KEGG_PROTEIN_EXPORT,23,2.2754274225905995,0.9953200963884594
BRCA,kegg,2,0,KEGG_PROXIMAL_TUBULE_BICARBONATE_RECLAMATION,17,0.2438223514583928,0.9953200963884594
BRCA,kegg,2,0,KEGG_PURINE_METABOLISM,132,3.8101917436728336,0.9953200963884594
BRCA,kegg,2,0,KEGG_PYRIMIDINE_METABOLISM,90,4.311055621182744,0.9953200963884594
BRCA,kegg,2,0,KEGG_PYRUVATE_METABOLISM,33,2.884722240268301,0.9953200963884594
BRCA,kegg,2,0,KEGG_REGULATION_OF_ACTIN_CYTOSKELETON,170,-5.377733359369288,0.9953200963884594
BRCA,kegg,2,0,KEGG_REGULATION_OF_AUTOPHAGY,20,0.5670016039750668,0.9953200963884594
BRCA,kegg,2,0,KEGG_RENAL_CELL_CARCINOMA,64,-1.121130535025062,0.9953200963884594
BRCA,kegg,2,0,KEGG_RENIN_ANGIOTENSIN_SYSTEM,10,-0.3545319476126932,0.9953200963884594
BRCA,kegg,2,0,KEGG_RETINOL_METABOLISM,17,-0.035762942334458404,0.9953200963884594
BRCA,kegg,2,0,KEGG_RIBOFLAVIN_METABOLISM,11,0.5424561564479325,0.9953200963884594
BRCA,kegg,2,0,KEGG_RIG_I_LIKE_RECEPTOR_SIGNALING_PATHWAY,50,0.3162864219672129,0.9953200963884594
BRCA,kegg,2,0,KEGG_RNA_DEGRADATION,50,4.862705803686741,0.9953200963884594
BRCA,kegg,2,0,KEGG_RNA_POLYMERASE,28,2.673989455652395,0.9953200963884594
BRCA,kegg,2,0,KEGG_SELENOAMINO_ACID_METABOLISM,22,1.597150880233159,0.9953200963884594
BRCA,kegg,2,0,KEGG_SMALL_CELL_LUNG_CANCER,78,-2.3890641183250576,0.9953200963884594
BRCA,kegg,2,0,KEGG_SNARE_INTERACTIONS_IN_VESICULAR_TRANSPORT,36,0.1928004574312248,0.9953200963884594
BRCA,kegg,2,0,KEGG_SPHINGOLIPID_METABOLISM,32,-1.938431749396769,0.9953200963884594
BRCA,kegg,2,0,KEGG_SPLICEOSOME,126,8.639097578311699,0.9953200963884594
BRCA,kegg,2,0,KEGG_STARCH_AND_SUCROSE_METABOLISM,21,0.5025715438939676,0.9953200963884594
BRCA,kegg,2,0,KEGG_STEROID_BIOSYNTHESIS,15,0.41698949172700933,0.9953200963884594
BRCA,kegg,2,0,KEGG_STEROID_HORMONE_BIOSYNTHESIS,19,-0.5592257861612026,0.9953200963884594
BRCA,kegg,2,0,KEGG_SULFUR_METABOLISM,11,-0.1065408248665331,0.9953200963884594
BRCA,kegg,2,0,KEGG_SYSTEMIC_LUPUS_ERYTHEMATOSUS,44,-5.371727656669869,0.9953200963884594
BRCA,kegg,2,0,KEGG_TASTE_TRANSDUCTION,13,0.14330420990457113,0.9953200963884594
BRCA,kegg,2,0,KEGG_TERPENOID_BACKBONE_BIOSYNTHESIS,14,-0.04813203628536064,0.9953200963884594
BRCA,kegg,2,0,KEGG_TGF_BETA_SIGNALING_PATHWAY,69,-5.337507448405016,0.9953200963884594
BRCA,kegg,2,0,KEGG_THYROID_CANCER,28,1.2299877231066885,0.9953200963884594
BRCA,kegg,2,0,KEGG_TIGHT_JUNCTION,97,-2.576283558783852,0.9953200963884594
BRCA,kegg,2,0,KEGG_TOLL_LIKE_RECEPTOR_SIGNALING_PATHWAY,85,-1.8213045342934187,0.9953200963884594
BRCA,kegg,2,0,KEGG_TRYPTOPHAN_METABOLISM,27,-0.06451368483373862,0.9953200963884594
BRCA,kegg,2,0,KEGG_TYPE_II_DIABETES_MELLITUS,34,-0.7406364052437748,0.9953200963884594
BRCA,kegg,2,0,KEGG_TYPE_I_DIABETES_MELLITUS,36,-2.8044052189304205,0.9953200963884594
BRCA,kegg,2,0,KEGG_TYROSINE_METABOLISM,28,-1.1661279726208025,0.9953200963884594
BRCA,kegg,2,0,KEGG_T_CELL_RECEPTOR_SIGNALING_PATHWAY,101,-1.073048219208513,0.9953200963884594
BRCA,kegg,2,0,KEGG_UBIQUITIN_MEDIATED_PROTEOLYSIS,126,3.293153759364447,0.9953200963884594
BRCA,kegg,2,0,KEGG_VALINE_LEUCINE_AND_ISOLEUCINE_DEGRADATION,43,0.608945515395501,0.9953200963884594
BRCA,kegg,2,0,KEGG_VASCULAR_SMOOTH_MUSCLE_CONTRACTION,88,-2.4584098946627484,0.9953200963884594
BRCA,kegg,2,0,KEGG_VASOPRESSIN_REGULATED_WATER_REABSORPTION,39,-1.2403198087566922,0.9953200963884594
BRCA,kegg,2,0,KEGG_VEGF_SIGNALING_PATHWAY,63,-1.0832898660852759,0.9953200963884594
BRCA,kegg,2,0,KEGG_VIBRIO_CHOLERAE_INFECTION,47,0.6020305412070017,0.9953200963884594
BRCA,kegg,2,0,KEGG_VIRAL_MYOCARDITIS,57,-4.397256749731207,0.9953200963884594
BRCA,kegg,2,0,KEGG_WNT_SIGNALING_PATHWAY,126,-1.2358130435664336,0.9953200963884594
BRCA,kegg,2,1,KEGG_ABC_TRANSPORTERS,33,-0.16808826774847876,0.9915424616365363
BRCA,kegg,2,1,KEGG_ACUTE_MYELOID_LEUKEMIA,53,1.2788835984748204,0.9915424616365363
BRCA,kegg,2,1,KEGG_ADHERENS_JUNCTION,65,1.1150267205838147,0.9915424616365363
BRCA,kegg,2,1,KEGG_ADIPOCYTOKINE_SIGNALING_PATHWAY,54,2.43707427318551,0.9915424616365363
BRCA,kegg,2,1,KEGG_ALANINE_ASPARTATE_AND_GLUTAMATE_METABOLISM,25,-0.5984328256704473,0.9915424616365363
BRCA,kegg,2,1,KEGG_ALDOSTERONE_REGULATED_SODIUM_REABSORPTION,33,-0.211406970211034,0.9915424616365363
BRCA,kegg,2,1,KEGG_ALLOGRAFT_REJECTION,32,7.177307458243707,0.9915424616365363
BRCA,kegg,2,1,KEGG_ALPHA_LINOLENIC_ACID_METABOLISM,10,-0.11086450446254187,0.9915424616365363
BRCA,kegg,2,1,KEGG_ALZHEIMERS_DISEASE,128,-4.611839438282806,0.9915424616365363
BRCA,kegg,2,1,KEGG_AMINOACYL_TRNA_BIOSYNTHESIS,22,-0.6773897410737371,0.9915424616365363
BRCA,kegg,2,1,KEGG_AMINO_SUGAR_AND_NUCLEOTIDE_SUGAR_METABOLISM,39,-1.7815603893608525,0.9915424616365363
BRCA,kegg,2,1,KEGG_AMYOTROPHIC_LATERAL_SCLEROSIS_ALS,41,-0.0943438577768063,0.9915424616365363
BRCA,kegg,2,1,KEGG_ANTIGEN_PROCESSING_AND_PRESENTATION,66,7.260044429506394,0.9915424616365363
BRCA,kegg,2,1,KEGG_APOPTOSIS,82,0.4054097170214796,0.9915424616365363
BRCA,kegg,2,1,KEGG_ARACHIDONIC_ACID_METABOLISM,33,0.8551647473732127,0.9915424616365363
BRCA,kegg,2,1,KEGG_ARGININE_AND_PROLINE_METABOLISM,43,-0.1698703219814854,0.9915424616365363
BRCA,kegg,2,1,KEGG_ARRHYTHMOGENIC_RIGHT_VENTRICULAR_CARDIOMYOPATHY_ARVC,58,-1.7904564835929917,0.9915424616365363
BRCA,kegg,2,1,KEGG_ASTHMA,18,7.9162426254520915,0.9915424616365363
BRCA,kegg,2,1,KEGG_AUTOIMMUNE_THYROID_DISEASE,33,7.271347300657657,0.9915424616365363
BRCA,kegg,2,1,KEGG_AXON_GUIDANCE,111,0.30644877230031425,0.9915424616365363
BRCA,kegg,2,1,KEGG_BASAL_CELL_CARCINOMA,38,-1.590584793850876,0.9915424616365363
BRCA,kegg,2,1,KEGG_BASAL_TRANSCRIPTION_FACTORS,31,-0.4965260611840075,0.9915424616365363
BRCA,kegg,2,1,KEGG_BASE_EXCISION_REPAIR,33,-1.2001658406793392,0.9915424616365363
BRCA,kegg,2,1,KEGG_BETA_ALANINE_METABOLISM,16,0.4296123544356379,0.9915424616365363
BRCA,kegg,2,1,KEGG_BIOSYNTHESIS_OF_UNSATURATED_FATTY_ACIDS,21,-0.3083711800051584,0.9915424616365363
BRCA,kegg,2,1,KEGG_BLADDER_CANCER,40,0.10918463234541312,0.9915424616365363
BRCA,kegg,2,1,KEGG_BUTANOATE_METABOLISM,28,-0.8182662408448176,0.9915424616365363
BRCA,kegg,2,1,KEGG_B_CELL_RECEPTOR_SIGNALING_PATHWAY,71,2.6150791179661463,0.9915424616365363
BRCA,kegg,2,1,KEGG_CALCIUM_SIGNALING_PATHWAY,112,0.5257318999625444,0.9915424616365363
BRCA,kegg,2,1,KEGG_CARDIAC_MUSCLE_CONTRACTION,51,-3.372204706113107,0.9915424616365363
BRCA,kegg,2,1,KEGG_CELL_ADHESION_MOLECULES_CAMS,109,5.808231415236905,0.9915424616365363
BRCA,kegg,2,1,KEGG_CELL_CYCLE,116,-2.943058632415121,0.9915424616365363
BRCA,kegg,2,1,KEGG_CHEMOKINE_SIGNALING_PATHWAY,155,6.173082629290521,0.9915424616365363
BRCA,kegg,2,1,KEGG_CHRONIC_MYELOID_LEUKEMIA,70,2.54813598453341,0.9915424616365363
BRCA,kegg,2,1,KEGG_CIRCADIAN_RHYTHM_MAMMAL,12,2.8949461780685737,0.9915424616365363
BRCA,kegg,2,1,KEGG_CITRATE_CYCLE_TCA_CYCLE,27,-1.1078362016413301,0.9915424616365363
BRCA,kegg,2,1,KEGG_COLORECTAL_CANCER,59,1.8202754092923972,0.9915424616365363
BRCA,kegg,2,1,KEGG_COMPLEMENT_AND_COAGULATION_CASCADES,45,7.673639182878806,0.9915424616365363
BRCA,kegg,2,1,KEGG_CYSTEINE_AND_METHIONINE_METABOLISM,27,-0.3693452494972009,0.9915424616365363
BRCA,kegg,2,1,KEGG_CYTOKINE_CYTOKINE_RECEPTOR_INTERACTION,191,6.004945297365351,0.9915424616365363
BRCA,kegg,2,1,KEGG_CYTOSOLIC_DNA_SENSING_PATHWAY,38,2.2557040116757174,0.9915424616365363
BRCA,kegg,2,1,KEGG_DILATED_CARDIOMYOPATHY,66,-0.515310895809459,0.9915424616365363
BRCA,kegg,2,1,KEGG_DNA_REPLICATION,35,-3.903813035624441,0.9915424616365363
BRCA,kegg,2,1,KEGG_DORSO_VENTRAL_AXIS_FORMATION,19,0.7906256477498554,0.9915424616365363
BRCA,kegg,2,1,KEGG_DRUG_METABOLISM_CYTOCHROME_P450,29,0.39726169741781414,0.9915424616365363
BRCA,kegg,2,1,KEGG_DRUG_METABOLISM_OTHER_ENZYMES,22,-0.6043534458406037,0.9915424616365363
BRCA,kegg,2,1,KEGG_ECM_RECEPTOR_INTERACTION,69,3.0685014587091386,0.9915424616365363
BRCA,kegg,2,1,KEGG_ENDOCYTOSIS,166,3.3904189767569854,0.9915424616365363
BRCA,kegg,2,1,KEGG_ENDOMETRIAL_CANCER,48,1.1264269640117124,0.9915424616365363
BRCA,kegg,2,1,KEGG_EPITHELIAL_CELL_SIGNALING_IN_HELICOBACTER_PYLORI_INFECTION,61,0.9284774878608242,0.9915424616365363
BRCA,kegg,2,1,KEGG_ERBB_SIGNALING_PATHWAY,75,1.8212354556340713,0.9915424616365363
BRCA,kegg,2,1,KEGG_ETHER_LIPID_METABOLISM,24,0.6265355505996875,0.9915424616365363
BRCA,kegg,2,1,KEGG_FATTY_ACID_METABOLISM,34,1.4595460646194431,0.9915424616365363
BRCA,kegg,2,1,KEGG_FC_EPSILON_RI_SIGNALING_PATHWAY,64,1.0182293932830642,0.9915424616365363
BRCA,kegg,2,1,KEGG_FC_GAMMA_R_MEDIATED_PHAGOCYTOSIS,87,0.9020008009548801,0.9915424616365363
BRCA,kegg,2,1,KEGG_FOCAL_ADHESION,176,3.1819384907915538,0.9915424616365363
BRCA,kegg,2,1,KEGG_FRUCTOSE_AND_MANNOSE_METABOLISM,28,-1.1695813631830263,0.9915424616365363
BRCA,kegg,2,1,KEGG_GALACTOSE_METABOLISM,21,-1.9939441530263786,0.9915424616365363
BRCA,kegg,2,1,KEGG_GAP_JUNCTION,69,-0.6693720190499578,0.9915424616365363
BRCA,kegg,2,1,KEGG_GLIOMA,59,-0.6769732497523983,0.9915424616365363
BRCA,kegg,2,1,KEGG_GLUTATHIONE_METABOLISM,41,-2.225379219417703,0.9915424616365363
BRCA,kegg,2,1,KEGG_GLYCEROLIPID_METABOLISM,39,-0.12099289774771076,0.9915424616365363
BRCA,kegg,2,1,KEGG_GLYCEROPHOSPHOLIPID_METABOLISM,61,0.05396216859468084,0.9915424616365363
BRCA,kegg,2,1,KEGG_GLYCINE_SERINE_AND_THREONINE_METABOLISM,22,-0.9668520402432289,0.9915424616365363
BRCA,kegg,2,1,KEGG_GLYCOLYSIS_GLUCONEOGENESIS,43,-2.266214998784707,0.9915424616365363
BRCA,kegg,2,1,KEGG_GLYCOSAMINOGLYCAN_BIOSYNTHESIS_CHONDROITIN_SULFATE,21,-1.310396801009609,0.9915424616365363
BRCA,kegg,2,1,KEGG_GLYCOSAMINOGLYCAN_BIOSYNTHESIS_HEPARAN_SULFATE,18,-0.9397052342668171,0.9915424616365363
BRCA,kegg,2,1,KEGG_GLYCOSAMINOGLYCAN_BIOSYNTHESIS_KERATAN_SULFATE,13,-0.34579050636209124,0.9915424616365363
BRCA,kegg,2,1,KEGG_GLYCOSAMINOGLYCAN_DEGRADATION,18,-0.043559982052090045,0.9915424616365363
BRCA,kegg,2,1,KEGG_GLYCOSPHINGOLIPID_BIOSYNTHESIS_GANGLIO_SERIES,14,-0.3765182593221001,0.9915424616365363
BRCA,kegg,2,1,KEGG_GLYCOSPHINGOLIPID_BIOSYNTHESIS_GLOBO_SERIES,12,0.610726492030461,0.9915424616365363
BRCA,kegg,2,1,KEGG_GLYCOSPHINGOLIPID_BIOSYNTHESIS_LACTO_AND_NEOLACTO_SERIES,20,-2.0743540662078233,0.9915424616365363
BRCA,kegg,2,1,KEGG_GLYCOSYLPHOSPHATIDYLINOSITOL_GPI_ANCHOR_BIOSYNTHESIS,23,-0.5697185260144463,0.9915424616365363
BRCA,kegg,2,1,KEGG_GLYOXYLATE_AND_DICARBOXYLATE_METABOLISM,13,-1.5497012784677815,0.9915424616365363
BRCA,kegg,2,1,KEGG_GNRH_SIGNALING_PATHWAY,80,0.0917087493879267,0.9915424616365363
BRCA,kegg,2,1,KEGG_GRAFT_VERSUS_HOST_DISEASE,37,6.5030820481149165,0.9915424616365363
BRCA,kegg,2,1,KEGG_HEDGEHOG_SIGNALING_PATHWAY,35,-0.10856493973590642,0.9915424616365363
BRCA,kegg,2,1,KEGG_HEMATOPOIETIC_CELL_LINEAGE,68,5.235585336251629,0.9915424616365363
BRCA,kegg,2,1,KEGG_HISTIDINE_METABOLISM,19,1.8509627158685849,0.9915424616365363
BRCA,kegg,2,1,KEGG_HOMOLOGOUS_RECOMBINATION,24,-2.0183968498521736,0.9915424616365363
BRCA,kegg,2,1,KEGG_HUNTINGTONS_DISEASE,143,-3.5440080012487134,0.9915424616365363
BRCA,kegg,2,1,KEGG_HYPERTROPHIC_CARDIOMYOPATHY_HCM,61,-0.49388501325738127,0.9915424616365363
BRCA,kegg,2,1,KEGG_INOSITOL_PHOSPHATE_METABOLISM,50,0.6600904174543698,0.9915424616365363
BRCA,kegg,2,1,KEGG_INSULIN_SIGNALING_PATHWAY,115,1.027664927593564,0.9915424616365363
BRCA,kegg,2,1,KEGG_INTESTINAL_IMMUNE_NETWORK_FOR_IGA_PRODUCTION,40,6.024590966088871,0.9915424616365363
BRCA,kegg,2,1,KEGG_JAK_STAT_SIGNALING_PATHWAY,109,4.796613599539092,0.9915424616365363
BRCA,kegg,2,1,KEGG_LEISHMANIA_INFECTION,66,6.944183102443106,0.9915424616365363
BRCA,kegg,2,1,KEGG_LEUKOCYTE_TRANSENDOTHELIAL_MIGRATION,93,2.76903962252126,0.9915424616365363
BRCA,kegg,2,1,KEGG_LINOLEIC_ACID_METABOLISM,10,0.4688405653565518,0.9915424616365363
BRCA,kegg,2,1,KEGG_LONG_TERM_DEPRESSION,49,0.08502644543285683,0.9915424616365363
BRCA,kegg,2,1,KEGG_LONG_TERM_POTENTIATION,51,-1.7939764350097684,0.9915424616365363
BRCA,kegg,2,1,KEGG_LYSINE_DEGRADATION,39,-1.7547559481113983,0.9915424616365363
BRCA,kegg,2,1,KEGG_LYSOSOME,113,1.5458019772758647,0.9915424616365363
BRCA,kegg,2,1,KEGG_MAPK_SIGNALING_PATHWAY,214,3.594167725988064,0.9915424616365363
BRCA,kegg,2,1,KEGG_MELANOGENESIS,78,-1.4446550746844005,0.9915424616365363
BRCA,kegg,2,1,KEGG_MELANOMA,56,-0.21507268540416444,0.9915424616365363
BRCA,kegg,2,1,KEGG_METABOLISM_OF_XENOBIOTICS_BY_CYTOCHROME_P450,28,-1.0254220332508273,0.9915424616365363
BRCA,kegg,2,1,KEGG_MISMATCH_REPAIR,22,-2.2598384876038176,0.9915424616365363
BRCA,kegg,2,1,KEGG_MTOR_SIGNALING_PATHWAY,41,-0.6304917516170917,0.9915424616365363
BRCA,kegg,2,1,KEGG_NATURAL_KILLER_CELL_MEDIATED_CYTOTOXICITY,106,2.3073556630060668,0.9915424616365363
BRCA,kegg,2,1,KEGG_NEUROACTIVE_LIGAND_RECEPTOR_INTERACTION,104,0.8810872192396186,0.9915424616365363
BRCA,kegg,2,1,KEGG_NEUROTROPHIN_SIGNALING_PATHWAY,111,0.4188405035108698,0.9915424616365363
BRCA,kegg,2,1,KEGG_NICOTINATE_AND_NICOTINAMIDE_METABOLISM,21,0.0935922329220161,0.9915424616365363
BRCA,kegg,2,1,KEGG_NITROGEN_METABOLISM,15,0.6726517441668918,0.9915424616365363
BRCA,kegg,2,1,KEGG_NOD_LIKE_RECEPTOR_SIGNALING_PATHWAY,57,1.5686844719572706,0.9915424616365363
BRCA,kegg,2,1,KEGG_NON_HOMOLOGOUS_END_JOINING,11,-0.6975818432663831,0.9915424616365363
BRCA,kegg,2,1,KEGG_NON_SMALL_CELL_LUNG_CANCER,51,0.3161165644987318,0.9915424616365363
BRCA,kegg,2,1,KEGG_NOTCH_SIGNALING_PATHWAY,44,1.0000289744538313,0.9915424616365363
BRCA,kegg,2,1,KEGG_NUCLEOTIDE_EXCISION_REPAIR,43,-1.550258926059341,0.9915424616365363
BRCA,kegg,2,1,KEGG_N_GLYCAN_BIOSYNTHESIS,45,-1.5539637291792001,0.9915424616365363
BRCA,kegg,2,1,KEGG_OLFACTORY_TRANSDUCTION,18,-2.049954394316731,0.9915424616365363
BRCA,kegg,2,1,KEGG_ONE_CARBON_POOL_BY_FOLATE,15,-1.3597370664313542,0.9915424616365363
BRCA,kegg,2,1,KEGG_OOCYTE_MEIOSIS,93,-1.987337305337679,0.9915424616365363
BRCA,kegg,2,1,KEGG_OTHER_GLYCAN_DEGRADATION,13,0.3778196170504754,0.9915424616365363
BRCA,kegg,2,1,KEGG_OXIDATIVE_PHOSPHORYLATION,91,-5.591204426368434,0.9915424616365363
BRCA,kegg,2,1,KEGG_O_GLYCAN_BIOSYNTHESIS,21,2.2707158650256245,0.9915424616365363
BRCA,kegg,2,1,KEGG_P53_SIGNALING_PATHWAY,63,-1.3888675773040655,0.9915424616365363
BRCA,kegg,2,1,KEGG_PANCREATIC_CANCER,68,1.8347448475055703,0.9915424616365363
BRCA,kegg,2,1,KEGG_PANTOTHENATE_AND_COA_BIOSYNTHESIS,13,0.36714383348538915,0.9915424616365363
BRCA,kegg,2,1,KEGG_PARKINSONS_DISEASE,89,-4.912212400778978,0.9915424616365363
BRCA,kegg,2,1,KEGG_PATHOGENIC_ESCHERICHIA_COLI_INFECTION,49,0.2882551825725662,0.9915424616365363
BRCA,kegg,2,1,KEGG_PATHWAYS_IN_CANCER,279,1.967823584660015,0.9915424616365363
BRCA,kegg,2,1,KEGG_PENTOSE_PHOSPHATE_PATHWAY,22,-2.3894728760467454,0.9915424616365363
BRCA,kegg,2,1,KEGG_PEROXISOME,71,-0.22679961771385337,0.9915424616365363
BRCA,kegg,2,1,KEGG_PHENYLALANINE_METABOLISM,13,4.046518469048168,0.9915424616365363
BRCA,kegg,2,1,KEGG_PHOSPHATIDYLINOSITOL_SIGNALING_SYSTEM,68,-0.19514111409379165,0.9915424616365363
BRCA,kegg,2,1,KEGG_PORPHYRIN_AND_CHLOROPHYLL_METABOLISM,20,-1.325317219309704,0.9915424616365363
BRCA,kegg,2,1,KEGG_PPAR_SIGNALING_PATHWAY,52,1.4152283945510475,0.9915424616365363
BRCA,kegg,2,1,KEGG_PRIMARY_BILE_ACID_BIOSYNTHESIS,11,0.018667329049732475,0.9915424616365363
BRCA,kegg,2,1,KEGG_PRIMARY_IMMUNODEFICIENCY,30,2.9163203495973966,0.9915424616365363
BRCA,kegg,2,1,KEGG_PRION_DISEASES,29,3.7565429248525404,0.9915424616365363
BRCA,kegg,2,1,KEGG_PROGESTERONE_MEDIATED_OOCYTE_MATURATION,72,-1.152384408912379,0.9915424616365363
BRCA,kegg,2,1,KEGG_PROPANOATE_METABOLISM,28,-0.6283474286094781,0.9915424616365363
BRCA,kegg,2,1,KEGG_PROSTATE_CANCER,83,1.3363200663863208,0.9915424616365363
BRCA,kegg,2,1,KEGG_PROTEASOME,41,-2.2316937666268974,0.9915424616365363
BRCA,kegg,2,1,KEGG_PROTEIN_EXPORT,23,-0.500833757977627,0.9915424616365363
BRCA,kegg,2,1,KEGG_PROXIMAL_TUBULE_BICARBONATE_RECLAMATION,17,-0.3348772182445642,0.9915424616365363
BRCA,kegg,2,1,KEGG_PURINE_METABOLISM,132,-2.5930834941741283,0.9915424616365363
BRCA,kegg,2,1,KEGG_PYRIMIDINE_METABOLISM,90,-2.525427672819207,0.9915424616365363
BRCA,kegg,2,1,KEGG_PYRUVATE_METABOLISM,33,-2.5084184237133513,0.9915424616365363
BRCA,kegg,2,1,KEGG_REGULATION_OF_ACTIN_CYTOSKELETON,170,0.570064433975294,0.9915424616365363
BRCA,kegg,2,1,KEGG_REGULATION_OF_AUTOPHAGY,20,-0.34168043582522206,0.9915424616365363
BRCA,kegg,2,1,KEGG_RENAL_CELL_CARCINOMA,64,1.3069307464954858,0.9915424616365363
BRCA,kegg,2,1,KEGG_RENIN_ANGIOTENSIN_SYSTEM,10,-1.1439820212574527,0.9915424616365363
BRCA,kegg,2,1,KEGG_RETINOL_METABOLISM,17,1.5962042318969134,0.9915424616365363
BRCA,kegg,2,1,KEGG_RIBOFLAVIN_METABOLISM,11,-0.7180638580235997,0.9915424616365363
BRCA,kegg,2,1,KEGG_RIG_I_LIKE_RECEPTOR_SIGNALING_PATHWAY,50,0.7931752086901217,0.9915424616365363
BRCA,kegg,2,1,KEGG_RNA_DEGRADATION,50,-1.4976179489542532,0.9915424616365363
BRCA,kegg,2,1,KEGG_RNA_POLYMERASE,28,-1.4873758649798734,0.9915424616365363
BRCA,kegg,2,1,KEGG_SELENOAMINO_ACID_METABOLISM,22,-0.23121302523149434,0.9915424616365363
BRCA,kegg,2,1,KEGG_SMALL_CELL_LUNG_CANCER,78,0.49746691263229775,0.9915424616365363
BRCA,kegg,2,1,KEGG_SNARE_INTERACTIONS_IN_VESICULAR_TRANSPORT,36,-0.10608617197572455,0.9915424616365363
BRCA,kegg,2,1,KEGG_SPHINGOLIPID_METABOLISM,32,1.972126967425644,0.9915424616365363
BRCA,kegg,2,1,KEGG_SPLICEOSOME,126,-1.3276335031805016,0.9915424616365363
BRCA,kegg,2,1,KEGG_STARCH_AND_SUCROSE_METABOLISM,21,-0.4107177623166014,0.9915424616365363
BRCA,kegg,2,1,KEGG_STEROID_BIOSYNTHESIS,15,0.7987056226257779,0.9915424616365363
BRCA,kegg,2,1,KEGG_STEROID_HORMONE_BIOSYNTHESIS,19,-0.8713192503973354,0.9915424616365363
BRCA,kegg,2,1,KEGG_SULFUR_METABOLISM,11,-0.7056750563724065,0.9915424616365363
BRCA,kegg,2,1,KEGG_SYSTEMIC_LUPUS_ERYTHEMATOSUS,44,8.53256086989159,0.9915424616365363
BRCA,kegg,2,1,KEGG_TASTE_TRANSDUCTION,13,-0.25621684210647094,0.9915424616365363
BRCA,kegg,2,1,KEGG_TERPENOID_BACKBONE_BIOSYNTHESIS,14,-0.23222167686829795,0.9915424616365363
BRCA,kegg,2,1,KEGG_TGF_BETA_SIGNALING_PATHWAY,69,1.907048185841205,0.9915424616365363
BRCA,kegg,2,1,KEGG_THYROID_CANCER,28,1.0552433774370384,0.9915424616365363
BRCA,kegg,2,1,KEGG_TIGHT_JUNCTION,97,-0.026419825559797872,0.9915424616365363
BRCA,kegg,2,1,KEGG_TOLL_LIKE_RECEPTOR_SIGNALING_PATHWAY,85,2.527741051888678,0.9915424616365363
BRCA,kegg,2,1,KEGG_TRYPTOPHAN_METABOLISM,27,1.2951639930801901,0.9915424616365363
BRCA,kegg,2,1,KEGG_TYPE_II_DIABETES_MELLITUS,34,1.2126996850100376,0.9915424616365363
BRCA,kegg,2,1,KEGG_TYPE_I_DIABETES_MELLITUS,36,7.386980872290464,0.9915424616365363
BRCA,kegg,2,1,KEGG_TYROSINE_METABOLISM,28,2.965065814008269,0.9915424616365363
BRCA,kegg,2,1,KEGG_T_CELL_RECEPTOR_SIGNALING_PATHWAY,101,2.8732007769809815,0.9915424616365363
BRCA,kegg,2,1,KEGG_UBIQUITIN_MEDIATED_PROTEOLYSIS,126,-0.6609430078429872,0.9915424616365363
BRCA,kegg,2,1,KEGG_VALINE_LEUCINE_AND_ISOLEUCINE_DEGRADATION,43,-0.35647415781323966,0.9915424616365363
BRCA,kegg,2,1,KEGG_VASCULAR_SMOOTH_MUSCLE_CONTRACTION,88,-0.7019694611255416,0.9915424616365363
BRCA,kegg,2,1,KEGG_VASOPRESSIN_REGULATED_WATER_REABSORPTION,39,0.7586640691525263,0.9915424616365363
BRCA,kegg,2,1,KEGG_VEGF_SIGNALING_PATHWAY,63,0.6232025862154214,0.9915424616365363
BRCA,kegg,2,1,KEGG_VIBRIO_CHOLERAE_INFECTION,47,-1.515101886364682,0.9915424616365363
BRCA,kegg,2,1,KEGG_VIRAL_MYOCARDITIS,57,6.919751216053646,0.9915424616365363
BRCA,kegg,2,1,KEGG_WNT_SIGNALING_PATHWAY,126,0.21819540992066402,0.9915424616365363
BRCA,kegg,2,2,KEGG_ABC_TRANSPORTERS,33,0.19834501826642664,0.9955926369107255
BRCA,kegg,2,2,KEGG_ACUTE_MYELOID_LEUKEMIA,53,0.13709223542489496,0.9955926369107255
BRCA,kegg,2,2,KEGG_ADHERENS_JUNCTION,65,-1.9741634504125078,0.9955926369107255
BRCA,kegg,2,2,KEGG_ADIPOCYTOKINE_SIGNALING_PATHWAY,54,0.7902673897298416,0.9955926369107255
BRCA,kegg,2,2,KEGG_ALANINE_ASPARTATE_AND_GLUTAMATE_METABOLISM,25,-1.0972376387782845,0.9955926369107255
BRCA,kegg,2,2,KEGG_ALDOSTERONE_REGULATED_SODIUM_REABSORPTION,33,0.34790994924798324,0.9955926369107255
BRCA,kegg,2,2,KEGG_ALLOGRAFT_REJECTION,32,4.2788547504309244,0.9955926369107255
BRCA,kegg,2,2,KEGG_ALPHA_LINOLENIC_ACID_METABOLISM,10,-0.7313536523635401,0.9955926369107255
BRCA,kegg,2,2,KEGG_ALZHEIMERS_DISEASE,128,-4.2226410420611655,0.9955926369107255
BRCA,kegg,2,2,KEGG_AMINOACYL_TRNA_BIOSYNTHESIS,22,-1.3757120545743642,0.9955926369107255
BRCA,kegg,2,2,KEGG_AMINO_SUGAR_AND_NUCLEOTIDE_SUGAR_METABOLISM,39,-1.3574323261649444,0.9955926369107255
BRCA,kegg,2,2,KEGG_AMYOTROPHIC_LATERAL_SCLEROSIS_ALS,41,-1.0972886929560282,0.9955926369107255
BRCA,kegg,2,2,KEGG_ANTIGEN_PROCESSING_AND_PRESENTATION,66,0.8316566024110494,0.9955926369107255
BRCA,kegg,2,2,KEGG_APOPTOSIS,82,-0.4632558957845375,0.9955926369107255
BRCA,kegg,2,2,KEGG_ARACHIDONIC_ACID_METABOLISM,33,2.6574695967880637,0.9955926369107255
BRCA,kegg,2,2,KEGG_ARGININE_AND_PROLINE_METABOLISM,43,-1.4607926879863662,0.9955926369107255
BRCA,kegg,2,2,KEGG_ARRHYTHMOGENIC_RIGHT_VENTRICULAR_CARDIOMYOPATHY_ARVC,58,-0.23856222152592624,0.9955926369107255
BRCA,kegg,2,2,KEGG_ASTHMA,18,5.043231623811163,0.9955926369107255
BRCA,kegg,2,2,KEGG_AUTOIMMUNE_THYROID_DISEASE,33,4.444345128394154,0.9955926369107255
BRCA,kegg,2,2,KEGG_AXON_GUIDANCE,111,1.2379624120824657,0.9955926369107255
BRCA,kegg,2,2,KEGG_BASAL_CELL_CARCINOMA,38,0.6751509624933072,0.9955926369107255
BRCA,kegg,2,2,KEGG_BASAL_TRANSCRIPTION_FACTORS,31,-1.8747375976018565,0.9955926369107255
BRCA,kegg,2,2,KEGG_BASE_EXCISION_REPAIR,33,-2.0731622582371836,0.9955926369107255
BRCA,kegg,2,2,KEGG_BETA_ALANINE_METABOLISM,16,-0.24056550330864454,0.9955926369107255
BRCA,kegg,2,2,KEGG_BIOSYNTHESIS_OF_UNSATURATED_FATTY_ACIDS,21,-2.1241295599703207,0.9955926369107255
BRCA,kegg,2,2,KEGG_BLADDER_CANCER,40,-0.5884174759463195,0.9955926369107255
BRCA,kegg,2,2,KEGG_BUTANOATE_METABOLISM,28,0.3261623510601305,0.9955926369107255
BRCA,kegg,2,2,KEGG_B_CELL_RECEPTOR_SIGNALING_PATHWAY,71,0.7496222524422537,0.9955926369107255
BRCA,kegg,2,2,KEGG_CALCIUM_SIGNALING_PATHWAY,112,-0.7200021970733118,0.9955926369107255
BRCA,kegg,2,2,KEGG_CARDIAC_MUSCLE_CONTRACTION,51,-2.5048733465647035,0.9955926369107255
BRCA,kegg,2,2,KEGG_CELL_ADHESION_MOLECULES_CAMS,109,2.9324051965624762,0.9955926369107255
BRCA,kegg,2,2,KEGG_CELL_CYCLE,116,-9.287716097938201,0.9955926369107255
BRCA,kegg,2,2,KEGG_CHEMOKINE_SIGNALING_PATHWAY,155,-0.042550171945693695,0.9955926369107255
BRCA,kegg,2,2,KEGG_CHRONIC_MYELOID_LEUKEMIA,70,0.12974720421079974,0.9955926369107255
BRCA,kegg,2,2,KEGG_CIRCADIAN_RHYTHM_MAMMAL,12,2.611315531131342,0.9955926369107255
BRCA,kegg,2,2,KEGG_CITRATE_CYCLE_TCA_CYCLE,27,-3.9375894102485764,0.9955926369107255
BRCA,kegg,2,2,KEGG_COLORECTAL_CANCER,59,0.7102355176839948,0.9955926369107255
BRCA,kegg,2,2,KEGG_COMPLEMENT_AND_COAGULATION_CASCADES,45,8.709276516936638,0.9955926369107255
BRCA,kegg,2,2,KEGG_CYSTEINE_AND_METHIONINE_METABOLISM,27,-2.6403240246989963,0.9955926369107255
BRCA,kegg,2,2,KEGG_CYTOKINE_CYTOKINE_RECEPTOR_INTERACTION,191,3.193261005744814,0.9955926369107255
BRCA,kegg,2,2,KEGG_CYTOSOLIC_DNA_SENSING_PATHWAY,38,-0.29425105325966827,0.9955926369107255
BRCA,kegg,2,2,KEGG_DILATED_CARDIOMYOPATHY,66,1.3004923107664044,0.9955926369107255
BRCA,kegg,2,2,KEGG_DNA_REPLICATION,35,-5.064177435552128,0.9955926369107255
BRCA,kegg,2,2,KEGG_DORSO_VENTRAL_AXIS_FORMATION,19,-1.038456998302092,0.9955926369107255
BRCA,kegg,2,2,KEGG_DRUG_METABOLISM_CYTOCHROME_P450,29,2.1102628408483164,0.9955926369107255
BRCA,kegg,2,2,KEGG_DRUG_METABOLISM_OTHER_ENZYMES,22,0.25966582460701304,0.9955926369107255
BRCA,kegg,2,2,KEGG_ECM_RECEPTOR_INTERACTION,69,7.441572752892984,0.9955926369107255
BRCA,kegg,2,2,KEGG_ENDOCYTOSIS,166,0.06163851469294373,0.9955926369107255
BRCA,kegg,2,2,KEGG_ENDOMETRIAL_CANCER,48,-1.3431879817681827,0.9955926369107255
BRCA,kegg,2,2,KEGG_EPITHELIAL_CELL_SIGNALING_IN_HELICOBACTER_PYLORI_INFECTION,61,-0.4370864784872513,0.9955926369107255
BRCA,kegg,2,2,KEGG_ERBB_SIGNALING_PATHWAY,75,-0.9717165739262507,0.9955926369107255
BRCA,kegg,2,2,KEGG_ETHER_LIPID_METABOLISM,24,0.346626440083546,0.9955926369107255
BRCA,kegg,2,2,KEGG_FATTY_ACID_METABOLISM,34,0.8015843895308881,0.9955926369107255
BRCA,kegg,2,2,KEGG_FC_EPSILON_RI_SIGNALING_PATHWAY,64,-0.2768377942860956,0.9955926369107255
BRCA,kegg,2,2,KEGG_FC_GAMMA_R_MEDIATED_PHAGOCYTOSIS,87,-1.5417678575797509,0.9955926369107255
BRCA,kegg,2,2,KEGG_FOCAL_ADHESION,176,4.980966241545807,0.9955926369107255
BRCA,kegg,2,2,KEGG_FRUCTOSE_AND_MANNOSE_METABOLISM,28,-0.38094422533867617,0.9955926369107255
BRCA,kegg,2,2,KEGG_GALACTOSE_METABOLISM,21,-0.9914747860415895,0.9955926369107255
BRCA,kegg,2,2,KEGG_GAP_JUNCTION,69,-1.1006083510550722,0.9955926369107255
BRCA,kegg,2,2,KEGG_GLIOMA,59,-1.554837855527765,0.9955926369107255
BRCA,kegg,2,2,KEGG_GLUTATHIONE_METABOLISM,41,-2.4740177646219768,0.9955926369107255
BRCA,kegg,2,2,KEGG_GLYCEROLIPID_METABOLISM,39,0.7962780831252388,0.9955926369107255
BRCA,kegg,2,2,KEGG_GLYCEROPHOSPHOLIPID_METABOLISM,61,-0.03590077960805949,0.9955926369107255
BRCA,kegg,2,2,KEGG_GLYCINE_SERINE_AND_THREONINE_METABOLISM,22,0.9080298574304323,0.9955926369107255
BRCA,kegg,2,2,KEGG_GLYCOLYSIS_GLUCONEOGENESIS,43,-4.049266715875859,0.9955926369107255
BRCA,kegg,2,2,KEGG_GLYCOSAMINOGLYCAN_BIOSYNTHESIS_CHONDROITIN_SULFATE,21,1.962122737090659,0.9955926369107255
BRCA,kegg,2,2,KEGG_GLYCOSAMINOGLYCAN_BIOSYNTHESIS_HEPARAN_SULFATE,18,1.0882620550444606,0.9955926369107255
BRCA,kegg,2,2,KEGG_GLYCOSAMINOGLYCAN_BIOSYNTHESIS_KERATAN_SULFATE,13,-0.5998935014961451,0.9955926369107255
BRCA,kegg,2,2,KEGG_GLYCOSAMINOGLYCAN_DEGRADATION,18,1.716219090393822,0.9955926369107255
BRCA,kegg,2,2,KEGG_GLYCOSPHINGOLIPID_BIOSYNTHESIS_GANGLIO_SERIES,14,-0.049736356854160106,0.9955926369107255
BRCA,kegg,2,2,KEGG_GLYCOSPHINGOLIPID_BIOSYNTHESIS_GLOBO_SERIES,12,0.22421794791794417,0.9955926369107255
BRCA,kegg,2,2,KEGG_GLYCOSPHINGOLIPID_BIOSYNTHESIS_LACTO_AND_NEOLACTO_SERIES,20,-0.9957832258834154,0.9955926369107255
BRCA,kegg,2,2,KEGG_GLYCOSYLPHOSPHATIDYLINOSITOL_GPI_ANCHOR_BIOSYNTHESIS,23,0.4390354318736431,0.9955926369107255
BRCA,kegg,2,2,KEGG_GLYOXYLATE_AND_DICARBOXYLATE_METABOLISM,13,-2.145232878239137,0.9955926369107255
BRCA,kegg,2,2,KEGG_GNRH_SIGNALING_PATHWAY,80,0.05789197508364677,0.9955926369107255
BRCA,kegg,2,2,KEGG_GRAFT_VERSUS_HOST_DISEASE,37,4.206424475238986,0.9955926369107255
BRCA,kegg,2,2,KEGG_HEDGEHOG_SIGNALING_PATHWAY,35,1.162881550265132,0.9955926369107255
BRCA,kegg,2,2,KEGG_HEMATOPOIETIC_CELL_LINEAGE,68,3.3032682760768597,0.9955926369107255
BRCA,kegg,2,2,KEGG_HISTIDINE_METABOLISM,19,1.5988979687329319,0.9955926369107255
BRCA,kegg,2,2,KEGG_HOMOLOGOUS_RECOMBINATION,24,-1.6376882251585139,0.9955926369107255
BRCA,kegg,2,2,KEGG_HUNTINGTONS_DISEASE,143,-4.497680994456423,0.9955926369107255
BRCA,kegg,2,2,KEGG_HYPERTROPHIC_CARDIOMYOPATHY_HCM,61,1.262569665520984,0.9955926369107255
BRCA,kegg,2,2,KEGG_INOSITOL_PHOSPHATE_METABOLISM,50,-0.46694272568181383,0.9955926369107255
BRCA,kegg,2,2,KEGG_INSULIN_SIGNALING_PATHWAY,115,-0.04843486143178562,0.9955926369107255
BRCA,kegg,2,2,KEGG_INTESTINAL_IMMUNE_NETWORK_FOR_IGA_PRODUCTION,40,3.524096200311509,0.9955926369107255
BRCA,kegg,2,2,KEGG_JAK_STAT_SIGNALING_PATHWAY,109,1.6077671175482868,0.9955926369107255
BRCA,kegg,2,2,KEGG_LEISHMANIA_INFECTION,66,4.628483788217761,0.9955926369107255
BRCA,kegg,2,2,KEGG_LEUKOCYTE_TRANSENDOTHELIAL_MIGRATION,93,0.8531420517559862,0.9955926369107255
BRCA,kegg,2,2,KEGG_LINOLEIC_ACID_METABOLISM,10,-0.00638589681579185,0.9955926369107255
BRCA,kegg,2,2,KEGG_LONG_TERM_DEPRESSION,49,0.0076516410109048714,0.9955926369107255
BRCA,kegg,2,2,KEGG_LONG_TERM_POTENTIATION,51,-2.6255101029992387,0.9955926369107255
BRCA,kegg,2,2,KEGG_LYSINE_DEGRADATION,39,-1.0691344542756307,0.9955926369107255
BRCA,kegg,2,2,KEGG_LYSOSOME,113,2.4892694853964406,0.9955926369107255
BRCA,kegg,2,2,KEGG_MAPK_SIGNALING_PATHWAY,214,3.4501284559963477,0.9955926369107255
BRCA,kegg,2,2,KEGG_MELANOGENESIS,78,-0.3502431308091166,0.9955926369107255
BRCA,kegg,2,2,KEGG_MELANOMA,56,0.1796026638003248,0.9955926369107255
BRCA,kegg,2,2,KEGG_METABOLISM_OF_XENOBIOTICS_BY_CYTOCHROME_P450,28,0.6289053459836419,0.9955926369107255
BRCA,kegg,2,2,KEGG_MISMATCH_REPAIR,22,-3.2857428878169808,0.9955926369107255
BRCA,kegg,2,2,KEGG_MTOR_SIGNALING_PATHWAY,41,-0.9262874565688473,0.9955926369107255
BRCA,kegg,2,2,KEGG_NATURAL_KILLER_CELL_MEDIATED_CYTOTOXICITY,106,0.3327088044715869,0.9955926369107255
BRCA,kegg,2,2,KEGG_NEUROACTIVE_LIGAND_RECEPTOR_INTERACTION,104,2.9028752382927014,0.9955926369107255
BRCA,kegg,2,2,KEGG_NEUROTROPHIN_SIGNALING_PATHWAY,111,-2.16973912873259,0.9955926369107255
BRCA,kegg,2,2,KEGG_NICOTINATE_AND_NICOTINAMIDE_METABOLISM,21,0.34656450306283004,0.9955926369107255
BRCA,kegg,2,2,KEGG_NITROGEN_METABOLISM,15,0.6050864717838336,0.9955926369107255
BRCA,kegg,2,2,KEGG_NOD_LIKE_RECEPTOR_SIGNALING_PATHWAY,57,-0.8929320031860484,0.9955926369107255
BRCA,kegg,2,2,KEGG_NON_HOMOLOGOUS_END_JOINING,11,-2.724721076274756,0.9955926369107255
BRCA,kegg,2,2,KEGG_NON_SMALL_CELL_LUNG_CANCER,51,-1.280288569309929,0.9955926369107255
BRCA,kegg,2,2,KEGG_NOTCH_SIGNALING_PATHWAY,44,0.496165998734326,0.9955926369107255
BRCA,kegg,2,2,KEGG_NUCLEOTIDE_EXCISION_REPAIR,43,-2.7747833616937085,0.9955926369107255
BRCA,kegg,2,2,KEGG_N_GLYCAN_BIOSYNTHESIS,45,-2.0551241162137996,0.9955926369107255
BRCA,kegg,2,2,KEGG_OLFACTORY_TRANSDUCTION,18,-2.133619046834719,0.9955926369107255
BRCA,kegg,2,2,KEGG_ONE_CARBON_POOL_BY_FOLATE,15,-2.458310236903462,0.9955926369107255
BRCA,kegg,2,2,KEGG_OOCYTE_MEIOSIS,93,-6.794267118989,0.9955926369107255
BRCA,kegg,2,2,KEGG_OTHER_GLYCAN_DEGRADATION,13,1.505952509727265,0.9955926369107255
BRCA,kegg,2,2,KEGG_OXIDATIVE_PHOSPHORYLATION,91,-3.7310219020124014,0.9955926369107255
BRCA,kegg,2,2,KEGG_O_GLYCAN_BIOSYNTHESIS,21,0.5445540989783604,0.9955926369107255
BRCA,kegg,2,2,KEGG_P53_SIGNALING_PATHWAY,63,-2.524275555852683,0.9955926369107255
BRCA,kegg,2,2,KEGG_PANCREATIC_CANCER,68,-0.9309557285800776,0.9955926369107255
BRCA,kegg,2,2,KEGG_PANTOTHENATE_AND_COA_BIOSYNTHESIS,13,0.5488493860232871,0.9955926369107255
BRCA,kegg,2,2,KEGG_PARKINSONS_DISEASE,89,-5.250830701335448,0.9955926369107255
BRCA,kegg,2,2,KEGG_PATHOGENIC_ESCHERICHIA_COLI_INFECTION,49,-5.121328699275113,0.9955926369107255
BRCA,kegg,2,2,KEGG_PATHWAYS_IN_CANCER,279,-0.08468422425826679,0.9955926369107255
BRCA,kegg,2,2,KEGG_PENTOSE_PHOSPHATE_PATHWAY,22,-3.060274770223294,0.9955926369107255
BRCA,kegg,2,2,KEGG_PEROXISOME,71,0.5753153114861831,0.9955926369107255
BRCA,kegg,2,2,KEGG_PHENYLALANINE_METABOLISM,13,1.6326636942771255,0.9955926369107255
BRCA,kegg,2,2,KEGG_PHOSPHATIDYLINOSITOL_SIGNALING_SYSTEM,68,-1.035390528270917,0.9955926369107255
BRCA,kegg,2,2,KEGG_PORPHYRIN_AND_CHLOROPHYLL_METABOLISM,20,1.8724825375139722,0.9955926369107255
BRCA,kegg,2,2,KEGG_PPAR_SIGNALING_PATHWAY,52,0.4003309810936192,0.9955926369107255
BRCA,kegg,2,2,KEGG_PRIMARY_BILE_ACID_BIOSYNTHESIS,11,0.8956773579613383,0.9955926369107255
BRCA,kegg,2,2,KEGG_PRIMARY_IMMUNODEFICIENCY,30,-1.4884028630247426,0.9955926369107255
BRCA,kegg,2,2,KEGG_PRION_DISEASES,29,1.7648611853985636,0.9955926369107255
BRCA,kegg,2,2,KEGG_PROGESTERONE_MEDIATED_OOCYTE_MATURATION,72,-3.2915149346835104,0.9955926369107255
BRCA,kegg,2,2,KEGG_PROPANOATE_METABOLISM,28,-0.8856734159606914,0.9955926369107255
BRCA,kegg,2,2,KEGG_PROSTATE_CANCER,83,-0.856996349714604,0.9955926369107255
BRCA,kegg,2,2,KEGG_PROTEASOME,41,-8.289054668992845,0.9955926369107255
BRCA,kegg,2,2,KEGG_PROTEIN_EXPORT,23,-3.892430843550134,0.9955926369107255
BRCA,kegg,2,2,KEGG_PROXIMAL_TUBULE_BICARBONATE_RECLAMATION,17,0.4944261382477755,0.9955926369107255
BRCA,kegg,2,2,KEGG_PURINE_METABOLISM,132,-2.4582648215578,0.9955926369107255
BRCA,kegg,2,2,KEGG_PYRIMIDINE_METABOLISM,90,-2.658839353584717,0.9955926369107255
BRCA,kegg,2,2,KEGG_PYRUVATE_METABOLISM,33,-1.9377422088234286,0.9955926369107255
BRCA,kegg,2,2,KEGG_REGULATION_OF_ACTIN_CYTOSKELETON,170,-0.7887540804725722,0.9955926369107255
BRCA,kegg,2,2,KEGG_REGULATION_OF_AUTOPHAGY,20,-0.05616228642338814,0.9955926369107255
BRCA,kegg,2,2,KEGG_RENAL_CELL_CARCINOMA,64,-0.32402647678601043,0.9955926369107255
BRCA,kegg,2,2,KEGG_RENIN_ANGIOTENSIN_SYSTEM,10,1.1803935976797921,0.9955926369107255
BRCA,kegg,2,2,KEGG_RETINOL_METABOLISM,17,0.8859815155995462,0.9955926369107255
BRCA,kegg,2,2,KEGG_RIBOFLAVIN_METABOLISM,11,-0.0382744441129304,0.9955926369107255
BRCA,kegg,2,2,KEGG_RIG_I_LIKE_RECEPTOR_SIGNALING_PATHWAY,50,-0.516460875989305,0.9955926369107255
BRCA,kegg,2,2,KEGG_RNA_DEGRADATION,50,-4.563213127433311,0.9955926369107255
BRCA,kegg,2,2,KEGG_RNA_POLYMERASE,28,-1.9613628714394873,0.9955926369107255
BRCA,kegg,2,2,KEGG_SELENOAMINO_ACID_METABOLISM,22,-0.34257827266356244,0.9955926369107255
BRCA,kegg,2,2,KEGG_SMALL_CELL_LUNG_CANCER,78,-0.06299997109554746,0.9955926369107255
BRCA,kegg,2,2,KEGG_SNARE_INTERACTIONS_IN_VESICULAR_TRANSPORT,36,0.4936712936994789,0.9955926369107255
BRCA,kegg,2,2,KEGG_SPHINGOLIPID_METABOLISM,32,2.0200160332006925,0.9955926369107255
BRCA,kegg,2,2,KEGG_SPLICEOSOME,126,-6.857457066678194,0.9955926369107255
BRCA,kegg,2,2,KEGG_STARCH_AND_SUCROSE_METABOLISM,21,-0.4466217492412212,0.9955926369107255
BRCA,kegg,2,2,KEGG_STEROID_BIOSYNTHESIS,15,-2.005156389511695,0.9955926369107255
BRCA,kegg,2,2,KEGG_STEROID_HORMONE_BIOSYNTHESIS,19,0.024046759423529816,0.9955926369107255
BRCA,kegg,2,2,KEGG_SULFUR_METABOLISM,11,-0.5689842785138798,0.9955926369107255
BRCA,kegg,2,2,KEGG_SYSTEMIC_LUPUS_ERYTHEMATOSUS,44,5.809435948832351,0.9955926369107255
BRCA,kegg,2,2,KEGG_TASTE_TRANSDUCTION,13,-0.5873759559245646,0.9955926369107255
BRCA,kegg,2,2,KEGG_TERPENOID_BACKBONE_BIOSYNTHESIS,14,-0.6983131390490723,0.9955926369107255
BRCA,kegg,2,2,KEGG_TGF_BETA_SIGNALING_PATHWAY,69,2.1430729306660936,0.9955926369107255
BRCA,kegg,2,2,KEGG_THYROID_CANCER,28,-1.7764144754174789,0.9955926369107255
BRCA,kegg,2,2,KEGG_TIGHT_JUNCTION,97,-0.5466042942635293,0.9955926369107255
BRCA,kegg,2,2,KEGG_TOLL_LIKE_RECEPTOR_SIGNALING_PATHWAY,85,0.5647621879920635,0.9955926369107255
BRCA,kegg,2,2,KEGG_TRYPTOPHAN_METABOLISM,27,0.6155672275096015,0.9955926369107255
BRCA,kegg,2,2,KEGG_TYPE_II_DIABETES_MELLITUS,34,0.650389332143926,0.9955926369107255
BRCA,kegg,2,2,KEGG_TYPE_I_DIABETES_MELLITUS,36,4.235655868880036,0.9955926369107255
BRCA,kegg,2,2,KEGG_TYROSINE_METABOLISM,28,2.102773398427182,0.9955926369107255
BRCA,kegg,2,2,KEGG_T_CELL_RECEPTOR_SIGNALING_PATHWAY,101,0.025689507936272855,0.9955926369107255
BRCA,kegg,2,2,KEGG_UBIQUITIN_MEDIATED_PROTEOLYSIS,126,-4.088757691804562,0.9955926369107255
BRCA,kegg,2,2,KEGG_VALINE_LEUCINE_AND_ISOLEUCINE_DEGRADATION,43,0.7310387522857084,0.9955926369107255
BRCA,kegg,2,2,KEGG_VASCULAR_SMOOTH_MUSCLE_CONTRACTION,88,1.4605631659165208,0.9955926369107255
BRCA,kegg,2,2,KEGG_VASOPRESSIN_REGULATED_WATER_REABSORPTION,39,0.72307135815563,0.9955926369107255
BRCA,kegg,2,2,KEGG_VEGF_SIGNALING_PATHWAY,63,-0.28750233918096924,0.9955926369107255
BRCA,kegg,2,2,KEGG_VIBRIO_CHOLERAE_INFECTION,47,-2.2167919730309946,0.9955926369107255
BRCA,kegg,2,2,KEGG_VIRAL_MYOCARDITIS,57,2.4133521485293965,0.9955926369107255
BRCA,kegg,2,2,KEGG_WNT_SIGNALING_PATHWAY,126,-0.3147209661774649,0.9955926369107255
BRCA,kegg,2,3,KEGG_ABC_TRANSPORTERS,33,-0.6818454975437653,0.972440097496259
BRCA,kegg,2,3,KEGG_ACUTE_MYELOID_LEUKEMIA,53,1.5205794803777422,0.972440097496259
BRCA,kegg,2,3,KEGG_ADHERENS_JUNCTION,65,-0.6117820485057724,0.972440097496259
BRCA,kegg,2,3,KEGG_ADIPOCYTOKINE_SIGNALING_PATHWAY,54,2.530762301430832,0.972440097496259
BRCA,kegg,2,3,KEGG_ALANINE_ASPARTATE_AND_GLUTAMATE_METABOLISM,25,-0.13837248540892794,0.972440097496259
BRCA,kegg,2,3,KEGG_ALDOSTERONE_REGULATED_SODIUM_REABSORPTION,33,1.6823623647401185,0.972440097496259
BRCA,kegg,2,3,KEGG_ALLOGRAFT_REJECTION,32,4.8838861396671245,0.972440097496259
BRCA,kegg,2,3,KEGG_ALPHA_LINOLENIC_ACID_METABOLISM,10,-0.8503326053796958,0.972440097496259
BRCA,kegg,2,3,KEGG_ALZHEIMERS_DISEASE,128,2.8771136617050597,0.972440097496259
BRCA,kegg,2,3,KEGG_AMINOACYL_TRNA_BIOSYNTHESIS,22,-0.7301008017647974,0.972440097496259
BRCA,kegg,2,3,KEGG_AMINO_SUGAR_AND_NUCLEOTIDE_SUGAR_METABOLISM,39,-1.3629740746662413,0.972440097496259
BRCA,kegg,2,3,KEGG_AMYOTROPHIC_LATERAL_SCLEROSIS_ALS,41,0.46314750591860077,0.972440097496259
BRCA,kegg,2,3,KEGG_ANTIGEN_PROCESSING_AND_PRESENTATION,66,2.467794055624679,0.972440097496259
BRCA,kegg,2,3,KEGG_APOPTOSIS,82,1.5859294861321338,0.972440097496259
BRCA,kegg,2,3,KEGG_ARACHIDONIC_ACID_METABOLISM,33,3.9561111491964684,0.972440097496259
BRCA,kegg,2,3,KEGG_ARGININE_AND_PROLINE_METABOLISM,43,1.715993663501371,0.972440097496259
BRCA,kegg,2,3,KEGG_ARRHYTHMOGENIC_RIGHT_VENTRICULAR_CARDIOMYOPATHY_ARVC,58,0.8711585940111256,0.972440097496259
BRCA,kegg,2,3,KEGG_ASTHMA,18,4.837026871259354,0.972440097496259
BRCA,kegg,2,3,KEGG_AUTOIMMUNE_THYROID_DISEASE,33,4.813664367257433,0.972440097496259
BRCA,kegg,2,3,KEGG_AXON_GUIDANCE,111,1.6179335313369085,0.972440097496259
BRCA,kegg,2,3,KEGG_BASAL_CELL_CARCINOMA,38,-0.10350035431820105,0.972440097496259
BRCA,kegg,2,3,KEGG_BASAL_TRANSCRIPTION_FACTORS,31,-1.3329106625921223,0.972440097496259
BRCA,kegg,2,3,KEGG_BASE_EXCISION_REPAIR,33,0.12220631526724614,0.972440097496259
BRCA,kegg,2,3,KEGG_BETA_ALANINE_METABOLISM,16,2.9139075574691313,0.972440097496259
BRCA,kegg,2,3,KEGG_BIOSYNTHESIS_OF_UNSATURATED_FATTY_ACIDS,21,-0.4270467857481665,0.972440097496259
BRCA,kegg,2,3,KEGG_BLADDER_CANCER,40,-1.599614520380761,0.972440097496259
BRCA,kegg,2,3,KEGG_BUTANOATE_METABOLISM,28,3.0741976025197375,0.972440097496259
BRCA,kegg,2,3,KEGG_B_CELL_RECEPTOR_SIGNALING_PATHWAY,71,2.783858278724278,0.972440097496259
BRCA,kegg,2,3,KEGG_CALCIUM_SIGNALING_PATHWAY,112,0.3133216711517803,0.972440097496259
BRCA,kegg,2,3,KEGG_CARDIAC_MUSCLE_CONTRACTION,51,2.20506719410007,0.972440097496259
BRCA,kegg,2,3,KEGG_CELL_ADHESION_MOLECULES_CAMS,109,3.2475589790238213,0.972440097496259
BRCA,kegg,2,3,KEGG_CELL_CYCLE,116,-3.612820002616424,0.972440097496259
BRCA,kegg,2,3,KEGG_CHEMOKINE_SIGNALING_PATHWAY,155,3.0361222135420682,0.972440097496259
BRCA,kegg,2,3,KEGG_CHRONIC_MYELOID_LEUKEMIA,70,1.4400273111371327,0.972440097496259
BRCA,kegg,2,3,KEGG_CIRCADIAN_RHYTHM_MAMMAL,12,2.613983051720382,0.972440097496259
BRCA,kegg,2,3,KEGG_CITRATE_CYCLE_TCA_CYCLE,27,1.9710275120043628,0.972440097496259
BRCA,kegg,2,3,KEGG_COLORECTAL_CANCER,59,2.836267810860969,0.972440097496259
BRCA,kegg,2,3,KEGG_COMPLEMENT_AND_COAGULATION_CASCADES,45,6.883433241693569,0.972440097496259
BRCA,kegg,2,3,KEGG_CYSTEINE_AND_METHIONINE_METABOLISM,27,-0.7597144772520189,0.972440097496259
BRCA,kegg,2,3,KEGG_CYTOKINE_CYTOKINE_RECEPTOR_INTERACTION,191,3.9261328082383797,0.972440097496259
BRCA,kegg,2,3,KEGG_CYTOSOLIC_DNA_SENSING_PATHWAY,38,1.403611571639537,0.972440097496259
BRCA,kegg,2,3,KEGG_DILATED_CARDIOMYOPATHY,66,0.5541389356747543,0.972440097496259
BRCA,kegg,2,3,KEGG_DNA_REPLICATION,35,-1.983362216687994,0.972440097496259
BRCA,kegg,2,3,KEGG_DORSO_VENTRAL_AXIS_FORMATION,19,-0.2842304890422519,0.972440097496259
BRCA,kegg,2,3,KEGG_DRUG_METABOLISM_CYTOCHROME_P450,29,4.115127306123803,0.972440097496259
BRCA,kegg,2,3,KEGG_DRUG_METABOLISM_OTHER_ENZYMES,22,2.196813740872747,0.972440097496259
BRCA,kegg,2,3,KEGG_ECM_RECEPTOR_INTERACTION,69,-2.6396532187682245,0.972440097496259
BRCA,kegg,2,3,KEGG_ENDOCYTOSIS,166,1.0058315211110591,0.972440097496259
BRCA,kegg,2,3,KEGG_ENDOMETRIAL_CANCER,48,-0.1454050195235816,0.972440097496259
BRCA,kegg,2,3,KEGG_EPITHELIAL_CELL_SIGNALING_IN_HELICOBACTER_PYLORI_INFECTION,61,0.6436707935023781,0.972440097496259
BRCA,kegg,2,3,KEGG_ERBB_SIGNALING_PATHWAY,75,1.371363741620749,0.972440097496259
BRCA,kegg,2,3,KEGG_ETHER_LIPID_METABOLISM,24,1.2736559446506404,0.972440097496259
BRCA,kegg,2,3,KEGG_FATTY_ACID_METABOLISM,34,4.131776813187147,0.972440097496259
BRCA,kegg,2,3,KEGG_FC_EPSILON_RI_SIGNALING_PATHWAY,64,0.009984874223496153,0.972440097496259
BRCA,kegg,2,3,KEGG_FC_GAMMA_R_MEDIATED_PHAGOCYTOSIS,87,-0.24185444451952068,0.972440097496259
BRCA,kegg,2,3,KEGG_FOCAL_ADHESION,176,-0.02498784286190741,0.972440097496259
BRCA,kegg,2,3,KEGG_FRUCTOSE_AND_MANNOSE_METABOLISM,28,0.28732700034974934,0.972440097496259
BRCA,kegg,2,3,KEGG_GALACTOSE_METABOLISM,21,0.4577071703905178,0.972440097496259
BRCA,kegg,2,3,KEGG_GAP_JUNCTION,69,-0.6708058987278397,0.972440097496259
BRCA,kegg,2,3,KEGG_GLIOMA,59,-0.7675454813703431,0.972440097496259
BRCA,kegg,2,3,KEGG_GLUTATHIONE_METABOLISM,41,2.496265514685876,0.972440097496259
BRCA,kegg,2,3,KEGG_GLYCEROLIPID_METABOLISM,39,2.225630580222092,0.972440097496259
BRCA,kegg,2,3,KEGG_GLYCEROPHOSPHOLIPID_METABOLISM,61,0.36925648387565496,0.972440097496259
BRCA,kegg,2,3,KEGG_GLYCINE_SERINE_AND_THREONINE_METABOLISM,22,2.466938860605194,0.972440097496259
BRCA,kegg,2,3,KEGG_GLYCOLYSIS_GLUCONEOGENESIS,43,0.0961833650684794,0.972440097496259
BRCA,kegg,2,3,KEGG_GLYCOSAMINOGLYCAN_BIOSYNTHESIS_CHONDROITIN_SULFATE,21,-0.73107755979202,0.972440097496259
BRCA,kegg,2,3,KEGG_GLYCOSAMINOGLYCAN_BIOSYNTHESIS_HEPARAN_SULFATE,18,0.056553622369836645,0.972440097496259
BRCA,kegg,2,3,KEGG_GLYCOSAMINOGLYCAN_BIOSYNTHESIS_KERATAN_SULFATE,13,-0.9778144008373644,0.972440097496259
BRCA,kegg,2,3,KEGG_GLYCOSAMINOGLYCAN_DEGRADATION,18,0.5299805752479169,0.972440097496259
BRCA,kegg,2,3,KEGG_GLYCOSPHINGOLIPID_BIOSYNTHESIS_GANGLIO_SERIES,14,-0.7650216369791407,0.972440097496259
BRCA,kegg,2,3,KEGG_GLYCOSPHINGOLIPID_BIOSYNTHESIS_GLOBO_SERIES,12,-0.10213331157416833,0.972440097496259
BRCA,kegg,2,3,KEGG_GLYCOSPHINGOLIPID_BIOSYNTHESIS_LACTO_AND_NEOLACTO_SERIES,20,-0.5424763961775134,0.972440097496259
BRCA,kegg,2,3,KEGG_GLYCOSYLPHOSPHATIDYLINOSITOL_GPI_ANCHOR_BIOSYNTHESIS,23,-0.5616635239222086,0.972440097496259
BRCA,kegg,2,3,KEGG_GLYOXYLATE_AND_DICARBOXYLATE_METABOLISM,13,0.22052056827010608,0.972440097496259
BRCA,kegg,2,3,KEGG_GNRH_SIGNALING_PATHWAY,80,0.3200059711380865,0.972440097496259
BRCA,kegg,2,3,KEGG_GRAFT_VERSUS_HOST_DISEASE,37,4.544505703623015,0.972440097496259
BRCA,kegg,2,3,KEGG_HEDGEHOG_SIGNALING_PATHWAY,35,-0.2639754405612888,0.972440097496259
BRCA,kegg,2,3,KEGG_HEMATOPOIETIC_CELL_LINEAGE,68,4.559587840674384,0.972440097496259
BRCA,kegg,2,3,KEGG_HISTIDINE_METABOLISM,19,2.334937889808272,0.972440097496259
BRCA,kegg,2,3,KEGG_HOMOLOGOUS_RECOMBINATION,24,-1.10211584975149,0.972440097496259
BRCA,kegg,2,3,KEGG_HUNTINGTONS_DISEASE,143,3.338708121208028,0.972440097496259
BRCA,kegg,2,3,KEGG_HYPERTROPHIC_CARDIOMYOPATHY_HCM,61,0.7162427394686618,0.972440097496259
BRCA,kegg,2,3,KEGG_INOSITOL_PHOSPHATE_METABOLISM,50,-0.4912652468177298,0.972440097496259
BRCA,kegg,2,3,KEGG_INSULIN_SIGNALING_PATHWAY,115,1.8945089833541708,0.972440097496259
BRCA,kegg,2,3,KEGG_INTESTINAL_IMMUNE_NETWORK_FOR_IGA_PRODUCTION,40,4.294612512746187,0.972440097496259
BRCA,kegg,2,3,KEGG_JAK_STAT_SIGNALING_PATHWAY,109,2.628863634887784,0.972440097496259
BRCA,kegg,2,3,KEGG_LEISHMANIA_INFECTION,66,4.848411725647409,0.972440097496259
BRCA,kegg,2,3,KEGG_LEUKOCYTE_TRANSENDOTHELIAL_MIGRATION,93,2.5755287540424154,0.972440097496259
BRCA,kegg,2,3,KEGG_LINOLEIC_ACID_METABOLISM,10,0.1285974242044067,0.972440097496259
BRCA,kegg,2,3,KEGG_LONG_TERM_DEPRESSION,49,-0.299349581458319,0.972440097496259
BRCA,kegg,2,3,KEGG_LONG_TERM_POTENTIATION,51,-1.130968745981102,0.972440097496259
BRCA,kegg,2,3,KEGG_LYSINE_DEGRADATION,39,-0.06314510157337089,0.972440097496259
BRCA,kegg,2,3,KEGG_LYSOSOME,113,-0.08412455774816872,0.972440097496259
BRCA,kegg,2,3,KEGG_MAPK_SIGNALING_PATHWAY,214,4.270435437642273,0.972440097496259
BRCA,kegg,2,3,KEGG_MELANOGENESIS,78,-0.1095163116542193,0.972440097496259
BRCA,kegg,2,3,KEGG_MELANOMA,56,-0.9573494485371897,0.972440097496259
BRCA,kegg,2,3,KEGG_METABOLISM_OF_XENOBIOTICS_BY_CYTOCHROME_P450,28,2.7256704538766874,0.972440097496259
BRCA,kegg,2,3,KEGG_MISMATCH_REPAIR,22,-1.3846515206557937,0.972440097496259
BRCA,kegg,2,3,KEGG_MTOR_SIGNALING_PATHWAY,41,-0.18046006246227564,0.972440097496259
BRCA,kegg,2,3,KEGG_NATURAL_KILLER_CELL_MEDIATED_CYTOTOXICITY,106,0.5804289397545936,0.972440097496259
BRCA,kegg,2,3,KEGG_NEUROACTIVE_LIGAND_RECEPTOR_INTERACTION,104,1.4271813480899271,0.972440097496259
BRCA,kegg,2,3,KEGG_NEUROTROPHIN_SIGNALING_PATHWAY,111,1.1304696691483849,0.972440097496259
BRCA,kegg,2,3,KEGG_NICOTINATE_AND_NICOTINAMIDE_METABOLISM,21,-0.15930106427487703,0.972440097496259
BRCA,kegg,2,3,KEGG_NITROGEN_METABOLISM,15,1.125456736987277,0.972440097496259
BRCA,kegg,2,3,KEGG_NOD_LIKE_RECEPTOR_SIGNALING_PATHWAY,57,0.6543154240935488,0.972440097496259
BRCA,kegg,2,3,KEGG_NON_HOMOLOGOUS_END_JOINING,11,-1.268554694530024,0.972440097496259
BRCA,kegg,2,3,KEGG_NON_SMALL_CELL_LUNG_CANCER,51,-0.6329225930461639,0.972440097496259
BRCA,kegg,2,3,KEGG_NOTCH_SIGNALING_PATHWAY,44,0.5530603115490748,0.972440097496259
BRCA,kegg,2,3,KEGG_NUCLEOTIDE_EXCISION_REPAIR,43,-0.7225564674176904,0.972440097496259
BRCA,kegg,2,3,KEGG_N_GLYCAN_BIOSYNTHESIS,45,-1.6105534144403124,0.972440097496259
BRCA,kegg,2,3,KEGG_OLFACTORY_TRANSDUCTION,18,-0.20806364055990084,0.972440097496259
BRCA,kegg,2,3,KEGG_ONE_CARBON_POOL_BY_FOLATE,15,-1.1249869328307907,0.972440097496259
BRCA,kegg,2,3,KEGG_OOCYTE_MEIOSIS,93,-2.602189489344996,0.972440097496259
BRCA,kegg,2,3,KEGG_OTHER_GLYCAN_DEGRADATION,13,0.11033385819960193,0.972440097496259
BRCA,kegg,2,3,KEGG_OXIDATIVE_PHOSPHORYLATION,91,3.159853249621375,0.972440097496259
BRCA,kegg,2,3,KEGG_O_GLYCAN_BIOSYNTHESIS,21,-1.2395909099412312,0.972440097496259
BRCA,kegg,2,3,KEGG_P53_SIGNALING_PATHWAY,63,1.3677001141730718,0.972440097496259
BRCA,kegg,2,3,KEGG_PANCREATIC_CANCER,68,-0.3591893935760975,0.972440097496259
BRCA,kegg,2,3,KEGG_PANTOTHENATE_AND_COA_BIOSYNTHESIS,13,-0.8013276451117726,0.972440097496259
BRCA,kegg,2,3,KEGG_PARKINSONS_DISEASE,89,3.778129384345427,0.972440097496259
BRCA,kegg,2,3,KEGG_PATHOGENIC_ESCHERICHIA_COLI_INFECTION,49,-0.13990599340683735,0.972440097496259
BRCA,kegg,2,3,KEGG_PATHWAYS_IN_CANCER,279,0.3850206006010659,0.972440097496259
BRCA,kegg,2,3,KEGG_PENTOSE_PHOSPHATE_PATHWAY,22,-0.016193880453606795,0.972440097496259
BRCA,kegg,2,3,KEGG_PEROXISOME,71,2.8212319231082312,0.972440097496259
BRCA,kegg,2,3,KEGG_PHENYLALANINE_METABOLISM,13,4.128926757200318,0.972440097496259
BRCA,kegg,2,3,KEGG_PHOSPHATIDYLINOSITOL_SIGNALING_SYSTEM,68,-0.38678244360025177,0.972440097496259
BRCA,kegg,2,3,KEGG_PORPHYRIN_AND_CHLOROPHYLL_METABOLISM,20,1.7386093678493786,0.972440097496259
BRCA,kegg,2,3,KEGG_PPAR_SIGNALING_PATHWAY,52,3.00565864921014,0.972440097496259
BRCA,kegg,2,3,KEGG_PRIMARY_BILE_ACID_BIOSYNTHESIS,11,1.4097183362753476,0.972440097496259
BRCA,kegg,2,3,KEGG_PRIMARY_IMMUNODEFICIENCY,30,1.114002842435748,0.972440097496259
BRCA,kegg,2,3,KEGG_PRION_DISEASES,29,4.102040859351402,0.972440097496259
BRCA,kegg,2,3,KEGG_PROGESTERONE_MEDIATED_OOCYTE_MATURATION,72,-1.4553565469722218,0.972440097496259
BRCA,kegg,2,3,KEGG_PROPANOATE_METABOLISM,28,1.8327154728414048,0.972440097496259
BRCA,kegg,2,3,KEGG_PROSTATE_CANCER,83,0.08101802768832277,0.972440097496259
BRCA,kegg,2,3,KEGG_PROTEASOME,41,-1.1731912628344299,0.972440097496259
BRCA,kegg,2,3,KEGG_PROTEIN_EXPORT,23,-1.7157774274166024,0.972440097496259
BRCA,kegg,2,3,KEGG_PROXIMAL_TUBULE_BICARBONATE_RECLAMATION,17,2.43686290052417,0.972440097496259
BRCA,kegg,2,3,KEGG_PURINE_METABOLISM,132,-0.7586530401531026,0.972440097496259
BRCA,kegg,2,3,KEGG_PYRIMIDINE_METABOLISM,90,-0.6134564778960268,0.972440097496259
BRCA,kegg,2,3,KEGG_PYRUVATE_METABOLISM,33,0.3673925749748925,0.972440097496259
BRCA,kegg,2,3,KEGG_REGULATION_OF_ACTIN_CYTOSKELETON,170,0.5824347485458502,0.972440097496259
BRCA,kegg,2,3,KEGG_REGULATION_OF_AUTOPHAGY,20,-0.42870059449366993,0.972440097496259
BRCA,kegg,2,3,KEGG_RENAL_CELL_CARCINOMA,64,0.32504556361083325,0.972440097496259
BRCA,kegg,2,3,KEGG_RENIN_ANGIOTENSIN_SYSTEM,10,0.9131482908845279,0.972440097496259
BRCA,kegg,2,3,KEGG_RETINOL_METABOLISM,17,2.2293840577196584,0.972440097496259
BRCA,kegg,2,3,KEGG_RIBOFLAVIN_METABOLISM,11,-0.2768118281728035,0.972440097496259
BRCA,kegg,2,3,KEGG_RIG_I_LIKE_RECEPTOR_SIGNALING_PATHWAY,50,-0.14511673704140796,0.972440097496259
BRCA,kegg,2,3,KEGG_RNA_DEGRADATION,50,-2.298315156199059,0.972440097496259
BRCA,kegg,2,3,KEGG_RNA_POLYMERASE,28,-0.034416563823454226,0.972440097496259
BRCA,kegg,2,3,KEGG_SELENOAMINO_ACID_METABOLISM,22,-0.5971964051434894,0.972440097496259
BRCA,kegg,2,3,KEGG_SMALL_CELL_LUNG_CANCER,78,-0.3671521991042748,0.972440097496259
BRCA,kegg,2,3,KEGG_SNARE_INTERACTIONS_IN_VESICULAR_TRANSPORT,36,0.3239435282377594,0.972440097496259
BRCA,kegg,2,3,KEGG_SPHINGOLIPID_METABOLISM,32,2.1027550010288327,0.972440097496259
BRCA,kegg,2,3,KEGG_SPLICEOSOME,126,0.10397538162541689,0.972440097496259
BRCA,kegg,2,3,KEGG_STARCH_AND_SUCROSE_METABOLISM,21,-0.8729417281100771,0.972440097496259
BRCA,kegg,2,3,KEGG_STEROID_BIOSYNTHESIS,15,-1.0556330824795621,0.972440097496259
BRCA,kegg,2,3,KEGG_STEROID_HORMONE_BIOSYNTHESIS,19,-0.11704713602984614,0.972440097496259
BRCA,kegg,2,3,KEGG_SULFUR_METABOLISM,11,-1.2190704035653392,0.972440097496259
BRCA,kegg,2,3,KEGG_SYSTEMIC_LUPUS_ERYTHEMATOSUS,44,5.179587162070936,0.972440097496259
BRCA,kegg,2,3,KEGG_TASTE_TRANSDUCTION,13,-0.4554862648329928,0.972440097496259
BRCA,kegg,2,3,KEGG_TERPENOID_BACKBONE_BIOSYNTHESIS,14,1.375478845751288,0.972440097496259
BRCA,kegg,2,3,KEGG_TGF_BETA_SIGNALING_PATHWAY,69,-0.053219395792410994,0.972440097496259
BRCA,kegg,2,3,KEGG_THYROID_CANCER,28,-0.4264526292766188,0.972440097496259
BRCA,kegg,2,3,KEGG_TIGHT_JUNCTION,97,2.88267035290441,0.972440097496259
BRCA,kegg,2,3,KEGG_TOLL_LIKE_RECEPTOR_SIGNALING_PATHWAY,85,0.9967201457340363,0.972440097496259
BRCA,kegg,2,3,KEGG_TRYPTOPHAN_METABOLISM,27,3.067162098097408,0.972440097496259
BRCA,kegg,2,3,KEGG_TYPE_II_DIABETES_MELLITUS,34,1.315210624170494,0.972440097496259
BRCA,kegg,2,3,KEGG_TYPE_I_DIABETES_MELLITUS,36,4.306207884151982,0.972440097496259
BRCA,kegg,2,3,KEGG_TYROSINE_METABOLISM,28,3.3961060950946482,0.972440097496259
BRCA,kegg,2,3,KEGG_T_CELL_RECEPTOR_SIGNALING_PATHWAY,101,1.9703323536524675,0.972440097496259
BRCA,kegg,2,3,KEGG_UBIQUITIN_MEDIATED_PROTEOLYSIS,126,-2.078487321576534,0.972440097496259
BRCA,kegg,2,3,KEGG_VALINE_LEUCINE_AND_ISOLEUCINE_DEGRADATION,43,3.675041194533174,0.972440097496259
BRCA,kegg,2,3,KEGG_VASCULAR_SMOOTH_MUSCLE_CONTRACTION,88,2.0884474570967164,0.972440097496259
BRCA,kegg,2,3,KEGG_VASOPRESSIN_REGULATED_WATER_REABSORPTION,39,1.701618282830599,0.972440097496259
BRCA,kegg,2,3,KEGG_VEGF_SIGNALING_PATHWAY,63,0.6380201158203656,0.972440097496259
BRCA,kegg,2,3,KEGG_VIBRIO_CHOLERAE_INFECTION,47,-2.1852748840854677,0.972440097496259
BRCA,kegg,2,3,KEGG_VIRAL_MYOCARDITIS,57,4.200300025676149,0.972440097496259
BRCA,kegg,2,3,KEGG_WNT_SIGNALING_PATHWAY,126,0.6750458611149596,0.972440097496259
BRCA,kegg,2,4,KEGG_ABC_TRANSPORTERS,33,0.01779033672182967,0.9701962128771502
BRCA,kegg,2,4,KEGG_ACUTE_MYELOID_LEUKEMIA,53,0.2904645889082991,0.9701962128771502
BRCA,kegg,2,4,KEGG_ADHERENS_JUNCTION,65,2.729091359866393,0.9701962128771502
BRCA,kegg,2,4,KEGG_ADIPOCYTOKINE_SIGNALING_PATHWAY,54,0.14950417734678773,0.9701962128771502
BRCA,kegg,2,4,KEGG_ALANINE_ASPARTATE_AND_GLUTAMATE_METABOLISM,25,0.8886408010400303,0.9701962128771502
BRCA,kegg,2,4,KEGG_ALDOSTERONE_REGULATED_SODIUM_REABSORPTION,33,0.1503313988811896,0.9701962128771502
BRCA,kegg,2,4,KEGG_ALLOGRAFT_REJECTION,32,-3.4704423448648387,0.9701962128771502
BRCA,kegg,2,4,KEGG_ALPHA_LINOLENIC_ACID_METABOLISM,10,-1.2751236638853687,0.9701962128771502
BRCA,kegg,2,4,KEGG_ALZHEIMERS_DISEASE,128,1.1254241499236715,0.9701962128771502
BRCA,kegg,2,4,KEGG_AMINOACYL_TRNA_BIOSYNTHESIS,22,0.7071746153697058,0.9701962128771502
BRCA,kegg,2,4,KEGG_AMINO_SUGAR_AND_NUCLEOTIDE_SUGAR_METABOLISM,39,0.662351653246062,0.9701962128771502
BRCA,kegg,2,4,KEGG_AMYOTROPHIC_LATERAL_SCLEROSIS_ALS,41,0.21800123237166158,0.9701962128771502
BRCA,kegg,2,4,KEGG_ANTIGEN_PROCESSING_AND_PRESENTATION,66,1.5200097489860536,0.9701962128771502
BRCA,kegg,2,4,KEGG_APOPTOSIS,82,-0.17430939577514484,0.9701962128771502
BRCA,kegg,2,4,KEGG_ARACHIDONIC_ACID_METABOLISM,33,-2.341069367822877,0.9701962128771502
BRCA,kegg,2,4,KEGG_ARGININE_AND_PROLINE_METABOLISM,43,1.6126043257994356,0.9701962128771502
BRCA,kegg,2,4,KEGG_ARRHYTHMOGENIC_RIGHT_VENTRICULAR_CARDIOMYOPATHY_ARVC,58,3.9541528774816284,0.9701962128771502
BRCA,kegg,2,4,KEGG_ASTHMA,18,-2.3213938157187304,0.9701962128771502
BRCA,kegg,2,4,KEGG_AUTOIMMUNE_THYROID_DISEASE,33,-3.399520617935957,0.9701962128771502
BRCA,kegg,2,4,KEGG_AXON_GUIDANCE,111,0.3992428224995395,0.9701962128771502
BRCA,kegg,2,4,KEGG_BASAL_CELL_CARCINOMA,38,-0.4982701819568462,0.9701962128771502
BRCA,kegg,2,4,KEGG_BASAL_TRANSCRIPTION_FACTORS,31,0.09534498714029216,0.9701962128771502
BRCA,kegg,2,4,KEGG_BASE_EXCISION_REPAIR,33,0.9135641014576825,0.9701962128771502
BRCA,kegg,2,4,KEGG_BETA_ALANINE_METABOLISM,16,1.8211338997159146,0.9701962128771502
BRCA,kegg,2,4,KEGG_BIOSYNTHESIS_OF_UNSATURATED_FATTY_ACIDS,21,4.176164754061581,0.9701962128771502
BRCA,kegg,2,4,KEGG_BLADDER_CANCER,40,2.833260298362672,0.9701962128771502
BRCA,kegg,2,4,KEGG_BUTANOATE_METABOLISM,28,0.8830508088256482,0.9701962128771502
BRCA,kegg,2,4,KEGG_B_CELL_RECEPTOR_SIGNALING_PATHWAY,71,-0.7905517815075304,0.9701962128771502
BRCA,kegg,2,4,KEGG_CALCIUM_SIGNALING_PATHWAY,112,0.09337838625117324,0.9701962128771502
BRCA,kegg,2,4,KEGG_CARDIAC_MUSCLE_CONTRACTION,51,1.625561393084532,0.9701962128771502
BRCA,kegg,2,4,KEGG_CELL_ADHESION_MOLECULES_CAMS,109,-1.6531847027050701,0.9701962128771502
BRCA,kegg,2,4,KEGG_CELL_CYCLE,116,0.0822612682895388,0.9701962128771502
BRCA,kegg,2,4,KEGG_CHEMOKINE_SIGNALING_PATHWAY,155,-1.8611715861997948,0.9701962128771502
BRCA,kegg,2,4,KEGG_CHRONIC_MYELOID_LEUKEMIA,70,1.815900167063128,0.9701962128771502
BRCA,kegg,2,4,KEGG_CIRCADIAN_RHYTHM_MAMMAL,12,0.6947236749642226,0.9701962128771502
BRCA,kegg,2,4,KEGG_CITRATE_CYCLE_TCA_CYCLE,27,2.3021698815395637,0.9701962128771502
BRCA,kegg,2,4,KEGG_COLORECTAL_CANCER,59,0.9561879595684588,0.9701962128771502
BRCA,kegg,2,4,KEGG_COMPLEMENT_AND_COAGULATION_CASCADES,45,2.466428241825602,0.9701962128771502
BRCA,kegg,2,4,KEGG_CYSTEINE_AND_METHIONINE_METABOLISM,27,0.38928436757836266,0.9701962128771502
BRCA,kegg,2,4,KEGG_CYTOKINE_CYTOKINE_RECEPTOR_INTERACTION,191,-4.242599420858755,0.9701962128771502
BRCA,kegg,2,4,KEGG_CYTOSOLIC_DNA_SENSING_PATHWAY,38,-1.0336554747964304,0.9701962128771502
BRCA,kegg,2,4,KEGG_DILATED_CARDIOMYOPATHY,66,2.6805827442750054,0.9701962128771502
BRCA,kegg,2,4,KEGG_DNA_REPLICATION,35,-1.2701070009228597,0.9701962128771502
BRCA,kegg,2,4,KEGG_DORSO_VENTRAL_AXIS_FORMATION,19,-0.75103603558804,0.9701962128771502
BRCA,kegg,2,4,KEGG_DRUG_METABOLISM_CYTOCHROME_P450,29,-1.5753652083667793,0.9701962128771502
BRCA,kegg,2,4,KEGG_DRUG_METABOLISM_OTHER_ENZYMES,22,1.0353257789873649,0.9701962128771502
BRCA,kegg,2,4,KEGG_ECM_RECEPTOR_INTERACTION,69,14.075014439339085,0.9701962128771502
BRCA,kegg,2,4,KEGG_ENDOCYTOSIS,166,3.5916489848276556,0.9701962128771502
BRCA,kegg,2,4,KEGG_ENDOMETRIAL_CANCER,48,2.398013583563562,0.9701962128771502
BRCA,kegg,2,4,KEGG_EPITHELIAL_CELL_SIGNALING_IN_HELICOBACTER_PYLORI_INFECTION,61,0.16187858129544638,0.9701962128771502
BRCA,kegg,2,4,KEGG_ERBB_SIGNALING_PATHWAY,75,1.0106148625133555,0.9701962128771502
BRCA,kegg,2,4,KEGG_ETHER_LIPID_METABOLISM,24,-1.7187574895752147,0.9701962128771502
BRCA,kegg,2,4,KEGG_FATTY_ACID_METABOLISM,34,1.4993256685820422,0.9701962128771502
BRCA,kegg,2,4,KEGG_FC_EPSILON_RI_SIGNALING_PATHWAY,64,-0.8189962854170291,0.9701962128771502
BRCA,kegg,2,4,KEGG_FC_GAMMA_R_MEDIATED_PHAGOCYTOSIS,87,-0.37617790578976307,0.9701962128771502
BRCA,kegg,2,4,KEGG_FOCAL_ADHESION,176,11.04528837947085,0.9701962128771502
BRCA,kegg,2,4,KEGG_FRUCTOSE_AND_MANNOSE_METABOLISM,28,0.7412356977096052,0.9701962128771502
BRCA,kegg,2,4,KEGG_GALACTOSE_METABOLISM,21,0.20735722445077406,0.9701962128771502
BRCA,kegg,2,4,KEGG_GAP_JUNCTION,69,1.7024498169328104,0.9701962128771502
BRCA,kegg,2,4,KEGG_GLIOMA,59,0.7272985230430433,0.9701962128771502
BRCA,kegg,2,4,KEGG_GLUTATHIONE_METABOLISM,41,-0.9613582859553275,0.9701962128771502
BRCA,kegg,2,4,KEGG_GLYCEROLIPID_METABOLISM,39,-0.7284238752405299,0.9701962128771502
BRCA,kegg,2,4,KEGG_GLYCEROPHOSPHOLIPID_METABOLISM,61,-0.3839159039757857,0.9701962128771502
BRCA,kegg,2,4,KEGG_GLYCINE_SERINE_AND_THREONINE_METABOLISM,22,-1.008420796888087,0.9701962128771502
BRCA,kegg,2,4,KEGG_GLYCOLYSIS_GLUCONEOGENESIS,43,2.2231991836777336,0.9701962128771502
BRCA,kegg,2,4,KEGG_GLYCOSAMINOGLYCAN_BIOSYNTHESIS_CHONDROITIN_SULFATE,21,0.36820149047496226,0.9701962128771502
BRCA,kegg,2,4,KEGG_GLYCOSAMINOGLYCAN_BIOSYNTHESIS_HEPARAN_SULFATE,18,0.01633676535666174,0.9701962128771502
BRCA,kegg,2,4,KEGG_GLYCOSAMINOGLYCAN_BIOSYNTHESIS_KERATAN_SULFATE,13,0.886656115771965,0.9701962128771502
BRCA,kegg,2,4,KEGG_GLYCOSAMINOGLYCAN_DEGRADATION,18,0.42329562422207134,0.9701962128771502
BRCA,kegg,2,4,KEGG_GLYCOSPHINGOLIPID_BIOSYNTHESIS_GANGLIO_SERIES,14,0.20708171273586065,0.9701962128771502
BRCA,kegg,2,4,KEGG_GLYCOSPHINGOLIPID_BIOSYNTHESIS_GLOBO_SERIES,12,0.8200990747159307,0.9701962128771502
BRCA,kegg,2,4,KEGG_GLYCOSPHINGOLIPID_BIOSYNTHESIS_LACTO_AND_NEOLACTO_SERIES,20,-0.7541086952350212,0.9701962128771502
BRCA,kegg,2,4,KEGG_GLYCOSYLPHOSPHATIDYLINOSITOL_GPI_ANCHOR_BIOSYNTHESIS,23,1.2068077195388887,0.9701962128771502
BRCA,kegg,2,4,KEGG_GLYOXYLATE_AND_DICARBOXYLATE_METABOLISM,13,-0.24080211658646872,0.9701962128771502
BRCA,kegg,2,4,KEGG_GNRH_SIGNALING_PATHWAY,80,0.39446602150636273,0.9701962128771502
BRCA,kegg,2,4,KEGG_GRAFT_VERSUS_HOST_DISEASE,37,-3.2872034051297647,0.9701962128771502
BRCA,kegg,2,4,KEGG_HEDGEHOG_SIGNALING_PATHWAY,35,0.16044010056892744,0.9701962128771502
BRCA,kegg,2,4,KEGG_HEMATOPOIETIC_CELL_LINEAGE,68,-2.876809162091275,0.9701962128771502
BRCA,kegg,2,4,KEGG_HISTIDINE_METABOLISM,19,1.481118319525753,0.9701962128771502
BRCA,kegg,2,4,KEGG_HOMOLOGOUS_RECOMBINATION,24,-1.08022229928773,0.9701962128771502
BRCA,kegg,2,4,KEGG_HUNTINGTONS_DISEASE,143,2.596638018127746,0.9701962128771502
BRCA,kegg,2,4,KEGG_HYPERTROPHIC_CARDIOMYOPATHY_HCM,61,2.582160489966498,0.9701962128771502
BRCA,kegg,2,4,KEGG_INOSITOL_PHOSPHATE_METABOLISM,50,0.49486397727047143,0.9701962128771502
BRCA,kegg,2,4,KEGG_INSULIN_SIGNALING_PATHWAY,115,1.859574620359918,0.9701962128771502
BRCA,kegg,2,4,KEGG_INTESTINAL_IMMUNE_NETWORK_FOR_IGA_PRODUCTION,40,-3.522747640233123,0.9701962128771502
BRCA,kegg,2,4,KEGG_JAK_STAT_SIGNALING_PATHWAY,109,-0.3222840123149336,0.9701962128771502
BRCA,kegg,2,4,KEGG_LEISHMANIA_INFECTION,66,-1.0386635293266098,0.9701962128771502
BRCA,kegg,2,4,KEGG_LEUKOCYTE_TRANSENDOTHELIAL_MIGRATION,93,2.3129629998637053,0.9701962128771502
BRCA,kegg,2,4,KEGG_LINOLEIC_ACID_METABOLISM,10,-2.119312117996689,0.9701962128771502
BRCA,kegg,2,4,KEGG_LONG_TERM_DEPRESSION,49,0.01722747475613922,0.9701962128771502
BRCA,kegg,2,4,KEGG_LONG_TERM_POTENTIATION,51,-0.5049175981706504,0.9701962128771502
BRCA,kegg,2,4,KEGG_LYSINE_DEGRADATION,39,0.8825421903788431,0.9701962128771502
BRCA,kegg,2,4,KEGG_LYSOSOME,113,4.371385962219739,0.9701962128771502
BRCA,kegg,2,4,KEGG_MAPK_SIGNALING_PATHWAY,214,0.9871253305167812,0.9701962128771502
BRCA,kegg,2,4,KEGG_MELANOGENESIS,78,-0.18416531141401046,0.9701962128771502
BRCA,kegg,2,4,KEGG_MELANOMA,56,1.3746282190473065,0.9701962128771502
BRCA,kegg,2,4,KEGG_METABOLISM_OF_XENOBIOTICS_BY_CYTOCHROME_P450,28,-2.2318365086527368,0.9701962128771502
BRCA,kegg,2,4,KEGG_MISMATCH_REPAIR,22,-0.4463849456833837,0.9701962128771502
BRCA,kegg,2,4,KEGG_MTOR_SIGNALING_PATHWAY,41,-0.3319661290159567,0.9701962128771502
BRCA,kegg,2,4,KEGG_NATURAL_KILLER_CELL_MEDIATED_CYTOTOXICITY,106,-1.5166873908950878,0.9701962128771502
BRCA,kegg,2,4,KEGG_NEUROACTIVE_LIGAND_RECEPTOR_INTERACTION,104,-2.53969337853147,0.9701962128771502
BRCA,kegg,2,4,KEGG_NEUROTROPHIN_SIGNALING_PATHWAY,111,1.8227601562342242,0.9701962128771502
BRCA,kegg,2,4,KEGG_NICOTINATE_AND_NICOTINAMIDE_METABOLISM,21,-0.13262325367198066,0.9701962128771502
BRCA,kegg,2,4,KEGG_NITROGEN_METABOLISM,15,2.593849635544206,0.9701962128771502
BRCA,kegg,2,4,KEGG_NOD_LIKE_RECEPTOR_SIGNALING_PATHWAY,57,-0.5642870991792749,0.9701962128771502
BRCA,kegg,2,4,KEGG_NON_HOMOLOGOUS_END_JOINING,11,0.872298399908651,0.9701962128771502
BRCA,kegg,2,4,KEGG_NON_SMALL_CELL_LUNG_CANCER,51,0.12251498583100598,0.9701962128771502
BRCA,kegg,2,4,KEGG_NOTCH_SIGNALING_PATHWAY,44,0.1339601631700989,0.9701962128771502
BRCA,kegg,2,4,KEGG_NUCLEOTIDE_EXCISION_REPAIR,43,0.7482083350174621,0.9701962128771502
BRCA,kegg,2,4,KEGG_N_GLYCAN_BIOSYNTHESIS,45,1.7863288682838325,0.9701962128771502
BRCA,kegg,2,4,KEGG_OLFACTORY_TRANSDUCTION,18,-1.6779704827280373,0.9701962128771502
BRCA,kegg,2,4,KEGG_ONE_CARBON_POOL_BY_FOLATE,15,-0.12447453596978723,0.9701962128771502
BRCA,kegg,2,4,KEGG_OOCYTE_MEIOSIS,93,2.0309758603056824,0.9701962128771502
BRCA,kegg,2,4,KEGG_OTHER_GLYCAN_DEGRADATION,13,0.8233808268185113,0.9701962128771502
BRCA,kegg,2,4,KEGG_OXIDATIVE_PHOSPHORYLATION,91,1.121765325076055,0.9701962128771502
BRCA,kegg,2,4,KEGG_O_GLYCAN_BIOSYNTHESIS,21,1.3676438298857403,0.9701962128771502
BRCA,kegg,2,4,KEGG_P53_SIGNALING_PATHWAY,63,-0.1063456060220192,0.9701962128771502
BRCA,kegg,2,4,KEGG_PANCREATIC_CANCER,68,1.5701704461929533,0.9701962128771502
BRCA,kegg,2,4,KEGG_PANTOTHENATE_AND_COA_BIOSYNTHESIS,13,0.8107494608940072,0.9701962128771502
BRCA,kegg,2,4,KEGG_PARKINSONS_DISEASE,89,1.071515738529667,0.9701962128771502
BRCA,kegg,2,4,KEGG_PATHOGENIC_ESCHERICHIA_COLI_INFECTION,49,4.025604235020772,0.9701962128771502
BRCA,kegg,2,4,KEGG_PATHWAYS_IN_CANCER,279,2.8033182415975815,0.9701962128771502
BRCA,kegg,2,4,KEGG_PENTOSE_PHOSPHATE_PATHWAY,22,0.3098088985051138,0.9701962128771502
BRCA,kegg,2,4,KEGG_PEROXISOME,71,1.8951920487819904,0.9701962128771502
BRCA,kegg,2,4,KEGG_PHENYLALANINE_METABOLISM,13,1.048304490874975,0.9701962128771502
BRCA,kegg,2,4,KEGG_PHOSPHATIDYLINOSITOL_SIGNALING_SYSTEM,68,-0.41228658770542276,0.9701962128771502
BRCA,kegg,2,4,KEGG_PORPHYRIN_AND_CHLOROPHYLL_METABOLISM,20,1.8955282074974171,0.9701962128771502
BRCA,kegg,2,4,KEGG_PPAR_SIGNALING_PATHWAY,52,-0.46267589731354414,0.9701962128771502
BRCA,kegg,2,4,KEGG_PRIMARY_BILE_ACID_BIOSYNTHESIS,11,0.10659507963991499,0.9701962128771502
BRCA,kegg,2,4,KEGG_PRIMARY_IMMUNODEFICIENCY,30,-4.764041044207459,0.9701962128771502
BRCA,kegg,2,4,KEGG_PRION_DISEASES,29,-0.2427871843743097,0.9701962128771502
BRCA,kegg,2,4,KEGG_PROGESTERONE_MEDIATED_OOCYTE_MATURATION,72,1.258698037214009,0.9701962128771502
BRCA,kegg,2,4,KEGG_PROPANOATE_METABOLISM,28,2.181899530904348,0.9701962128771502
BRCA,kegg,2,4,KEGG_PROSTATE_CANCER,83,2.4771967908812256,0.9701962128771502
BRCA,kegg,2,4,KEGG_PROTEASOME,41,2.3261633720442894,0.9701962128771502
BRCA,kegg,2,4,KEGG_PROTEIN_EXPORT,23,2.027362235956845,0.9701962128771502
BRCA,kegg,2,4,KEGG_PROXIMAL_TUBULE_BICARBONATE_RECLAMATION,17,-0.452245619868156,0.9701962128771502
BRCA,kegg,2,4,KEGG_PURINE_METABOLISM,132,0.1691165187825446,0.9701962128771502
BRCA,kegg,2,4,KEGG_PYRIMIDINE_METABOLISM,90,0.01652209525715538,0.9701962128771502
BRCA,kegg,2,4,KEGG_PYRUVATE_METABOLISM,33,1.090015613730981,0.9701962128771502
BRCA,kegg,2,4,KEGG_REGULATION_OF_ACTIN_CYTOSKELETON,170,4.503405681220127,0.9701962128771502
BRCA,kegg,2,4,KEGG_REGULATION_OF_AUTOPHAGY,20,-0.5235732146936564,0.9701962128771502
BRCA,kegg,2,4,KEGG_RENAL_CELL_CARCINOMA,64,1.315742292215951,0.9701962128771502
BRCA,kegg,2,4,KEGG_RENIN_ANGIOTENSIN_SYSTEM,10,0.8978518771491067,0.9701962128771502
BRCA,kegg,2,4,KEGG_RETINOL_METABOLISM,17,-0.7866796901783615,0.9701962128771502
BRCA,kegg,2,4,KEGG_RIBOFLAVIN_METABOLISM,11,0.571339085005539,0.9701962128771502
BRCA,kegg,2,4,KEGG_RIG_I_LIKE_RECEPTOR_SIGNALING_PATHWAY,50,-0.202785379904739,0.9701962128771502
BRCA,kegg,2,4,KEGG_RNA_DEGRADATION,50,-0.0624607846047832,0.9701962128771502
BRCA,kegg,2,4,KEGG_RNA_POLYMERASE,28,0.4053210666295882,0.9701962128771502
BRCA,kegg,2,4,KEGG_SELENOAMINO_ACID_METABOLISM,22,1.2206476181400485,0.9701962128771502
BRCA,kegg,2,4,KEGG_SMALL_CELL_LUNG_CANCER,78,1.8238744108445466,0.9701962128771502
BRCA,kegg,2,4,KEGG_SNARE_INTERACTIONS_IN_VESICULAR_TRANSPORT,36,0.06567633110970068,0.9701962128771502
BRCA,kegg,2,4,KEGG_SPHINGOLIPID_METABOLISM,32,2.3238780286046556,0.9701962128771502
BRCA,kegg,2,4,KEGG_SPLICEOSOME,126,1.225119030453192,0.9701962128771502
BRCA,kegg,2,4,KEGG_STARCH_AND_SUCROSE_METABOLISM,21,1.9893946572676549,0.9701962128771502
BRCA,kegg,2,4,KEGG_STEROID_BIOSYNTHESIS,15,2.808849576124543,0.9701962128771502
BRCA,kegg,2,4,KEGG_STEROID_HORMONE_BIOSYNTHESIS,19,-1.304638493014289,0.9701962128771502
BRCA,kegg,2,4,KEGG_SULFUR_METABOLISM,11,0.05998537651977807,0.9701962128771502
BRCA,kegg,2,4,KEGG_SYSTEMIC_LUPUS_ERYTHEMATOSUS,44,-0.6519980739887405,0.9701962128771502
BRCA,kegg,2,4,KEGG_TASTE_TRANSDUCTION,13,0.7097251510613268,0.9701962128771502
BRCA,kegg,2,4,KEGG_TERPENOID_BACKBONE_BIOSYNTHESIS,14,0.40767397007687695,0.9701962128771502
BRCA,kegg,2,4,KEGG_TGF_BETA_SIGNALING_PATHWAY,69,3.4110403627049797,0.9701962128771502
BRCA,kegg,2,4,KEGG_THYROID_CANCER,28,3.006163087336544,0.9701962128771502
BRCA,kegg,2,4,KEGG_TIGHT_JUNCTION,97,3.244016285383989,0.9701962128771502
BRCA,kegg,2,4,KEGG_TOLL_LIKE_RECEPTOR_SIGNALING_PATHWAY,85,-0.8777566748060511,0.9701962128771502
BRCA,kegg,2,4,KEGG_TRYPTOPHAN_METABOLISM,27,0.7695509338825423,0.9701962128771502
BRCA,kegg,2,4,KEGG_TYPE_II_DIABETES_MELLITUS,34,1.2255258322045537,0.9701962128771502
BRCA,kegg,2,4,KEGG_TYPE_I_DIABETES_MELLITUS,36,-2.8683224807552157,0.9701962128771502
BRCA,kegg,2,4,KEGG_TYROSINE_METABOLISM,28,0.3943922122520641,0.9701962128771502
BRCA,kegg,2,4,KEGG_T_CELL_RECEPTOR_SIGNALING_PATHWAY,101,-1.4676462457206048,0.9701962128771502
BRCA,kegg,2,4,KEGG_UBIQUITIN_MEDIATED_PROTEOLYSIS,126,1.6719719025108195,0.9701962128771502
BRCA,kegg,2,4,KEGG_VALINE_LEUCINE_AND_ISOLEUCINE_DEGRADATION,43,2.124462388179975,0.9701962128771502
BRCA,kegg,2,4,KEGG_VASCULAR_SMOOTH_MUSCLE_CONTRACTION,88,0.35727269013482316,0.9701962128771502
BRCA,kegg,2,4,KEGG_VASOPRESSIN_REGULATED_WATER_REABSORPTION,39,3.3391763409671857,0.9701962128771502
BRCA,kegg,2,4,KEGG_VEGF_SIGNALING_PATHWAY,63,0.18056334829393697,0.9701962128771502
BRCA,kegg,2,4,KEGG_VIBRIO_CHOLERAE_INFECTION,47,2.08776568988499,0.9701962128771502
BRCA,kegg,2,4,KEGG_VIRAL_MYOCARDITIS,57,-0.3041305998312373,0.9701962128771502
BRCA,kegg,2,4,KEGG_WNT_SIGNALING_PATHWAY,126,0.07732827312899687,0.9701962128771502
BRCA,kegg,2,5,KEGG_ABC_TRANSPORTERS,33,-0.23095137617634323,0.9934623608774116
BRCA,kegg,2,5,KEGG_ACUTE_MYELOID_LEUKEMIA,53,-1.1089775396289774,0.9934623608774116
BRCA,kegg,2,5,KEGG_ADHERENS_JUNCTION,65,2.287026204664455,0.9934623608774116
BRCA,kegg,2,5,KEGG_ADIPOCYTOKINE_SIGNALING_PATHWAY,54,-1.2118775243456792,0.9934623608774116
BRCA,kegg,2,5,KEGG_ALANINE_ASPARTATE_AND_GLUTAMATE_METABOLISM,25,-0.3843458811283599,0.9934623608774116
BRCA,kegg,2,5,KEGG_ALDOSTERONE_REGULATED_SODIUM_REABSORPTION,33,0.19365658766563437,0.9934623608774116
BRCA,kegg,2,5,KEGG_ALLOGRAFT_REJECTION,32,4.16399326009988,0.9934623608774116
BRCA,kegg,2,5,KEGG_ALPHA_LINOLENIC_ACID_METABOLISM,10,-0.4473392089175302,0.9934623608774116
BRCA,kegg,2,5,KEGG_ALZHEIMERS_DISEASE,128,2.96644442438976,0.9934623608774116
BRCA,kegg,2,5,KEGG_AMINOACYL_TRNA_BIOSYNTHESIS,22,-1.396884484437222,0.9934623608774116
BRCA,kegg,2,5,KEGG_AMINO_SUGAR_AND_NUCLEOTIDE_SUGAR_METABOLISM,39,1.2319934448746812,0.9934623608774116
BRCA,kegg,2,5,KEGG_AMYOTROPHIC_LATERAL_SCLEROSIS_ALS,41,-0.08810224186810325,0.9934623608774116
BRCA,kegg,2,5,KEGG_ANTIGEN_PROCESSING_AND_PRESENTATION,66,6.040439098792156,0.9934623608774116
BRCA,kegg,2,5,KEGG_APOPTOSIS,82,-0.4595728474390374,0.9934623608774116
BRCA,kegg,2,5,KEGG_ARACHIDONIC_ACID_METABOLISM,33,-1.4072825673941172,0.9934623608774116
BRCA,kegg,2,5,KEGG_ARGININE_AND_PROLINE_METABOLISM,43,0.9505928837342067,0.9934623608774116
BRCA,kegg,2,5,KEGG_ARRHYTHMOGENIC_RIGHT_VENTRICULAR_CARDIOMYOPATHY_ARVC,58,4.333113393833938,0.9934623608774116
BRCA,kegg,2,5,KEGG_ASTHMA,18,3.620036070359767,0.9934623608774116
BRCA,kegg,2,5,KEGG_AUTOIMMUNE_THYROID_DISEASE,33,4.044341746823682,0.9934623608774116
BRCA,kegg,2,5,KEGG_AXON_GUIDANCE,111,1.5039225693880733,0.9934623608774116
BRCA,kegg,2,5,KEGG_BASAL_CELL_CARCINOMA,38,-0.2333358288479427,0.9934623608774116
BRCA,kegg,2,5,KEGG_BASAL_TRANSCRIPTION_FACTORS,31,-0.6624417745557553,0.9934623608774116
BRCA,kegg,2,5,KEGG_BASE_EXCISION_REPAIR,33,-1.151688454912149,0.9934623608774116
BRCA,kegg,2,5,KEGG_BETA_ALANINE_METABOLISM,16,-0.09870306324340788,0.9934623608774116
BRCA,kegg,2,5,KEGG_BIOSYNTHESIS_OF_UNSATURATED_FATTY_ACIDS,21,1.2802051573180953,0.9934623608774116
BRCA,kegg,2,5,KEGG_BLADDER_CANCER,40,4.381783343664629,0.9934623608774116
BRCA,kegg,2,5,KEGG_BUTANOATE_METABOLISM,28,-0.6678683511140872,0.9934623608774116
BRCA,kegg,2,5,KEGG_B_CELL_RECEPTOR_SIGNALING_PATHWAY,71,0.08866432601936756,0.9934623608774116
BRCA,kegg,2,5,KEGG_CALCIUM_SIGNALING_PATHWAY,112,1.7290983725372546,0.9934623608774116
BRCA,kegg,2,5,KEGG_CARDIAC_MUSCLE_CONTRACTION,51,3.3503656797708676,0.9934623608774116
BRCA,kegg,2,5,KEGG_CELL_ADHESION_MOLECULES_CAMS,109,4.507042380856869,0.9934623608774116
BRCA,kegg,2,5,KEGG_CELL_CYCLE,116,-1.5533071010917099,0.9934623608774116
BRCA,kegg,2,5,KEGG_CHEMOKINE_SIGNALING_PATHWAY,155,-0.13186875193758152,0.9934623608774116
BRCA,kegg,2,5,KEGG_CHRONIC_MYELOID_LEUKEMIA,70,-0.3567279291775296,0.9934623608774116
BRCA,kegg,2,5,KEGG_CIRCADIAN_RHYTHM_MAMMAL,12,-0.16949393149337103,0.9934623608774116
BRCA,kegg,2,5,KEGG_CITRATE_CYCLE_TCA_CYCLE,27,-0.008718550616868626,0.9934623608774116
BRCA,kegg,2,5,KEGG_COLORECTAL_CANCER,59,-0.5638510433951647,0.9934623608774116
BRCA,kegg,2,5,KEGG_COMPLEMENT_AND_COAGULATION_CASCADES,45,5.124601735806353,0.9934623608774116
BRCA,kegg,2,5,KEGG_CYSTEINE_AND_METHIONINE_METABOLISM,27,-0.49100278102925704,0.9934623608774116
BRCA,kegg,2,5,KEGG_CYTOKINE_CYTOKINE_RECEPTOR_INTERACTION,191,0.9070863733190178,0.9934623608774116
BRCA,kegg,2,5,KEGG_CYTOSOLIC_DNA_SENSING_PATHWAY,38,-1.1795982771617137,0.9934623608774116
BRCA,kegg,2,5,KEGG_DILATED_CARDIOMYOPATHY,66,4.9688752780099925,0.9934623608774116
BRCA,kegg,2,5,KEGG_DNA_REPLICATION,35,-1.710349549406925,0.9934623608774116
BRCA,kegg,2,5,KEGG_DORSO_VENTRAL_AXIS_FORMATION,19,-0.030434320995957376,0.9934623608774116
BRCA,kegg,2,5,KEGG_DRUG_METABOLISM_CYTOCHROME_P450,29,-0.6664481813248213,0.9934623608774116
BRCA,kegg,2,5,KEGG_DRUG_METABOLISM_OTHER_ENZYMES,22,-0.7059317099339828,0.9934623608774116
BRCA,kegg,2,5,KEGG_ECM_RECEPTOR_INTERACTION,69,22.92723042424764,0.9934623608774116
BRCA,kegg,2,5,KEGG_ENDOCYTOSIS,166,1.3618972594305065,0.9934623608774116
BRCA,kegg,2,5,KEGG_ENDOMETRIAL_CANCER,48,0.11899468052988758,0.9934623608774116
BRCA,kegg,2,5,KEGG_EPITHELIAL_CELL_SIGNALING_IN_HELICOBACTER_PYLORI_INFECTION,61,-0.6145334800951615,0.9934623608774116
BRCA,kegg,2,5,KEGG_ERBB_SIGNALING_PATHWAY,75,-0.6104733284128046,0.9934623608774116
BRCA,kegg,2,5,KEGG_ETHER_LIPID_METABOLISM,24,-1.3543248756364394,0.9934623608774116
BRCA,kegg,2,5,KEGG_FATTY_ACID_METABOLISM,34,-1.27440578212366,0.9934623608774116
BRCA,kegg,2,5,KEGG_FC_EPSILON_RI_SIGNALING_PATHWAY,64,-0.06402819247599031,0.9934623608774116
BRCA,kegg,2,5,KEGG_FC_GAMMA_R_MEDIATED_PHAGOCYTOSIS,87,1.915212813752128,0.9934623608774116
BRCA,kegg,2,5,KEGG_FOCAL_ADHESION,176,16.906380110601678,0.9934623608774116
BRCA,kegg,2,5,KEGG_FRUCTOSE_AND_MANNOSE_METABOLISM,28,0.9428692374539528,0.9934623608774116
BRCA,kegg,2,5,KEGG_GALACTOSE_METABOLISM,21,0.7823638343187406,0.9934623608774116
BRCA,kegg,2,5,KEGG_GAP_JUNCTION,69,2.002413950049728,0.9934623608774116
BRCA,kegg,2,5,KEGG_GLIOMA,59,1.0077064901110218,0.9934623608774116
BRCA,kegg,2,5,KEGG_GLUTATHIONE_METABOLISM,41,-0.6084416298573654,0.9934623608774116
BRCA,kegg,2,5,KEGG_GLYCEROLIPID_METABOLISM,39,-0.9184729576554433,0.9934623608774116
BRCA,kegg,2,5,KEGG_GLYCEROPHOSPHOLIPID_METABOLISM,61,-1.9235923436754587,0.9934623608774116
BRCA,kegg,2,5,KEGG_GLYCINE_SERINE_AND_THREONINE_METABOLISM,22,-1.8172459181237743,0.9934623608774116
BRCA,kegg,2,5,KEGG_GLYCOLYSIS_GLUCONEOGENESIS,43,4.030149652351053,0.9934623608774116
BRCA,kegg,2,5,KEGG_GLYCOSAMINOGLYCAN_BIOSYNTHESIS_CHONDROITIN_SULFATE,21,2.351159287550278,0.9934623608774116
BRCA,kegg,2,5,KEGG_GLYCOSAMINOGLYCAN_BIOSYNTHESIS_HEPARAN_SULFATE,18,0.7434969787034761,0.9934623608774116
BRCA,kegg,2,5,KEGG_GLYCOSAMINOGLYCAN_BIOSYNTHESIS_KERATAN_SULFATE,13,1.1411925706449528,0.9934623608774116
BRCA,kegg,2,5,KEGG_GLYCOSAMINOGLYCAN_DEGRADATION,18,0.12509639920747953,0.9934623608774116
BRCA,kegg,2,5,KEGG_GLYCOSPHINGOLIPID_BIOSYNTHESIS_GANGLIO_SERIES,14,0.7148506838712982,0.9934623608774116
BRCA,kegg,2,5,KEGG_GLYCOSPHINGOLIPID_BIOSYNTHESIS_GLOBO_SERIES,12,1.1896109384735793,0.9934623608774116
BRCA,kegg,2,5,KEGG_GLYCOSPHINGOLIPID_BIOSYNTHESIS_LACTO_AND_NEOLACTO_SERIES,20,0.3206235931795494,0.9934623608774116
BRCA,kegg,2,5,KEGG_GLYCOSYLPHOSPHATIDYLINOSITOL_GPI_ANCHOR_BIOSYNTHESIS,23,-0.6617802804272345,0.9934623608774116
BRCA,kegg,2,5,KEGG_GLYOXYLATE_AND_DICARBOXYLATE_METABOLISM,13,-0.14267530027247732,0.9934623608774116
BRCA,kegg,2,5,KEGG_GNRH_SIGNALING_PATHWAY,80,1.8389481956315297,0.9934623608774116
BRCA,kegg,2,5,KEGG_GRAFT_VERSUS_HOST_DISEASE,37,3.8284121986955806,0.9934623608774116
BRCA,kegg,2,5,KEGG_HEDGEHOG_SIGNALING_PATHWAY,35,0.7327984168177897,0.9934623608774116
BRCA,kegg,2,5,KEGG_HEMATOPOIETIC_CELL_LINEAGE,68,1.378382131625388,0.9934623608774116
BRCA,kegg,2,5,KEGG_HISTIDINE_METABOLISM,19,0.21584073235643034,0.9934623608774116
BRCA,kegg,2,5,KEGG_HOMOLOGOUS_RECOMBINATION,24,-1.4773484859382542,0.9934623608774116
BRCA,kegg,2,5,KEGG_HUNTINGTONS_DISEASE,143,2.296424925318351,0.9934623608774116
BRCA,kegg,2,5,KEGG_HYPERTROPHIC_CARDIOMYOPATHY_HCM,61,5.249693731854832,0.9934623608774116
BRCA,kegg,2,5,KEGG_INOSITOL_PHOSPHATE_METABOLISM,50,-0.857855496757653,0.9934623608774116
BRCA,kegg,2,5,KEGG_INSULIN_SIGNALING_PATHWAY,115,-0.8957736959816552,0.9934623608774116
BRCA,kegg,2,5,KEGG_INTESTINAL_IMMUNE_NETWORK_FOR_IGA_PRODUCTION,40,1.8286672473381982,0.9934623608774116
BRCA,kegg,2,5,KEGG_JAK_STAT_SIGNALING_PATHWAY,109,-1.4779550569859883,0.9934623608774116
BRCA,kegg,2,5,KEGG_LEISHMANIA_INFECTION,66,2.743493205616522,0.9934623608774116
BRCA,kegg,2,5,KEGG_LEUKOCYTE_TRANSENDOTHELIAL_MIGRATION,93,5.302097147811428,0.9934623608774116
BRCA,kegg,2,5,KEGG_LINOLEIC_ACID_METABOLISM,10,-0.7610915529742223,0.9934623608774116
BRCA,kegg,2,5,KEGG_LONG_TERM_DEPRESSION,49,-0.3964222289880927,0.9934623608774116
BRCA,kegg,2,5,KEGG_LONG_TERM_POTENTIATION,51,0.9387688174982746,0.9934623608774116
BRCA,kegg,2,5,KEGG_LYSINE_DEGRADATION,39,-0.42015480280127926,0.9934623608774116
BRCA,kegg,2,5,KEGG_LYSOSOME,113,4.010553973732761,0.9934623608774116
BRCA,kegg,2,5,KEGG_MAPK_SIGNALING_PATHWAY,214,0.8720934113789016,0.9934623608774116
BRCA,kegg,2,5,KEGG_MELANOGENESIS,78,1.1854272321190273,0.9934623608774116
BRCA,kegg,2,5,KEGG_MELANOMA,56,0.6720849289933856,0.9934623608774116
BRCA,kegg,2,5,KEGG_METABOLISM_OF_XENOBIOTICS_BY_CYTOCHROME_P450,28,-0.6215881993522028,0.9934623608774116
BRCA,kegg,2,5,KEGG_MISMATCH_REPAIR,22,-1.7816027472239357,0.9934623608774116
BRCA,kegg,2,5,KEGG_MTOR_SIGNALING_PATHWAY,41,-0.012922846449866786,0.9934623608774116
BRCA,kegg,2,5,KEGG_NATURAL_KILLER_CELL_MEDIATED_CYTOTOXICITY,106,2.2642125117790717,0.9934623608774116
BRCA,kegg,2,5,KEGG_NEUROACTIVE_LIGAND_RECEPTOR_INTERACTION,104,-0.6408558605037565,0.9934623608774116
BRCA,kegg,2,5,KEGG_NEUROTROPHIN_SIGNALING_PATHWAY,111,0.700560405713152,0.9934623608774116
BRCA,kegg,2,5,KEGG_NICOTINATE_AND_NICOTINAMIDE_METABOLISM,21,0.9201072529201484,0.9934623608774116
BRCA,kegg,2,5,KEGG_NITROGEN_METABOLISM,15,0.02135907972923557,0.9934623608774116
BRCA,kegg,2,5,KEGG_NOD_LIKE_RECEPTOR_SIGNALING_PATHWAY,57,-1.0208847206556984,0.9934623608774116
BRCA,kegg,2,5,KEGG_NON_HOMOLOGOUS_END_JOINING,11,0.749699181106544,0.9934623608774116
BRCA,kegg,2,5,KEGG_NON_SMALL_CELL_LUNG_CANCER,51,-0.165156766010417,0.9934623608774116
BRCA,kegg,2,5,KEGG_NOTCH_SIGNALING_PATHWAY,44,-0.16181009278743622,0.9934623608774116
BRCA,kegg,2,5,KEGG_NUCLEOTIDE_EXCISION_REPAIR,43,-0.440021361039899,0.9934623608774116
BRCA,kegg,2,5,KEGG_N_GLYCAN_BIOSYNTHESIS,45,1.410956752126556,0.9934623608774116
BRCA,kegg,2,5,KEGG_OLFACTORY_TRANSDUCTION,18,2.0397428688065666,0.9934623608774116
BRCA,kegg,2,5,KEGG_ONE_CARBON_POOL_BY_FOLATE,15,-0.03874699157172002,0.9934623608774116
BRCA,kegg,2,5,KEGG_OOCYTE_MEIOSIS,93,-0.2791092515841341,0.9934623608774116
BRCA,kegg,2,5,KEGG_OTHER_GLYCAN_DEGRADATION,13,0.3278936716091856,0.9934623608774116
BRCA,kegg,2,5,KEGG_OXIDATIVE_PHOSPHORYLATION,91,2.1045111351107675,0.9934623608774116
BRCA,kegg,2,5,KEGG_O_GLYCAN_BIOSYNTHESIS,21,1.9448509289746367,0.9934623608774116
BRCA,kegg,2,5,KEGG_P53_SIGNALING_PATHWAY,63,0.48941260216923005,0.9934623608774116
BRCA,kegg,2,5,KEGG_PANCREATIC_CANCER,68,2.119563734018232,0.9934623608774116
BRCA,kegg,2,5,KEGG_PANTOTHENATE_AND_COA_BIOSYNTHESIS,13,0.5525987799255364,0.9934623608774116
BRCA,kegg,2,5,KEGG_PARKINSONS_DISEASE,89,2.366802348576529,0.9934623608774116
BRCA,kegg,2,5,KEGG_PATHOGENIC_ESCHERICHIA_COLI_INFECTION,49,3.7135222276694475,0.9934623608774116
BRCA,kegg,2,5,KEGG_PATHWAYS_IN_CANCER,279,3.286421598334555,0.9934623608774116
BRCA,kegg,2,5,KEGG_PENTOSE_PHOSPHATE_PATHWAY,22,0.7986882658819677,0.9934623608774116
BRCA,kegg,2,5,KEGG_PEROXISOME,71,-0.8774922135479213,0.9934623608774116
BRCA,kegg,2,5,KEGG_PHENYLALANINE_METABOLISM,13,-0.6958309269478813,0.9934623608774116
BRCA,kegg,2,5,KEGG_PHOSPHATIDYLINOSITOL_SIGNALING_SYSTEM,68,-0.3037188453867374,0.9934623608774116
BRCA,kegg,2,5,KEGG_PORPHYRIN_AND_CHLOROPHYLL_METABOLISM,20,0.5615981844912291,0.9934623608774116
BRCA,kegg,2,5,KEGG_PPAR_SIGNALING_PATHWAY,52,-0.09940212630050234,0.9934623608774116
BRCA,kegg,2,5,KEGG_PRIMARY_BILE_ACID_BIOSYNTHESIS,11,-0.14501435635884932,0.9934623608774116
BRCA,kegg,2,5,KEGG_PRIMARY_IMMUNODEFICIENCY,30,-1.2254400047689964,0.9934623608774116
BRCA,kegg,2,5,KEGG_PRION_DISEASES,29,1.1567413663986483,0.9934623608774116
BRCA,kegg,2,5,KEGG_PROGESTERONE_MEDIATED_OOCYTE_MATURATION,72,-1.1362189813225112,0.9934623608774116
BRCA,kegg,2,5,KEGG_PROPANOATE_METABOLISM,28,0.27885094550778183,0.9934623608774116
BRCA,kegg,2,5,KEGG_PROSTATE_CANCER,83,1.79693841754799,0.9934623608774116
BRCA,kegg,2,5,KEGG_PROTEASOME,41,2.570740463119847,0.9934623608774116
BRCA,kegg,2,5,KEGG_PROTEIN_EXPORT,23,2.595056027640733,0.9934623608774116
BRCA,kegg,2,5,KEGG_PROXIMAL_TUBULE_BICARBONATE_RECLAMATION,17,0.7418635299853558,0.9934623608774116
BRCA,kegg,2,5,KEGG_PURINE_METABOLISM,132,-0.7950892623917796,0.9934623608774116
BRCA,kegg,2,5,KEGG_PYRIMIDINE_METABOLISM,90,-1.2290088571794688,0.9934623608774116
BRCA,kegg,2,5,KEGG_PYRUVATE_METABOLISM,33,0.2981409216549702,0.9934623608774116
BRCA,kegg,2,5,KEGG_REGULATION_OF_ACTIN_CYTOSKELETON,170,7.399979015929261,0.9934623608774116
BRCA,kegg,2,5,KEGG_REGULATION_OF_AUTOPHAGY,20,-0.5154465790240086,0.9934623608774116
BRCA,kegg,2,5,KEGG_RENAL_CELL_CARCINOMA,64,1.374209226799725,0.9934623608774116
BRCA,kegg,2,5,KEGG_RENIN_ANGIOTENSIN_SYSTEM,10,-0.3671256766488236,0.9934623608774116
BRCA,kegg,2,5,KEGG_RETINOL_METABOLISM,17,-0.3348956894441958,0.9934623608774116
BRCA,kegg,2,5,KEGG_RIBOFLAVIN_METABOLISM,11,0.6598765873620429,0.9934623608774116
BRCA,kegg,2,5,KEGG_RIG_I_LIKE_RECEPTOR_SIGNALING_PATHWAY,50,0.14486216623341389,0.9934623608774116
BRCA,kegg,2,5,KEGG_RNA_DEGRADATION,50,-0.8653987157206319,0.9934623608774116
BRCA,kegg,2,5,KEGG_RNA_POLYMERASE,28,-0.8493355621228621,0.9934623608774116
BRCA,kegg,2,5,KEGG_SELENOAMINO_ACID_METABOLISM,22,-0.9722320686245457,0.9934623608774116
BRCA,kegg,2,5,KEGG_SMALL_CELL_LUNG_CANCER,78,1.4025014243213707,0.9934623608774116
BRCA,kegg,2,5,KEGG_SNARE_INTERACTIONS_IN_VESICULAR_TRANSPORT,36,-0.14963408981776993,0.9934623608774116
BRCA,kegg,2,5,KEGG_SPHINGOLIPID_METABOLISM,32,0.6720266189446186,0.9934623608774116
BRCA,kegg,2,5,KEGG_SPLICEOSOME,126,-2.0163345125594336,0.9934623608774116
BRCA,kegg,2,5,KEGG_STARCH_AND_SUCROSE_METABOLISM,21,2.4082379199258366,0.9934623608774116
BRCA,kegg,2,5,KEGG_STEROID_BIOSYNTHESIS,15,1.7846077201547668,0.9934623608774116
BRCA,kegg,2,5,KEGG_STEROID_HORMONE_BIOSYNTHESIS,19,-0.3588773154202382,0.9934623608774116
BRCA,kegg,2,5,KEGG_SULFUR_METABOLISM,11,0.24333577170420237,0.9934623608774116
BRCA,kegg,2,5,KEGG_SYSTEMIC_LUPUS_ERYTHEMATOSUS,44,5.435744705016214,0.9934623608774116
BRCA,kegg,2,5,KEGG_TASTE_TRANSDUCTION,13,0.47045328158829003,0.9934623608774116
BRCA,kegg,2,5,KEGG_TERPENOID_BACKBONE_BIOSYNTHESIS,14,0.15485788553564897,0.9934623608774116
BRCA,kegg,2,5,KEGG_TGF_BETA_SIGNALING_PATHWAY,69,5.653286762742578,0.9934623608774116
BRCA,kegg,2,5,KEGG_THYROID_CANCER,28,-0.8842460047423195,0.9934623608774116
BRCA,kegg,2,5,KEGG_TIGHT_JUNCTION,97,0.8654509743633814,0.9934623608774116
BRCA,kegg,2,5,KEGG_TOLL_LIKE_RECEPTOR_SIGNALING_PATHWAY,85,1.7431646750829555,0.9934623608774116
BRCA,kegg,2,5,KEGG_TRYPTOPHAN_METABOLISM,27,-0.6409162624975135,0.9934623608774116
BRCA,kegg,2,5,KEGG_TYPE_II_DIABETES_MELLITUS,34,0.24632788013933482,0.9934623608774116
BRCA,kegg,2,5,KEGG_TYPE_I_DIABETES_MELLITUS,36,4.433576638166584,0.9934623608774116
BRCA,kegg,2,5,KEGG_TYROSINE_METABOLISM,28,-0.06534300374897425,0.9934623608774116
BRCA,kegg,2,5,KEGG_T_CELL_RECEPTOR_SIGNALING_PATHWAY,101,-0.6525147482928851,0.9934623608774116
BRCA,kegg,2,5,KEGG_UBIQUITIN_MEDIATED_PROTEOLYSIS,126,-1.7829795964310635,0.9934623608774116
BRCA,kegg,2,5,KEGG_VALINE_LEUCINE_AND_ISOLEUCINE_DEGRADATION,43,-1.441506371614852,0.9934623608774116
BRCA,kegg,2,5,KEGG_VASCULAR_SMOOTH_MUSCLE_CONTRACTION,88,0.845329096667576,0.9934623608774116
BRCA,kegg,2,5,KEGG_VASOPRESSIN_REGULATED_WATER_REABSORPTION,39,1.725372174449813,0.9934623608774116
BRCA,kegg,2,5,KEGG_VEGF_SIGNALING_PATHWAY,63,0.05750106906512091,0.9934623608774116
BRCA,kegg,2,5,KEGG_VIBRIO_CHOLERAE_INFECTION,47,2.695724607158259,0.9934623608774116
BRCA,kegg,2,5,KEGG_VIRAL_MYOCARDITIS,57,5.410202733180996,0.9934623608774116
BRCA,kegg,2,5,KEGG_WNT_SIGNALING_PATHWAY,126,-0.006524094187827744,0.9934623608774116
BRCA,kegg,2,6,KEGG_ABC_TRANSPORTERS,33,-0.8585529698527,0.9679220211758541
BRCA,kegg,2,6,KEGG_ACUTE_MYELOID_LEUKEMIA,53,2.5942327024957623,0.9679220211758541
BRCA,kegg,2,6,KEGG_ADHERENS_JUNCTION,65,5.730455129034712,0.9679220211758541
BRCA,kegg,2,6,KEGG_ADIPOCYTOKINE_SIGNALING_PATHWAY,54,2.4116601978710146,0.9679220211758541
BRCA,kegg,2,6,KEGG_ALANINE_ASPARTATE_AND_GLUTAMATE_METABOLISM,25,-0.7693099537763042,0.9679220211758541
BRCA,kegg,2,6,KEGG_ALDOSTERONE_REGULATED_SODIUM_REABSORPTION,33,2.1559632008735754,0.9679220211758541
BRCA,kegg,2,6,KEGG_ALLOGRAFT_REJECTION,32,-0.7809125746202986,0.9679220211758541
BRCA,kegg,2,6,KEGG_ALPHA_LINOLENIC_ACID_METABOLISM,10,0.14156817479360143,0.9679220211758541
BRCA,kegg,2,6,KEGG_ALZHEIMERS_DISEASE,128,-4.2822876667871785,0.9679220211758541
BRCA,kegg,2,6,KEGG_AMINOACYL_TRNA_BIOSYNTHESIS,22,-0.6630505522431062,0.9679220211758541
BRCA,kegg,2,6,KEGG_AMINO_SUGAR_AND_NUCLEOTIDE_SUGAR_METABOLISM,39,-0.8305493391861415,0.9679220211758541
BRCA,kegg,2,6,KEGG_AMYOTROPHIC_LATERAL_SCLEROSIS_ALS,41,-0.0281401308949159,0.9679220211758541
BRCA,kegg,2,6,KEGG_ANTIGEN_PROCESSING_AND_PRESENTATION,66,-1.744864792607489,0.9679220211758541
BRCA,kegg,2,6,KEGG_APOPTOSIS,82,2.223501486273622,0.9679220211758541
BRCA,kegg,2,6,KEGG_ARACHIDONIC_ACID_METABOLISM,33,0.06292715971710214,0.9679220211758541
BRCA,kegg,2,6,KEGG_ARGININE_AND_PROLINE_METABOLISM,43,-1.8034553081914162,0.9679220211758541
BRCA,kegg,2,6,KEGG_ARRHYTHMOGENIC_RIGHT_VENTRICULAR_CARDIOMYOPATHY_ARVC,58,6.1806936964475145,0.9679220211758541
BRCA,kegg,2,6,KEGG_ASTHMA,18,0.872442509364733,0.9679220211758541
BRCA,kegg,2,6,KEGG_AUTOIMMUNE_THYROID_DISEASE,33,-0.9547723235788725,0.9679220211758541
BRCA,kegg,2,6,KEGG_AXON_GUIDANCE,111,3.597113833959007,0.9679220211758541
BRCA,kegg,2,6,KEGG_BASAL_CELL_CARCINOMA,38,2.2194729603914998,0.9679220211758541
BRCA,kegg,2,6,KEGG_BASAL_TRANSCRIPTION_FACTORS,31,0.9241274067910283,0.9679220211758541
BRCA,kegg,2,6,KEGG_BASE_EXCISION_REPAIR,33,-1.12691837781162,0.9679220211758541
BRCA,kegg,2,6,KEGG_BETA_ALANINE_METABOLISM,16,0.2412152983061226,0.9679220211758541
BRCA,kegg,2,6,KEGG_BIOSYNTHESIS_OF_UNSATURATED_FATTY_ACIDS,21,-0.6927845126499491,0.9679220211758541
BRCA,kegg,2,6,KEGG_BLADDER_CANCER,40,1.0976154314960604,0.9679220211758541
BRCA,kegg,2,6,KEGG_BUTANOATE_METABOLISM,28,-1.3168113177754126,0.9679220211758541
BRCA,kegg,2,6,KEGG_B_CELL_RECEPTOR_SIGNALING_PATHWAY,71,2.704337077875177,0.9679220211758541
BRCA,kegg,2,6,KEGG_CALCIUM_SIGNALING_PATHWAY,112,1.5116635999196473,0.9679220211758541
BRCA,kegg,2,6,KEGG_CARDIAC_MUSCLE_CONTRACTION,51,-2.6502798104896597,0.9679220211758541
BRCA,kegg,2,6,KEGG_CELL_ADHESION_MOLECULES_CAMS,109,3.680805312734196,0.9679220211758541
BRCA,kegg,2,6,KEGG_CELL_CYCLE,116,5.2217747593916455,0.9679220211758541
BRCA,kegg,2,6,KEGG_CHEMOKINE_SIGNALING_PATHWAY,155,4.781004525689938,0.9679220211758541
BRCA,kegg,2,6,KEGG_CHRONIC_MYELOID_LEUKEMIA,70,3.4157596907981334,0.9679220211758541
BRCA,kegg,2,6,KEGG_CIRCADIAN_RHYTHM_MAMMAL,12,0.8394019388827688,0.9679220211758541
BRCA,kegg,2,6,KEGG_CITRATE_CYCLE_TCA_CYCLE,27,-1.4090948292692926,0.9679220211758541
BRCA,kegg,2,6,KEGG_COLORECTAL_CANCER,59,4.464900760506735,0.9679220211758541
BRCA,kegg,2,6,KEGG_COMPLEMENT_AND_COAGULATION_CASCADES,45,4.138979919301047,0.9679220211758541
BRCA,kegg,2,6,KEGG_CYSTEINE_AND_METHIONINE_METABOLISM,27,-0.29976285056579904,0.9679220211758541
BRCA,kegg,2,6,KEGG_CYTOKINE_CYTOKINE_RECEPTOR_INTERACTION,191,5.020573615108682,0.9679220211758541
BRCA,kegg,2,6,KEGG_CYTOSOLIC_DNA_SENSING_PATHWAY,38,-0.26494748484532793,0.9679220211758541
BRCA,kegg,2,6,KEGG_DILATED_CARDIOMYOPATHY,66,4.43920432959654,0.9679220211758541
BRCA,kegg,2,6,KEGG_DNA_REPLICATION,35,1.1776595927249223,0.9679220211758541
BRCA,kegg,2,6,KEGG_DORSO_VENTRAL_AXIS_FORMATION,19,4.50064463895978,0.9679220211758541
BRCA,kegg,2,6,KEGG_DRUG_METABOLISM_CYTOCHROME_P450,29,-0.5019665826971614,0.9679220211758541
BRCA,kegg,2,6,KEGG_DRUG_METABOLISM_OTHER_ENZYMES,22,-1.7822792207212208,0.9679220211758541
BRCA,kegg,2,6,KEGG_ECM_RECEPTOR_INTERACTION,69,11.274218238135958,0.9679220211758541
BRCA,kegg,2,6,KEGG_ENDOCYTOSIS,166,0.2749326484716264,0.9679220211758541
BRCA,kegg,2,6,KEGG_ENDOMETRIAL_CANCER,48,1.7409653667265501,0.9679220211758541
BRCA,kegg,2,6,KEGG_EPITHELIAL_CELL_SIGNALING_IN_HELICOBACTER_PYLORI_INFECTION,61,1.2144179558527686,0.9679220211758541
BRCA,kegg,2,6,KEGG_ERBB_SIGNALING_PATHWAY,75,1.834921967676046,0.9679220211758541
BRCA,kegg,2,6,KEGG_ETHER_LIPID_METABOLISM,24,1.7707524228782185,0.9679220211758541
BRCA,kegg,2,6,KEGG_FATTY_ACID_METABOLISM,34,-0.4941761595240058,0.9679220211758541
BRCA,kegg,2,6,KEGG_FC_EPSILON_RI_SIGNALING_PATHWAY,64,1.8317538107318865,0.9679220211758541
BRCA,kegg,2,6,KEGG_FC_GAMMA_R_MEDIATED_PHAGOCYTOSIS,87,3.7378328202490585,0.9679220211758541
BRCA,kegg,2,6,KEGG_FOCAL_ADHESION,176,11.948905392903935,0.9679220211758541
BRCA,kegg,2,6,KEGG_FRUCTOSE_AND_MANNOSE_METABOLISM,28,-1.9747941022239293,0.9679220211758541
BRCA,kegg,2,6,KEGG_GALACTOSE_METABOLISM,21,0.2237825067317595,0.9679220211758541
BRCA,kegg,2,6,KEGG_GAP_JUNCTION,69,3.7775749377440815,0.9679220211758541
BRCA,kegg,2,6,KEGG_GLIOMA,59,3.2164398115555364,0.9679220211758541
BRCA,kegg,2,6,KEGG_GLUTATHIONE_METABOLISM,41,-0.7841962631872857,0.9679220211758541
BRCA,kegg,2,6,KEGG_GLYCEROLIPID_METABOLISM,39,1.1562131171419308,0.9679220211758541
BRCA,kegg,2,6,KEGG_GLYCEROPHOSPHOLIPID_METABOLISM,61,0.3858609848768493,0.9679220211758541
BRCA,kegg,2,6,KEGG_GLYCINE_SERINE_AND_THREONINE_METABOLISM,22,-0.47373342629971643,0.9679220211758541
BRCA,kegg,2,6,KEGG_GLYCOLYSIS_GLUCONEOGENESIS,43,-1.6581707995943333,0.9679220211758541
BRCA,kegg,2,6,KEGG_GLYCOSAMINOGLYCAN_BIOSYNTHESIS_CHONDROITIN_SULFATE,21,0.3306500681927074,0.9679220211758541
BRCA,kegg,2,6,KEGG_GLYCOSAMINOGLYCAN_BIOSYNTHESIS_HEPARAN_SULFATE,18,-0.15050557308484905,0.9679220211758541
BRCA,kegg,2,6,KEGG_GLYCOSAMINOGLYCAN_BIOSYNTHESIS_KERATAN_SULFATE,13,0.1952116527285004,0.9679220211758541
BRCA,kegg,2,6,KEGG_GLYCOSAMINOGLYCAN_DEGRADATION,18,-0.19129059330676798,0.9679220211758541
BRCA,kegg,2,6,KEGG_GLYCOSPHINGOLIPID_BIOSYNTHESIS_GANGLIO_SERIES,14,-0.7258937310293886,0.9679220211758541
BRCA,kegg,2,6,KEGG_GLYCOSPHINGOLIPID_BIOSYNTHESIS_GLOBO_SERIES,12,-0.022644339611157513,0.9679220211758541
BRCA,kegg,2,6,KEGG_GLYCOSPHINGOLIPID_BIOSYNTHESIS_LACTO_AND_NEOLACTO_SERIES,20,0.45475367008209056,0.9679220211758541
BRCA,kegg,2,6,KEGG_GLYCOSYLPHOSPHATIDYLINOSITOL_GPI_ANCHOR_BIOSYNTHESIS,23,-2.4390569035990444,0.9679220211758541
BRCA,kegg,2,6,KEGG_GLYOXYLATE_AND_DICARBOXYLATE_METABOLISM,13,-0.3263446491008905,0.9679220211758541
BRCA,kegg,2,6,KEGG_GNRH_SIGNALING_PATHWAY,80,2.3000653242541773,0.9679220211758541
BRCA,kegg,2,6,KEGG_GRAFT_VERSUS_HOST_DISEASE,37,-0.9836225664969512,0.9679220211758541
BRCA,kegg,2,6,KEGG_HEDGEHOG_SIGNALING_PATHWAY,35,0.7514712368670359,0.9679220211758541
BRCA,kegg,2,6,KEGG_HEMATOPOIETIC_CELL_LINEAGE,68,4.635156433311167,0.9679220211758541
BRCA,kegg,2,6,KEGG_HISTIDINE_METABOLISM,19,-1.4190143561934117,0.9679220211758541
BRCA,kegg,2,6,KEGG_HOMOLOGOUS_RECOMBINATION,24,0.031159836220150634,0.9679220211758541
BRCA,kegg,2,6,KEGG_HUNTINGTONS_DISEASE,143,-6.408596299619065,0.9679220211758541
BRCA,kegg,2,6,KEGG_HYPERTROPHIC_CARDIOMYOPATHY_HCM,61,4.259042125146896,0.9679220211758541
BRCA,kegg,2,6,KEGG_INOSITOL_PHOSPHATE_METABOLISM,50,0.9983793225166114,0.9679220211758541
BRCA,kegg,2,6,KEGG_INSULIN_SIGNALING_PATHWAY,115,1.0082894823966388,0.9679220211758541
BRCA,kegg,2,6,KEGG_INTESTINAL_IMMUNE_NETWORK_FOR_IGA_PRODUCTION,40,1.8881345387596522,0.9679220211758541
BRCA,kegg,2,6,KEGG_JAK_STAT_SIGNALING_PATHWAY,109,4.563220581805941,0.9679220211758541
BRCA,kegg,2,6,KEGG_LEISHMANIA_INFECTION,66,3.2691472841107823,0.9679220211758541
BRCA,kegg,2,6,KEGG_LEUKOCYTE_TRANSENDOTHELIAL_MIGRATION,93,5.963336944892698,0.9679220211758541
BRCA,kegg,2,6,KEGG_LINOLEIC_ACID_METABOLISM,10,0.2652661099424939,0.9679220211758541
BRCA,kegg,2,6,KEGG_LONG_TERM_DEPRESSION,49,1.8151532197779658,0.9679220211758541
BRCA,kegg,2,6,KEGG_LONG_TERM_POTENTIATION,51,2.2556046406849113,0.9679220211758541
BRCA,kegg,2,6,KEGG_LYSINE_DEGRADATION,39,1.1943705239286093,0.9679220211758541
BRCA,kegg,2,6,KEGG_LYSOSOME,113,-1.671192240848565,0.9679220211758541
BRCA,kegg,2,6,KEGG_MAPK_SIGNALING_PATHWAY,214,3.5413966241353347,0.9679220211758541
BRCA,kegg,2,6,KEGG_MELANOGENESIS,78,2.212948365105134,0.9679220211758541
BRCA,kegg,2,6,KEGG_MELANOMA,56,2.9854984155284523,0.9679220211758541
BRCA,kegg,2,6,KEGG_METABOLISM_OF_XENOBIOTICS_BY_CYTOCHROME_P450,28,0.03526241395960286,0.9679220211758541
BRCA,kegg,2,6,KEGG_MISMATCH_REPAIR,22,0.7900571442478116,0.9679220211758541
BRCA,kegg,2,6,KEGG_MTOR_SIGNALING_PATHWAY,41,1.1312437191474913,0.9679220211758541
BRCA,kegg,2,6,KEGG_NATURAL_KILLER_CELL_MEDIATED_CYTOTOXICITY,106,1.203950947344596,0.9679220211758541
BRCA,kegg,2,6,KEGG_NEUROACTIVE_LIGAND_RECEPTOR_INTERACTION,104,1.734527602224316,0.9679220211758541
BRCA,kegg,2,6,KEGG_NEUROTROPHIN_SIGNALING_PATHWAY,111,3.220530014013774,0.9679220211758541
BRCA,kegg,2,6,KEGG_NICOTINATE_AND_NICOTINAMIDE_METABOLISM,21,-0.08241067006583677,0.9679220211758541
BRCA,kegg,2,6,KEGG_NITROGEN_METABOLISM,15,0.2541314144569294,0.9679220211758541
BRCA,kegg,2,6,KEGG_NOD_LIKE_RECEPTOR_SIGNALING_PATHWAY,57,1.4921113762819682,0.9679220211758541
BRCA,kegg,2,6,KEGG_NON_HOMOLOGOUS_END_JOINING,11,0.5697588069687788,0.9679220211758541
BRCA,kegg,2,6,KEGG_NON_SMALL_CELL_LUNG_CANCER,51,1.1964969899707905,0.9679220211758541
BRCA,kegg,2,6,KEGG_NOTCH_SIGNALING_PATHWAY,44,1.6545957264628446,0.9679220211758541
BRCA,kegg,2,6,KEGG_NUCLEOTIDE_EXCISION_REPAIR,43,-0.37964890033908455,0.9679220211758541
BRCA,kegg,2,6,KEGG_N_GLYCAN_BIOSYNTHESIS,45,-0.6631346351479221,0.9679220211758541
BRCA,kegg,2,6,KEGG_OLFACTORY_TRANSDUCTION,18,0.29022807000987927,0.9679220211758541
BRCA,kegg,2,6,KEGG_ONE_CARBON_POOL_BY_FOLATE,15,0.28933529629169236,0.9679220211758541
BRCA,kegg,2,6,KEGG_OOCYTE_MEIOSIS,93,2.644448801455922,0.9679220211758541
BRCA,kegg,2,6,KEGG_OTHER_GLYCAN_DEGRADATION,13,-0.6617218177975934,0.9679220211758541
BRCA,kegg,2,6,KEGG_OXIDATIVE_PHOSPHORYLATION,91,-7.939597061683165,0.9679220211758541
BRCA,kegg,2,6,KEGG_O_GLYCAN_BIOSYNTHESIS,21,-0.401301257866891,0.9679220211758541
BRCA,kegg,2,6,KEGG_P53_SIGNALING_PATHWAY,63,3.5669878313071712,0.9679220211758541
BRCA,kegg,2,6,KEGG_PANCREATIC_CANCER,68,2.0922078879521333,0.9679220211758541
BRCA,kegg,2,6,KEGG_PANTOTHENATE_AND_COA_BIOSYNTHESIS,13,-1.341256633816474,0.9679220211758541
BRCA,kegg,2,6,KEGG_PARKINSONS_DISEASE,89,-7.3697376656615585,0.9679220211758541
BRCA,kegg,2,6,KEGG_PATHOGENIC_ESCHERICHIA_COLI_INFECTION,49,3.0899664274533296,0.9679220211758541
BRCA,kegg,2,6,KEGG_PATHWAYS_IN_CANCER,279,7.9184260196019585,0.9679220211758541
BRCA,kegg,2,6,KEGG_PENTOSE_PHOSPHATE_PATHWAY,22,-0.8085310308399688,0.9679220211758541
BRCA,kegg,2,6,KEGG_PEROXISOME,71,-3.698967613480789,0.9679220211758541
BRCA,kegg,2,6,KEGG_PHENYLALANINE_METABOLISM,13,-1.7523395167975748,0.9679220211758541
BRCA,kegg,2,6,KEGG_PHOSPHATIDYLINOSITOL_SIGNALING_SYSTEM,68,1.6425720366048107,0.9679220211758541
BRCA,kegg,2,6,KEGG_PORPHYRIN_AND_CHLOROPHYLL_METABOLISM,20,-3.1470163770871062,0.9679220211758541
BRCA,kegg,2,6,KEGG_PPAR_SIGNALING_PATHWAY,52,1.8992004824529207,0.9679220211758541
BRCA,kegg,2,6,KEGG_PRIMARY_BILE_ACID_BIOSYNTHESIS,11,-0.20905997757326839,0.9679220211758541
BRCA,kegg,2,6,KEGG_PRIMARY_IMMUNODEFICIENCY,30,2.1895253610016945,0.9679220211758541
BRCA,kegg,2,6,KEGG_PRION_DISEASES,29,2.6063134510740547,0.9679220211758541
BRCA,kegg,2,6,KEGG_PROGESTERONE_MEDIATED_OOCYTE_MATURATION,72,1.8447034367223638,0.9679220211758541
BRCA,kegg,2,6,KEGG_PROPANOATE_METABOLISM,28,-1.0746745600051948,0.9679220211758541
BRCA,kegg,2,6,KEGG_PROSTATE_CANCER,83,2.539172049301929,0.9679220211758541
BRCA,kegg,2,6,KEGG_PROTEASOME,41,-4.862677132033426,0.9679220211758541
BRCA,kegg,2,6,KEGG_PROTEIN_EXPORT,23,-0.5724868944910374,0.9679220211758541
BRCA,kegg,2,6,KEGG_PROXIMAL_TUBULE_BICARBONATE_RECLAMATION,17,1.8364370042682208,0.9679220211758541
BRCA,kegg,2,6,KEGG_PURINE_METABOLISM,132,-2.0238697755415127,0.9679220211758541
BRCA,kegg,2,6,KEGG_PYRIMIDINE_METABOLISM,90,-2.452972151929032,0.9679220211758541
BRCA,kegg,2,6,KEGG_PYRUVATE_METABOLISM,33,-1.0082483022302868,0.9679220211758541
BRCA,kegg,2,6,KEGG_REGULATION_OF_ACTIN_CYTOSKELETON,170,7.940190988726253,0.9679220211758541
BRCA,kegg,2,6,KEGG_REGULATION_OF_AUTOPHAGY,20,0.5248266056315416,0.9679220211758541
BRCA,kegg,2,6,KEGG_RENAL_CELL_CARCINOMA,64,4.113091784623256,0.9679220211758541
BRCA,kegg,2,6,KEGG_RENIN_ANGIOTENSIN_SYSTEM,10,1.0981270407733232,0.9679220211758541
BRCA,kegg,2,6,KEGG_RETINOL_METABOLISM,17,0.26591647476044566,0.9679220211758541
BRCA,kegg,2,6,KEGG_RIBOFLAVIN_METABOLISM,11,-1.6400142379791327,0.9679220211758541
BRCA,kegg,2,6,KEGG_RIG_I_LIKE_RECEPTOR_SIGNALING_PATHWAY,50,-1.2776993671113772,0.9679220211758541
BRCA,kegg,2,6,KEGG_RNA_DEGRADATION,50,0.611716872336036,0.9679220211758541
BRCA,kegg,2,6,KEGG_RNA_POLYMERASE,28,-1.4469945065876915,0.9679220211758541
BRCA,kegg,2,6,KEGG_SELENOAMINO_ACID_METABOLISM,22,-0.6020523662277735,0.9679220211758541
BRCA,kegg,2,6,KEGG_SMALL_CELL_LUNG_CANCER,78,6.654494184453312,0.9679220211758541
BRCA,kegg,2,6,KEGG_SNARE_INTERACTIONS_IN_VESICULAR_TRANSPORT,36,-1.1709871043116913,0.9679220211758541
BRCA,kegg,2,6,KEGG_SPHINGOLIPID_METABOLISM,32,-0.737866376737143,0.9679220211758541
BRCA,kegg,2,6,KEGG_SPLICEOSOME,126,0.41375795421967576,0.9679220211758541
BRCA,kegg,2,6,KEGG_STARCH_AND_SUCROSE_METABOLISM,21,0.0874895874221831,0.9679220211758541
BRCA,kegg,2,6,KEGG_STEROID_BIOSYNTHESIS,15,-1.5401889471201582,0.9679220211758541
BRCA,kegg,2,6,KEGG_STEROID_HORMONE_BIOSYNTHESIS,19,-0.22941476770121022,0.9679220211758541
BRCA,kegg,2,6,KEGG_SULFUR_METABOLISM,11,-0.08096743791056732,0.9679220211758541
BRCA,kegg,2,6,KEGG_SYSTEMIC_LUPUS_ERYTHEMATOSUS,44,1.1173888477105993,0.9679220211758541
BRCA,kegg,2,6,KEGG_TASTE_TRANSDUCTION,13,0.9382738500373268,0.9679220211758541
BRCA,kegg,2,6,KEGG_TERPENOID_BACKBONE_BIOSYNTHESIS,14,-2.0036041357206344,0.9679220211758541
BRCA,kegg,2,6,KEGG_TGF_BETA_SIGNALING_PATHWAY,69,5.130533888933532,0.9679220211758541
BRCA,kegg,2,6,KEGG_THYROID_CANCER,28,2.680236887521949,0.9679220211758541
BRCA,kegg,2,6,KEGG_TIGHT_JUNCTION,97,2.7353733264606213,0.9679220211758541
BRCA,kegg,2,6,KEGG_TOLL_LIKE_RECEPTOR_SIGNALING_PATHWAY,85,2.0781721961719457,0.9679220211758541
BRCA,kegg,2,6,KEGG_TRYPTOPHAN_METABOLISM,27,-0.030105560320785745,0.9679220211758541
BRCA,kegg,2,6,KEGG_TYPE_II_DIABETES_MELLITUS,34,1.0749816484409762,0.9679220211758541
BRCA,kegg,2,6,KEGG_TYPE_I_DIABETES_MELLITUS,36,-1.3175211742555013,0.9679220211758541
BRCA,kegg,2,6,KEGG_TYROSINE_METABOLISM,28,-2.5311760186866974,0.9679220211758541
BRCA,kegg,2,6,KEGG_T_CELL_RECEPTOR_SIGNALING_PATHWAY,101,3.647021036383135,0.9679220211758541
BRCA,kegg,2,6,KEGG_UBIQUITIN_MEDIATED_PROTEOLYSIS,126,2.2642054700138674,0.9679220211758541
BRCA,kegg,2,6,KEGG_VALINE_LEUCINE_AND_ISOLEUCINE_DEGRADATION,43,-2.001548495951218,0.9679220211758541
BRCA,kegg,2,6,KEGG_VASCULAR_SMOOTH_MUSCLE_CONTRACTION,88,3.9355632606522564,0.9679220211758541
BRCA,kegg,2,6,KEGG_VASOPRESSIN_REGULATED_WATER_REABSORPTION,39,-1.533197094777811,0.9679220211758541
BRCA,kegg,2,6,KEGG_VEGF_SIGNALING_PATHWAY,63,1.291022119466777,0.9679220211758541
BRCA,kegg,2,6,KEGG_VIBRIO_CHOLERAE_INFECTION,47,-0.46725986175737355,0.9679220211758541
BRCA,kegg,2,6,KEGG_VIRAL_MYOCARDITIS,57,3.2326901149232,0.9679220211758541
BRCA,kegg,2,6,KEGG_WNT_SIGNALING_PATHWAY,126,5.5057896236649535,0.9679220211758541
BRCA,kegg,2,7,KEGG_ABC_TRANSPORTERS,33,0.7079533583375215,0.995739941957375
BRCA,kegg,2,7,KEGG_ACUTE_MYELOID_LEUKEMIA,53,0.34429590422273987,0.995739941957375
BRCA,kegg,2,7,KEGG_ADHERENS_JUNCTION,65,1.3278887929218528,0.995739941957375
BRCA,kegg,2,7,KEGG_ADIPOCYTOKINE_SIGNALING_PATHWAY,54,-0.19164179013694047,0.995739941957375
BRCA,kegg,2,7,KEGG_ALANINE_ASPARTATE_AND_GLUTAMATE_METABOLISM,25,1.9992164019982297,0.995739941957375
BRCA,kegg,2,7,KEGG_ALDOSTERONE_REGULATED_SODIUM_REABSORPTION,33,0.7231474889178112,0.995739941957375
BRCA,kegg,2,7,KEGG_ALLOGRAFT_REJECTION,32,-7.40109419416607,0.995739941957375
BRCA,kegg,2,7,KEGG_ALPHA_LINOLENIC_ACID_METABOLISM,10,-0.10345155960376899,0.995739941957375
BRCA,kegg,2,7,KEGG_ALZHEIMERS_DISEASE,128,3.0106914148404353,0.995739941957375
BRCA,kegg,2,7,KEGG_AMINOACYL_TRNA_BIOSYNTHESIS,22,0.930098230504766,0.995739941957375
BRCA,kegg,2,7,KEGG_AMINO_SUGAR_AND_NUCLEOTIDE_SUGAR_METABOLISM,39,1.4354437201240435,0.995739941957375
BRCA,kegg,2,7,KEGG_AMYOTROPHIC_LATERAL_SCLEROSIS_ALS,41,1.0194439436429987,0.995739941957375
BRCA,kegg,2,7,KEGG_ANTIGEN_PROCESSING_AND_PRESENTATION,66,-3.788060449119859,0.995739941957375
BRCA,kegg,2,7,KEGG_APOPTOSIS,82,-0.1305079899565935,0.995739941957375
BRCA,kegg,2,7,KEGG_ARACHIDONIC_ACID_METABOLISM,33,-1.3237835663168607,0.995739941957375
BRCA,kegg,2,7,KEGG_ARGININE_AND_PROLINE_METABOLISM,43,2.0145016536363,0.995739941957375
BRCA,kegg,2,7,KEGG_ARRHYTHMOGENIC_RIGHT_VENTRICULAR_CARDIOMYOPATHY_ARVC,58,0.46420252542282375,0.995739941957375
BRCA,kegg,2,7,KEGG_ASTHMA,18,-7.9214814290523154,0.995739941957375
BRCA,kegg,2,7,KEGG_AUTOIMMUNE_THYROID_DISEASE,33,-6.998412704067206,0.995739941957375
BRCA,kegg,2,7,KEGG_AXON_GUIDANCE,111,0.016551557828955933,0.995739941957375
BRCA,kegg,2,7,KEGG_BASAL_CELL_CARCINOMA,38,-1.1004152124429456,0.995739941957375
BRCA,kegg,2,7,KEGG_BASAL_TRANSCRIPTION_FACTORS,31,-0.28098524914372053,0.995739941957375
BRCA,kegg,2,7,KEGG_BASE_EXCISION_REPAIR,33,0.7893918756612193,0.995739941957375
BRCA,kegg,2,7,KEGG_BETA_ALANINE_METABOLISM,16,0.519252745870718,0.995739941957375
BRCA,kegg,2,7,KEGG_BIOSYNTHESIS_OF_UNSATURATED_FATTY_ACIDS,21,4.11747995288499,0.995739941957375
BRCA,kegg,2,7,KEGG_BLADDER_CANCER,40,1.168270930808202,0.995739941957375
BRCA,kegg,2,7,KEGG_BUTANOATE_METABOLISM,28,1.6594253853239125,0.995739941957375
BRCA,kegg,2,7,KEGG_B_CELL_RECEPTOR_SIGNALING_PATHWAY,71,-1.0337405896855656,0.995739941957375
BRCA,kegg,2,7,KEGG_CALCIUM_SIGNALING_PATHWAY,112,-0.24734275467220493,0.995739941957375
BRCA,kegg,2,7,KEGG_CARDIAC_MUSCLE_CONTRACTION,51,2.0841187660204166,0.995739941957375
BRCA,kegg,2,7,KEGG_CELL_ADHESION_MOLECULES_CAMS,109,-5.589584432516964,0.995739941957375
BRCA,kegg,2,7,KEGG_CELL_CYCLE,116,-2.8486810241514733,0.995739941957375
BRCA,kegg,2,7,KEGG_CHEMOKINE_SIGNALING_PATHWAY,155,-3.5094749595879158,0.995739941957375
BRCA,kegg,2,7,KEGG_CHRONIC_MYELOID_LEUKEMIA,70,0.5307245270237565,0.995739941957375
BRCA,kegg,2,7,KEGG_CIRCADIAN_RHYTHM_MAMMAL,12,1.2408342231745766,0.995739941957375
BRCA,kegg,2,7,KEGG_CITRATE_CYCLE_TCA_CYCLE,27,3.443212578688899,0.995739941957375
BRCA,kegg,2,7,KEGG_COLORECTAL_CANCER,59,-1.194923276783105,0.995739941957375
BRCA,kegg,2,7,KEGG_COMPLEMENT_AND_COAGULATION_CASCADES,45,-5.428606557259373,0.995739941957375
BRCA,kegg,2,7,KEGG_CYSTEINE_AND_METHIONINE_METABOLISM,27,0.8974278809583053,0.995739941957375
BRCA,kegg,2,7,KEGG_CYTOKINE_CYTOKINE_RECEPTOR_INTERACTION,191,-6.82236471737202,0.995739941957375
BRCA,kegg,2,7,KEGG_CYTOSOLIC_DNA_SENSING_PATHWAY,38,-1.4356609699514669,0.995739941957375
BRCA,kegg,2,7,KEGG_DILATED_CARDIOMYOPATHY,66,-0.8332411623100762,0.995739941957375
BRCA,kegg,2,7,KEGG_DNA_REPLICATION,35,-2.379979824639251,0.995739941957375
BRCA,kegg,2,7,KEGG_DORSO_VENTRAL_AXIS_FORMATION,19,-0.939037935586723,0.995739941957375
BRCA,kegg,2,7,KEGG_DRUG_METABOLISM_CYTOCHROME_P450,29,-0.48008746844210554,0.995739941957375
BRCA,kegg,2,7,KEGG_DRUG_METABOLISM_OTHER_ENZYMES,22,1.2411518877903578,0.995739941957375
BRCA,kegg,2,7,KEGG_ECM_RECEPTOR_INTERACTION,69,-5.856909320630945,0.995739941957375
BRCA,kegg,2,7,KEGG_ENDOCYTOSIS,166,2.8667961361392478,0.995739941957375
BRCA,kegg,2,7,KEGG_ENDOMETRIAL_CANCER,48,2.5819400982116387,0.995739941957375
BRCA,kegg,2,7,KEGG_EPITHELIAL_CELL_SIGNALING_IN_HELICOBACTER_PYLORI_INFECTION,61,1.2801346087066348,0.995739941957375
BRCA,kegg,2,7,KEGG_ERBB_SIGNALING_PATHWAY,75,1.3431867186268904,0.995739941957375
BRCA,kegg,2,7,KEGG_ETHER_LIPID_METABOLISM,24,-0.8686284856703195,0.995739941957375
BRCA,kegg,2,7,KEGG_FATTY_ACID_METABOLISM,34,1.7499418348224025,0.995739941957375
BRCA,kegg,2,7,KEGG_FC_EPSILON_RI_SIGNALING_PATHWAY,64,-0.5107651174260532,0.995739941957375
BRCA,kegg,2,7,KEGG_FC_GAMMA_R_MEDIATED_PHAGOCYTOSIS,87,-1.7113459772736501,0.995739941957375
BRCA,kegg,2,7,KEGG_FOCAL_ADHESION,176,-3.4092218865257116,0.995739941957375
BRCA,kegg,2,7,KEGG_FRUCTOSE_AND_MANNOSE_METABOLISM,28,1.6288669896049852,0.995739941957375
BRCA,kegg,2,7,KEGG_GALACTOSE_METABOLISM,21,0.9714602439335852,0.995739941957375
BRCA,kegg,2,7,KEGG_GAP_JUNCTION,69,-0.3108806077484228,0.995739941957375
BRCA,kegg,2,7,KEGG_GLIOMA,59,0.1806916291617302,0.995739941957375
BRCA,kegg,2,7,KEGG_GLUTATHIONE_METABOLISM,41,0.5555537345344073,0.995739941957375
BRCA,kegg,2,7,KEGG_GLYCEROLIPID_METABOLISM,39,-0.7338433259345786,0.995739941957375
BRCA,kegg,2,7,KEGG_GLYCEROPHOSPHOLIPID_METABOLISM,61,1.4143883761688842,0.995739941957375
BRCA,kegg,2,7,KEGG_GLYCINE_SERINE_AND_THREONINE_METABOLISM,22,-0.16074260323467782,0.995739941957375
BRCA,kegg,2,7,KEGG_GLYCOLYSIS_GLUCONEOGENESIS,43,2.74929200130145,0.995739941957375
BRCA,kegg,2,7,KEGG_GLYCOSAMINOGLYCAN_BIOSYNTHESIS_CHONDROITIN_SULFATE,21,0.003370773472675548,0.995739941957375
BRCA,kegg,2,7,KEGG_GLYCOSAMINOGLYCAN_BIOSYNTHESIS_HEPARAN_SULFATE,18,0.3508972158743342,0.995739941957375
BRCA,kegg,2,7,KEGG_GLYCOSAMINOGLYCAN_BIOSYNTHESIS_KERATAN_SULFATE,13,1.1994187938860459,0.995739941957375
BRCA,kegg,2,7,KEGG_GLYCOSAMINOGLYCAN_DEGRADATION,18,0.6000236780425503,0.995739941957375
BRCA,kegg,2,7,KEGG_GLYCOSPHINGOLIPID_BIOSYNTHESIS_GANGLIO_SERIES,14,-0.13634338918848313,0.995739941957375
BRCA,kegg,2,7,KEGG_GLYCOSPHINGOLIPID_BIOSYNTHESIS_GLOBO_SERIES,12,0.26518596802412964,0.995739941957375
BRCA,kegg,2,7,KEGG_GLYCOSPHINGOLIPID_BIOSYNTHESIS_LACTO_AND_NEOLACTO_SERIES,20,0.1370152500992584,0.995739941957375
BRCA,kegg,2,7,KEGG_GLYCOSYLPHOSPHATIDYLINOSITOL_GPI_ANCHOR_BIOSYNTHESIS,23,2.154897635445142,0.995739941957375
BRCA,kegg,2,7,KEGG_GLYOXYLATE_AND_DICARBOXYLATE_METABOLISM,13,0.5664781034003186,0.995739941957375
BRCA,kegg,2,7,KEGG_GNRH_SIGNALING_PATHWAY,80,-0.19537480392840356,0.995739941957375
BRCA,kegg,2,7,KEGG_GRAFT_VERSUS_HOST_DISEASE,37,-6.900306296577343,0.995739941957375
BRCA,kegg,2,7,KEGG_HEDGEHOG_SIGNALING_PATHWAY,35,-0.3833543799822779,0.995739941957375
BRCA,kegg,2,7,KEGG_HEMATOPOIETIC_CELL_LINEAGE,68,-5.469772223342808,0.995739941957375
BRCA,kegg,2,7,KEGG_HISTIDINE_METABOLISM,19,1.2475144064011032,0.995739941957375
BRCA,kegg,2,7,KEGG_HOMOLOGOUS_RECOMBINATION,24,-0.9522039709849093,0.995739941957375
BRCA,kegg,2,7,KEGG_HUNTINGTONS_DISEASE,143,5.021314476346285,0.995739941957375
BRCA,kegg,2,7,KEGG_HYPERTROPHIC_CARDIOMYOPATHY_HCM,61,-1.2331940681044589,0.995739941957375
BRCA,kegg,2,7,KEGG_INOSITOL_PHOSPHATE_METABOLISM,50,1.361480106296363,0.995739941957375
BRCA,kegg,2,7,KEGG_INSULIN_SIGNALING_PATHWAY,115,3.5396504359674723,0.995739941957375
BRCA,kegg,2,7,KEGG_INTESTINAL_IMMUNE_NETWORK_FOR_IGA_PRODUCTION,40,-6.874916567843633,0.995739941957375
BRCA,kegg,2,7,KEGG_JAK_STAT_SIGNALING_PATHWAY,109,-1.4844227436758344,0.995739941957375
BRCA,kegg,2,7,KEGG_LEISHMANIA_INFECTION,66,-6.172360470405566,0.995739941957375
BRCA,kegg,2,7,KEGG_LEUKOCYTE_TRANSENDOTHELIAL_MIGRATION,93,-2.449618281176558,0.995739941957375
BRCA,kegg,2,7,KEGG_LINOLEIC_ACID_METABOLISM,10,-0.4875925361461421,0.995739941957375
BRCA,kegg,2,7,KEGG_LONG_TERM_DEPRESSION,49,0.6616091802096554,0.995739941957375
BRCA,kegg,2,7,KEGG_LONG_TERM_POTENTIATION,51,0.35173742552740866,0.995739941957375
BRCA,kegg,2,7,KEGG_LYSINE_DEGRADATION,39,0.499553951657984,0.995739941957375
BRCA,kegg,2,7,KEGG_LYSOSOME,113,3.3739960661223343,0.995739941957375
BRCA,kegg,2,7,KEGG_MAPK_SIGNALING_PATHWAY,214,0.14270503780608484,0.995739941957375
BRCA,kegg,2,7,KEGG_MELANOGENESIS,78,-0.3366227302813494,0.995739941957375
BRCA,kegg,2,7,KEGG_MELANOMA,56,0.7083634159875538,0.995739941957375
BRCA,kegg,2,7,KEGG_METABOLISM_OF_XENOBIOTICS_BY_CYTOCHROME_P450,28,-0.8115506042247198,0.995739941957375
BRCA,kegg,2,7,KEGG_MISMATCH_REPAIR,22,-1.1708485811086833,0.995739941957375
BRCA,kegg,2,7,KEGG_MTOR_SIGNALING_PATHWAY,41,0.3718430014847816,0.995739941957375
BRCA,kegg,2,7,KEGG_NATURAL_KILLER_CELL_MEDIATED_CYTOTOXICITY,106,-2.5474886122447415,0.995739941957375
BRCA,kegg,2,7,KEGG_NEUROACTIVE_LIGAND_RECEPTOR_INTERACTION,104,-2.9606113716682563,0.995739941957375
BRCA,kegg,2,7,KEGG_NEUROTROPHIN_SIGNALING_PATHWAY,111,1.3180094062491918,0.995739941957375
BRCA,kegg,2,7,KEGG_NICOTINATE_AND_NICOTINAMIDE_METABOLISM,21,-0.45691777433050595,0.995739941957375
BRCA,kegg,2,7,KEGG_NITROGEN_METABOLISM,15,2.0370811884203315,0.995739941957375
BRCA,kegg,2,7,KEGG_NOD_LIKE_RECEPTOR_SIGNALING_PATHWAY,57,-0.6791392727454554,0.995739941957375
BRCA,kegg,2,7,KEGG_NON_HOMOLOGOUS_END_JOINING,11,0.18892541507904984,0.995739941957375
BRCA,kegg,2,7,KEGG_NON_SMALL_CELL_LUNG_CANCER,51,0.9777052391107709,0.995739941957375
BRCA,kegg,2,7,KEGG_NOTCH_SIGNALING_PATHWAY,44,0.901770520297441,0.995739941957375
BRCA,kegg,2,7,KEGG_NUCLEOTIDE_EXCISION_REPAIR,43,0.3731768266403778,0.995739941957375
BRCA,kegg,2,7,KEGG_N_GLYCAN_BIOSYNTHESIS,45,2.9645319456413257,0.995739941957375
BRCA,kegg,2,7,KEGG_OLFACTORY_TRANSDUCTION,18,-1.1093638190691584,0.995739941957375
BRCA,kegg,2,7,KEGG_ONE_CARBON_POOL_BY_FOLATE,15,-0.677260162629908,0.995739941957375
BRCA,kegg,2,7,KEGG_OOCYTE_MEIOSIS,93,0.7485575654689274,0.995739941957375
BRCA,kegg,2,7,KEGG_OTHER_GLYCAN_DEGRADATION,13,1.7210212112816592,0.995739941957375
BRCA,kegg,2,7,KEGG_OXIDATIVE_PHOSPHORYLATION,91,4.714466924968351,0.995739941957375
BRCA,kegg,2,7,KEGG_O_GLYCAN_BIOSYNTHESIS,21,0.4330333325126235,0.995739941957375
BRCA,kegg,2,7,KEGG_P53_SIGNALING_PATHWAY,63,-1.5858442028050719,0.995739941957375
BRCA,kegg,2,7,KEGG_PANCREATIC_CANCER,68,0.595597310904373,0.995739941957375
BRCA,kegg,2,7,KEGG_PANTOTHENATE_AND_COA_BIOSYNTHESIS,13,0.9602966716403684,0.995739941957375
BRCA,kegg,2,7,KEGG_PARKINSONS_DISEASE,89,3.9147404302205118,0.995739941957375
BRCA,kegg,2,7,KEGG_PATHOGENIC_ESCHERICHIA_COLI_INFECTION,49,0.6849922119309841,0.995739941957375
BRCA,kegg,2,7,KEGG_PATHWAYS_IN_CANCER,279,-1.3494917380948275,0.995739941957375
BRCA,kegg,2,7,KEGG_PENTOSE_PHOSPHATE_PATHWAY,22,1.6000748394851985,0.995739941957375
BRCA,kegg,2,7,KEGG_PEROXISOME,71,5.001514489772636,0.995739941957375
BRCA,kegg,2,7,KEGG_PHENYLALANINE_METABOLISM,13,1.5929926028169363,0.995739941957375
BRCA,kegg,2,7,KEGG_PHOSPHATIDYLINOSITOL_SIGNALING_SYSTEM,68,0.5113231706646875,0.995739941957375
BRCA,kegg,2,7,KEGG_PORPHYRIN_AND_CHLOROPHYLL_METABOLISM,20,2.445422746064665,0.995739941957375
BRCA,kegg,2,7,KEGG_PPAR_SIGNALING_PATHWAY,52,-1.4514646934889777,0.995739941957375
BRCA,kegg,2,7,KEGG_PRIMARY_BILE_ACID_BIOSYNTHESIS,11,0.2556467343591937,0.995739941957375
BRCA,kegg,2,7,KEGG_PRIMARY_IMMUNODEFICIENCY,30,-3.7654538017741417,0.995739941957375
BRCA,kegg,2,7,KEGG_PRION_DISEASES,29,-3.45634087019723,0.995739941957375
BRCA,kegg,2,7,KEGG_PROGESTERONE_MEDIATED_OOCYTE_MATURATION,72,0.4296928393536127,0.995739941957375
BRCA,kegg,2,7,KEGG_PROPANOATE_METABOLISM,28,2.15999837549803,0.995739941957375
BRCA,kegg,2,7,KEGG_PROSTATE_CANCER,83,1.7434299356518739,0.995739941957375
BRCA,kegg,2,7,KEGG_PROTEASOME,41,2.6061171434921517,0.995739941957375
BRCA,kegg,2,7,KEGG_PROTEIN_EXPORT,23,3.0189129796196754,0.995739941957375
BRCA,kegg,2,7,KEGG_PROXIMAL_TUBULE_BICARBONATE_RECLAMATION,17,-0.20866240365302918,0.995739941957375
BRCA,kegg,2,7,KEGG_PURINE_METABOLISM,132,1.4045539733866317,0.995739941957375
BRCA,kegg,2,7,KEGG_PYRIMIDINE_METABOLISM,90,1.1075654786866755,0.995739941957375
BRCA,kegg,2,7,KEGG_PYRUVATE_METABOLISM,33,1.463789508306263,0.995739941957375
BRCA,kegg,2,7,KEGG_REGULATION_OF_ACTIN_CYTOSKELETON,170,-0.261884779314057,0.995739941957375
BRCA,kegg,2,7,KEGG_REGULATION_OF_AUTOPHAGY,20,0.3404304709799415,0.995739941957375
BRCA,kegg,2,7,KEGG_RENAL_CELL_CARCINOMA,64,0.2498949727943371,0.995739941957375
BRCA,kegg,2,7,KEGG_RENIN_ANGIOTENSIN_SYSTEM,10,0.6531871652487232,0.995739941957375
BRCA,kegg,2,7,KEGG_RETINOL_METABOLISM,17,-0.2408176631827388,0.995739941957375
BRCA,kegg,2,7,KEGG_RIBOFLAVIN_METABOLISM,11,0.533069309438331,0.995739941957375
BRCA,kegg,2,7,KEGG_RIG_I_LIKE_RECEPTOR_SIGNALING_PATHWAY,50,-0.11524376708966991,0.995739941957375
BRCA,kegg,2,7,KEGG_RNA_DEGRADATION,50,-0.7251748470709648,0.995739941957375
BRCA,kegg,2,7,KEGG_RNA_POLYMERASE,28,1.090936121015595,0.995739941957375
BRCA,kegg,2,7,KEGG_SELENOAMINO_ACID_METABOLISM,22,2.305685902623267,0.995739941957375
BRCA,kegg,2,7,KEGG_SMALL_CELL_LUNG_CANCER,78,-1.1722420158862428,0.995739941957375
BRCA,kegg,2,7,KEGG_SNARE_INTERACTIONS_IN_VESICULAR_TRANSPORT,36,1.1487822139519328,0.995739941957375
BRCA,kegg,2,7,KEGG_SPHINGOLIPID_METABOLISM,32,1.5364486701966058,0.995739941957375
BRCA,kegg,2,7,KEGG_SPLICEOSOME,126,1.0204322571992404,0.995739941957375
BRCA,kegg,2,7,KEGG_STARCH_AND_SUCROSE_METABOLISM,21,2.626178298227774,0.995739941957375
BRCA,kegg,2,7,KEGG_STEROID_BIOSYNTHESIS,15,3.8049666176545,0.995739941957375
BRCA,kegg,2,7,KEGG_STEROID_HORMONE_BIOSYNTHESIS,19,-0.43481396764583763,0.995739941957375
BRCA,kegg,2,7,KEGG_SULFUR_METABOLISM,11,0.34920232556440295,0.995739941957375
BRCA,kegg,2,7,KEGG_SYSTEMIC_LUPUS_ERYTHEMATOSUS,44,-8.992791415623469,0.995739941957375
BRCA,kegg,2,7,KEGG_TASTE_TRANSDUCTION,13,1.729951012245936,0.995739941957375
BRCA,kegg,2,7,KEGG_TERPENOID_BACKBONE_BIOSYNTHESIS,14,1.3879900522289432,0.995739941957375
BRCA,kegg,2,7,KEGG_TGF_BETA_SIGNALING_PATHWAY,69,-2.9170747226762126,0.995739941957375
BRCA,kegg,2,7,KEGG_THYROID_CANCER,28,2.8365053165218685,0.995739941957375
BRCA,kegg,2,7,KEGG_TIGHT_JUNCTION,97,1.6060654263391136,0.995739941957375
BRCA,kegg,2,7,KEGG_TOLL_LIKE_RECEPTOR_SIGNALING_PATHWAY,85,-3.126908806845814,0.995739941957375
BRCA,kegg,2,7,KEGG_TRYPTOPHAN_METABOLISM,27,0.1380327656393285,0.995739941957375
BRCA,kegg,2,7,KEGG_TYPE_II_DIABETES_MELLITUS,34,1.1386762363875569,0.995739941957375
BRCA,kegg,2,7,KEGG_TYPE_I_DIABETES_MELLITUS,36,-6.083358532077991,0.995739941957375
BRCA,kegg,2,7,KEGG_TYROSINE_METABOLISM,28,1.4585228267785517,0.995739941957375
BRCA,kegg,2,7,KEGG_T_CELL_RECEPTOR_SIGNALING_PATHWAY,101,-1.502961950065372,0.995739941957375
BRCA,kegg,2,7,KEGG_UBIQUITIN_MEDIATED_PROTEOLYSIS,126,1.0597131847873744,0.995739941957375
BRCA,kegg,2,7,KEGG_VALINE_LEUCINE_AND_ISOLEUCINE_DEGRADATION,43,3.114337215538524,0.995739941957375
BRCA,kegg,2,7,KEGG_VASCULAR_SMOOTH_MUSCLE_CONTRACTION,88,-0.6363978518966485,0.995739941957375
BRCA,kegg,2,7,KEGG_VASOPRESSIN_REGULATED_WATER_REABSORPTION,39,4.272883992992355,0.995739941957375
BRCA,kegg,2,7,KEGG_VEGF_SIGNALING_PATHWAY,63,0.9738225516408741,0.995739941957375
BRCA,kegg,2,7,KEGG_VIBRIO_CHOLERAE_INFECTION,47,3.5656484373850073,0.995739941957375
BRCA,kegg,2,7,KEGG_VIRAL_MYOCARDITIS,57,-4.942365715340208,0.995739941957375
BRCA,kegg,2,7,KEGG_WNT_SIGNALING_PATHWAY,126,-1.708829977110769,0.995739941957375
BRCA,kegg,3,0,KEGG_ABC_TRANSPORTERS,33,-0.14004787862844822,0.9979011232238324
BRCA,kegg,3,0,KEGG_ACUTE_MYELOID_LEUKEMIA,53,0.01639312021941446,0.9979011232238324
BRCA,kegg,3,0,KEGG_ADHERENS_JUNCTION,65,-1.8456254665637373,0.9979011232238324
BRCA,kegg,3,0,KEGG_ADIPOCYTOKINE_SIGNALING_PATHWAY,54,-0.6976393066370475,0.9979011232238324
BRCA,kegg,3,0,KEGG_ALANINE_ASPARTATE_AND_GLUTAMATE_METABOLISM,25,1.092957605166837,0.9979011232238324
BRCA,kegg,3,0,KEGG_ALDOSTERONE_REGULATED_SODIUM_REABSORPTION,33,-0.1786523011563701,0.9979011232238324
BRCA,kegg,3,0,KEGG_ALLOGRAFT_REJECTION,32,-7.497861008567991,0.9979011232238324
BRCA,kegg,3,0,KEGG_ALPHA_LINOLENIC_ACID_METABOLISM,10,0.2324625974602173,0.9979011232238324
BRCA,kegg,3,0,KEGG_ALZHEIMERS_DISEASE,128,3.2696251224299604,0.9979011232238324
BRCA,kegg,3,0,KEGG_AMINOACYL_TRNA_BIOSYNTHESIS,22,1.8649693393004356,0.9979011232238324
BRCA,kegg,3,0,KEGG_AMINO_SUGAR_AND_NUCLEOTIDE_SUGAR_METABOLISM,39,0.7616637884202395,0.9979011232238324
BRCA,kegg,3,0,KEGG_AMYOTROPHIC_LATERAL_SCLEROSIS_ALS,41,0.7150744964108,0.9979011232238324
BRCA,kegg,3,0,KEGG_ANTIGEN_PROCESSING_AND_PRESENTATION,66,-5.011282072376353,0.9979011232238324
BRCA,kegg,3,0,KEGG_APOPTOSIS,82,-1.5785102014731114,0.9979011232238324
BRCA,kegg,3,0,KEGG_ARACHIDONIC_ACID_METABOLISM,33,-1.513667130448984,0.9979011232238324
BRCA,kegg,3,0,KEGG_ARGININE_AND_PROLINE_METABOLISM,43,1.7197104167004633,0.9979011232238324
BRCA,kegg,3,0,KEGG_ARRHYTHMOGENIC_RIGHT_VENTRICULAR_CARDIOMYOPATHY_ARVC,58,-4.618228528506514,0.9979011232238324
BRCA,kegg,3,0,KEGG_ASTHMA,18,-8.376381895738595,0.9979011232238324
BRCA,kegg,3,0,KEGG_AUTOIMMUNE_THYROID_DISEASE,33,-6.943930068184994,0.9979011232238324
BRCA,kegg,3,0,KEGG_AXON_GUIDANCE,111,-2.952408681163827,0.9979011232238324
BRCA,kegg,3,0,KEGG_BASAL_CELL_CARCINOMA,38,-0.9430798577973553,0.9979011232238324
BRCA,kegg,3,0,KEGG_BASAL_TRANSCRIPTION_FACTORS,31,1.2661929455605043,0.9979011232238324
BRCA,kegg,3,0,KEGG_BASE_EXCISION_REPAIR,33,2.7139927608766703,0.9979011232238324
BRCA,kegg,3,0,KEGG_BETA_ALANINE_METABOLISM,16,-0.8613495296540653,0.9979011232238324
BRCA,kegg,3,0,KEGG_BIOSYNTHESIS_OF_UNSATURATED_FATTY_ACIDS,21,0.5757486690322519,0.9979011232238324
BRCA,kegg,3,0,KEGG_BLADDER_CANCER,40,-1.9526326387279396,0.9979011232238324
BRCA,kegg,3,0,KEGG_BUTANOATE_METABOLISM,28,-0.1623910652165033,0.9979011232238324
BRCA,kegg,3,0,KEGG_B_CELL_RECEPTOR_SIGNALING_PATHWAY,71,-2.955328031997316,0.9979011232238324
BRCA,kegg,3,0,KEGG_CALCIUM_SIGNALING_PATHWAY,112,-1.382869166303387,0.9979011232238324
BRCA,kegg,3,0,KEGG_CARDIAC_MUSCLE_CONTRACTION,51,2.0043507992913807,0.9979011232238324
BRCA,kegg,3,0,KEGG_CELL_ADHESION_MOLECULES_CAMS,109,-8.413895759364936,0.9979011232238324
BRCA,kegg,3,0,KEGG_CELL_CYCLE,116,6.493496546876684,0.9979011232238324
BRCA,kegg,3,0,KEGG_CHEMOKINE_SIGNALING_PATHWAY,155,-3.441658993358373,0.9979011232238324
BRCA,kegg,3,0,KEGG_CHRONIC_MYELOID_LEUKEMIA,70,-0.15514523189698812,0.9979011232238324
BRCA,kegg,3,0,KEGG_CIRCADIAN_RHYTHM_MAMMAL,12,-0.7776528176762848,0.9979011232238324
BRCA,kegg,3,0,KEGG_CITRATE_CYCLE_TCA_CYCLE,27,2.008916659244503,0.9979011232238324
BRCA,kegg,3,0,KEGG_COLORECTAL_CANCER,59,-2.0264217719366786,0.9979011232238324
BRCA,kegg,3,0,KEGG_COMPLEMENT_AND_COAGULATION_CASCADES,45,-11.376327462347035,0.9979011232238324
BRCA,kegg,3,0,KEGG_CYSTEINE_AND_METHIONINE_METABOLISM,27,2.7957209153436424,0.9979011232238324
BRCA,kegg,3,0,KEGG_CYTOKINE_CYTOKINE_RECEPTOR_INTERACTION,191,-7.444472414269485,0.9979011232238324
BRCA,kegg,3,0,KEGG_CYTOSOLIC_DNA_SENSING_PATHWAY,38,-1.1102395969714474,0.9979011232238324
BRCA,kegg,3,0,KEGG_DILATED_CARDIOMYOPATHY,66,-5.142751899164656,0.9979011232238324
BRCA,kegg,3,0,KEGG_DNA_REPLICATION,35,4.860415685289181,0.9979011232238324
BRCA,kegg,3,0,KEGG_DORSO_VENTRAL_AXIS_FORMATION,19,-0.467228083996679,0.9979011232238324
BRCA,kegg,3,0,KEGG_DRUG_METABOLISM_CYTOCHROME_P450,29,-1.2997572745583286,0.9979011232238324
BRCA,kegg,3,0,KEGG_DRUG_METABOLISM_OTHER_ENZYMES,22,0.6039850808799175,0.9979011232238324
BRCA,kegg,3,0,KEGG_ECM_RECEPTOR_INTERACTION,69,-23.00302986753999,0.9979011232238324
BRCA,kegg,3,0,KEGG_ENDOCYTOSIS,166,0.0925677506127979,0.9979011232238324
BRCA,kegg,3,0,KEGG_ENDOMETRIAL_CANCER,48,0.26583643759864106,0.9979011232238324
BRCA,kegg,3,0,KEGG_EPITHELIAL_CELL_SIGNALING_IN_HELICOBACTER_PYLORI_INFECTION,61,0.9708906063087157,0.9979011232238324
BRCA,kegg,3,0,KEGG_ERBB_SIGNALING_PATHWAY,75,-0.03581785058106008,0.9979011232238324
BRCA,kegg,3,0,KEGG_ETHER_LIPID_METABOLISM,24,-0.2888975045249092,0.9979011232238324
BRCA,kegg,3,0,KEGG_FATTY_ACID_METABOLISM,34,0.1971558646483764,0.9979011232238324
BRCA,kegg,3,0,KEGG_FC_EPSILON_RI_SIGNALING_PATHWAY,64,-0.5886230213675986,0.9979011232238324
BRCA,kegg,3,0,KEGG_FC_GAMMA_R_MEDIATED_PHAGOCYTOSIS,87,-1.806625990916874,0.9979011232238324
BRCA,kegg,3,0,KEGG_FOCAL_ADHESION,176,-17.65782733952423,0.9979011232238324
BRCA,kegg,3,0,KEGG_FRUCTOSE_AND_MANNOSE_METABOLISM,28,0.8089447304786807,0.9979011232238324
BRCA,kegg,3,0,KEGG_GALACTOSE_METABOLISM,21,0.17043729808626143,0.9979011232238324
BRCA,kegg,3,0,KEGG_GAP_JUNCTION,69,-1.0695318969296208,0.9979011232238324
BRCA,kegg,3,0,KEGG_GLIOMA,59,-0.5569858410427322,0.9979011232238324
BRCA,kegg,3,0,KEGG_GLUTATHIONE_METABOLISM,41,-0.04853952439615484,0.9979011232238324
BRCA,kegg,3,0,KEGG_GLYCEROLIPID_METABOLISM,39,-0.6939074974686252,0.9979011232238324
BRCA,kegg,3,0,KEGG_GLYCEROPHOSPHOLIPID_METABOLISM,61,1.3565700733163204,0.9979011232238324
BRCA,kegg,3,0,KEGG_GLYCINE_SERINE_AND_THREONINE_METABOLISM,22,1.3942733541464747,0.9979011232238324
BRCA,kegg,3,0,KEGG_GLYCOLYSIS_GLUCONEOGENESIS,43,1.4622476617957012,0.9979011232238324
BRCA,kegg,3,0,KEGG_GLYCOSAMINOGLYCAN_BIOSYNTHESIS_CHONDROITIN_SULFATE,21,-2.5899732792274435,0.9979011232238324
BRCA,kegg,3,0,KEGG_GLYCOSAMINOGLYCAN_BIOSYNTHESIS_HEPARAN_SULFATE,18,-0.03229379499684673,0.9979011232238324
BRCA,kegg,3,0,KEGG_GLYCOSAMINOGLYCAN_BIOSYNTHESIS_KERATAN_SULFATE,13,0.47851185061998014,0.9979011232238324
BRCA,kegg,3,0,KEGG_GLYCOSAMINOGLYCAN_DEGRADATION,18,-0.16264425632625407,0.9979011232238324
BRCA,kegg,3,0,KEGG_GLYCOSPHINGOLIPID_BIOSYNTHESIS_GANGLIO_SERIES,14,0.11590224879741201,0.9979011232238324
BRCA,kegg,3,0,KEGG_GLYCOSPHINGOLIPID_BIOSYNTHESIS_GLOBO_SERIES,12,-0.13489358466795504,0.9979011232238324
BRCA,kegg,3,0,KEGG_GLYCOSPHINGOLIPID_BIOSYNTHESIS_LACTO_AND_NEOLACTO_SERIES,20,0.15520905135648203,0.9979011232238324
BRCA,kegg,3,0,KEGG_GLYCOSYLPHOSPHATIDYLINOSITOL_GPI_ANCHOR_BIOSYNTHESIS,23,1.959311423855275,0.9979011232238324
BRCA,kegg,3,0,KEGG_GLYOXYLATE_AND_DICARBOXYLATE_METABOLISM,13,1.5370215468616428,0.9979011232238324
BRCA,kegg,3,0,KEGG_GNRH_SIGNALING_PATHWAY,80,-1.3621867096062124,0.9979011232238324
BRCA,kegg,3,0,KEGG_GRAFT_VERSUS_HOST_DISEASE,37,-7.002073957461724,0.9979011232238324
BRCA,kegg,3,0,KEGG_HEDGEHOG_SIGNALING_PATHWAY,35,-0.802868852218662,0.9979011232238324
BRCA,kegg,3,0,KEGG_HEMATOPOIETIC_CELL_LINEAGE,68,-6.326240800389153,0.9979011232238324
BRCA,kegg,3,0,KEGG_HISTIDINE_METABOLISM,19,-0.7013176685172593,0.9979011232238324
BRCA,kegg,3,0,KEGG_HOMOLOGOUS_RECOMBINATION,24,1.8590881538745812,0.9979011232238324
BRCA,kegg,3,0,KEGG_HUNTINGTONS_DISEASE,143,4.889435909527324,0.9979011232238324
BRCA,kegg,3,0,KEGG_HYPERTROPHIC_CARDIOMYOPATHY_HCM,61,-5.830156179281265,0.9979011232238324
BRCA,kegg,3,0,KEGG_INOSITOL_PHOSPHATE_METABOLISM,50,1.418586797423862,0.9979011232238324
BRCA,kegg,3,0,KEGG_INSULIN_SIGNALING_PATHWAY,115,0.9055260164733924,0.9979011232238324
BRCA,kegg,3,0,KEGG_INTESTINAL_IMMUNE_NETWORK_FOR_IGA_PRODUCTION,40,-7.775215902042445,0.9979011232238324
BRCA,kegg,3,0,KEGG_JAK_STAT_SIGNALING_PATHWAY,109,-2.461846181447469,0.9979011232238324
BRCA,kegg,3,0,KEGG_LEISHMANIA_INFECTION,66,-7.801232793062051,0.9979011232238324
BRCA,kegg,3,0,KEGG_LEUKOCYTE_TRANSENDOTHELIAL_MIGRATION,93,-7.910885489046448,0.9979011232238324
BRCA,kegg,3,0,KEGG_LINOLEIC_ACID_METABOLISM,10,-0.14824324487155155,0.9979011232238324
BRCA,kegg,3,0,KEGG_LONG_TERM_DEPRESSION,49,0.6921151649452137,0.9979011232238324
BRCA,kegg,3,0,KEGG_LONG_TERM_POTENTIATION,51,0.778500136533102,0.9979011232238324
BRCA,kegg,3,0,KEGG_LYSINE_DEGRADATION,39,0.5713098632686232,0.9979011232238324
BRCA,kegg,3,0,KEGG_LYSOSOME,113,-1.0107877836339274,0.9979011232238324
BRCA,kegg,3,0,KEGG_MAPK_SIGNALING_PATHWAY,214,-2.5721292085097223,0.9979011232238324
BRCA,kegg,3,0,KEGG_MELANOGENESIS,78,-1.111015223698477,0.9979011232238324
BRCA,kegg,3,0,KEGG_MELANOMA,56,-0.6636227319404284,0.9979011232238324
BRCA,kegg,3,0,KEGG_METABOLISM_OF_XENOBIOTICS_BY_CYTOCHROME_P450,28,-1.8042807034394643,0.9979011232238324
BRCA,kegg,3,0,KEGG_MISMATCH_REPAIR,22,3.640371032676997,0.9979011232238324
BRCA,kegg,3,0,KEGG_MTOR_SIGNALING_PATHWAY,41,-0.27051211102961176,0.9979011232238324
BRCA,kegg,3,0,KEGG_NATURAL_KILLER_CELL_MEDIATED_CYTOTOXICITY,106,-2.913712637270853,0.9979011232238324
BRCA,kegg,3,0,KEGG_NEUROACTIVE_LIGAND_RECEPTOR_INTERACTION,104,-1.9558017463263038,0.9979011232238324
BRCA,kegg,3,0,KEGG_NEUROTROPHIN_SIGNALING_PATHWAY,111,0.011482019923826508,0.9979011232238324
BRCA,kegg,3,0,KEGG_NICOTINATE_AND_NICOTINAMIDE_METABOLISM,21,-0.8274294536398382,0.9979011232238324
BRCA,kegg,3,0,KEGG_NITROGEN_METABOLISM,15,-0.4489587253584842,0.9979011232238324
BRCA,kegg,3,0,KEGG_NOD_LIKE_RECEPTOR_SIGNALING_PATHWAY,57,-0.501101288065139,0.9979011232238324
BRCA,kegg,3,0,KEGG_NON_HOMOLOGOUS_END_JOINING,11,1.2459300797906618,0.9979011232238324
BRCA,kegg,3,0,KEGG_NON_SMALL_CELL_LUNG_CANCER,51,0.6068483608193707,0.9979011232238324
BRCA,kegg,3,0,KEGG_NOTCH_SIGNALING_PATHWAY,44,0.15485180904684503,0.9979011232238324
BRCA,kegg,3,0,KEGG_NUCLEOTIDE_EXCISION_REPAIR,43,3.2668283206204465,0.9979011232238324
BRCA,kegg,3,0,KEGG_N_GLYCAN_BIOSYNTHESIS,45,1.6793112679703859,0.9979011232238324
BRCA,kegg,3,0,KEGG_OLFACTORY_TRANSDUCTION,18,-0.30913891973098,0.9979011232238324
BRCA,kegg,3,0,KEGG_ONE_CARBON_POOL_BY_FOLATE,15,1.1949927071795947,0.9979011232238324
BRCA,kegg,3,0,KEGG_OOCYTE_MEIOSIS,93,4.160252722553167,0.9979011232238324
BRCA,kegg,3,0,KEGG_OTHER_GLYCAN_DEGRADATION,13,-0.005112957054955752,0.9979011232238324
BRCA,kegg,3,0,KEGG_OXIDATIVE_PHOSPHORYLATION,91,6.228709375329454,0.9979011232238324
BRCA,kegg,3,0,KEGG_O_GLYCAN_BIOSYNTHESIS,21,-1.3341791048446499,0.9979011232238324
BRCA,kegg,3,0,KEGG_P53_SIGNALING_PATHWAY,63,-0.6253416065155887,0.9979011232238324
BRCA,kegg,3,0,KEGG_PANCREATIC_CANCER,68,-1.729394923230738,0.9979011232238324
BRCA,kegg,3,0,KEGG_PANTOTHENATE_AND_COA_BIOSYNTHESIS,13,0.4560237694168908,0.9979011232238324
BRCA,kegg,3,0,KEGG_PARKINSONS_DISEASE,89,5.564472231827533,0.9979011232238324
BRCA,kegg,3,0,KEGG_PATHOGENIC_ESCHERICHIA_COLI_INFECTION,49,-1.0256966207220737,0.9979011232238324
BRCA,kegg,3,0,KEGG_PATHWAYS_IN_CANCER,279,-4.343909326370954,0.9979011232238324
BRCA,kegg,3,0,KEGG_PENTOSE_PHOSPHATE_PATHWAY,22,1.6492371017736138,0.9979011232238324
BRCA,kegg,3,0,KEGG_PEROXISOME,71,1.4096142289567102,0.9979011232238324
BRCA,kegg,3,0,KEGG_PHENYLALANINE_METABOLISM,13,-0.036884496043512294,0.9979011232238324
BRCA,kegg,3,0,KEGG_PHOSPHATIDYLINOSITOL_SIGNALING_SYSTEM,68,0.5343056778843265,0.9979011232238324
BRCA,kegg,3,0,KEGG_PORPHYRIN_AND_CHLOROPHYLL_METABOLISM,20,-0.5250053040272106,0.9979011232238324
BRCA,kegg,3,0,KEGG_PPAR_SIGNALING_PATHWAY,52,-1.5528780526579515,0.9979011232238324
BRCA,kegg,3,0,KEGG_PRIMARY_BILE_ACID_BIOSYNTHESIS,11,-0.49931577185984466,0.9979011232238324
BRCA,kegg,3,0,KEGG_PRIMARY_IMMUNODEFICIENCY,30,-2.3235375608866677,0.9979011232238324
BRCA,kegg,3,0,KEGG_PRION_DISEASES,29,-2.6687918624076357,0.9979011232238324
BRCA,kegg,3,0,KEGG_PROGESTERONE_MEDIATED_OOCYTE_MATURATION,72,2.39308716088344,0.9979011232238324
BRCA,kegg,3,0,KEGG_PROPANOATE_METABOLISM,28,0.416943092475347,0.9979011232238324
BRCA,kegg,3,0,KEGG_PROSTATE_CANCER,83,-0.7795903016819216,0.9979011232238324
BRCA,kegg,3,0,KEGG_PROTEASOME,41,2.818293414160007,0.9979011232238324
BRCA,kegg,3,0,KEGG_PROTEIN_EXPORT,23,1.9779195273095558,0.9979011232238324
BRCA,kegg,3,0,KEGG_PROXIMAL_TUBULE_BICARBONATE_RECLAMATION,17,0.3046606601682536,0.9979011232238324
BRCA,kegg,3,0,KEGG_PURINE_METABOLISM,132,3.253193236711631,0.9979011232238324
BRCA,kegg,3,0,KEGG_PYRIMIDINE_METABOLISM,90,3.367000688727756,0.9979011232238324
BRCA,kegg,3,0,KEGG_PYRUVATE_METABOLISM,33,2.0353696430879316,0.9979011232238324
BRCA,kegg,3,0,KEGG_REGULATION_OF_ACTIN_CYTOSKELETON,170,-6.235675709303916,0.9979011232238324
BRCA,kegg,3,0,KEGG_REGULATION_OF_AUTOPHAGY,20,1.0351368308623674,0.9979011232238324
BRCA,kegg,3,0,KEGG_RENAL_CELL_CARCINOMA,64,-1.569162558386852,0.9979011232238324
BRCA,kegg,3,0,KEGG_RENIN_ANGIOTENSIN_SYSTEM,10,0.29889813751667615,0.9979011232238324
BRCA,kegg,3,0,KEGG_RETINOL_METABOLISM,17,0.1662941684826338,0.9979011232238324
BRCA,kegg,3,0,KEGG_RIBOFLAVIN_METABOLISM,11,0.4280556181970554,0.9979011232238324
BRCA,kegg,3,0,KEGG_RIG_I_LIKE_RECEPTOR_SIGNALING_PATHWAY,50,-0.2936442583629873,0.9979011232238324
BRCA,kegg,3,0,KEGG_RNA_DEGRADATION,50,3.9670821525536053,0.9979011232238324
BRCA,kegg,3,0,KEGG_RNA_POLYMERASE,28,2.2507023861256674,0.9979011232238324
BRCA,kegg,3,0,KEGG_SELENOAMINO_ACID_METABOLISM,22,1.5682401333402463,0.9979011232238324
BRCA,kegg,3,0,KEGG_SMALL_CELL_LUNG_CANCER,78,-2.402510091976599,0.9979011232238324
BRCA,kegg,3,0,KEGG_SNARE_INTERACTIONS_IN_VESICULAR_TRANSPORT,36,0.9874906275411862,0.9979011232238324
BRCA,kegg,3,0,KEGG_SPHINGOLIPID_METABOLISM,32,-1.269112050576924,0.9979011232238324
BRCA,kegg,3,0,KEGG_SPLICEOSOME,126,6.655652383567255,0.9979011232238324
BRCA,kegg,3,0,KEGG_STARCH_AND_SUCROSE_METABOLISM,21,0.5762187069951491,0.9979011232238324
BRCA,kegg,3,0,KEGG_STEROID_BIOSYNTHESIS,15,1.1069696649138643,0.9979011232238324
BRCA,kegg,3,0,KEGG_STEROID_HORMONE_BIOSYNTHESIS,19,-0.7370500993039953,0.9979011232238324
BRCA,kegg,3,0,KEGG_SULFUR_METABOLISM,11,-0.16279743143229564,0.9979011232238324
BRCA,kegg,3,0,KEGG_SYSTEMIC_LUPUS_ERYTHEMATOSUS,44,-10.228065501889605,0.9979011232238324
BRCA,kegg,3,0,KEGG_TASTE_TRANSDUCTION,13,0.8513679493845246,0.9979011232238324
BRCA,kegg,3,0,KEGG_TERPENOID_BACKBONE_BIOSYNTHESIS,14,-0.12499482957719477,0.9979011232238324
BRCA,kegg,3,0,KEGG_TGF_BETA_SIGNALING_PATHWAY,69,-6.064466011262058,0.9979011232238324
BRCA,kegg,3,0,KEGG_THYROID_CANCER,28,1.7883228859583231,0.9979011232238324
BRCA,kegg,3,0,KEGG_TIGHT_JUNCTION,97,-2.108062221178569,0.9979011232238324
BRCA,kegg,3,0,KEGG_TOLL_LIKE_RECEPTOR_SIGNALING_PATHWAY,85,-3.297865865758692,0.9979011232238324
BRCA,kegg,3,0,KEGG_TRYPTOPHAN_METABOLISM,27,-0.3471277175244924,0.9979011232238324
BRCA,kegg,3,0,KEGG_TYPE_II_DIABETES_MELLITUS,34,-0.43470902556584773,0.9979011232238324
BRCA,kegg,3,0,KEGG_TYPE_I_DIABETES_MELLITUS,36,-6.400454370394185,0.9979011232238324
BRCA,kegg,3,0,KEGG_TYROSINE_METABOLISM,28,-0.8168596462835184,0.9979011232238324
BRCA,kegg,3,0,KEGG_T_CELL_RECEPTOR_SIGNALING_PATHWAY,101,-2.2866864257746586,0.9979011232238324
BRCA,kegg,3,0,KEGG_UBIQUITIN_MEDIATED_PROTEOLYSIS,126,3.1608998371577393,0.9979011232238324
BRCA,kegg,3,0,KEGG_VALINE_LEUCINE_AND_ISOLEUCINE_DEGRADATION,43,0.5130853194018281,0.9979011232238324
BRCA,kegg,3,0,KEGG_VASCULAR_SMOOTH_MUSCLE_CONTRACTION,88,-1.946719593692726,0.9979011232238324
BRCA,kegg,3,0,KEGG_VASOPRESSIN_REGULATED_WATER_REABSORPTION,39,0.09839967092078075,0.9979011232238324
BRCA,kegg,3,0,KEGG_VEGF_SIGNALING_PATHWAY,63,-0.9288723567173908,0.9979011232238324
BRCA,kegg,3,0,KEGG_VIBRIO_CHOLERAE_INFECTION,47,1.7696336999336577,0.9979011232238324
BRCA,kegg,3,0,KEGG_VIRAL_MYOCARDITIS,57,-7.62449038361887,0.9979011232238324
BRCA,kegg,3,0,KEGG_WNT_SIGNALING_PATHWAY,126,-1.4985715361011003,0.9979011232238324
BRCA,kegg,3,1,KEGG_ABC_TRANSPORTERS,33,-0.24561711976443384,0.9986140895979083
BRCA,kegg,3,1,KEGG_ACUTE_MYELOID_LEUKEMIA,53,1.149324796168565,0.9986140895979083
BRCA,kegg,3,1,KEGG_ADHERENS_JUNCTION,65,-1.7769018317228342,0.9986140895979083
BRCA,kegg,3,1,KEGG_ADIPOCYTOKINE_SIGNALING_PATHWAY,54,1.5278376542653038,0.9986140895979083
BRCA,kegg,3,1,KEGG_ALANINE_ASPARTATE_AND_GLUTAMATE_METABOLISM,25,-0.8825118474098488,0.9986140895979083
BRCA,kegg,3,1,KEGG_ALDOSTERONE_REGULATED_SODIUM_REABSORPTION,33,0.6926417289041612,0.9986140895979083
BRCA,kegg,3,1,KEGG_ALLOGRAFT_REJECTION,32,13.177315394186081,0.9986140895979083
BRCA,kegg,3,1,KEGG_ALPHA_LINOLENIC_ACID_METABOLISM,10,-0.3394320679833951,0.9986140895979083
BRCA,kegg,3,1,KEGG_ALZHEIMERS_DISEASE,128,-3.9879561377722967,0.9986140895979083
BRCA,kegg,3,1,KEGG_AMINOACYL_TRNA_BIOSYNTHESIS,22,-0.4000918768518884,0.9986140895979083
BRCA,kegg,3,1,KEGG_AMINO_SUGAR_AND_NUCLEOTIDE_SUGAR_METABOLISM,39,-2.081972412271359,0.9986140895979083
BRCA,kegg,3,1,KEGG_AMYOTROPHIC_LATERAL_SCLEROSIS_ALS,41,-0.9010710166810515,0.9986140895979083
BRCA,kegg,3,1,KEGG_ANTIGEN_PROCESSING_AND_PRESENTATION,66,10.383041202587089,0.9986140895979083
BRCA,kegg,3,1,KEGG_APOPTOSIS,82,0.64341872034543,0.9986140895979083
BRCA,kegg,3,1,KEGG_ARACHIDONIC_ACID_METABOLISM,33,1.7315847775966577,0.9986140895979083
BRCA,kegg,3,1,KEGG_ARGININE_AND_PROLINE_METABOLISM,43,-0.5479053105808811,0.9986140895979083
BRCA,kegg,3,1,KEGG_ARRHYTHMOGENIC_RIGHT_VENTRICULAR_CARDIOMYOPATHY_ARVC,58,0.15920186558995242,0.9986140895979083
BRCA,kegg,3,1,KEGG_ASTHMA,18,12.80156454750048,0.9986140895979083
BRCA,kegg,3,1,KEGG_AUTOIMMUNE_THYROID_DISEASE,33,12.676053986694777,0.9986140895979083
BRCA,kegg,3,1,KEGG_AXON_GUIDANCE,111,0.7710861927990891,0.9986140895979083
BRCA,kegg,3,1,KEGG_BASAL_CELL_CARCINOMA,38,-0.19776399552467444,0.9986140895979083
BRCA,kegg,3,1,KEGG_BASAL_TRANSCRIPTION_FACTORS,31,-0.9352665818344186,0.9986140895979083
BRCA,kegg,3,1,KEGG_BASE_EXCISION_REPAIR,33,-0.3041962575072979,0.9986140895979083
BRCA,kegg,3,1,KEGG_BETA_ALANINE_METABOLISM,16,0.6536667859672587,0.9986140895979083
BRCA,kegg,3,1,KEGG_BIOSYNTHESIS_OF_UNSATURATED_FATTY_ACIDS,21,-2.7953870523722495,0.9986140895979083
BRCA,kegg,3,1,KEGG_BLADDER_CANCER,40,-2.8519866389732242,0.9986140895979083
BRCA,kegg,3,1,KEGG_BUTANOATE_METABOLISM,28,0.5614227558525858,0.9986140895979083
BRCA,kegg,3,1,KEGG_B_CELL_RECEPTOR_SIGNALING_PATHWAY,71,3.849568730156759,0.9986140895979083
BRCA,kegg,3,1,KEGG_CALCIUM_SIGNALING_PATHWAY,112,-0.8436723787775232,0.9986140895979083
BRCA,kegg,3,1,KEGG_CARDIAC_MUSCLE_CONTRACTION,51,-3.7634411151323532,0.9986140895979083
BRCA,kegg,3,1,KEGG_CELL_ADHESION_MOLECULES_CAMS,109,8.151791691615442,0.9986140895979083
BRCA,kegg,3,1,KEGG_CELL_CYCLE,116,-4.2076363828084995,0.9986140895979083
BRCA,kegg,3,1,KEGG_CHEMOKINE_SIGNALING_PATHWAY,155,5.697327495350815,0.9986140895979083
BRCA,kegg,3,1,KEGG_CHRONIC_MYELOID_LEUKEMIA,70,1.3768518476107807,0.9986140895979083
BRCA,kegg,3,1,KEGG_CIRCADIAN_RHYTHM_MAMMAL,12,1.2185317272134601,0.9986140895979083
BRCA,kegg,3,1,KEGG_CITRATE_CYCLE_TCA_CYCLE,27,-2.1840604934200147,0.9986140895979083
BRCA,kegg,3,1,KEGG_COLORECTAL_CANCER,59,1.747790702177598,0.9986140895979083
BRCA,kegg,3,1,KEGG_COMPLEMENT_AND_COAGULATION_CASCADES,45,8.542892257832467,0.9986140895979083
BRCA,kegg,3,1,KEGG_CYSTEINE_AND_METHIONINE_METABOLISM,27,-2.6255885792620903,0.9986140895979083
BRCA,kegg,3,1,KEGG_CYTOKINE_CYTOKINE_RECEPTOR_INTERACTION,191,8.150032985885796,0.9986140895979083
BRCA,kegg,3,1,KEGG_CYTOSOLIC_DNA_SENSING_PATHWAY,38,4.3937815356374745,0.9986140895979083
BRCA,kegg,3,1,KEGG_DILATED_CARDIOMYOPATHY,66,-0.5996524264424762,0.9986140895979083
BRCA,kegg,3,1,KEGG_DNA_REPLICATION,35,-2.157177231537603,0.9986140895979083
BRCA,kegg,3,1,KEGG_DORSO_VENTRAL_AXIS_FORMATION,19,-0.12517369024635064,0.9986140895979083
BRCA,kegg,3,1,KEGG_DRUG_METABOLISM_CYTOCHROME_P450,29,2.313293438189059,0.9986140895979083
BRCA,kegg,3,1,KEGG_DRUG_METABOLISM_OTHER_ENZYMES,22,0.03870846563354802,0.9986140895979083
BRCA,kegg,3,1,KEGG_ECM_RECEPTOR_INTERACTION,69,3.041905272886834,0.9986140895979083
BRCA,kegg,3,1,KEGG_ENDOCYTOSIS,166,0.38545787928699826,0.9986140895979083
BRCA,kegg,3,1,KEGG_ENDOMETRIAL_CANCER,48,-0.9557767080467522,0.9986140895979083
BRCA,kegg,3,1,KEGG_EPITHELIAL_CELL_SIGNALING_IN_HELICOBACTER_PYLORI_INFECTION,61,-1.414153341985479,0.9986140895979083
BRCA,kegg,3,1,KEGG_ERBB_SIGNALING_PATHWAY,75,0.4116420541971088,0.9986140895979083
BRCA,kegg,3,1,KEGG_ETHER_LIPID_METABOLISM,24,0.7504563891856727,0.9986140895979083
BRCA,kegg,3,1,KEGG_FATTY_ACID_METABOLISM,34,0.9576427405410076,0.9986140895979083
BRCA,kegg,3,1,KEGG_FC_EPSILON_RI_SIGNALING_PATHWAY,64,0.9639001899340347,0.9986140895979083
BRCA,kegg,3,1,KEGG_FC_GAMMA_R_MEDIATED_PHAGOCYTOSIS,87,0.47468978442894916,0.9986140895979083
BRCA,kegg,3,1,KEGG_FOCAL_ADHESION,176,1.8744298803348205,0.9986140895979083
BRCA,kegg,3,1,KEGG_FRUCTOSE_AND_MANNOSE_METABOLISM,28,-2.085758797549426,0.9986140895979083
BRCA,kegg,3,1,KEGG_GALACTOSE_METABOLISM,21,-1.9163381400769188,0.9986140895979083
BRCA,kegg,3,1,KEGG_GAP_JUNCTION,69,-2.286481046620843,0.9986140895979083
BRCA,kegg,3,1,KEGG_GLIOMA,59,-1.68266478638681,0.9986140895979083
BRCA,kegg,3,1,KEGG_GLUTATHIONE_METABOLISM,41,-1.9088392285579827,0.9986140895979083
BRCA,kegg,3,1,KEGG_GLYCEROLIPID_METABOLISM,39,0.5733944599956929,0.9986140895979083
BRCA,kegg,3,1,KEGG_GLYCEROPHOSPHOLIPID_METABOLISM,61,-0.8394006035289727,0.9986140895979083
BRCA,kegg,3,1,KEGG_GLYCINE_SERINE_AND_THREONINE_METABOLISM,22,0.1610354158903621,0.9986140895979083
BRCA,kegg,3,1,KEGG_GLYCOLYSIS_GLUCONEOGENESIS,43,-4.477160785166465,0.9986140895979083
BRCA,kegg,3,1,KEGG_GLYCOSAMINOGLYCAN_BIOSYNTHESIS_CHONDROITIN_SULFATE,21,-0.9719360689499088,0.9986140895979083
BRCA,kegg,3,1,KEGG_GLYCOSAMINOGLYCAN_BIOSYNTHESIS_HEPARAN_SULFATE,18,-0.622554100096955,0.9986140895979083
BRCA,kegg,3,1,KEGG_GLYCOSAMINOGLYCAN_BIOSYNTHESIS_KERATAN_SULFATE,13,-0.4478548519705627,0.9986140895979083
BRCA,kegg,3,1,KEGG_GLYCOSAMINOGLYCAN_DEGRADATION,18,-0.4301408603166176,0.9986140895979083
BRCA,kegg,3,1,KEGG_GLYCOSPHINGOLIPID_BIOSYNTHESIS_GANGLIO_SERIES,14,-0.4944882329171018,0.9986140895979083
BRCA,kegg,3,1,KEGG_GLYCOSPHINGOLIPID_BIOSYNTHESIS_GLOBO_SERIES,12,0.42606134075003727,0.9986140895979083
BRCA,kegg,3,1,KEGG_GLYCOSPHINGOLIPID_BIOSYNTHESIS_LACTO_AND_NEOLACTO_SERIES,20,-0.6161608868822862,0.9986140895979083
BRCA,kegg,3,1,KEGG_GLYCOSYLPHOSPHATIDYLINOSITOL_GPI_ANCHOR_BIOSYNTHESIS,23,-1.0246506497133094,0.9986140895979083
BRCA,kegg,3,1,KEGG_GLYOXYLATE_AND_DICARBOXYLATE_METABOLISM,13,-1.949183714580261,0.9986140895979083
BRCA,kegg,3,1,KEGG_GNRH_SIGNALING_PATHWAY,80,-0.7676328387424153,0.9986140895979083
BRCA,kegg,3,1,KEGG_GRAFT_VERSUS_HOST_DISEASE,37,12.23208093850678,0.9986140895979083
BRCA,kegg,3,1,KEGG_HEDGEHOG_SIGNALING_PATHWAY,35,-0.5440833182891717,0.9986140895979083
BRCA,kegg,3,1,KEGG_HEMATOPOIETIC_CELL_LINEAGE,68,7.797574762640709,0.9986140895979083
BRCA,kegg,3,1,KEGG_HISTIDINE_METABOLISM,19,2.2347797262298106,0.9986140895979083
BRCA,kegg,3,1,KEGG_HOMOLOGOUS_RECOMBINATION,24,-1.012044283896248,0.9986140895979083
BRCA,kegg,3,1,KEGG_HUNTINGTONS_DISEASE,143,-4.4549175804585985,0.9986140895979083
BRCA,kegg,3,1,KEGG_HYPERTROPHIC_CARDIOMYOPATHY_HCM,61,0.07906327213444725,0.9986140895979083
BRCA,kegg,3,1,KEGG_INOSITOL_PHOSPHATE_METABOLISM,50,-0.16942011627142622,0.9986140895979083
BRCA,kegg,3,1,KEGG_INSULIN_SIGNALING_PATHWAY,115,-1.4644883453150472,0.9986140895979083
BRCA,kegg,3,1,KEGG_INTESTINAL_IMMUNE_NETWORK_FOR_IGA_PRODUCTION,40,10.670229060690016,0.9986140895979083
BRCA,kegg,3,1,KEGG_JAK_STAT_SIGNALING_PATHWAY,109,4.25029708182061,0.9986140895979083
BRCA,kegg,3,1,KEGG_LEISHMANIA_INFECTION,66,10.045750759018347,0.9986140895979083
BRCA,kegg,3,1,KEGG_LEUKOCYTE_TRANSENDOTHELIAL_MIGRATION,93,2.8709897802467976,0.9986140895979083
BRCA,kegg,3,1,KEGG_LINOLEIC_ACID_METABOLISM,10,0.5528698194003944,0.9986140895979083
BRCA,kegg,3,1,KEGG_LONG_TERM_DEPRESSION,49,-1.3300657714612367,0.9986140895979083
BRCA,kegg,3,1,KEGG_LONG_TERM_POTENTIATION,51,-2.4783988081588553,0.9986140895979083
BRCA,kegg,3,1,KEGG_LYSINE_DEGRADATION,39,-1.007181280445875,0.9986140895979083
BRCA,kegg,3,1,KEGG_LYSOSOME,113,-0.3188208163323307,0.9986140895979083
BRCA,kegg,3,1,KEGG_MAPK_SIGNALING_PATHWAY,214,1.5144358876098154,0.9986140895979083
BRCA,kegg,3,1,KEGG_MELANOGENESIS,78,-0.4367724853396676,0.9986140895979083
BRCA,kegg,3,1,KEGG_MELANOMA,56,-2.5814222853031255,0.9986140895979083
BRCA,kegg,3,1,KEGG_METABOLISM_OF_XENOBIOTICS_BY_CYTOCHROME_P450,28,0.48674045562724333,0.9986140895979083
BRCA,kegg,3,1,KEGG_MISMATCH_REPAIR,22,-1.1581299193955308,0.9986140895979083
BRCA,kegg,3,1,KEGG_MTOR_SIGNALING_PATHWAY,41,-1.2253711515445167,0.9986140895979083
BRCA,kegg,3,1,KEGG_NATURAL_KILLER_CELL_MEDIATED_CYTOTOXICITY,106,3.7804223237646983,0.9986140895979083
BRCA,kegg,3,1,KEGG_NEUROACTIVE_LIGAND_RECEPTOR_INTERACTION,104,1.665680626953019,0.9986140895979083
BRCA,kegg,3,1,KEGG_NEUROTROPHIN_SIGNALING_PATHWAY,111,-0.9722594311523864,0.9986140895979083
BRCA,kegg,3,1,KEGG_NICOTINATE_AND_NICOTINAMIDE_METABOLISM,21,0.07800798321049153,0.9986140895979083
BRCA,kegg,3,1,KEGG_NITROGEN_METABOLISM,15,1.116645258044854,0.9986140895979083
BRCA,kegg,3,1,KEGG_NOD_LIKE_RECEPTOR_SIGNALING_PATHWAY,57,2.2396799204320326,0.9986140895979083
BRCA,kegg,3,1,KEGG_NON_HOMOLOGOUS_END_JOINING,11,-0.7603502770183342,0.9986140895979083
BRCA,kegg,3,1,KEGG_NON_SMALL_CELL_LUNG_CANCER,51,-0.2586577997136477,0.9986140895979083
BRCA,kegg,3,1,KEGG_NOTCH_SIGNALING_PATHWAY,44,0.9889950438380395,0.9986140895979083
BRCA,kegg,3,1,KEGG_NUCLEOTIDE_EXCISION_REPAIR,43,-1.3943719433695616,0.9986140895979083
BRCA,kegg,3,1,KEGG_N_GLYCAN_BIOSYNTHESIS,45,-2.2568447431893617,0.9986140895979083
BRCA,kegg,3,1,KEGG_OLFACTORY_TRANSDUCTION,18,-1.4668354980279483,0.9986140895979083
BRCA,kegg,3,1,KEGG_ONE_CARBON_POOL_BY_FOLATE,15,-1.1696469344197298,0.9986140895979083
BRCA,kegg,3,1,KEGG_OOCYTE_MEIOSIS,93,-4.274822336230168,0.9986140895979083
BRCA,kegg,3,1,KEGG_OTHER_GLYCAN_DEGRADATION,13,0.23011405746186456,0.9986140895979083
BRCA,kegg,3,1,KEGG_OXIDATIVE_PHOSPHORYLATION,91,-6.787530828355999,0.9986140895979083
BRCA,kegg,3,1,KEGG_O_GLYCAN_BIOSYNTHESIS,21,1.7255648066877716,0.9986140895979083
BRCA,kegg,3,1,KEGG_P53_SIGNALING_PATHWAY,63,-0.9701421814075212,0.9986140895979083
BRCA,kegg,3,1,KEGG_PANCREATIC_CANCER,68,0.9295728982034936,0.9986140895979083
BRCA,kegg,3,1,KEGG_PANTOTHENATE_AND_COA_BIOSYNTHESIS,13,-0.1350873981142134,0.9986140895979083
BRCA,kegg,3,1,KEGG_PARKINSONS_DISEASE,89,-5.58026799682774,0.9986140895979083
BRCA,kegg,3,1,KEGG_PATHOGENIC_ESCHERICHIA_COLI_INFECTION,49,-2.2950496388096733,0.9986140895979083
BRCA,kegg,3,1,KEGG_PATHWAYS_IN_CANCER,279,0.32120390694102374,0.9986140895979083
BRCA,kegg,3,1,KEGG_PENTOSE_PHOSPHATE_PATHWAY,22,-3.54481201334324,0.9986140895979083
BRCA,kegg,3,1,KEGG_PEROXISOME,71,-0.3990309364935718,0.9986140895979083
BRCA,kegg,3,1,KEGG_PHENYLALANINE_METABOLISM,13,1.5615916889886885,0.9986140895979083
BRCA,kegg,3,1,KEGG_PHOSPHATIDYLINOSITOL_SIGNALING_SYSTEM,68,0.06536799781547774,0.9986140895979083
BRCA,kegg,3,1,KEGG_PORPHYRIN_AND_CHLOROPHYLL_METABOLISM,20,-0.5406585524654316,0.9986140895979083
BRCA,kegg,3,1,KEGG_PPAR_SIGNALING_PATHWAY,52,-0.02420992926978976,0.9986140895979083
BRCA,kegg,3,1,KEGG_PRIMARY_BILE_ACID_BIOSYNTHESIS,11,0.8245942358071527,0.9986140895979083
BRCA,kegg,3,1,KEGG_PRIMARY_IMMUNODEFICIENCY,30,5.6396012737051056,0.9986140895979083
BRCA,kegg,3,1,KEGG_PRION_DISEASES,29,2.2856258047152584,0.9986140895979083
BRCA,kegg,3,1,KEGG_PROGESTERONE_MEDIATED_OOCYTE_MATURATION,72,-2.5781474885500693,0.9986140895979083
BRCA,kegg,3,1,KEGG_PROPANOATE_METABOLISM,28,-0.10965256151029036,0.9986140895979083
BRCA,kegg,3,1,KEGG_PROSTATE_CANCER,83,0.3351588517981136,0.9986140895979083
BRCA,kegg,3,1,KEGG_PROTEASOME,41,-4.037905715598992,0.9986140895979083
BRCA,kegg,3,1,KEGG_PROTEIN_EXPORT,23,-2.8349685616508267,0.9986140895979083
BRCA,kegg,3,1,KEGG_PROXIMAL_TUBULE_BICARBONATE_RECLAMATION,17,1.069130827168417,0.9986140895979083
BRCA,kegg,3,1,KEGG_PURINE_METABOLISM,132,-2.774510740701485,0.9986140895979083
BRCA,kegg,3,1,KEGG_PYRIMIDINE_METABOLISM,90,-2.514238789843621,0.9986140895979083
BRCA,kegg,3,1,KEGG_PYRUVATE_METABOLISM,33,-2.784245162085417,0.9986140895979083
BRCA,kegg,3,1,KEGG_REGULATION_OF_ACTIN_CYTOSKELETON,170,0.1705481520031662,0.9986140895979083
BRCA,kegg,3,1,KEGG_REGULATION_OF_AUTOPHAGY,20,-1.4106889776205618,0.9986140895979083
BRCA,kegg,3,1,KEGG_RENAL_CELL_CARCINOMA,64,0.03070387085810754,0.9986140895979083
BRCA,kegg,3,1,KEGG_RENIN_ANGIOTENSIN_SYSTEM,10,-1.3813034067665717,0.9986140895979083
BRCA,kegg,3,1,KEGG_RETINOL_METABOLISM,17,0.6238870888100791,0.9986140895979083
BRCA,kegg,3,1,KEGG_RIBOFLAVIN_METABOLISM,11,-0.4958202649404982,0.9986140895979083
BRCA,kegg,3,1,KEGG_RIG_I_LIKE_RECEPTOR_SIGNALING_PATHWAY,50,1.9585369932796863,0.9986140895979083
BRCA,kegg,3,1,KEGG_RNA_DEGRADATION,50,-3.097419808870042,0.9986140895979083
BRCA,kegg,3,1,KEGG_RNA_POLYMERASE,28,-1.8267833092354118,0.9986140895979083
BRCA,kegg,3,1,KEGG_SELENOAMINO_ACID_METABOLISM,22,-0.8319457638654141,0.9986140895979083
BRCA,kegg,3,1,KEGG_SMALL_CELL_LUNG_CANCER,78,0.16349366628861967,0.9986140895979083
BRCA,kegg,3,1,KEGG_SNARE_INTERACTIONS_IN_VESICULAR_TRANSPORT,36,-0.4846314700319318,0.9986140895979083
BRCA,kegg,3,1,KEGG_SPHINGOLIPID_METABOLISM,32,2.5395347881070873,0.9986140895979083
BRCA,kegg,3,1,KEGG_SPLICEOSOME,126,-2.560955197285496,0.9986140895979083
BRCA,kegg,3,1,KEGG_STARCH_AND_SUCROSE_METABOLISM,21,-1.98458330262135,0.9986140895979083
BRCA,kegg,3,1,KEGG_STEROID_BIOSYNTHESIS,15,-2.7232668531854385,0.9986140895979083
BRCA,kegg,3,1,KEGG_STEROID_HORMONE_BIOSYNTHESIS,19,-0.7034347748068437,0.9986140895979083
BRCA,kegg,3,1,KEGG_SULFUR_METABOLISM,11,-0.213381080664901,0.9986140895979083
BRCA,kegg,3,1,KEGG_SYSTEMIC_LUPUS_ERYTHEMATOSUS,44,13.472559444636099,0.9986140895979083
BRCA,kegg,3,1,KEGG_TASTE_TRANSDUCTION,13,-2.0182591993474426,0.9986140895979083
BRCA,kegg,3,1,KEGG_TERPENOID_BACKBONE_BIOSYNTHESIS,14,0.2589258606937711,0.9986140895979083
BRCA,kegg,3,1,KEGG_TGF_BETA_SIGNALING_PATHWAY,69,1.4050620665919922,0.9986140895979083
BRCA,kegg,3,1,KEGG_THYROID_CANCER,28,-1.711347192286379,0.9986140895979083
BRCA,kegg,3,1,KEGG_TIGHT_JUNCTION,97,-0.41706588346796925,0.9986140895979083
BRCA,kegg,3,1,KEGG_TOLL_LIKE_RECEPTOR_SIGNALING_PATHWAY,85,3.728612512590126,0.9986140895979083
BRCA,kegg,3,1,KEGG_TRYPTOPHAN_METABOLISM,27,1.9583451485178647,0.9986140895979083
BRCA,kegg,3,1,KEGG_TYPE_II_DIABETES_MELLITUS,34,0.06937597245403981,0.9986140895979083
BRCA,kegg,3,1,KEGG_TYPE_I_DIABETES_MELLITUS,36,11.647470745100026,0.9986140895979083
BRCA,kegg,3,1,KEGG_TYROSINE_METABOLISM,28,1.582032711010315,0.9986140895979083
BRCA,kegg,3,1,KEGG_T_CELL_RECEPTOR_SIGNALING_PATHWAY,101,3.388759572906166,0.9986140895979083
BRCA,kegg,3,1,KEGG_UBIQUITIN_MEDIATED_PROTEOLYSIS,126,-3.0128052127764446,0.9986140895979083
BRCA,kegg,3,1,KEGG_VALINE_LEUCINE_AND_ISOLEUCINE_DEGRADATION,43,0.28632720973023845,0.9986140895979083
BRCA,kegg,3,1,KEGG_VASCULAR_SMOOTH_MUSCLE_CONTRACTION,88,-1.1858802932680066,0.9986140895979083
BRCA,kegg,3,1,KEGG_VASOPRESSIN_REGULATED_WATER_REABSORPTION,39,0.015610993826466354,0.9986140895979083
BRCA,kegg,3,1,KEGG_VEGF_SIGNALING_PATHWAY,63,-0.46477325005351067,0.9986140895979083
BRCA,kegg,3,1,KEGG_VIBRIO_CHOLERAE_INFECTION,47,-4.78764793113939,0.9986140895979083
BRCA,kegg,3,1,KEGG_VIRAL_MYOCARDITIS,57,10.01463489000065,0.9986140895979083
BRCA,kegg,3,1,KEGG_WNT_SIGNALING_PATHWAY,126,0.12453315195652152,0.9986140895979083
BRCA,kegg,3,2,KEGG_ABC_TRANSPORTERS,33,-0.23590614846799907,0.9888263358444169
BRCA,kegg,3,2,KEGG_ACUTE_MYELOID_LEUKEMIA,53,-0.1003593883703823,0.9888263358444169
BRCA,kegg,3,2,KEGG_ADHERENS_JUNCTION,65,-0.008738371755397623,0.9888263358444169
BRCA,kegg,3,2,KEGG_ADIPOCYTOKINE_SIGNALING_PATHWAY,54,0.8054538889578374,0.9888263358444169
BRCA,kegg,3,2,KEGG_ALANINE_ASPARTATE_AND_GLUTAMATE_METABOLISM,25,-1.341615407173189,0.9888263358444169
BRCA,kegg,3,2,KEGG_ALDOSTERONE_REGULATED_SODIUM_REABSORPTION,33,0.22558389289880446,0.9888263358444169
BRCA,kegg,3,2,KEGG_ALLOGRAFT_REJECTION,32,3.0606208854019505,0.9888263358444169
BRCA,kegg,3,2,KEGG_ALPHA_LINOLENIC_ACID_METABOLISM,10,-0.3892615770806614,0.9888263358444169
BRCA,kegg,3,2,KEGG_ALZHEIMERS_DISEASE,128,-2.1826374847990686,0.9888263358444169
BRCA,kegg,3,2,KEGG_AMINOACYL_TRNA_BIOSYNTHESIS,22,-1.5768045416050174,0.9888263358444169
BRCA,kegg,3,2,KEGG_AMINO_SUGAR_AND_NUCLEOTIDE_SUGAR_METABOLISM,39,-1.5765553983705234,0.9888263358444169
BRCA,kegg,3,2,KEGG_AMYOTROPHIC_LATERAL_SCLEROSIS_ALS,41,-0.8130214577455879,0.9888263358444169
BRCA,kegg,3,2,KEGG_ANTIGEN_PROCESSING_AND_PRESENTATION,66,-1.365426654607194,0.9888263358444169
BRCA,kegg,3,2,KEGG_APOPTOSIS,82,-0.23584205683455564,0.9888263358444169
BRCA,kegg,3,2,KEGG_ARACHIDONIC_ACID_METABOLISM,33,3.9015912541705267,0.9888263358444169
BRCA,kegg,3,2,KEGG_ARGININE_AND_PROLINE_METABOLISM,43,0.23942002605007742,0.9888263358444169
BRCA,kegg,3,2,KEGG_ARRHYTHMOGENIC_RIGHT_VENTRICULAR_CARDIOMYOPATHY_ARVC,58,1.697590983239116,0.9888263358444169
BRCA,kegg,3,2,KEGG_ASTHMA,18,5.833617369239186,0.9888263358444169
BRCA,kegg,3,2,KEGG_AUTOIMMUNE_THYROID_DISEASE,33,3.1488001875466005,0.9888263358444169
BRCA,kegg,3,2,KEGG_AXON_GUIDANCE,111,3.066640729832785,0.9888263358444169
BRCA,kegg,3,2,KEGG_BASAL_CELL_CARCINOMA,38,0.7620095996581694,0.9888263358444169
BRCA,kegg,3,2,KEGG_BASAL_TRANSCRIPTION_FACTORS,31,-1.8040785881190426,0.9888263358444169
BRCA,kegg,3,2,KEGG_BASE_EXCISION_REPAIR,33,-1.9331226954321192,0.9888263358444169
BRCA,kegg,3,2,KEGG_BETA_ALANINE_METABOLISM,16,1.6056821518354196,0.9888263358444169
BRCA,kegg,3,2,KEGG_BIOSYNTHESIS_OF_UNSATURATED_FATTY_ACIDS,21,-1.0444885475413217,0.9888263358444169
BRCA,kegg,3,2,KEGG_BLADDER_CANCER,40,-0.5010832579826855,0.9888263358444169
BRCA,kegg,3,2,KEGG_BUTANOATE_METABOLISM,28,1.5726089848902187,0.9888263358444169
BRCA,kegg,3,2,KEGG_B_CELL_RECEPTOR_SIGNALING_PATHWAY,71,1.2522749294510014,0.9888263358444169
BRCA,kegg,3,2,KEGG_CALCIUM_SIGNALING_PATHWAY,112,1.3180815937743857,0.9888263358444169
BRCA,kegg,3,2,KEGG_CARDIAC_MUSCLE_CONTRACTION,51,-1.3700926583970297,0.9888263358444169
BRCA,kegg,3,2,KEGG_CELL_ADHESION_MOLECULES_CAMS,109,4.012598621332873,0.9888263358444169
BRCA,kegg,3,2,KEGG_CELL_CYCLE,116,-7.650926839227779,0.9888263358444169
BRCA,kegg,3,2,KEGG_CHEMOKINE_SIGNALING_PATHWAY,155,1.0751414620733424,0.9888263358444169
BRCA,kegg,3,2,KEGG_CHRONIC_MYELOID_LEUKEMIA,70,0.5820543794263147,0.9888263358444169
BRCA,kegg,3,2,KEGG_CIRCADIAN_RHYTHM_MAMMAL,12,2.278058920037758,0.9888263358444169
BRCA,kegg,3,2,KEGG_CITRATE_CYCLE_TCA_CYCLE,27,-1.6935289841850334,0.9888263358444169
BRCA,kegg,3,2,KEGG_COLORECTAL_CANCER,59,2.0554478312801208,0.9888263358444169
BRCA,kegg,3,2,KEGG_COMPLEMENT_AND_COAGULATION_CASCADES,45,10.647421980020942,0.9888263358444169
BRCA,kegg,3,2,KEGG_CYSTEINE_AND_METHIONINE_METABOLISM,27,-2.3516537225261405,0.9888263358444169
BRCA,kegg,3,2,KEGG_CYTOKINE_CYTOKINE_RECEPTOR_INTERACTION,191,4.97517208764116,0.9888263358444169
BRCA,kegg,3,2,KEGG_CYTOSOLIC_DNA_SENSING_PATHWAY,38,-1.2731582307961442,0.9888263358444169
BRCA,kegg,3,2,KEGG_DILATED_CARDIOMYOPATHY,66,3.0452460066912646,0.9888263358444169
BRCA,kegg,3,2,KEGG_DNA_REPLICATION,35,-4.288806438859937,0.9888263358444169
BRCA,kegg,3,2,KEGG_DORSO_VENTRAL_AXIS_FORMATION,19,0.1030665588315518,0.9888263358444169
BRCA,kegg,3,2,KEGG_DRUG_METABOLISM_CYTOCHROME_P450,29,4.589565118980989,0.9888263358444169
BRCA,kegg,3,2,KEGG_DRUG_METABOLISM_OTHER_ENZYMES,22,-0.28515747347458564,0.9888263358444169
BRCA,kegg,3,2,KEGG_ECM_RECEPTOR_INTERACTION,69,15.057537564640484,0.9888263358444169
BRCA,kegg,3,2,KEGG_ENDOCYTOSIS,166,-1.0861570409292285,0.9888263358444169
BRCA,kegg,3,2,KEGG_ENDOMETRIAL_CANCER,48,-0.7419304129315626,0.9888263358444169
BRCA,kegg,3,2,KEGG_EPITHELIAL_CELL_SIGNALING_IN_HELICOBACTER_PYLORI_INFECTION,61,-0.5300068734543122,0.9888263358444169
BRCA,kegg,3,2,KEGG_ERBB_SIGNALING_PATHWAY,75,0.37202728019397346,0.9888263358444169
BRCA,kegg,3,2,KEGG_ETHER_LIPID_METABOLISM,24,0.8828560048138298,0.9888263358444169
BRCA,kegg,3,2,KEGG_FATTY_ACID_METABOLISM,34,2.3863938760533334,0.9888263358444169
BRCA,kegg,3,2,KEGG_FC_EPSILON_RI_SIGNALING_PATHWAY,64,-0.03083508298826268,0.9888263358444169
BRCA,kegg,3,2,KEGG_FC_GAMMA_R_MEDIATED_PHAGOCYTOSIS,87,0.5891013775452706,0.9888263358444169
BRCA,kegg,3,2,KEGG_FOCAL_ADHESION,176,11.334957955870411,0.9888263358444169
BRCA,kegg,3,2,KEGG_FRUCTOSE_AND_MANNOSE_METABOLISM,28,-0.6406234465516505,0.9888263358444169
BRCA,kegg,3,2,KEGG_GALACTOSE_METABOLISM,21,-0.5029712292173874,0.9888263358444169
BRCA,kegg,3,2,KEGG_GAP_JUNCTION,69,0.16017357129300758,0.9888263358444169
BRCA,kegg,3,2,KEGG_GLIOMA,59,-0.7491330731638887,0.9888263358444169
BRCA,kegg,3,2,KEGG_GLUTATHIONE_METABOLISM,41,1.1310502296735179,0.9888263358444169
BRCA,kegg,3,2,KEGG_GLYCEROLIPID_METABOLISM,39,1.72867279804864,0.9888263358444169
BRCA,kegg,3,2,KEGG_GLYCEROPHOSPHOLIPID_METABOLISM,61,-0.39544345866879405,0.9888263358444169
BRCA,kegg,3,2,KEGG_GLYCINE_SERINE_AND_THREONINE_METABOLISM,22,1.90067482652371,0.9888263358444169
BRCA,kegg,3,2,KEGG_GLYCOLYSIS_GLUCONEOGENESIS,43,-2.205053235725023,0.9888263358444169
BRCA,kegg,3,2,KEGG_GLYCOSAMINOGLYCAN_BIOSYNTHESIS_CHONDROITIN_SULFATE,21,1.3426259158398677,0.9888263358444169
BRCA,kegg,3,2,KEGG_GLYCOSAMINOGLYCAN_BIOSYNTHESIS_HEPARAN_SULFATE,18,0.7262486557809792,0.9888263358444169
BRCA,kegg,3,2,KEGG_GLYCOSAMINOGLYCAN_BIOSYNTHESIS_KERATAN_SULFATE,13,-0.4065106797647636,0.9888263358444169
BRCA,kegg,3,2,KEGG_GLYCOSAMINOGLYCAN_DEGRADATION,18,1.3725831043809356,0.9888263358444169
BRCA,kegg,3,2,KEGG_GLYCOSPHINGOLIPID_BIOSYNTHESIS_GANGLIO_SERIES,14,-0.47290775194679746,0.9888263358444169
BRCA,kegg,3,2,KEGG_GLYCOSPHINGOLIPID_BIOSYNTHESIS_GLOBO_SERIES,12,-0.21003992467642568,0.9888263358444169
BRCA,kegg,3,2,KEGG_GLYCOSPHINGOLIPID_BIOSYNTHESIS_LACTO_AND_NEOLACTO_SERIES,20,-0.8530322573124671,0.9888263358444169
BRCA,kegg,3,2,KEGG_GLYCOSYLPHOSPHATIDYLINOSITOL_GPI_ANCHOR_BIOSYNTHESIS,23,-0.5735612053991405,0.9888263358444169
BRCA,kegg,3,2,KEGG_GLYOXYLATE_AND_DICARBOXYLATE_METABOLISM,13,-1.402509555343676,0.9888263358444169
BRCA,kegg,3,2,KEGG_GNRH_SIGNALING_PATHWAY,80,1.0630346053479436,0.9888263358444169
BRCA,kegg,3,2,KEGG_GRAFT_VERSUS_HOST_DISEASE,37,2.9147135652929124,0.9888263358444169
BRCA,kegg,3,2,KEGG_HEDGEHOG_SIGNALING_PATHWAY,35,0.8966263283537464,0.9888263358444169
BRCA,kegg,3,2,KEGG_HEMATOPOIETIC_CELL_LINEAGE,68,4.247096434174508,0.9888263358444169
BRCA,kegg,3,2,KEGG_HISTIDINE_METABOLISM,19,2.7695046104134144,0.9888263358444169
BRCA,kegg,3,2,KEGG_HOMOLOGOUS_RECOMBINATION,24,-1.9058551635449466,0.9888263358444169
BRCA,kegg,3,2,KEGG_HUNTINGTONS_DISEASE,143,-3.1453236745077326,0.9888263358444169
BRCA,kegg,3,2,KEGG_HYPERTROPHIC_CARDIOMYOPATHY_HCM,61,3.481096561436952,0.9888263358444169
BRCA,kegg,3,2,KEGG_INOSITOL_PHOSPHATE_METABOLISM,50,-0.4111285695920119,0.9888263358444169
BRCA,kegg,3,2,KEGG_INSULIN_SIGNALING_PATHWAY,115,0.13544476260993094,0.9888263358444169
BRCA,kegg,3,2,KEGG_INTESTINAL_IMMUNE_NETWORK_FOR_IGA_PRODUCTION,40,5.012950230727989,0.9888263358444169
BRCA,kegg,3,2,KEGG_JAK_STAT_SIGNALING_PATHWAY,109,1.8642924839140247,0.9888263358444169
BRCA,kegg,3,2,KEGG_LEISHMANIA_INFECTION,66,5.83392497622685,0.9888263358444169
BRCA,kegg,3,2,KEGG_LEUKOCYTE_TRANSENDOTHELIAL_MIGRATION,93,3.7057677021340125,0.9888263358444169
BRCA,kegg,3,2,KEGG_LINOLEIC_ACID_METABOLISM,10,0.15503765141060663,0.9888263358444169
BRCA,kegg,3,2,KEGG_LONG_TERM_DEPRESSION,49,-0.44562431097967037,0.9888263358444169
BRCA,kegg,3,2,KEGG_LONG_TERM_POTENTIATION,51,-1.3791517907303694,0.9888263358444169
BRCA,kegg,3,2,KEGG_LYSINE_DEGRADATION,39,-0.4286089442918066,0.9888263358444169
BRCA,kegg,3,2,KEGG_LYSOSOME,113,1.8914982066497894,0.9888263358444169
BRCA,kegg,3,2,KEGG_MAPK_SIGNALING_PATHWAY,214,3.748330175185222,0.9888263358444169
BRCA,kegg,3,2,KEGG_MELANOGENESIS,78,0.7895542966396364,0.9888263358444169
BRCA,kegg,3,2,KEGG_MELANOMA,56,-0.0038213369057854447,0.9888263358444169
BRCA,kegg,3,2,KEGG_METABOLISM_OF_XENOBIOTICS_BY_CYTOCHROME_P450,28,3.0250352055588,0.9888263358444169
BRCA,kegg,3,2,KEGG_MISMATCH_REPAIR,22,-2.8832890960529425,0.9888263358444169
BRCA,kegg,3,2,KEGG_MTOR_SIGNALING_PATHWAY,41,0.113817214590344,0.9888263358444169
BRCA,kegg,3,2,KEGG_NATURAL_KILLER_CELL_MEDIATED_CYTOTOXICITY,106,0.02114604640702294,0.9888263358444169
BRCA,kegg,3,2,KEGG_NEUROACTIVE_LIGAND_RECEPTOR_INTERACTION,104,2.7991703733502407,0.9888263358444169
BRCA,kegg,3,2,KEGG_NEUROTROPHIN_SIGNALING_PATHWAY,111,-0.7369070064102022,0.9888263358444169
BRCA,kegg,3,2,KEGG_NICOTINATE_AND_NICOTINAMIDE_METABOLISM,21,0.8552793353046796,0.9888263358444169
BRCA,kegg,3,2,KEGG_NITROGEN_METABOLISM,15,-0.3419606926170245,0.9888263358444169
BRCA,kegg,3,2,KEGG_NOD_LIKE_RECEPTOR_SIGNALING_PATHWAY,57,-1.2398244641410463,0.9888263358444169
BRCA,kegg,3,2,KEGG_NON_HOMOLOGOUS_END_JOINING,11,-1.50435437555815,0.9888263358444169
BRCA,kegg,3,2,KEGG_NON_SMALL_CELL_LUNG_CANCER,51,-1.013528310890828,0.9888263358444169
BRCA,kegg,3,2,KEGG_NOTCH_SIGNALING_PATHWAY,44,0.46763734792624306,0.9888263358444169
BRCA,kegg,3,2,KEGG_NUCLEOTIDE_EXCISION_REPAIR,43,-2.427016225344264,0.9888263358444169
BRCA,kegg,3,2,KEGG_N_GLYCAN_BIOSYNTHESIS,45,-2.0235518630857854,0.9888263358444169
BRCA,kegg,3,2,KEGG_OLFACTORY_TRANSDUCTION,18,0.16527476311168826,0.9888263358444169
BRCA,kegg,3,2,KEGG_ONE_CARBON_POOL_BY_FOLATE,15,-1.7309029352399843,0.9888263358444169
BRCA,kegg,3,2,KEGG_OOCYTE_MEIOSIS,93,-5.1639677032653175,0.9888263358444169
BRCA,kegg,3,2,KEGG_OTHER_GLYCAN_DEGRADATION,13,0.7058176530097061,0.9888263358444169
BRCA,kegg,3,2,KEGG_OXIDATIVE_PHOSPHORYLATION,91,-3.334244496359368,0.9888263358444169
BRCA,kegg,3,2,KEGG_O_GLYCAN_BIOSYNTHESIS,21,1.4608291188926632,0.9888263358444169
BRCA,kegg,3,2,KEGG_P53_SIGNALING_PATHWAY,63,-1.2968611961775525,0.9888263358444169
BRCA,kegg,3,2,KEGG_PANCREATIC_CANCER,68,0.6516186275934113,0.9888263358444169
BRCA,kegg,3,2,KEGG_PANTOTHENATE_AND_COA_BIOSYNTHESIS,13,-0.15243017313001866,0.9888263358444169
BRCA,kegg,3,2,KEGG_PARKINSONS_DISEASE,89,-3.782963543840272,0.9888263358444169
BRCA,kegg,3,2,KEGG_PATHOGENIC_ESCHERICHIA_COLI_INFECTION,49,-2.127194646357781,0.9888263358444169
BRCA,kegg,3,2,KEGG_PATHWAYS_IN_CANCER,279,2.518103993219105,0.9888263358444169
BRCA,kegg,3,2,KEGG_PENTOSE_PHOSPHATE_PATHWAY,22,-1.9829218691879449,0.9888263358444169
BRCA,kegg,3,2,KEGG_PEROXISOME,71,1.0374099583221321,0.9888263358444169
BRCA,kegg,3,2,KEGG_PHENYLALANINE_METABOLISM,13,3.0735793847112376,0.9888263358444169
BRCA,kegg,3,2,KEGG_PHOSPHATIDYLINOSITOL_SIGNALING_SYSTEM,68,-0.30925271912857105,0.9888263358444169
BRCA,kegg,3,2,KEGG_PORPHYRIN_AND_CHLOROPHYLL_METABOLISM,20,0.9117222540749716,0.9888263358444169
BRCA,kegg,3,2,KEGG_PPAR_SIGNALING_PATHWAY,52,3.6269820518038625,0.9888263358444169
BRCA,kegg,3,2,KEGG_PRIMARY_BILE_ACID_BIOSYNTHESIS,11,1.1427092384840913,0.9888263358444169
BRCA,kegg,3,2,KEGG_PRIMARY_IMMUNODEFICIENCY,30,-0.9122108558177332,0.9888263358444169
BRCA,kegg,3,2,KEGG_PRION_DISEASES,29,2.1634599764064286,0.9888263358444169
BRCA,kegg,3,2,KEGG_PROGESTERONE_MEDIATED_OOCYTE_MATURATION,72,-3.5570825163319615,0.9888263358444169
BRCA,kegg,3,2,KEGG_PROPANOATE_METABOLISM,28,0.8500972038899574,0.9888263358444169
BRCA,kegg,3,2,KEGG_PROSTATE_CANCER,83,0.3430743267401297,0.9888263358444169
BRCA,kegg,3,2,KEGG_PROTEASOME,41,-6.680275154722648,0.9888263358444169
BRCA,kegg,3,2,KEGG_PROTEIN_EXPORT,23,-3.5132292840289305,0.9888263358444169
BRCA,kegg,3,2,KEGG_PROXIMAL_TUBULE_BICARBONATE_RECLAMATION,17,1.631486151462021,0.9888263358444169
BRCA,kegg,3,2,KEGG_PURINE_METABOLISM,132,-2.6374230911437757,0.9888263358444169
BRCA,kegg,3,2,KEGG_PYRIMIDINE_METABOLISM,90,-3.3644073713875144,0.9888263358444169
BRCA,kegg,3,2,KEGG_PYRUVATE_METABOLISM,33,-1.239349758603539,0.9888263358444169
BRCA,kegg,3,2,KEGG_REGULATION_OF_ACTIN_CYTOSKELETON,170,3.2287357650170376,0.9888263358444169
BRCA,kegg,3,2,KEGG_REGULATION_OF_AUTOPHAGY,20,-0.3326815428885296,0.9888263358444169
BRCA,kegg,3,2,KEGG_RENAL_CELL_CARCINOMA,64,1.1359029872789554,0.9888263358444169
BRCA,kegg,3,2,KEGG_RENIN_ANGIOTENSIN_SYSTEM,10,-0.3757169740021797,0.9888263358444169
BRCA,kegg,3,2,KEGG_RETINOL_METABOLISM,17,1.827895476412215,0.9888263358444169
BRCA,kegg,3,2,KEGG_RIBOFLAVIN_METABOLISM,11,-0.35002363274446435,0.9888263358444169
BRCA,kegg,3,2,KEGG_RIG_I_LIKE_RECEPTOR_SIGNALING_PATHWAY,50,-2.1543180896029783,0.9888263358444169
BRCA,kegg,3,2,KEGG_RNA_DEGRADATION,50,-4.012826375747958,0.9888263358444169
BRCA,kegg,3,2,KEGG_RNA_POLYMERASE,28,-2.1093139390779463,0.9888263358444169
BRCA,kegg,3,2,KEGG_SELENOAMINO_ACID_METABOLISM,22,-0.6072574145564656,0.9888263358444169
BRCA,kegg,3,2,KEGG_SMALL_CELL_LUNG_CANCER,78,0.8788779830321692,0.9888263358444169
BRCA,kegg,3,2,KEGG_SNARE_INTERACTIONS_IN_VESICULAR_TRANSPORT,36,0.17735737995292788,0.9888263358444169
BRCA,kegg,3,2,KEGG_SPHINGOLIPID_METABOLISM,32,1.8996155945542679,0.9888263358444169
BRCA,kegg,3,2,KEGG_SPLICEOSOME,126,-6.0571981793598715,0.9888263358444169
BRCA,kegg,3,2,KEGG_STARCH_AND_SUCROSE_METABOLISM,21,-0.6251730019354562,0.9888263358444169
BRCA,kegg,3,2,KEGG_STEROID_BIOSYNTHESIS,15,-1.6068400435405696,0.9888263358444169
BRCA,kegg,3,2,KEGG_STEROID_HORMONE_BIOSYNTHESIS,19,0.7142945097891878,0.9888263358444169
BRCA,kegg,3,2,KEGG_SULFUR_METABOLISM,11,-0.7602224792901832,0.9888263358444169
BRCA,kegg,3,2,KEGG_SYSTEMIC_LUPUS_ERYTHEMATOSUS,44,6.5631834426476345,0.9888263358444169
BRCA,kegg,3,2,KEGG_TASTE_TRANSDUCTION,13,-0.8549286345260512,0.9888263358444169
BRCA,kegg,3,2,KEGG_TERPENOID_BACKBONE_BIOSYNTHESIS,14,0.2317680801979093,0.9888263358444169
BRCA,kegg,3,2,KEGG_TGF_BETA_SIGNALING_PATHWAY,69,5.025433348799806,0.9888263358444169
BRCA,kegg,3,2,KEGG_THYROID_CANCER,28,-2.39105408292323,0.9888263358444169
BRCA,kegg,3,2,KEGG_TIGHT_JUNCTION,97,0.05660325449840562,0.9888263358444169
BRCA,kegg,3,2,KEGG_TOLL_LIKE_RECEPTOR_SIGNALING_PATHWAY,85,0.5745503438492854,0.9888263358444169
BRCA,kegg,3,2,KEGG_TRYPTOPHAN_METABOLISM,27,2.278903102062108,0.9888263358444169
BRCA,kegg,3,2,KEGG_TYPE_II_DIABETES_MELLITUS,34,0.5745546334149773,0.9888263358444169
BRCA,kegg,3,2,KEGG_TYPE_I_DIABETES_MELLITUS,36,3.1194735810499004,0.9888263358444169
BRCA,kegg,3,2,KEGG_TYROSINE_METABOLISM,28,4.148525434028509,0.9888263358444169
BRCA,kegg,3,2,KEGG_T_CELL_RECEPTOR_SIGNALING_PATHWAY,101,0.7240734673154012,0.9888263358444169
BRCA,kegg,3,2,KEGG_UBIQUITIN_MEDIATED_PROTEOLYSIS,126,-4.533742992495884,0.9888263358444169
BRCA,kegg,3,2,KEGG_VALINE_LEUCINE_AND_ISOLEUCINE_DEGRADATION,43,1.9291671559913928,0.9888263358444169
BRCA,kegg,3,2,KEGG_VASCULAR_SMOOTH_MUSCLE_CONTRACTION,88,2.6400985834045048,0.9888263358444169
BRCA,kegg,3,2,KEGG_VASOPRESSIN_REGULATED_WATER_REABSORPTION,39,1.3384262532045115,0.9888263358444169
BRCA,kegg,3,2,KEGG_VEGF_SIGNALING_PATHWAY,63,-0.3903952482641375,0.9888263358444169
BRCA,kegg,3,2,KEGG_VIBRIO_CHOLERAE_INFECTION,47,-2.639005694888769,0.9888263358444169
BRCA,kegg,3,2,KEGG_VIRAL_MYOCARDITIS,57,3.0768299965513095,0.9888263358444169
BRCA,kegg,3,2,KEGG_WNT_SIGNALING_PATHWAY,126,1.0850874545136262,0.9888263358444169
BRCA,kegg,3,3,KEGG_ABC_TRANSPORTERS,33,-0.7512979057061977,0.972012876202808
BRCA,kegg,3,3,KEGG_ACUTE_MYELOID_LEUKEMIA,53,1.6281477582401864,0.972012876202808
BRCA,kegg,3,3,KEGG_ADHERENS_JUNCTION,65,4.271741615416051,0.972012876202808
BRCA,kegg,3,3,KEGG_ADIPOCYTOKINE_SIGNALING_PATHWAY,54,1.24639871078635,0.972012876202808
BRCA,kegg,3,3,KEGG_ALANINE_ASPARTATE_AND_GLUTAMATE_METABOLISM,25,-0.4510909802720684,0.972012876202808
BRCA,kegg,3,3,KEGG_ALDOSTERONE_REGULATED_SODIUM_REABSORPTION,33,2.044207923548699,0.972012876202808
BRCA,kegg,3,3,KEGG_ALLOGRAFT_REJECTION,32,2.947485212540969,0.972012876202808
BRCA,kegg,3,3,KEGG_ALPHA_LINOLENIC_ACID_METABOLISM,10,0.062281531924454604,0.972012876202808
BRCA,kegg,3,3,KEGG_ALZHEIMERS_DISEASE,128,-5.317075888723739,0.972012876202808
BRCA,kegg,3,3,KEGG_AMINOACYL_TRNA_BIOSYNTHESIS,22,-1.0162541005776895,0.972012876202808
BRCA,kegg,3,3,KEGG_AMINO_SUGAR_AND_NUCLEOTIDE_SUGAR_METABOLISM,39,-1.362973479645445,0.972012876202808
BRCA,kegg,3,3,KEGG_AMYOTROPHIC_LATERAL_SCLEROSIS_ALS,41,-0.25036886037056516,0.972012876202808
BRCA,kegg,3,3,KEGG_ANTIGEN_PROCESSING_AND_PRESENTATION,66,-0.12068169127158437,0.972012876202808
BRCA,kegg,3,3,KEGG_APOPTOSIS,82,1.8065481671286434,0.972012876202808
BRCA,kegg,3,3,KEGG_ARACHIDONIC_ACID_METABOLISM,33,1.361315433791293,0.972012876202808
BRCA,kegg,3,3,KEGG_ARGININE_AND_PROLINE_METABOLISM,43,-1.3688255637270335,0.972012876202808
BRCA,kegg,3,3,KEGG_ARRHYTHMOGENIC_RIGHT_VENTRICULAR_CARDIOMYOPATHY_ARVC,58,4.481887092252245,0.972012876202808
BRCA,kegg,3,3,KEGG_ASTHMA,18,5.386383148660947,0.972012876202808
BRCA,kegg,3,3,KEGG_AUTOIMMUNE_THYROID_DISEASE,33,2.6390786452937163,0.972012876202808
BRCA,kegg,3,3,KEGG_AXON_GUIDANCE,111,2.970986716691487,0.972012876202808
BRCA,kegg,3,3,KEGG_BASAL_CELL_CARCINOMA,38,2.1078500248661074,0.972012876202808
BRCA,kegg,3,3,KEGG_BASAL_TRANSCRIPTION_FACTORS,31,0.030490110312043694,0.972012876202808
BRCA,kegg,3,3,KEGG_BASE_EXCISION_REPAIR,33,-0.7526732832658702,0.972012876202808
BRCA,kegg,3,3,KEGG_BETA_ALANINE_METABOLISM,16,-0.21553160925793932,0.972012876202808
BRCA,kegg,3,3,KEGG_BIOSYNTHESIS_OF_UNSATURATED_FATTY_ACIDS,21,-1.2136374023145122,0.972012876202808
BRCA,kegg,3,3,KEGG_BLADDER_CANCER,40,0.3063606094141112,0.972012876202808
BRCA,kegg,3,3,KEGG_BUTANOATE_METABOLISM,28,-0.9548509184716163,0.972012876202808
BRCA,kegg,3,3,KEGG_B_CELL_RECEPTOR_SIGNALING_PATHWAY,71,3.0860992083312464,0.972012876202808
BRCA,kegg,3,3,KEGG_CALCIUM_SIGNALING_PATHWAY,112,1.3390749276800185,0.972012876202808
BRCA,kegg,3,3,KEGG_CARDIAC_MUSCLE_CONTRACTION,51,-3.6020386468859176,0.972012876202808
BRCA,kegg,3,3,KEGG_CELL_ADHESION_MOLECULES_CAMS,109,5.732568630793402,0.972012876202808
BRCA,kegg,3,3,KEGG_CELL_CYCLE,116,3.4371198275618675,0.972012876202808
BRCA,kegg,3,3,KEGG_CHEMOKINE_SIGNALING_PATHWAY,155,5.484019207297866,0.972012876202808
BRCA,kegg,3,3,KEGG_CHRONIC_MYELOID_LEUKEMIA,70,1.7074915157802355,0.972012876202808
BRCA,kegg,3,3,KEGG_CIRCADIAN_RHYTHM_MAMMAL,12,-0.32685082068516036,0.972012876202808
BRCA,kegg,3,3,KEGG_CITRATE_CYCLE_TCA_CYCLE,27,-1.8212377268446291,0.972012876202808
BRCA,kegg,3,3,KEGG_COLORECTAL_CANCER,59,3.5132106890951538,0.972012876202808
BRCA,kegg,3,3,KEGG_COMPLEMENT_AND_COAGULATION_CASCADES,45,5.179782958822394,0.972012876202808
BRCA,kegg,3,3,KEGG_CYSTEINE_AND_METHIONINE_METABOLISM,27,-0.11822195810865689,0.972012876202808
BRCA,kegg,3,3,KEGG_CYTOKINE_CYTOKINE_RECEPTOR_INTERACTION,191,7.074807310285051,0.972012876202808
BRCA,kegg,3,3,KEGG_CYTOSOLIC_DNA_SENSING_PATHWAY,38,0.37584138469875916,0.972012876202808
BRCA,kegg,3,3,KEGG_DILATED_CARDIOMYOPATHY,66,3.4284861458061835,0.972012876202808
BRCA,kegg,3,3,KEGG_DNA_REPLICATION,35,1.7063222557444198,0.972012876202808
BRCA,kegg,3,3,KEGG_DORSO_VENTRAL_AXIS_FORMATION,19,3.4589975424618182,0.972012876202808
BRCA,kegg,3,3,KEGG_DRUG_METABOLISM_CYTOCHROME_P450,29,1.3670375824049303,0.972012876202808
BRCA,kegg,3,3,KEGG_DRUG_METABOLISM_OTHER_ENZYMES,22,-1.2863317030745227,0.972012876202808
BRCA,kegg,3,3,KEGG_ECM_RECEPTOR_INTERACTION,69,8.460223950182977,0.972012876202808
BRCA,kegg,3,3,KEGG_ENDOCYTOSIS,166,-2.188300223340107,0.972012876202808
BRCA,kegg,3,3,KEGG_ENDOMETRIAL_CANCER,48,0.3834166139739709,0.972012876202808
BRCA,kegg,3,3,KEGG_EPITHELIAL_CELL_SIGNALING_IN_HELICOBACTER_PYLORI_INFECTION,61,0.031680110262778935,0.972012876202808
BRCA,kegg,3,3,KEGG_ERBB_SIGNALING_PATHWAY,75,0.5729291510882234,0.972012876202808
BRCA,kegg,3,3,KEGG_ETHER_LIPID_METABOLISM,24,1.5683673343585016,0.972012876202808
BRCA,kegg,3,3,KEGG_FATTY_ACID_METABOLISM,34,-1.0188079845592475,0.972012876202808
BRCA,kegg,3,3,KEGG_FC_EPSILON_RI_SIGNALING_PATHWAY,64,2.1329820003652737,0.972012876202808
BRCA,kegg,3,3,KEGG_FC_GAMMA_R_MEDIATED_PHAGOCYTOSIS,87,3.7156405108766206,0.972012876202808
BRCA,kegg,3,3,KEGG_FOCAL_ADHESION,176,8.587790317944801,0.972012876202808
BRCA,kegg,3,3,KEGG_FRUCTOSE_AND_MANNOSE_METABOLISM,28,-1.9825271057492604,0.972012876202808
BRCA,kegg,3,3,KEGG_GALACTOSE_METABOLISM,21,0.15185608046838814,0.972012876202808
BRCA,kegg,3,3,KEGG_GAP_JUNCTION,69,2.417830160404943,0.972012876202808
BRCA,kegg,3,3,KEGG_GLIOMA,59,1.833609465625212,0.972012876202808
BRCA,kegg,3,3,KEGG_GLUTATHIONE_METABOLISM,41,0.017497535788920115,0.972012876202808
BRCA,kegg,3,3,KEGG_GLYCEROLIPID_METABOLISM,39,0.7693372193786263,0.972012876202808
BRCA,kegg,3,3,KEGG_GLYCEROPHOSPHOLIPID_METABOLISM,61,-0.5898252657330447,0.972012876202808
BRCA,kegg,3,3,KEGG_GLYCINE_SERINE_AND_THREONINE_METABOLISM,22,0.7250216205853378,0.972012876202808
BRCA,kegg,3,3,KEGG_GLYCOLYSIS_GLUCONEOGENESIS,43,-2.079964341775003,0.972012876202808
BRCA,kegg,3,3,KEGG_GLYCOSAMINOGLYCAN_BIOSYNTHESIS_CHONDROITIN_SULFATE,21,0.009128923726977989,0.972012876202808
BRCA,kegg,3,3,KEGG_GLYCOSAMINOGLYCAN_BIOSYNTHESIS_HEPARAN_SULFATE,18,-0.5537627546826762,0.972012876202808
BRCA,kegg,3,3,KEGG_GLYCOSAMINOGLYCAN_BIOSYNTHESIS_KERATAN_SULFATE,13,-0.5408560503393302,0.972012876202808
BRCA,kegg,3,3,KEGG_GLYCOSAMINOGLYCAN_DEGRADATION,18,-0.27455895130242514,0.972012876202808
BRCA,kegg,3,3,KEGG_GLYCOSPHINGOLIPID_BIOSYNTHESIS_GANGLIO_SERIES,14,-0.9099239344998026,0.972012876202808
BRCA,kegg,3,3,KEGG_GLYCOSPHINGOLIPID_BIOSYNTHESIS_GLOBO_SERIES,12,-0.2954734012740971,0.972012876202808
BRCA,kegg,3,3,KEGG_GLYCOSPHINGOLIPID_BIOSYNTHESIS_LACTO_AND_NEOLACTO_SERIES,20,0.568787467526282,0.972012876202808
BRCA,kegg,3,3,KEGG_GLYCOSYLPHOSPHATIDYLINOSITOL_GPI_ANCHOR_BIOSYNTHESIS,23,-2.7269034393041096,0.972012876202808
BRCA,kegg,3,3,KEGG_GLYOXYLATE_AND_DICARBOXYLATE_METABOLISM,13,-0.5976519610781184,0.972012876202808
BRCA,kegg,3,3,KEGG_GNRH_SIGNALING_PATHWAY,80,2.0518488226287537,0.972012876202808
BRCA,kegg,3,3,KEGG_GRAFT_VERSUS_HOST_DISEASE,37,2.6454534683312607,0.972012876202808
BRCA,kegg,3,3,KEGG_HEDGEHOG_SIGNALING_PATHWAY,35,0.4658557980410438,0.972012876202808
BRCA,kegg,3,3,KEGG_HEMATOPOIETIC_CELL_LINEAGE,68,6.954690123946321,0.972012876202808
BRCA,kegg,3,3,KEGG_HISTIDINE_METABOLISM,19,-0.39561760241507987,0.972012876202808
BRCA,kegg,3,3,KEGG_HOMOLOGOUS_RECOMBINATION,24,0.2463209280567798,0.972012876202808
BRCA,kegg,3,3,KEGG_HUNTINGTONS_DISEASE,143,-8.470729921172813,0.972012876202808
BRCA,kegg,3,3,KEGG_HYPERTROPHIC_CARDIOMYOPATHY_HCM,61,3.501612420853012,0.972012876202808
BRCA,kegg,3,3,KEGG_INOSITOL_PHOSPHATE_METABOLISM,50,0.005119144159501582,0.972012876202808
BRCA,kegg,3,3,KEGG_INSULIN_SIGNALING_PATHWAY,115,-0.3017954438246852,0.972012876202808
BRCA,kegg,3,3,KEGG_INTESTINAL_IMMUNE_NETWORK_FOR_IGA_PRODUCTION,40,5.3380383943002245,0.972012876202808
BRCA,kegg,3,3,KEGG_JAK_STAT_SIGNALING_PATHWAY,109,3.8888216213255227,0.972012876202808
BRCA,kegg,3,3,KEGG_LEISHMANIA_INFECTION,66,6.499463701593502,0.972012876202808
BRCA,kegg,3,3,KEGG_LEUKOCYTE_TRANSENDOTHELIAL_MIGRATION,93,6.326089519853711,0.972012876202808
BRCA,kegg,3,3,KEGG_LINOLEIC_ACID_METABOLISM,10,0.7882139908476681,0.972012876202808
BRCA,kegg,3,3,KEGG_LONG_TERM_DEPRESSION,49,0.8631850941876315,0.972012876202808
BRCA,kegg,3,3,KEGG_LONG_TERM_POTENTIATION,51,1.7413425262704412,0.972012876202808
BRCA,kegg,3,3,KEGG_LYSINE_DEGRADATION,39,0.3680762011600523,0.972012876202808
BRCA,kegg,3,3,KEGG_LYSOSOME,113,-3.149156214120197,0.972012876202808
BRCA,kegg,3,3,KEGG_MAPK_SIGNALING_PATHWAY,214,2.9721906691618414,0.972012876202808
BRCA,kegg,3,3,KEGG_MELANOGENESIS,78,2.2584436129953116,0.972012876202808
BRCA,kegg,3,3,KEGG_MELANOMA,56,1.3578296367645126,0.972012876202808
BRCA,kegg,3,3,KEGG_METABOLISM_OF_XENOBIOTICS_BY_CYTOCHROME_P450,28,0.8559027174807045,0.972012876202808
BRCA,kegg,3,3,KEGG_MISMATCH_REPAIR,22,0.9915961260569653,0.972012876202808
BRCA,kegg,3,3,KEGG_MTOR_SIGNALING_PATHWAY,41,1.1317474640754792,0.972012876202808
BRCA,kegg,3,3,KEGG_NATURAL_KILLER_CELL_MEDIATED_CYTOTOXICITY,106,1.90426172732464,0.972012876202808
BRCA,kegg,3,3,KEGG_NEUROACTIVE_LIGAND_RECEPTOR_INTERACTION,104,2.1667719315381464,0.972012876202808
BRCA,kegg,3,3,KEGG_NEUROTROPHIN_SIGNALING_PATHWAY,111,1.9869484166489568,0.972012876202808
BRCA,kegg,3,3,KEGG_NICOTINATE_AND_NICOTINAMIDE_METABOLISM,21,0.648994374723994,0.972012876202808
BRCA,kegg,3,3,KEGG_NITROGEN_METABOLISM,15,-0.4249187353212971,0.972012876202808
BRCA,kegg,3,3,KEGG_NOD_LIKE_RECEPTOR_SIGNALING_PATHWAY,57,2.4015825052658797,0.972012876202808
BRCA,kegg,3,3,KEGG_NON_HOMOLOGOUS_END_JOINING,11,0.5289089375680707,0.972012876202808
BRCA,kegg,3,3,KEGG_NON_SMALL_CELL_LUNG_CANCER,51,0.5442574440205504,0.972012876202808
BRCA,kegg,3,3,KEGG_NOTCH_SIGNALING_PATHWAY,44,0.6740918043991817,0.972012876202808
BRCA,kegg,3,3,KEGG_NUCLEOTIDE_EXCISION_REPAIR,43,-0.5013612903209111,0.972012876202808
BRCA,kegg,3,3,KEGG_N_GLYCAN_BIOSYNTHESIS,45,-2.367087080296415,0.972012876202808
BRCA,kegg,3,3,KEGG_OLFACTORY_TRANSDUCTION,18,1.5301038325948637,0.972012876202808
BRCA,kegg,3,3,KEGG_ONE_CARBON_POOL_BY_FOLATE,15,0.7838536188325282,0.972012876202808
BRCA,kegg,3,3,KEGG_OOCYTE_MEIOSIS,93,1.3733485746865974,0.972012876202808
BRCA,kegg,3,3,KEGG_OTHER_GLYCAN_DEGRADATION,13,-1.3976342144857592,0.972012876202808
BRCA,kegg,3,3,KEGG_OXIDATIVE_PHOSPHORYLATION,91,-9.809781003662968,0.972012876202808
BRCA,kegg,3,3,KEGG_O_GLYCAN_BIOSYNTHESIS,21,-0.5422623727995076,0.972012876202808
BRCA,kegg,3,3,KEGG_P53_SIGNALING_PATHWAY,63,2.8399926469867185,0.972012876202808
BRCA,kegg,3,3,KEGG_PANCREATIC_CANCER,68,1.598086490625872,0.972012876202808
BRCA,kegg,3,3,KEGG_PANTOTHENATE_AND_COA_BIOSYNTHESIS,13,-1.4988162824519635,0.972012876202808
BRCA,kegg,3,3,KEGG_PARKINSONS_DISEASE,89,-8.88868084057915,0.972012876202808
BRCA,kegg,3,3,KEGG_PATHOGENIC_ESCHERICHIA_COLI_INFECTION,49,2.539735775631926,0.972012876202808
BRCA,kegg,3,3,KEGG_PATHWAYS_IN_CANCER,279,6.320470987360572,0.972012876202808
BRCA,kegg,3,3,KEGG_PENTOSE_PHOSPHATE_PATHWAY,22,-0.9894051433270067,0.972012876202808
BRCA,kegg,3,3,KEGG_PEROXISOME,71,-3.611371614737191,0.972012876202808
BRCA,kegg,3,3,KEGG_PHENYLALANINE_METABOLISM,13,-0.487961473817015,0.972012876202808
BRCA,kegg,3,3,KEGG_PHOSPHATIDYLINOSITOL_SIGNALING_SYSTEM,68,1.428055031444628,0.972012876202808
BRCA,kegg,3,3,KEGG_PORPHYRIN_AND_CHLOROPHYLL_METABOLISM,20,-2.605056150922992,0.972012876202808
BRCA,kegg,3,3,KEGG_PPAR_SIGNALING_PATHWAY,52,2.2664499560933935,0.972012876202808
BRCA,kegg,3,3,KEGG_PRIMARY_BILE_ACID_BIOSYNTHESIS,11,-0.32421280495934246,0.972012876202808
BRCA,kegg,3,3,KEGG_PRIMARY_IMMUNODEFICIENCY,30,4.020708908197236,0.972012876202808
BRCA,kegg,3,3,KEGG_PRION_DISEASES,29,1.9767995856668066,0.972012876202808
BRCA,kegg,3,3,KEGG_PROGESTERONE_MEDIATED_OOCYTE_MATURATION,72,0.9978769968954506,0.972012876202808
BRCA,kegg,3,3,KEGG_PROPANOATE_METABOLISM,28,-1.057821720088639,0.972012876202808
BRCA,kegg,3,3,KEGG_PROSTATE_CANCER,83,1.0378473663310663,0.972012876202808
BRCA,kegg,3,3,KEGG_PROTEASOME,41,-6.599309575340425,0.972012876202808
BRCA,kegg,3,3,KEGG_PROTEIN_EXPORT,23,-2.8483225432459887,0.972012876202808
BRCA,kegg,3,3,KEGG_PROXIMAL_TUBULE_BICARBONATE_RECLAMATION,17,1.5367943643499866,0.972012876202808
BRCA,kegg,3,3,KEGG_PURINE_METABOLISM,132,-2.2194478666097064,0.972012876202808
BRCA,kegg,3,3,KEGG_PYRIMIDINE_METABOLISM,90,-3.2855480167241287,0.972012876202808
BRCA,kegg,3,3,KEGG_PYRUVATE_METABOLISM,33,-1.0643921216500127,0.972012876202808
BRCA,kegg,3,3,KEGG_REGULATION_OF_ACTIN_CYTOSKELETON,170,6.548799264858033,0.972012876202808
BRCA,kegg,3,3,KEGG_REGULATION_OF_AUTOPHAGY,20,-0.19350223949701992,0.972012876202808
BRCA,kegg,3,3,KEGG_RENAL_CELL_CARCINOMA,64,3.090544631217227,0.972012876202808
BRCA,kegg,3,3,KEGG_RENIN_ANGIOTENSIN_SYSTEM,10,0.6331858623739646,0.972012876202808
BRCA,kegg,3,3,KEGG_RETINOL_METABOLISM,17,0.34001011252403995,0.972012876202808
BRCA,kegg,3,3,KEGG_RIBOFLAVIN_METABOLISM,11,-1.885501375443455,0.972012876202808
BRCA,kegg,3,3,KEGG_RIG_I_LIKE_RECEPTOR_SIGNALING_PATHWAY,50,-0.8975882715200678,0.972012876202808
BRCA,kegg,3,3,KEGG_RNA_DEGRADATION,50,0.1931985605290363,0.972012876202808
BRCA,kegg,3,3,KEGG_RNA_POLYMERASE,28,-2.1886294717549957,0.972012876202808
BRCA,kegg,3,3,KEGG_SELENOAMINO_ACID_METABOLISM,22,-0.4388028704176751,0.972012876202808
BRCA,kegg,3,3,KEGG_SMALL_CELL_LUNG_CANCER,78,4.456629941098157,0.972012876202808
BRCA,kegg,3,3,KEGG_SNARE_INTERACTIONS_IN_VESICULAR_TRANSPORT,36,-1.2608378193493728,0.972012876202808
BRCA,kegg,3,3,KEGG_SPHINGOLIPID_METABOLISM,32,-1.5699767575099743,0.972012876202808
BRCA,kegg,3,3,KEGG_SPLICEOSOME,126,-1.1921158355908814,0.972012876202808
BRCA,kegg,3,3,KEGG_STARCH_AND_SUCROSE_METABOLISM,21,-0.3300168580137679,0.972012876202808
BRCA,kegg,3,3,KEGG_STEROID_BIOSYNTHESIS,15,-2.8296366683331486,0.972012876202808
BRCA,kegg,3,3,KEGG_STEROID_HORMONE_BIOSYNTHESIS,19,0.39257370203609054,0.972012876202808
BRCA,kegg,3,3,KEGG_SULFUR_METABOLISM,11,-0.12828326458380293,0.972012876202808
BRCA,kegg,3,3,KEGG_SYSTEMIC_LUPUS_ERYTHEMATOSUS,44,5.081467884315125,0.972012876202808
BRCA,kegg,3,3,KEGG_TASTE_TRANSDUCTION,13,0.06259520586513181,0.972012876202808
BRCA,kegg,3,3,KEGG_TERPENOID_BACKBONE_BIOSYNTHESIS,14,-1.5298819417459282,0.972012876202808
BRCA,kegg,3,3,KEGG_TGF_BETA_SIGNALING_PATHWAY,69,3.8860699890057475,0.972012876202808
BRCA,kegg,3,3,KEGG_THYROID_CANCER,28,0.6717050125567298,0.972012876202808
BRCA,kegg,3,3,KEGG_TIGHT_JUNCTION,97,1.0418088951376037,0.972012876202808
BRCA,kegg,3,3,KEGG_TOLL_LIKE_RECEPTOR_SIGNALING_PATHWAY,85,3.6213578377484366,0.972012876202808
BRCA,kegg,3,3,KEGG_TRYPTOPHAN_METABOLISM,27,0.2769563733828072,0.972012876202808
BRCA,kegg,3,3,KEGG_TYPE_II_DIABETES_MELLITUS,34,0.9206678638960489,0.972012876202808
BRCA,kegg,3,3,KEGG_TYPE_I_DIABETES_MELLITUS,36,2.0167532271630035,0.972012876202808
BRCA,kegg,3,3,KEGG_TYROSINE_METABOLISM,28,-0.46837653626627224,0.972012876202808
BRCA,kegg,3,3,KEGG_T_CELL_RECEPTOR_SIGNALING_PATHWAY,101,3.8658834738632013,0.972012876202808
BRCA,kegg,3,3,KEGG_UBIQUITIN_MEDIATED_PROTEOLYSIS,126,-0.12972310592955816,0.972012876202808
BRCA,kegg,3,3,KEGG_VALINE_LEUCINE_AND_ISOLEUCINE_DEGRADATION,43,-1.8974989195908698,0.972012876202808
BRCA,kegg,3,3,KEGG_VASCULAR_SMOOTH_MUSCLE_CONTRACTION,88,3.5833654454779986,0.972012876202808
BRCA,kegg,3,3,KEGG_VASOPRESSIN_REGULATED_WATER_REABSORPTION,39,-2.19552601754948,0.972012876202808
BRCA,kegg,3,3,KEGG_VEGF_SIGNALING_PATHWAY,63,0.9015794985513604,0.972012876202808
BRCA,kegg,3,3,KEGG_VIBRIO_CHOLERAE_INFECTION,47,-2.854153039281193,0.972012876202808
BRCA,kegg,3,3,KEGG_VIRAL_MYOCARDITIS,57,4.40165698776849,0.972012876202808
BRCA,kegg,3,3,KEGG_WNT_SIGNALING_PATHWAY,126,3.6574843534471873,0.972012876202808
BRCA,kegg,3,4,KEGG_ABC_TRANSPORTERS,33,-2.4922628849871793,0.9290113471550283
BRCA,kegg,3,4,KEGG_ACUTE_MYELOID_LEUKEMIA,53,-1.1898188504465517,0.9290113471550283
BRCA,kegg,3,4,KEGG_ADHERENS_JUNCTION,65,5.309822154073475,0.9290113471550283
BRCA,kegg,3,4,KEGG_ADIPOCYTOKINE_SIGNALING_PATHWAY,54,-2.2253092243870913,0.9290113471550283
BRCA,kegg,3,4,KEGG_ALANINE_ASPARTATE_AND_GLUTAMATE_METABOLISM,25,-0.49528700473887277,0.9290113471550283
BRCA,kegg,3,4,KEGG_ALDOSTERONE_REGULATED_SODIUM_REABSORPTION,33,-0.09265380771651278,0.9290113471550283
BRCA,kegg,3,4,KEGG_ALLOGRAFT_REJECTION,32,-14.735267658941028,0.9290113471550283
BRCA,kegg,3,4,KEGG_ALPHA_LINOLENIC_ACID_METABOLISM,10,0.34021158240996824,0.9290113471550283
BRCA,kegg,3,4,KEGG_ALZHEIMERS_DISEASE,128,4.857077875890067,0.9290113471550283
BRCA,kegg,3,4,KEGG_AMINOACYL_TRNA_BIOSYNTHESIS,22,-0.2993203908693514,0.9290113471550283
BRCA,kegg,3,4,KEGG_AMINO_SUGAR_AND_NUCLEOTIDE_SUGAR_METABOLISM,39,-0.10896661806701725,0.9290113471550283
BRCA,kegg,3,4,KEGG_AMYOTROPHIC_LATERAL_SCLEROSIS_ALS,41,0.21662362479687133,0.9290113471550283
BRCA,kegg,3,4,KEGG_ANTIGEN_PROCESSING_AND_PRESENTATION,66,-13.102375113093945,0.9290113471550283
BRCA,kegg,3,4,KEGG_APOPTOSIS,82,-1.806886757446943,0.9290113471550283
BRCA,kegg,3,4,KEGG_ARACHIDONIC_ACID_METABOLISM,33,-1.500469927938319,0.9290113471550283
BRCA,kegg,3,4,KEGG_ARGININE_AND_PROLINE_METABOLISM,43,-0.7747286091477611,0.9290113471550283
BRCA,kegg,3,4,KEGG_ARRHYTHMOGENIC_RIGHT_VENTRICULAR_CARDIOMYOPATHY_ARVC,58,5.95180514630033,0.9290113471550283
BRCA,kegg,3,4,KEGG_ASTHMA,18,-12.195775106883584,0.9290113471550283
BRCA,kegg,3,4,KEGG_AUTOIMMUNE_THYROID_DISEASE,33,-14.821732164370152,0.9290113471550283
BRCA,kegg,3,4,KEGG_AXON_GUIDANCE,111,2.9223072317976513,0.9290113471550283
BRCA,kegg,3,4,KEGG_BASAL_CELL_CARCINOMA,38,1.48669422674584,0.9290113471550283
BRCA,kegg,3,4,KEGG_BASAL_TRANSCRIPTION_FACTORS,31,0.9225689689667503,0.9290113471550283
BRCA,kegg,3,4,KEGG_BASE_EXCISION_REPAIR,33,2.9522037189981445,0.9290113471550283
BRCA,kegg,3,4,KEGG_BETA_ALANINE_METABOLISM,16,-0.2757328931034185,0.9290113471550283
BRCA,kegg,3,4,KEGG_BIOSYNTHESIS_OF_UNSATURATED_FATTY_ACIDS,21,2.68227784533699,0.9290113471550283
BRCA,kegg,3,4,KEGG_BLADDER_CANCER,40,3.508760938775821,0.9290113471550283
BRCA,kegg,3,4,KEGG_BUTANOATE_METABOLISM,28,-0.7763234345406889,0.9290113471550283
BRCA,kegg,3,4,KEGG_B_CELL_RECEPTOR_SIGNALING_PATHWAY,71,-2.614057372928609,0.9290113471550283
BRCA,kegg,3,4,KEGG_CALCIUM_SIGNALING_PATHWAY,112,2.9628820128113706,0.9290113471550283
BRCA,kegg,3,4,KEGG_CARDIAC_MUSCLE_CONTRACTION,51,4.755658906327295,0.9290113471550283
BRCA,kegg,3,4,KEGG_CELL_ADHESION_MOLECULES_CAMS,109,-6.260821937163104,0.9290113471550283
BRCA,kegg,3,4,KEGG_CELL_CYCLE,116,7.61760442661562,0.9290113471550283
BRCA,kegg,3,4,KEGG_CHEMOKINE_SIGNALING_PATHWAY,155,-3.811309463729212,0.9290113471550283
BRCA,kegg,3,4,KEGG_CHRONIC_MYELOID_LEUKEMIA,70,0.17746036845493676,0.9290113471550283
BRCA,kegg,3,4,KEGG_CIRCADIAN_RHYTHM_MAMMAL,12,-1.224060812883448,0.9290113471550283
BRCA,kegg,3,4,KEGG_CITRATE_CYCLE_TCA_CYCLE,27,1.2898601617584509,0.9290113471550283
BRCA,kegg,3,4,KEGG_COLORECTAL_CANCER,59,-0.02062390270446219,0.9290113471550283
BRCA,kegg,3,4,KEGG_COMPLEMENT_AND_COAGULATION_CASCADES,45,-4.396648100165038,0.9290113471550283
BRCA,kegg,3,4,KEGG_CYSTEINE_AND_METHIONINE_METABOLISM,27,1.4685935280985247,0.9290113471550283
BRCA,kegg,3,4,KEGG_CYTOKINE_CYTOKINE_RECEPTOR_INTERACTION,191,-4.712890639694834,0.9290113471550283
BRCA,kegg,3,4,KEGG_CYTOSOLIC_DNA_SENSING_PATHWAY,38,-5.02211323510049,0.9290113471550283
BRCA,kegg,3,4,KEGG_DILATED_CARDIOMYOPATHY,66,5.8920369541144115,0.9290113471550283
BRCA,kegg,3,4,KEGG_DNA_REPLICATION,35,5.417577329688668,0.9290113471550283
BRCA,kegg,3,4,KEGG_DORSO_VENTRAL_AXIS_FORMATION,19,0.836962940869419,0.9290113471550283
BRCA,kegg,3,4,KEGG_DRUG_METABOLISM_CYTOCHROME_P450,29,-0.19987336387756413,0.9290113471550283
BRCA,kegg,3,4,KEGG_DRUG_METABOLISM_OTHER_ENZYMES,22,-0.6047869332609161,0.9290113471550283
BRCA,kegg,3,4,KEGG_ECM_RECEPTOR_INTERACTION,69,13.724158096955348,0.9290113471550283
BRCA,kegg,3,4,KEGG_ENDOCYTOSIS,166,-1.7355130259095641,0.9290113471550283
BRCA,kegg,3,4,KEGG_ENDOMETRIAL_CANCER,48,1.4617942904602528,0.9290113471550283
BRCA,kegg,3,4,KEGG_EPITHELIAL_CELL_SIGNALING_IN_HELICOBACTER_PYLORI_INFECTION,61,-0.10702181069263007,0.9290113471550283
BRCA,kegg,3,4,KEGG_ERBB_SIGNALING_PATHWAY,75,0.4340535376082726,0.9290113471550283
BRCA,kegg,3,4,KEGG_ETHER_LIPID_METABOLISM,24,-0.03177194790290282,0.9290113471550283
BRCA,kegg,3,4,KEGG_FATTY_ACID_METABOLISM,34,-1.8867442260727616,0.9290113471550283
BRCA,kegg,3,4,KEGG_FC_EPSILON_RI_SIGNALING_PATHWAY,64,-0.9766332829182959,0.9290113471550283
BRCA,kegg,3,4,KEGG_FC_GAMMA_R_MEDIATED_PHAGOCYTOSIS,87,1.8956517526382968,0.9290113471550283
BRCA,kegg,3,4,KEGG_FOCAL_ADHESION,176,11.608361372870066,0.9290113471550283
BRCA,kegg,3,4,KEGG_FRUCTOSE_AND_MANNOSE_METABOLISM,28,0.21340421731026385,0.9290113471550283
BRCA,kegg,3,4,KEGG_GALACTOSE_METABOLISM,21,0.295716627186809,0.9290113471550283
BRCA,kegg,3,4,KEGG_GAP_JUNCTION,69,5.571152624186326,0.9290113471550283
BRCA,kegg,3,4,KEGG_GLIOMA,59,2.858470807674697,0.9290113471550283
BRCA,kegg,3,4,KEGG_GLUTATHIONE_METABOLISM,41,2.333515429612801,0.9290113471550283
BRCA,kegg,3,4,KEGG_GLYCEROLIPID_METABOLISM,39,-0.30838335278888385,0.9290113471550283
BRCA,kegg,3,4,KEGG_GLYCEROPHOSPHOLIPID_METABOLISM,61,-0.09150676854276402,0.9290113471550283
BRCA,kegg,3,4,KEGG_GLYCINE_SERINE_AND_THREONINE_METABOLISM,22,-0.5480961882620792,0.9290113471550283
BRCA,kegg,3,4,KEGG_GLYCOLYSIS_GLUCONEOGENESIS,43,3.6973248784296846,0.9290113471550283
BRCA,kegg,3,4,KEGG_GLYCOSAMINOGLYCAN_BIOSYNTHESIS_CHONDROITIN_SULFATE,21,0.854757421422346,0.9290113471550283
BRCA,kegg,3,4,KEGG_GLYCOSAMINOGLYCAN_BIOSYNTHESIS_HEPARAN_SULFATE,18,0.252985935802696,0.9290113471550283
BRCA,kegg,3,4,KEGG_GLYCOSAMINOGLYCAN_BIOSYNTHESIS_KERATAN_SULFATE,13,0.5639420094071894,0.9290113471550283
BRCA,kegg,3,4,KEGG_GLYCOSAMINOGLYCAN_DEGRADATION,18,-0.460726270127403,0.9290113471550283
BRCA,kegg,3,4,KEGG_GLYCOSPHINGOLIPID_BIOSYNTHESIS_GANGLIO_SERIES,14,-0.8764470261193852,0.9290113471550283
BRCA,kegg,3,4,KEGG_GLYCOSPHINGOLIPID_BIOSYNTHESIS_GLOBO_SERIES,12,-0.4261875738862542,0.9290113471550283
BRCA,kegg,3,4,KEGG_GLYCOSPHINGOLIPID_BIOSYNTHESIS_LACTO_AND_NEOLACTO_SERIES,20,0.2798752564527877,0.9290113471550283
BRCA,kegg,3,4,KEGG_GLYCOSYLPHOSPHATIDYLINOSITOL_GPI_ANCHOR_BIOSYNTHESIS,23,-0.0408814984439012,0.9290113471550283
BRCA,kegg,3,4,KEGG_GLYOXYLATE_AND_DICARBOXYLATE_METABOLISM,13,0.4612418057884675,0.9290113471550283
BRCA,kegg,3,4,KEGG_GNRH_SIGNALING_PATHWAY,80,2.86806806563035,0.9290113471550283
BRCA,kegg,3,4,KEGG_GRAFT_VERSUS_HOST_DISEASE,37,-13.967533746809279,0.9290113471550283
BRCA,kegg,3,4,KEGG_HEDGEHOG_SIGNALING_PATHWAY,35,0.3048954201213618,0.9290113471550283
BRCA,kegg,3,4,KEGG_HEMATOPOIETIC_CELL_LINEAGE,68,-4.819532036782144,0.9290113471550283
BRCA,kegg,3,4,KEGG_HISTIDINE_METABOLISM,19,-0.9145366966222553,0.9290113471550283
BRCA,kegg,3,4,KEGG_HOMOLOGOUS_RECOMBINATION,24,0.686821044835389,0.9290113471550283
BRCA,kegg,3,4,KEGG_HUNTINGTONS_DISEASE,143,4.761403828139719,0.9290113471550283
BRCA,kegg,3,4,KEGG_HYPERTROPHIC_CARDIOMYOPATHY_HCM,61,5.185396012486245,0.9290113471550283
BRCA,kegg,3,4,KEGG_INOSITOL_PHOSPHATE_METABOLISM,50,0.28553953201062754,0.9290113471550283
BRCA,kegg,3,4,KEGG_INSULIN_SIGNALING_PATHWAY,115,0.456803450465999,0.9290113471550283
BRCA,kegg,3,4,KEGG_INTESTINAL_IMMUNE_NETWORK_FOR_IGA_PRODUCTION,40,-8.90176309483552,0.9290113471550283
BRCA,kegg,3,4,KEGG_JAK_STAT_SIGNALING_PATHWAY,109,-3.2984215224361764,0.9290113471550283
BRCA,kegg,3,4,KEGG_LEISHMANIA_INFECTION,66,-8.799304419132168,0.9290113471550283
BRCA,kegg,3,4,KEGG_LEUKOCYTE_TRANSENDOTHELIAL_MIGRATION,93,3.3040850111711295,0.9290113471550283
BRCA,kegg,3,4,KEGG_LINOLEIC_ACID_METABOLISM,10,-0.3823437761587925,0.9290113471550283
BRCA,kegg,3,4,KEGG_LONG_TERM_DEPRESSION,49,1.3449920699459972,0.9290113471550283
BRCA,kegg,3,4,KEGG_LONG_TERM_POTENTIATION,51,3.074357082193017,0.9290113471550283
BRCA,kegg,3,4,KEGG_LYSINE_DEGRADATION,39,0.5313728866620621,0.9290113471550283
BRCA,kegg,3,4,KEGG_LYSOSOME,113,-2.5971544230765073,0.9290113471550283
BRCA,kegg,3,4,KEGG_MAPK_SIGNALING_PATHWAY,214,-0.3432356698198415,0.9290113471550283
BRCA,kegg,3,4,KEGG_MELANOGENESIS,78,2.9677111529149274,0.9290113471550283
BRCA,kegg,3,4,KEGG_MELANOMA,56,2.3297725736505104,0.9290113471550283
BRCA,kegg,3,4,KEGG_METABOLISM_OF_XENOBIOTICS_BY_CYTOCHROME_P450,28,0.5294146490393434,0.9290113471550283
BRCA,kegg,3,4,KEGG_MISMATCH_REPAIR,22,3.0983938644078335,0.9290113471550283
BRCA,kegg,3,4,KEGG_MTOR_SIGNALING_PATHWAY,41,0.37670323474079,0.9290113471550283
BRCA,kegg,3,4,KEGG_NATURAL_KILLER_CELL_MEDIATED_CYTOTOXICITY,106,-5.016700107350628,0.9290113471550283
BRCA,kegg,3,4,KEGG_NEUROACTIVE_LIGAND_RECEPTOR_INTERACTION,104,-2.0003736120198776,0.9290113471550283
BRCA,kegg,3,4,KEGG_NEUROTROPHIN_SIGNALING_PATHWAY,111,2.43642430410573,0.9290113471550283
BRCA,kegg,3,4,KEGG_NICOTINATE_AND_NICOTINAMIDE_METABOLISM,21,-0.4592116290492444,0.9290113471550283
BRCA,kegg,3,4,KEGG_NITROGEN_METABOLISM,15,-0.2611950168209334,0.9290113471550283
BRCA,kegg,3,4,KEGG_NOD_LIKE_RECEPTOR_SIGNALING_PATHWAY,57,-2.675877683324448,0.9290113471550283
BRCA,kegg,3,4,KEGG_NON_HOMOLOGOUS_END_JOINING,11,1.946111237256546,0.9290113471550283
BRCA,kegg,3,4,KEGG_NON_SMALL_CELL_LUNG_CANCER,51,0.3905888676586142,0.9290113471550283
BRCA,kegg,3,4,KEGG_NOTCH_SIGNALING_PATHWAY,44,1.1814957794630705,0.9290113471550283
BRCA,kegg,3,4,KEGG_NUCLEOTIDE_EXCISION_REPAIR,43,2.7189548714391734,0.9290113471550283
BRCA,kegg,3,4,KEGG_N_GLYCAN_BIOSYNTHESIS,45,2.4647262812827186,0.9290113471550283
BRCA,kegg,3,4,KEGG_OLFACTORY_TRANSDUCTION,18,2.962340533939498,0.9290113471550283
BRCA,kegg,3,4,KEGG_ONE_CARBON_POOL_BY_FOLATE,15,1.2933091348817543,0.9290113471550283
BRCA,kegg,3,4,KEGG_OOCYTE_MEIOSIS,93,6.271542101490981,0.9290113471550283
BRCA,kegg,3,4,KEGG_OTHER_GLYCAN_DEGRADATION,13,-0.971677736622324,0.9290113471550283
BRCA,kegg,3,4,KEGG_OXIDATIVE_PHOSPHORYLATION,91,3.6545155380935874,0.9290113471550283
BRCA,kegg,3,4,KEGG_O_GLYCAN_BIOSYNTHESIS,21,0.5507587647243142,0.9290113471550283
BRCA,kegg,3,4,KEGG_P53_SIGNALING_PATHWAY,63,3.1315485265898433,0.9290113471550283
BRCA,kegg,3,4,KEGG_PANCREATIC_CANCER,68,0.3280129682913547,0.9290113471550283
BRCA,kegg,3,4,KEGG_PANTOTHENATE_AND_COA_BIOSYNTHESIS,13,-1.1721977931305345,0.9290113471550283
BRCA,kegg,3,4,KEGG_PARKINSONS_DISEASE,89,4.410099837474078,0.9290113471550283
BRCA,kegg,3,4,KEGG_PATHOGENIC_ESCHERICHIA_COLI_INFECTION,49,8.612948094293516,0.9290113471550283
BRCA,kegg,3,4,KEGG_PATHWAYS_IN_CANCER,279,5.443605187115193,0.9290113471550283
BRCA,kegg,3,4,KEGG_PENTOSE_PHOSPHATE_PATHWAY,22,1.884362800720226,0.9290113471550283
BRCA,kegg,3,4,KEGG_PEROXISOME,71,-2.6044149119602062,0.9290113471550283
BRCA,kegg,3,4,KEGG_PHENYLALANINE_METABOLISM,13,0.36860464038092516,0.9290113471550283
BRCA,kegg,3,4,KEGG_PHOSPHATIDYLINOSITOL_SIGNALING_SYSTEM,68,0.6476592988342224,0.9290113471550283
BRCA,kegg,3,4,KEGG_PORPHYRIN_AND_CHLOROPHYLL_METABOLISM,20,-1.640337733052847,0.9290113471550283
BRCA,kegg,3,4,KEGG_PPAR_SIGNALING_PATHWAY,52,-0.4785498962377649,0.9290113471550283
BRCA,kegg,3,4,KEGG_PRIMARY_BILE_ACID_BIOSYNTHESIS,11,-1.0153998518011247,0.9290113471550283
BRCA,kegg,3,4,KEGG_PRIMARY_IMMUNODEFICIENCY,30,-3.424693242946448,0.9290113471550283
BRCA,kegg,3,4,KEGG_PRION_DISEASES,29,-2.4976339657278914,0.9290113471550283
BRCA,kegg,3,4,KEGG_PROGESTERONE_MEDIATED_OOCYTE_MATURATION,72,2.637583445728848,0.9290113471550283
BRCA,kegg,3,4,KEGG_PROPANOATE_METABOLISM,28,-0.3711734705945094,0.9290113471550283
BRCA,kegg,3,4,KEGG_PROSTATE_CANCER,83,2.488025000061655,0.9290113471550283
BRCA,kegg,3,4,KEGG_PROTEASOME,41,2.6060432624522507,0.9290113471550283
BRCA,kegg,3,4,KEGG_PROTEIN_EXPORT,23,3.653827167609847,0.9290113471550283
BRCA,kegg,3,4,KEGG_PROXIMAL_TUBULE_BICARBONATE_RECLAMATION,17,1.0053759113790064,0.9290113471550283
BRCA,kegg,3,4,KEGG_PURINE_METABOLISM,132,1.746196606674183,0.9290113471550283
BRCA,kegg,3,4,KEGG_PYRIMIDINE_METABOLISM,90,0.5022077814061868,0.9290113471550283
BRCA,kegg,3,4,KEGG_PYRUVATE_METABOLISM,33,1.109668166914978,0.9290113471550283
BRCA,kegg,3,4,KEGG_REGULATION_OF_ACTIN_CYTOSKELETON,170,6.789690229885164,0.9290113471550283
BRCA,kegg,3,4,KEGG_REGULATION_OF_AUTOPHAGY,20,0.11024120685331003,0.9290113471550283
BRCA,kegg,3,4,KEGG_RENAL_CELL_CARCINOMA,64,1.9003898185883532,0.9290113471550283
BRCA,kegg,3,4,KEGG_RENIN_ANGIOTENSIN_SYSTEM,10,0.3232504165097367,0.9290113471550283
BRCA,kegg,3,4,KEGG_RETINOL_METABOLISM,17,-1.4717079840677982,0.9290113471550283
BRCA,kegg,3,4,KEGG_RIBOFLAVIN_METABOLISM,11,-0.9320688517280743,0.9290113471550283
BRCA,kegg,3,4,KEGG_RIG_I_LIKE_RECEPTOR_SIGNALING_PATHWAY,50,-4.905676103408283,0.9290113471550283
BRCA,kegg,3,4,KEGG_RNA_DEGRADATION,50,2.115845448181876,0.9290113471550283
BRCA,kegg,3,4,KEGG_RNA_POLYMERASE,28,1.2941870709708487,0.9290113471550283
BRCA,kegg,3,4,KEGG_SELENOAMINO_ACID_METABOLISM,22,0.309500938218573,0.9290113471550283
BRCA,kegg,3,4,KEGG_SMALL_CELL_LUNG_CANCER,78,3.3284842849761067,0.9290113471550283
BRCA,kegg,3,4,KEGG_SNARE_INTERACTIONS_IN_VESICULAR_TRANSPORT,36,-0.9810424123889158,0.9290113471550283
BRCA,kegg,3,4,KEGG_SPHINGOLIPID_METABOLISM,32,-1.5847423490103298,0.9290113471550283
BRCA,kegg,3,4,KEGG_SPLICEOSOME,126,7.246875770511201,0.9290113471550283
BRCA,kegg,3,4,KEGG_STARCH_AND_SUCROSE_METABOLISM,21,1.6471169206336531,0.9290113471550283
BRCA,kegg,3,4,KEGG_STEROID_BIOSYNTHESIS,15,2.1198341505893628,0.9290113471550283
BRCA,kegg,3,4,KEGG_STEROID_HORMONE_BIOSYNTHESIS,19,-0.36474467400504984,0.9290113471550283
BRCA,kegg,3,4,KEGG_SULFUR_METABOLISM,11,0.25704489604423475,0.9290113471550283
BRCA,kegg,3,4,KEGG_SYSTEMIC_LUPUS_ERYTHEMATOSUS,44,-12.403060216320338,0.9290113471550283
BRCA,kegg,3,4,KEGG_TASTE_TRANSDUCTION,13,2.84282255735221,0.9290113471550283
BRCA,kegg,3,4,KEGG_TERPENOID_BACKBONE_BIOSYNTHESIS,14,0.37192322083509294,0.9290113471550283
BRCA,kegg,3,4,KEGG_TGF_BETA_SIGNALING_PATHWAY,69,3.160537973128045,0.9290113471550283
BRCA,kegg,3,4,KEGG_THYROID_CANCER,28,2.251819075812002,0.9290113471550283
BRCA,kegg,3,4,KEGG_TIGHT_JUNCTION,97,2.5864085334433677,0.9290113471550283
BRCA,kegg,3,4,KEGG_TOLL_LIKE_RECEPTOR_SIGNALING_PATHWAY,85,-6.1371809660936645,0.9290113471550283
BRCA,kegg,3,4,KEGG_TRYPTOPHAN_METABOLISM,27,-2.425708000296837,0.9290113471550283
BRCA,kegg,3,4,KEGG_TYPE_II_DIABETES_MELLITUS,34,-0.6960181975750104,0.9290113471550283
BRCA,kegg,3,4,KEGG_TYPE_I_DIABETES_MELLITUS,36,-13.895261684771532,0.9290113471550283
BRCA,kegg,3,4,KEGG_TYROSINE_METABOLISM,28,-0.321491099923804,0.9290113471550283
BRCA,kegg,3,4,KEGG_T_CELL_RECEPTOR_SIGNALING_PATHWAY,101,-1.4341435828384113,0.9290113471550283
BRCA,kegg,3,4,KEGG_UBIQUITIN_MEDIATED_PROTEOLYSIS,126,0.6087022396507633,0.9290113471550283
BRCA,kegg,3,4,KEGG_VALINE_LEUCINE_AND_ISOLEUCINE_DEGRADATION,43,-2.0604045252078063,0.9290113471550283
BRCA,kegg,3,4,KEGG_VASCULAR_SMOOTH_MUSCLE_CONTRACTION,88,4.362980945595275,0.9290113471550283
BRCA,kegg,3,4,KEGG_VASOPRESSIN_REGULATED_WATER_REABSORPTION,39,1.2570555130896273,0.9290113471550283
BRCA,kegg,3,4,KEGG_VEGF_SIGNALING_PATHWAY,63,0.9768981098258317,0.9290113471550283
BRCA,kegg,3,4,KEGG_VIBRIO_CHOLERAE_INFECTION,47,4.778697568737117,0.9290113471550283
BRCA,kegg,3,4,KEGG_VIRAL_MYOCARDITIS,57,-8.376050198359701,0.9290113471550283
BRCA,kegg,3,4,KEGG_WNT_SIGNALING_PATHWAY,126,2.4680538451971996,0.9290113471550283
BRCA,kegg,3,5,KEGG_ABC_TRANSPORTERS,33,0.44092279886155106,0.9960876328867057
BRCA,kegg,3,5,KEGG_ACUTE_MYELOID_LEUKEMIA,53,-1.608968420506443,0.9960876328867057
BRCA,kegg,3,5,KEGG_ADHERENS_JUNCTION,65,1.769415250491082,0.9960876328867057
BRCA,kegg,3,5,KEGG_ADIPOCYTOKINE_SIGNALING_PATHWAY,54,-0.8853728481255777,0.9960876328867057
BRCA,kegg,3,5,KEGG_ALANINE_ASPARTATE_AND_GLUTAMATE_METABOLISM,25,0.43066774035734895,0.9960876328867057
BRCA,kegg,3,5,KEGG_ALDOSTERONE_REGULATED_SODIUM_REABSORPTION,33,-0.18125399940454257,0.9960876328867057
BRCA,kegg,3,5,KEGG_ALLOGRAFT_REJECTION,32,0.7005108824603901,0.9960876328867057
BRCA,kegg,3,5,KEGG_ALPHA_LINOLENIC_ACID_METABOLISM,10,-0.032104186781722485,0.9960876328867057
BRCA,kegg,3,5,KEGG_ALZHEIMERS_DISEASE,128,3.2218466297504365,0.9960876328867057
BRCA,kegg,3,5,KEGG_AMINOACYL_TRNA_BIOSYNTHESIS,22,-0.3129285827407715,0.9960876328867057
BRCA,kegg,3,5,KEGG_AMINO_SUGAR_AND_NUCLEOTIDE_SUGAR_METABOLISM,39,2.1571876287113545,0.9960876328867057
BRCA,kegg,3,5,KEGG_AMYOTROPHIC_LATERAL_SCLEROSIS_ALS,41,0.08692592361563253,0.9960876328867057
BRCA,kegg,3,5,KEGG_ANTIGEN_PROCESSING_AND_PRESENTATION,66,4.806742689156349,0.9960876328867057
BRCA,kegg,3,5,KEGG_APOPTOSIS,82,0.5410345152914932,0.9960876328867057
BRCA,kegg,3,5,KEGG_ARACHIDONIC_ACID_METABOLISM,33,-2.2037750122513797,0.9960876328867057
BRCA,kegg,3,5,KEGG_ARGININE_AND_PROLINE_METABOLISM,43,0.9220547390463626,0.9960876328867057
BRCA,kegg,3,5,KEGG_ARRHYTHMOGENIC_RIGHT_VENTRICULAR_CARDIOMYOPATHY_ARVC,58,4.251659868719721,0.9960876328867057
BRCA,kegg,3,5,KEGG_ASTHMA,18,0.24230783705429196,0.9960876328867057
BRCA,kegg,3,5,KEGG_AUTOIMMUNE_THYROID_DISEASE,33,0.5140234100151966,0.9960876328867057
BRCA,kegg,3,5,KEGG_AXON_GUIDANCE,111,1.1003954429584366,0.9960876328867057
BRCA,kegg,3,5,KEGG_BASAL_CELL_CARCINOMA,38,-0.5313855219245733,0.9960876328867057
BRCA,kegg,3,5,KEGG_BASAL_TRANSCRIPTION_FACTORS,31,-0.14933669269555688,0.9960876328867057
BRCA,kegg,3,5,KEGG_BASE_EXCISION_REPAIR,33,-0.3336684478938161,0.9960876328867057
BRCA,kegg,3,5,KEGG_BETA_ALANINE_METABOLISM,16,0.005448321561122633,0.9960876328867057
BRCA,kegg,3,5,KEGG_BIOSYNTHESIS_OF_UNSATURATED_FATTY_ACIDS,21,3.0261880043412326,0.9960876328867057
BRCA,kegg,3,5,KEGG_BLADDER_CANCER,40,4.45162012525329,0.9960876328867057
BRCA,kegg,3,5,KEGG_BUTANOATE_METABOLISM,28,0.47311032137240494,0.9960876328867057
BRCA,kegg,3,5,KEGG_B_CELL_RECEPTOR_SIGNALING_PATHWAY,71,-1.171305162543351,0.9960876328867057
BRCA,kegg,3,5,KEGG_CALCIUM_SIGNALING_PATHWAY,112,1.9155051303216473,0.9960876328867057
BRCA,kegg,3,5,KEGG_CARDIAC_MUSCLE_CONTRACTION,51,2.8626800654647155,0.9960876328867057
BRCA,kegg,3,5,KEGG_CELL_ADHESION_MOLECULES_CAMS,109,2.424298139577051,0.9960876328867057
BRCA,kegg,3,5,KEGG_CELL_CYCLE,116,-2.0379340985121446,0.9960876328867057
BRCA,kegg,3,5,KEGG_CHEMOKINE_SIGNALING_PATHWAY,155,-1.8985294588460453,0.9960876328867057
BRCA,kegg,3,5,KEGG_CHRONIC_MYELOID_LEUKEMIA,70,-0.741753782515746,0.9960876328867057
BRCA,kegg,3,5,KEGG_CIRCADIAN_RHYTHM_MAMMAL,12,-0.5951835100852533,0.9960876328867057
BRCA,kegg,3,5,KEGG_CITRATE_CYCLE_TCA_CYCLE,27,2.519873882509164,0.9960876328867057
BRCA,kegg,3,5,KEGG_COLORECTAL_CANCER,59,-1.135539993575634,0.9960876328867057
BRCA,kegg,3,5,KEGG_COMPLEMENT_AND_COAGULATION_CASCADES,45,3.992665524364558,0.9960876328867057
BRCA,kegg,3,5,KEGG_CYSTEINE_AND_METHIONINE_METABOLISM,27,-0.3852183754293302,0.9960876328867057
BRCA,kegg,3,5,KEGG_CYTOKINE_CYTOKINE_RECEPTOR_INTERACTION,191,-1.1513826579532915,0.9960876328867057
BRCA,kegg,3,5,KEGG_CYTOSOLIC_DNA_SENSING_PATHWAY,38,-1.2241340963010054,0.9960876328867057
BRCA,kegg,3,5,KEGG_DILATED_CARDIOMYOPATHY,66,4.5606523665283545,0.9960876328867057
BRCA,kegg,3,5,KEGG_DNA_REPLICATION,35,-1.5359301440208022,0.9960876328867057
BRCA,kegg,3,5,KEGG_DORSO_VENTRAL_AXIS_FORMATION,19,-0.5423900365025295,0.9960876328867057
BRCA,kegg,3,5,KEGG_DRUG_METABOLISM_CYTOCHROME_P450,29,-1.2457763701174531,0.9960876328867057
BRCA,kegg,3,5,KEGG_DRUG_METABOLISM_OTHER_ENZYMES,22,0.4156256566354299,0.9960876328867057
BRCA,kegg,3,5,KEGG_ECM_RECEPTOR_INTERACTION,69,21.748753141194832,0.9960876328867057
BRCA,kegg,3,5,KEGG_ENDOCYTOSIS,166,1.308209286837866,0.9960876328867057
BRCA,kegg,3,5,KEGG_ENDOMETRIAL_CANCER,48,0.5398579253640365,0.9960876328867057
BRCA,kegg,3,5,KEGG_EPITHELIAL_CELL_SIGNALING_IN_HELICOBACTER_PYLORI_INFECTION,61,-0.5998730086254421,0.9960876328867057
BRCA,kegg,3,5,KEGG_ERBB_SIGNALING_PATHWAY,75,-1.173692468056221,0.9960876328867057
BRCA,kegg,3,5,KEGG_ETHER_LIPID_METABOLISM,24,-1.5762447062719926,0.9960876328867057
BRCA,kegg,3,5,KEGG_FATTY_ACID_METABOLISM,34,-1.0250168066868919,0.9960876328867057
BRCA,kegg,3,5,KEGG_FC_EPSILON_RI_SIGNALING_PATHWAY,64,-0.6453830214051496,0.9960876328867057
BRCA,kegg,3,5,KEGG_FC_GAMMA_R_MEDIATED_PHAGOCYTOSIS,87,0.5980878965521262,0.9960876328867057
BRCA,kegg,3,5,KEGG_FOCAL_ADHESION,176,15.434527838416829,0.9960876328867057
BRCA,kegg,3,5,KEGG_FRUCTOSE_AND_MANNOSE_METABOLISM,28,1.8649542906459697,0.9960876328867057
BRCA,kegg,3,5,KEGG_GALACTOSE_METABOLISM,21,1.2029106367875126,0.9960876328867057
BRCA,kegg,3,5,KEGG_GAP_JUNCTION,69,1.8254280059490282,0.9960876328867057
BRCA,kegg,3,5,KEGG_GLIOMA,59,1.2512273313659397,0.9960876328867057
BRCA,kegg,3,5,KEGG_GLUTATHIONE_METABOLISM,41,-0.26056058750858285,0.9960876328867057
BRCA,kegg,3,5,KEGG_GLYCEROLIPID_METABOLISM,39,-1.1138426994004949,0.9960876328867057
BRCA,kegg,3,5,KEGG_GLYCEROPHOSPHOLIPID_METABOLISM,61,-1.5348466958706828,0.9960876328867057
BRCA,kegg,3,5,KEGG_GLYCINE_SERINE_AND_THREONINE_METABOLISM,22,-2.0232128439672787,0.9960876328867057
BRCA,kegg,3,5,KEGG_GLYCOLYSIS_GLUCONEOGENESIS,43,5.174731156941904,0.9960876328867057
BRCA,kegg,3,5,KEGG_GLYCOSAMINOGLYCAN_BIOSYNTHESIS_CHONDROITIN_SULFATE,21,2.263808224913904,0.9960876328867057
BRCA,kegg,3,5,KEGG_GLYCOSAMINOGLYCAN_BIOSYNTHESIS_HEPARAN_SULFATE,18,0.3063516490051398,0.9960876328867057
BRCA,kegg,3,5,KEGG_GLYCOSAMINOGLYCAN_BIOSYNTHESIS_KERATAN_SULFATE,13,1.0668850440835371,0.9960876328867057
BRCA,kegg,3,5,KEGG_GLYCOSAMINOGLYCAN_DEGRADATION,18,0.6119235584861084,0.9960876328867057
BRCA,kegg,3,5,KEGG_GLYCOSPHINGOLIPID_BIOSYNTHESIS_GANGLIO_SERIES,14,0.958129699444616,0.9960876328867057
BRCA,kegg,3,5,KEGG_GLYCOSPHINGOLIPID_BIOSYNTHESIS_GLOBO_SERIES,12,0.734215642651354,0.9960876328867057
BRCA,kegg,3,5,KEGG_GLYCOSPHINGOLIPID_BIOSYNTHESIS_LACTO_AND_NEOLACTO_SERIES,20,0.44091959590899144,0.9960876328867057
BRCA,kegg,3,5,KEGG_GLYCOSYLPHOSPHATIDYLINOSITOL_GPI_ANCHOR_BIOSYNTHESIS,23,0.1433391544091596,0.9960876328867057
BRCA,kegg,3,5,KEGG_GLYOXYLATE_AND_DICARBOXYLATE_METABOLISM,13,0.24842270711438438,0.9960876328867057
BRCA,kegg,3,5,KEGG_GNRH_SIGNALING_PATHWAY,80,1.4235561435950348,0.9960876328867057
BRCA,kegg,3,5,KEGG_GRAFT_VERSUS_HOST_DISEASE,37,0.6073037817207212,0.9960876328867057
BRCA,kegg,3,5,KEGG_HEDGEHOG_SIGNALING_PATHWAY,35,0.40401728067982956,0.9960876328867057
BRCA,kegg,3,5,KEGG_HEMATOPOIETIC_CELL_LINEAGE,68,-0.37954517868178544,0.9960876328867057
BRCA,kegg,3,5,KEGG_HISTIDINE_METABOLISM,19,0.1553130205903366,0.9960876328867057
BRCA,kegg,3,5,KEGG_HOMOLOGOUS_RECOMBINATION,24,-1.1563225766957024,0.9960876328867057
BRCA,kegg,3,5,KEGG_HUNTINGTONS_DISEASE,143,2.8043018702905185,0.9960876328867057
BRCA,kegg,3,5,KEGG_HYPERTROPHIC_CARDIOMYOPATHY_HCM,61,4.769366545516699,0.9960876328867057
BRCA,kegg,3,5,KEGG_INOSITOL_PHOSPHATE_METABOLISM,50,-0.562364172922046,0.9960876328867057
BRCA,kegg,3,5,KEGG_INSULIN_SIGNALING_PATHWAY,115,0.40556370049204815,0.9960876328867057
BRCA,kegg,3,5,KEGG_INTESTINAL_IMMUNE_NETWORK_FOR_IGA_PRODUCTION,40,-0.6029096818024184,0.9960876328867057
BRCA,kegg,3,5,KEGG_JAK_STAT_SIGNALING_PATHWAY,109,-1.965307106157994,0.9960876328867057
BRCA,kegg,3,5,KEGG_LEISHMANIA_INFECTION,66,-0.15097038974188415,0.9960876328867057
BRCA,kegg,3,5,KEGG_LEUKOCYTE_TRANSENDOTHELIAL_MIGRATION,93,4.189779549313816,0.9960876328867057
BRCA,kegg,3,5,KEGG_LINOLEIC_ACID_METABOLISM,10,-0.5496905405941835,0.9960876328867057
BRCA,kegg,3,5,KEGG_LONG_TERM_DEPRESSION,49,0.03642600109308459,0.9960876328867057
BRCA,kegg,3,5,KEGG_LONG_TERM_POTENTIATION,51,1.1528067722652475,0.9960876328867057
BRCA,kegg,3,5,KEGG_LYSINE_DEGRADATION,39,-0.015969376237685125,0.9960876328867057
BRCA,kegg,3,5,KEGG_LYSOSOME,113,5.034686489063324,0.9960876328867057
BRCA,kegg,3,5,KEGG_MAPK_SIGNALING_PATHWAY,214,-0.7444834927879658,0.9960876328867057
BRCA,kegg,3,5,KEGG_MELANOGENESIS,78,1.3092274383622224,0.9960876328867057
BRCA,kegg,3,5,KEGG_MELANOMA,56,0.8843477263365277,0.9960876328867057
BRCA,kegg,3,5,KEGG_METABOLISM_OF_XENOBIOTICS_BY_CYTOCHROME_P450,28,-0.6619540186336756,0.9960876328867057
BRCA,kegg,3,5,KEGG_MISMATCH_REPAIR,22,-1.2871423144720557,0.9960876328867057
BRCA,kegg,3,5,KEGG_MTOR_SIGNALING_PATHWAY,41,-0.019549090581678405,0.9960876328867057
BRCA,kegg,3,5,KEGG_NATURAL_KILLER_CELL_MEDIATED_CYTOTOXICITY,106,1.2388142873290062,0.9960876328867057
BRCA,kegg,3,5,KEGG_NEUROACTIVE_LIGAND_RECEPTOR_INTERACTION,104,-1.2736230814631802,0.9960876328867057
BRCA,kegg,3,5,KEGG_NEUROTROPHIN_SIGNALING_PATHWAY,111,0.897689768641439,0.9960876328867057
BRCA,kegg,3,5,KEGG_NICOTINATE_AND_NICOTINAMIDE_METABOLISM,21,0.597980755218645,0.9960876328867057
BRCA,kegg,3,5,KEGG_NITROGEN_METABOLISM,15,0.7762706731957693,0.9960876328867057
BRCA,kegg,3,5,KEGG_NOD_LIKE_RECEPTOR_SIGNALING_PATHWAY,57,-1.1078679885242995,0.9960876328867057
BRCA,kegg,3,5,KEGG_NON_HOMOLOGOUS_END_JOINING,11,0.3002280835581103,0.9960876328867057
BRCA,kegg,3,5,KEGG_NON_SMALL_CELL_LUNG_CANCER,51,-0.10554969955242262,0.9960876328867057
BRCA,kegg,3,5,KEGG_NOTCH_SIGNALING_PATHWAY,44,-0.010585421018437617,0.9960876328867057
BRCA,kegg,3,5,KEGG_NUCLEOTIDE_EXCISION_REPAIR,43,-0.20442466050957148,0.9960876328867057
BRCA,kegg,3,5,KEGG_N_GLYCAN_BIOSYNTHESIS,45,2.8677193585766223,0.9960876328867057
BRCA,kegg,3,5,KEGG_OLFACTORY_TRANSDUCTION,18,1.978199346595013,0.9960876328867057
BRCA,kegg,3,5,KEGG_ONE_CARBON_POOL_BY_FOLATE,15,-0.06832494952714056,0.9960876328867057
BRCA,kegg,3,5,KEGG_OOCYTE_MEIOSIS,93,0.8820757247848033,0.9960876328867057
BRCA,kegg,3,5,KEGG_OTHER_GLYCAN_DEGRADATION,13,1.1651234705216402,0.9960876328867057
BRCA,kegg,3,5,KEGG_OXIDATIVE_PHOSPHORYLATION,91,2.536791015585576,0.9960876328867057
BRCA,kegg,3,5,KEGG_O_GLYCAN_BIOSYNTHESIS,21,2.2000271730886243,0.9960876328867057
BRCA,kegg,3,5,KEGG_P53_SIGNALING_PATHWAY,63,0.44716516380245747,0.9960876328867057
BRCA,kegg,3,5,KEGG_PANCREATIC_CANCER,68,1.6089373008289278,0.9960876328867057
BRCA,kegg,3,5,KEGG_PANTOTHENATE_AND_COA_BIOSYNTHESIS,13,0.39695657672008167,0.9960876328867057
BRCA,kegg,3,5,KEGG_PARKINSONS_DISEASE,89,2.396118765841509,0.9960876328867057
BRCA,kegg,3,5,KEGG_PATHOGENIC_ESCHERICHIA_COLI_INFECTION,49,3.662573726820496,0.9960876328867057
BRCA,kegg,3,5,KEGG_PATHWAYS_IN_CANCER,279,3.1221381585755124,0.9960876328867057
BRCA,kegg,3,5,KEGG_PENTOSE_PHOSPHATE_PATHWAY,22,1.4579370543016028,0.9960876328867057
BRCA,kegg,3,5,KEGG_PEROXISOME,71,0.7369781483265607,0.9960876328867057
BRCA,kegg,3,5,KEGG_PHENYLALANINE_METABOLISM,13,-0.600935100709291,0.9960876328867057
BRCA,kegg,3,5,KEGG_PHOSPHATIDYLINOSITOL_SIGNALING_SYSTEM,68,-0.34328092171624175,0.9960876328867057
BRCA,kegg,3,5,KEGG_PORPHYRIN_AND_CHLOROPHYLL_METABOLISM,20,2.1105573558303212,0.9960876328867057
BRCA,kegg,3,5,KEGG_PPAR_SIGNALING_PATHWAY,52,0.5890765003202966,0.9960876328867057
BRCA,kegg,3,5,KEGG_PRIMARY_BILE_ACID_BIOSYNTHESIS,11,-0.10335713493160162,0.9960876328867057
BRCA,kegg,3,5,KEGG_PRIMARY_IMMUNODEFICIENCY,30,-2.6188336113094497,0.9960876328867057
BRCA,kegg,3,5,KEGG_PRION_DISEASES,29,0.055923697295833304,0.9960876328867057
BRCA,kegg,3,5,KEGG_PROGESTERONE_MEDIATED_OOCYTE_MATURATION,72,-0.0208025758215542,0.9960876328867057
BRCA,kegg,3,5,KEGG_PROPANOATE_METABOLISM,28,1.2402738457542581,0.9960876328867057
BRCA,kegg,3,5,KEGG_PROSTATE_CANCER,83,2.0213037803362632,0.9960876328867057
BRCA,kegg,3,5,KEGG_PROTEASOME,41,4.431773154806022,0.9960876328867057
BRCA,kegg,3,5,KEGG_PROTEIN_EXPORT,23,3.6031203732325316,0.9960876328867057
BRCA,kegg,3,5,KEGG_PROXIMAL_TUBULE_BICARBONATE_RECLAMATION,17,-0.07672015616922317,0.9960876328867057
BRCA,kegg,3,5,KEGG_PURINE_METABOLISM,132,-0.15660414618436683,0.9960876328867057
BRCA,kegg,3,5,KEGG_PYRIMIDINE_METABOLISM,90,-0.4090950916068686,0.9960876328867057
BRCA,kegg,3,5,KEGG_PYRUVATE_METABOLISM,33,1.5143509705363185,0.9960876328867057
BRCA,kegg,3,5,KEGG_REGULATION_OF_ACTIN_CYTOSKELETON,170,5.809614540736764,0.9960876328867057
BRCA,kegg,3,5,KEGG_REGULATION_OF_AUTOPHAGY,20,-0.36519672251849306,0.9960876328867057
BRCA,kegg,3,5,KEGG_RENAL_CELL_CARCINOMA,64,0.8451031058747924,0.9960876328867057
BRCA,kegg,3,5,KEGG_RENIN_ANGIOTENSIN_SYSTEM,10,0.963760551526907,0.9960876328867057
BRCA,kegg,3,5,KEGG_RETINOL_METABOLISM,17,-1.173163379793067,0.9960876328867057
BRCA,kegg,3,5,KEGG_RIBOFLAVIN_METABOLISM,11,1.3470435965200862,0.9960876328867057
BRCA,kegg,3,5,KEGG_RIG_I_LIKE_RECEPTOR_SIGNALING_PATHWAY,50,-0.3172246573731031,0.9960876328867057
BRCA,kegg,3,5,KEGG_RNA_DEGRADATION,50,-1.0337584390226702,0.9960876328867057
BRCA,kegg,3,5,KEGG_RNA_POLYMERASE,28,-0.3121331860187206,0.9960876328867057
BRCA,kegg,3,5,KEGG_SELENOAMINO_ACID_METABOLISM,22,-0.32636792793375696,0.9960876328867057
BRCA,kegg,3,5,KEGG_SMALL_CELL_LUNG_CANCER,78,1.9667660663357607,0.9960876328867057
BRCA,kegg,3,5,KEGG_SNARE_INTERACTIONS_IN_VESICULAR_TRANSPORT,36,0.07843762380534039,0.9960876328867057
BRCA,kegg,3,5,KEGG_SPHINGOLIPID_METABOLISM,32,1.3599156055544916,0.9960876328867057
BRCA,kegg,3,5,KEGG_SPLICEOSOME,126,-2.1647362836281543,0.9960876328867057
BRCA,kegg,3,5,KEGG_STARCH_AND_SUCROSE_METABOLISM,21,2.7707291017274067,0.9960876328867057
BRCA,kegg,3,5,KEGG_STEROID_BIOSYNTHESIS,15,3.4162499412171474,0.9960876328867057
BRCA,kegg,3,5,KEGG_STEROID_HORMONE_BIOSYNTHESIS,19,-0.17675765043328312,0.9960876328867057
BRCA,kegg,3,5,KEGG_SULFUR_METABOLISM,11,0.5560395280025294,0.9960876328867057
BRCA,kegg,3,5,KEGG_SYSTEMIC_LUPUS_ERYTHEMATOSUS,44,2.1903016260923724,0.9960876328867057
BRCA,kegg,3,5,KEGG_TASTE_TRANSDUCTION,13,1.3080221572777169,0.9960876328867057
BRCA,kegg,3,5,KEGG_TERPENOID_BACKBONE_BIOSYNTHESIS,14,1.4755151974550287,0.9960876328867057
BRCA,kegg,3,5,KEGG_TGF_BETA_SIGNALING_PATHWAY,69,4.163843645104294,0.9960876328867057
BRCA,kegg,3,5,KEGG_THYROID_CANCER,28,0.11254880724880603,0.9960876328867057
BRCA,kegg,3,5,KEGG_TIGHT_JUNCTION,97,1.2996812120401782,0.9960876328867057
BRCA,kegg,3,5,KEGG_TOLL_LIKE_RECEPTOR_SIGNALING_PATHWAY,85,0.29558185345123666,0.9960876328867057
BRCA,kegg,3,5,KEGG_TRYPTOPHAN_METABOLISM,27,-0.5751594722834141,0.9960876328867057
BRCA,kegg,3,5,KEGG_TYPE_II_DIABETES_MELLITUS,34,0.26449973586742487,0.9960876328867057
BRCA,kegg,3,5,KEGG_TYPE_I_DIABETES_MELLITUS,36,1.2662204738636886,0.9960876328867057
BRCA,kegg,3,5,KEGG_TYROSINE_METABOLISM,28,-0.6191124481618323,0.9960876328867057
BRCA,kegg,3,5,KEGG_T_CELL_RECEPTOR_SIGNALING_PATHWAY,101,-1.8218386096937118,0.9960876328867057
BRCA,kegg,3,5,KEGG_UBIQUITIN_MEDIATED_PROTEOLYSIS,126,-1.3249946600153757,0.9960876328867057
BRCA,kegg,3,5,KEGG_VALINE_LEUCINE_AND_ISOLEUCINE_DEGRADATION,43,-0.09015723974333703,0.9960876328867057
BRCA,kegg,3,5,KEGG_VASCULAR_SMOOTH_MUSCLE_CONTRACTION,88,0.778949277687622,0.9960876328867057
BRCA,kegg,3,5,KEGG_VASOPRESSIN_REGULATED_WATER_REABSORPTION,39,3.0167545286347877,0.9960876328867057
BRCA,kegg,3,5,KEGG_VEGF_SIGNALING_PATHWAY,63,0.040636044207016025,0.9960876328867057
BRCA,kegg,3,5,KEGG_VIBRIO_CHOLERAE_INFECTION,47,3.996797668013352,0.9960876328867057
BRCA,kegg,3,5,KEGG_VIRAL_MYOCARDITIS,57,2.76904544687447,0.9960876328867057
BRCA,kegg,3,5,KEGG_WNT_SIGNALING_PATHWAY,126,-0.6691015674617792,0.9960876328867057
BRCA,kegg,3,6,KEGG_ABC_TRANSPORTERS,33,-1.6029240136739058,0.9743741811942392
BRCA,kegg,3,6,KEGG_ACUTE_MYELOID_LEUKEMIA,53,0.11326366923178562,0.9743741811942392
BRCA,kegg,3,6,KEGG_ADHERENS_JUNCTION,65,0.982731134159873,0.9743741811942392
BRCA,kegg,3,6,KEGG_ADIPOCYTOKINE_SIGNALING_PATHWAY,54,1.160281093209592,0.9743741811942392
BRCA,kegg,3,6,KEGG_ALANINE_ASPARTATE_AND_GLUTAMATE_METABOLISM,25,0.010968470832950735,0.9743741811942392
BRCA,kegg,3,6,KEGG_ALDOSTERONE_REGULATED_SODIUM_REABSORPTION,33,1.5680387648211722,0.9743741811942392
BRCA,kegg,3,6,KEGG_ALLOGRAFT_REJECTION,32,-2.9857587237766516,0.9743741811942392
BRCA,kegg,3,6,KEGG_ALPHA_LINOLENIC_ACID_METABOLISM,10,-0.2925215858324837,0.9743741811942392
BRCA,kegg,3,6,KEGG_ALZHEIMERS_DISEASE,128,3.126112958909475,0.9743741811942392
BRCA,kegg,3,6,KEGG_AMINOACYL_TRNA_BIOSYNTHESIS,22,-1.1436500818386321,0.9743741811942392
BRCA,kegg,3,6,KEGG_AMINO_SUGAR_AND_NUCLEOTIDE_SUGAR_METABOLISM,39,-1.2233774563619784,0.9743741811942392
BRCA,kegg,3,6,KEGG_AMYOTROPHIC_LATERAL_SCLEROSIS_ALS,41,0.28571879564067254,0.9743741811942392
BRCA,kegg,3,6,KEGG_ANTIGEN_PROCESSING_AND_PRESENTATION,66,-6.275293475540809,0.9743741811942392
BRCA,kegg,3,6,KEGG_APOPTOSIS,82,0.02536422255850974,0.9743741811942392
BRCA,kegg,3,6,KEGG_ARACHIDONIC_ACID_METABOLISM,33,4.474539853382793,0.9743741811942392
BRCA,kegg,3,6,KEGG_ARGININE_AND_PROLINE_METABOLISM,43,2.1524762688977765,0.9743741811942392
BRCA,kegg,3,6,KEGG_ARRHYTHMOGENIC_RIGHT_VENTRICULAR_CARDIOMYOPATHY_ARVC,58,1.5893859329780835,0.9743741811942392
BRCA,kegg,3,6,KEGG_ASTHMA,18,-0.6605854964486043,0.9743741811942392
BRCA,kegg,3,6,KEGG_AUTOIMMUNE_THYROID_DISEASE,33,-3.080078441185496,0.9743741811942392
BRCA,kegg,3,6,KEGG_AXON_GUIDANCE,111,2.1210114428008233,0.9743741811942392
BRCA,kegg,3,6,KEGG_BASAL_CELL_CARCINOMA,38,0.883222476502321,0.9743741811942392
BRCA,kegg,3,6,KEGG_BASAL_TRANSCRIPTION_FACTORS,31,-0.6816552929292409,0.9743741811942392
BRCA,kegg,3,6,KEGG_BASE_EXCISION_REPAIR,33,-2.2299820516909374,0.9743741811942392
BRCA,kegg,3,6,KEGG_BETA_ALANINE_METABOLISM,16,2.602691351877372,0.9743741811942392
BRCA,kegg,3,6,KEGG_BIOSYNTHESIS_OF_UNSATURATED_FATTY_ACIDS,21,-0.03294136230668653,0.9743741811942392
BRCA,kegg,3,6,KEGG_BLADDER_CANCER,40,-1.7786676996743558,0.9743741811942392
BRCA,kegg,3,6,KEGG_BUTANOATE_METABOLISM,28,2.8058136708108803,0.9743741811942392
BRCA,kegg,3,6,KEGG_B_CELL_RECEPTOR_SIGNALING_PATHWAY,71,0.8363916134618312,0.9743741811942392
BRCA,kegg,3,6,KEGG_CALCIUM_SIGNALING_PATHWAY,112,1.793802463672231,0.9743741811942392
BRCA,kegg,3,6,KEGG_CARDIAC_MUSCLE_CONTRACTION,51,3.2014085957676786,0.9743741811942392
BRCA,kegg,3,6,KEGG_CELL_ADHESION_MOLECULES_CAMS,109,-0.155716035300138,0.9743741811942392
BRCA,kegg,3,6,KEGG_CELL_CYCLE,116,-4.751851750215232,0.9743741811942392
BRCA,kegg,3,6,KEGG_CHEMOKINE_SIGNALING_PATHWAY,155,-0.07029853308953507,0.9743741811942392
BRCA,kegg,3,6,KEGG_CHRONIC_MYELOID_LEUKEMIA,70,0.5117999621560287,0.9743741811942392
BRCA,kegg,3,6,KEGG_CIRCADIAN_RHYTHM_MAMMAL,12,2.4553091226451125,0.9743741811942392
BRCA,kegg,3,6,KEGG_CITRATE_CYCLE_TCA_CYCLE,27,0.8466430939262874,0.9743741811942392
BRCA,kegg,3,6,KEGG_COLORECTAL_CANCER,59,2.087070845360549,0.9743741811942392
BRCA,kegg,3,6,KEGG_COMPLEMENT_AND_COAGULATION_CASCADES,45,6.113052530378426,0.9743741811942392
BRCA,kegg,3,6,KEGG_CYSTEINE_AND_METHIONINE_METABOLISM,27,-0.3513247757332476,0.9743741811942392
BRCA,kegg,3,6,KEGG_CYTOKINE_CYTOKINE_RECEPTOR_INTERACTION,191,3.62739444000301,0.9743741811942392
BRCA,kegg,3,6,KEGG_CYTOSOLIC_DNA_SENSING_PATHWAY,38,-2.025426945779792,0.9743741811942392
BRCA,kegg,3,6,KEGG_DILATED_CARDIOMYOPATHY,66,1.1929698589896336,0.9743741811942392
BRCA,kegg,3,6,KEGG_DNA_REPLICATION,35,-4.015848422973172,0.9743741811942392
BRCA,kegg,3,6,KEGG_DORSO_VENTRAL_AXIS_FORMATION,19,1.0671443466351573,0.9743741811942392
BRCA,kegg,3,6,KEGG_DRUG_METABOLISM_CYTOCHROME_P450,29,6.782681543026751,0.9743741811942392
BRCA,kegg,3,6,KEGG_DRUG_METABOLISM_OTHER_ENZYMES,22,-0.8315102769877893,0.9743741811942392
BRCA,kegg,3,6,KEGG_ECM_RECEPTOR_INTERACTION,69,4.098364173019857,0.9743741811942392
BRCA,kegg,3,6,KEGG_ENDOCYTOSIS,166,-1.6897354770159905,0.9743741811942392
BRCA,kegg,3,6,KEGG_ENDOMETRIAL_CANCER,48,-0.5942223214791724,0.9743741811942392
BRCA,kegg,3,6,KEGG_EPITHELIAL_CELL_SIGNALING_IN_HELICOBACTER_PYLORI_INFECTION,61,0.33212849318515136,0.9743741811942392
BRCA,kegg,3,6,KEGG_ERBB_SIGNALING_PATHWAY,75,0.4911556015236496,0.9743741811942392
BRCA,kegg,3,6,KEGG_ETHER_LIPID_METABOLISM,24,1.9890877015805508,0.9743741811942392
BRCA,kegg,3,6,KEGG_FATTY_ACID_METABOLISM,34,4.077615920184097,0.9743741811942392
BRCA,kegg,3,6,KEGG_FC_EPSILON_RI_SIGNALING_PATHWAY,64,-0.546015745877068,0.9743741811942392
BRCA,kegg,3,6,KEGG_FC_GAMMA_R_MEDIATED_PHAGOCYTOSIS,87,0.33497828385680545,0.9743741811942392
BRCA,kegg,3,6,KEGG_FOCAL_ADHESION,176,4.837489966520289,0.9743741811942392
BRCA,kegg,3,6,KEGG_FRUCTOSE_AND_MANNOSE_METABOLISM,28,-0.8986319986430024,0.9743741811942392
BRCA,kegg,3,6,KEGG_GALACTOSE_METABOLISM,21,-0.23177174519798574,0.9743741811942392
BRCA,kegg,3,6,KEGG_GAP_JUNCTION,69,-0.38106465028664355,0.9743741811942392
BRCA,kegg,3,6,KEGG_GLIOMA,59,-0.6797308326644605,0.9743741811942392
BRCA,kegg,3,6,KEGG_GLUTATHIONE_METABOLISM,41,3.7327952313496593,0.9743741811942392
BRCA,kegg,3,6,KEGG_GLYCEROLIPID_METABOLISM,39,2.5422127545858153,0.9743741811942392
BRCA,kegg,3,6,KEGG_GLYCEROPHOSPHOLIPID_METABOLISM,61,1.0928620970976697,0.9743741811942392
BRCA,kegg,3,6,KEGG_GLYCINE_SERINE_AND_THREONINE_METABOLISM,22,2.5328840682402074,0.9743741811942392
BRCA,kegg,3,6,KEGG_GLYCOLYSIS_GLUCONEOGENESIS,43,0.005541986811241582,0.9743741811942392
BRCA,kegg,3,6,KEGG_GLYCOSAMINOGLYCAN_BIOSYNTHESIS_CHONDROITIN_SULFATE,21,-0.4945880934319645,0.9743741811942392
BRCA,kegg,3,6,KEGG_GLYCOSAMINOGLYCAN_BIOSYNTHESIS_HEPARAN_SULFATE,18,-0.004083690296053538,0.9743741811942392
BRCA,kegg,3,6,KEGG_GLYCOSAMINOGLYCAN_BIOSYNTHESIS_KERATAN_SULFATE,13,-0.4979108286947431,0.9743741811942392
BRCA,kegg,3,6,KEGG_GLYCOSAMINOGLYCAN_DEGRADATION,18,0.4633061848132184,0.9743741811942392
BRCA,kegg,3,6,KEGG_GLYCOSPHINGOLIPID_BIOSYNTHESIS_GANGLIO_SERIES,14,-0.6931574046522179,0.9743741811942392
BRCA,kegg,3,6,KEGG_GLYCOSPHINGOLIPID_BIOSYNTHESIS_GLOBO_SERIES,12,-0.34091558301256064,0.9743741811942392
BRCA,kegg,3,6,KEGG_GLYCOSPHINGOLIPID_BIOSYNTHESIS_LACTO_AND_NEOLACTO_SERIES,20,-0.22619982671783578,0.9743741811942392
BRCA,kegg,3,6,KEGG_GLYCOSYLPHOSPHATIDYLINOSITOL_GPI_ANCHOR_BIOSYNTHESIS,23,-0.8413021924077683,0.9743741811942392
BRCA,kegg,3,6,KEGG_GLYOXYLATE_AND_DICARBOXYLATE_METABOLISM,13,-0.10109057675457991,0.9743741811942392
BRCA,kegg,3,6,KEGG_GNRH_SIGNALING_PATHWAY,80,0.6840697376322449,0.9743741811942392
BRCA,kegg,3,6,KEGG_GRAFT_VERSUS_HOST_DISEASE,37,-2.660312925798224,0.9743741811942392
BRCA,kegg,3,6,KEGG_HEDGEHOG_SIGNALING_PATHWAY,35,0.11797148097192448,0.9743741811942392
BRCA,kegg,3,6,KEGG_HEMATOPOIETIC_CELL_LINEAGE,68,3.0477380030426073,0.9743741811942392
BRCA,kegg,3,6,KEGG_HISTIDINE_METABOLISM,19,3.051100272469311,0.9743741811942392
BRCA,kegg,3,6,KEGG_HOMOLOGOUS_RECOMBINATION,24,-1.7635302069133034,0.9743741811942392
BRCA,kegg,3,6,KEGG_HUNTINGTONS_DISEASE,143,2.523951599370107,0.9743741811942392
BRCA,kegg,3,6,KEGG_HYPERTROPHIC_CARDIOMYOPATHY_HCM,61,1.8629411295245986,0.9743741811942392
BRCA,kegg,3,6,KEGG_INOSITOL_PHOSPHATE_METABOLISM,50,-0.8922219893834966,0.9743741811942392
BRCA,kegg,3,6,KEGG_INSULIN_SIGNALING_PATHWAY,115,0.8660118396713583,0.9743741811942392
BRCA,kegg,3,6,KEGG_INTESTINAL_IMMUNE_NETWORK_FOR_IGA_PRODUCTION,40,0.8498930906647835,0.9743741811942392
BRCA,kegg,3,6,KEGG_JAK_STAT_SIGNALING_PATHWAY,109,1.5659200852807802,0.9743741811942392
BRCA,kegg,3,6,KEGG_LEISHMANIA_INFECTION,66,0.8108632912385146,0.9743741811942392
BRCA,kegg,3,6,KEGG_LEUKOCYTE_TRANSENDOTHELIAL_MIGRATION,93,3.349555584164006,0.9743741811942392
BRCA,kegg,3,6,KEGG_LINOLEIC_ACID_METABOLISM,10,0.863213383398949,0.9743741811942392
BRCA,kegg,3,6,KEGG_LONG_TERM_DEPRESSION,49,-0.6140305372837206,0.9743741811942392
BRCA,kegg,3,6,KEGG_LONG_TERM_POTENTIATION,51,-0.27506529334418495,0.9743741811942392
BRCA,kegg,3,6,KEGG_LYSINE_DEGRADATION,39,-0.4940635245683967,0.9743741811942392
BRCA,kegg,3,6,KEGG_LYSOSOME,113,-1.468862982681848,0.9743741811942392
BRCA,kegg,3,6,KEGG_MAPK_SIGNALING_PATHWAY,214,3.2563068381668634,0.9743741811942392
BRCA,kegg,3,6,KEGG_MELANOGENESIS,78,1.0333079085092451,0.9743741811942392
BRCA,kegg,3,6,KEGG_MELANOMA,56,-0.803516303522032,0.9743741811942392
BRCA,kegg,3,6,KEGG_METABOLISM_OF_XENOBIOTICS_BY_CYTOCHROME_P450,28,5.264649771018752,0.9743741811942392
BRCA,kegg,3,6,KEGG_MISMATCH_REPAIR,22,-2.877760449612957,0.9743741811942392
BRCA,kegg,3,6,KEGG_MTOR_SIGNALING_PATHWAY,41,0.7654969551624771,0.9743741811942392
BRCA,kegg,3,6,KEGG_NATURAL_KILLER_CELL_MEDIATED_CYTOTOXICITY,106,-2.460800035610774,0.9743741811942392
BRCA,kegg,3,6,KEGG_NEUROACTIVE_LIGAND_RECEPTOR_INTERACTION,104,2.5169697164577003,0.9743741811942392
BRCA,kegg,3,6,KEGG_NEUROTROPHIN_SIGNALING_PATHWAY,111,0.8132327545850766,0.9743741811942392
BRCA,kegg,3,6,KEGG_NICOTINATE_AND_NICOTINAMIDE_METABOLISM,21,0.8057400668825723,0.9743741811942392
BRCA,kegg,3,6,KEGG_NITROGEN_METABOLISM,15,1.3682221359013977,0.9743741811942392
BRCA,kegg,3,6,KEGG_NOD_LIKE_RECEPTOR_SIGNALING_PATHWAY,57,-0.7076395898534116,0.9743741811942392
BRCA,kegg,3,6,KEGG_NON_HOMOLOGOUS_END_JOINING,11,-1.2694711949111328,0.9743741811942392
BRCA,kegg,3,6,KEGG_NON_SMALL_CELL_LUNG_CANCER,51,-1.1463826091058644,0.9743741811942392
BRCA,kegg,3,6,KEGG_NOTCH_SIGNALING_PATHWAY,44,0.5120666969341657,0.9743741811942392
BRCA,kegg,3,6,KEGG_NUCLEOTIDE_EXCISION_REPAIR,43,-1.938642856394209,0.9743741811942392
BRCA,kegg,3,6,KEGG_N_GLYCAN_BIOSYNTHESIS,45,-1.852843477887205,0.9743741811942392
BRCA,kegg,3,6,KEGG_OLFACTORY_TRANSDUCTION,18,0.9103149271497133,0.9743741811942392
BRCA,kegg,3,6,KEGG_ONE_CARBON_POOL_BY_FOLATE,15,-1.17354578326823,0.9743741811942392
BRCA,kegg,3,6,KEGG_OOCYTE_MEIOSIS,93,-2.6386814778695933,0.9743741811942392
BRCA,kegg,3,6,KEGG_OTHER_GLYCAN_DEGRADATION,13,-0.6073517519052843,0.9743741811942392
BRCA,kegg,3,6,KEGG_OXIDATIVE_PHOSPHORYLATION,91,3.527166513391832,0.9743741811942392
BRCA,kegg,3,6,KEGG_O_GLYCAN_BIOSYNTHESIS,21,-0.12316507896935702,0.9743741811942392
BRCA,kegg,3,6,KEGG_P53_SIGNALING_PATHWAY,63,0.4551321339343351,0.9743741811942392
BRCA,kegg,3,6,KEGG_PANCREATIC_CANCER,68,-0.2436548961752396,0.9743741811942392
BRCA,kegg,3,6,KEGG_PANTOTHENATE_AND_COA_BIOSYNTHESIS,13,-0.5076860176096789,0.9743741811942392
BRCA,kegg,3,6,KEGG_PARKINSONS_DISEASE,89,3.523518180715946,0.9743741811942392
BRCA,kegg,3,6,KEGG_PATHOGENIC_ESCHERICHIA_COLI_INFECTION,49,-0.2037866557905465,0.9743741811942392
BRCA,kegg,3,6,KEGG_PATHWAYS_IN_CANCER,279,1.9524916008020607,0.9743741811942392
BRCA,kegg,3,6,KEGG_PENTOSE_PHOSPHATE_PATHWAY,22,-0.4776878943550226,0.9743741811942392
BRCA,kegg,3,6,KEGG_PEROXISOME,71,2.902383018659857,0.9743741811942392
BRCA,kegg,3,6,KEGG_PHENYLALANINE_METABOLISM,13,4.546712339898238,0.9743741811942392
BRCA,kegg,3,6,KEGG_PHOSPHATIDYLINOSITOL_SIGNALING_SYSTEM,68,-0.2789866928684819,0.9743741811942392
BRCA,kegg,3,6,KEGG_PORPHYRIN_AND_CHLOROPHYLL_METABOLISM,20,0.21416937661420504,0.9743741811942392
BRCA,kegg,3,6,KEGG_PPAR_SIGNALING_PATHWAY,52,5.1108447222588484,0.9743741811942392
BRCA,kegg,3,6,KEGG_PRIMARY_BILE_ACID_BIOSYNTHESIS,11,1.0865492770555703,0.9743741811942392
BRCA,kegg,3,6,KEGG_PRIMARY_IMMUNODEFICIENCY,30,-2.0967811418564937,0.9743741811942392
BRCA,kegg,3,6,KEGG_PRION_DISEASES,29,1.0848908408288578,0.9743741811942392
BRCA,kegg,3,6,KEGG_PROGESTERONE_MEDIATED_OOCYTE_MATURATION,72,-2.981392288666629,0.9743741811942392
BRCA,kegg,3,6,KEGG_PROPANOATE_METABOLISM,28,1.9389071996000362,0.9743741811942392
BRCA,kegg,3,6,KEGG_PROSTATE_CANCER,83,0.3478269174159732,0.9743741811942392
BRCA,kegg,3,6,KEGG_PROTEASOME,41,-4.2055221588101475,0.9743741811942392
BRCA,kegg,3,6,KEGG_PROTEIN_EXPORT,23,-1.226787263676181,0.9743741811942392
BRCA,kegg,3,6,KEGG_PROXIMAL_TUBULE_BICARBONATE_RECLAMATION,17,3.9228574107778527,0.9743741811942392
BRCA,kegg,3,6,KEGG_PURINE_METABOLISM,132,-1.410368242994457,0.9743741811942392
BRCA,kegg,3,6,KEGG_PYRIMIDINE_METABOLISM,90,-2.6162322662442663,0.9743741811942392
BRCA,kegg,3,6,KEGG_PYRUVATE_METABOLISM,33,0.010058443547627102,0.9743741811942392
BRCA,kegg,3,6,KEGG_REGULATION_OF_ACTIN_CYTOSKELETON,170,2.2545123391535173,0.9743741811942392
BRCA,kegg,3,6,KEGG_REGULATION_OF_AUTOPHAGY,20,0.10911728739040182,0.9743741811942392
BRCA,kegg,3,6,KEGG_RENAL_CELL_CARCINOMA,64,0.8650000361103589,0.9743741811942392
BRCA,kegg,3,6,KEGG_RENIN_ANGIOTENSIN_SYSTEM,10,0.9396245855485276,0.9743741811942392
BRCA,kegg,3,6,KEGG_RETINOL_METABOLISM,17,3.3771196396553345,0.9743741811942392
BRCA,kegg,3,6,KEGG_RIBOFLAVIN_METABOLISM,11,-1.0869857739780133,0.9743741811942392
BRCA,kegg,3,6,KEGG_RIG_I_LIKE_RECEPTOR_SIGNALING_PATHWAY,50,-3.557432092914069,0.9743741811942392
BRCA,kegg,3,6,KEGG_RNA_DEGRADATION,50,-1.9417905705843905,0.9743741811942392
BRCA,kegg,3,6,KEGG_RNA_POLYMERASE,28,-0.32647455386867263,0.9743741811942392
BRCA,kegg,3,6,KEGG_SELENOAMINO_ACID_METABOLISM,22,0.44913768423457856,0.9743741811942392
BRCA,kegg,3,6,KEGG_SMALL_CELL_LUNG_CANCER,78,0.021650785624322766,0.9743741811942392
BRCA,kegg,3,6,KEGG_SNARE_INTERACTIONS_IN_VESICULAR_TRANSPORT,36,0.524414870081167,0.9743741811942392
BRCA,kegg,3,6,KEGG_SPHINGOLIPID_METABOLISM,32,0.8772437498619334,0.9743741811942392
BRCA,kegg,3,6,KEGG_SPLICEOSOME,126,-0.5316686747376183,0.9743741811942392
BRCA,kegg,3,6,KEGG_STARCH_AND_SUCROSE_METABOLISM,21,-0.696867737950843,0.9743741811942392
BRCA,kegg,3,6,KEGG_STEROID_BIOSYNTHESIS,15,-1.8072436993890917,0.9743741811942392
BRCA,kegg,3,6,KEGG_STEROID_HORMONE_BIOSYNTHESIS,19,1.0581092326403587,0.9743741811942392
BRCA,kegg,3,6,KEGG_SULFUR_METABOLISM,11,-0.5138201707120164,0.9743741811942392
BRCA,kegg,3,6,KEGG_SYSTEMIC_LUPUS_ERYTHEMATOSUS,44,-0.9846484564118,0.9743741811942392
BRCA,kegg,3,6,KEGG_TASTE_TRANSDUCTION,13,-0.5963339929612393,0.9743741811942392
BRCA,kegg,3,6,KEGG_TERPENOID_BACKBONE_BIOSYNTHESIS,14,0.9268850376561883,0.9743741811942392
BRCA,kegg,3,6,KEGG_TGF_BETA_SIGNALING_PATHWAY,69,3.0616238524142503,0.9743741811942392
BRCA,kegg,3,6,KEGG_THYROID_CANCER,28,-1.4872432833577078,0.9743741811942392
BRCA,kegg,3,6,KEGG_TIGHT_JUNCTION,97,1.3622812874551795,0.9743741811942392
BRCA,kegg,3,6,KEGG_TOLL_LIKE_RECEPTOR_SIGNALING_PATHWAY,85,-1.4563669066493943,0.9743741811942392
BRCA,kegg,3,6,KEGG_TRYPTOPHAN_METABOLISM,27,2.6447999126232213,0.9743741811942392
BRCA,kegg,3,6,KEGG_TYPE_II_DIABETES_MELLITUS,34,0.8452498202440616,0.9743741811942392
BRCA,kegg,3,6,KEGG_TYPE_I_DIABETES_MELLITUS,36,-2.9070557320205475,0.9743741811942392
BRCA,kegg,3,6,KEGG_TYROSINE_METABOLISM,28,4.944385504372831,0.9743741811942392
BRCA,kegg,3,6,KEGG_T_CELL_RECEPTOR_SIGNALING_PATHWAY,101,0.20834831663893083,0.9743741811942392
BRCA,kegg,3,6,KEGG_UBIQUITIN_MEDIATED_PROTEOLYSIS,126,-3.204854249576602,0.9743741811942392
BRCA,kegg,3,6,KEGG_VALINE_LEUCINE_AND_ISOLEUCINE_DEGRADATION,43,2.9999948840708646,0.9743741811942392
BRCA,kegg,3,6,KEGG_VASCULAR_SMOOTH_MUSCLE_CONTRACTION,88,3.4301985497840426,0.9743741811942392
BRCA,kegg,3,6,KEGG_VASOPRESSIN_REGULATED_WATER_REABSORPTION,39,1.1008813173625644,0.9743741811942392
BRCA,kegg,3,6,KEGG_VEGF_SIGNALING_PATHWAY,63,-0.15096566123689203,0.9743741811942392
BRCA,kegg,3,6,KEGG_VIBRIO_CHOLERAE_INFECTION,47,-2.2966756255871097,0.9743741811942392
BRCA,kegg,3,6,KEGG_VIRAL_MYOCARDITIS,57,-1.7246356899350062,0.9743741811942392
BRCA,kegg,3,6,KEGG_WNT_SIGNALING_PATHWAY,126,2.07578180782413,0.9743741811942392
BRCA,kegg,3,7,KEGG_ABC_TRANSPORTERS,33,-0.17720017446462094,0.9792598772226824
BRCA,kegg,3,7,KEGG_ACUTE_MYELOID_LEUKEMIA,53,1.3484171821753237,0.9792598772226824
BRCA,kegg,3,7,KEGG_ADHERENS_JUNCTION,65,2.0369193035479176,0.9792598772226824
BRCA,kegg,3,7,KEGG_ADIPOCYTOKINE_SIGNALING_PATHWAY,54,-0.5263217719341402,0.9792598772226824
BRCA,kegg,3,7,KEGG_ALANINE_ASPARTATE_AND_GLUTAMATE_METABOLISM,25,2.7240798255961294,0.9792598772226824
BRCA,kegg,3,7,KEGG_ALDOSTERONE_REGULATED_SODIUM_REABSORPTION,33,-0.11242532148503685,0.9792598772226824
BRCA,kegg,3,7,KEGG_ALLOGRAFT_REJECTION,32,-8.077665643862364,0.9792598772226824
BRCA,kegg,3,7,KEGG_ALPHA_LINOLENIC_ACID_METABOLISM,10,-0.10674905782610575,0.9792598772226824
BRCA,kegg,3,7,KEGG_ALZHEIMERS_DISEASE,128,2.7926359469346,0.9792598772226824
BRCA,kegg,3,7,KEGG_AMINOACYL_TRNA_BIOSYNTHESIS,22,3.0044579972462477,0.9792598772226824
BRCA,kegg,3,7,KEGG_AMINO_SUGAR_AND_NUCLEOTIDE_SUGAR_METABOLISM,39,1.6681391672999117,0.9792598772226824
BRCA,kegg,3,7,KEGG_AMYOTROPHIC_LATERAL_SCLEROSIS_ALS,41,0.962355834131639,0.9792598772226824
BRCA,kegg,3,7,KEGG_ANTIGEN_PROCESSING_AND_PRESENTATION,66,-1.6030528505857398,0.9792598772226824
BRCA,kegg,3,7,KEGG_APOPTOSIS,82,-1.0929238655641347,0.9792598772226824
BRCA,kegg,3,7,KEGG_ARACHIDONIC_ACID_METABOLISM,33,-2.9963556902010784,0.9792598772226824
BRCA,kegg,3,7,KEGG_ARGININE_AND_PROLINE_METABOLISM,43,3.521239990883177,0.9792598772226824
BRCA,kegg,3,7,KEGG_ARRHYTHMOGENIC_RIGHT_VENTRICULAR_CARDIOMYOPATHY_ARVC,58,1.591170778143333,0.9792598772226824
BRCA,kegg,3,7,KEGG_ASTHMA,18,-8.480607038109277,0.9792598772226824
BRCA,kegg,3,7,KEGG_AUTOIMMUNE_THYROID_DISEASE,33,-7.637026977918729,0.9792598772226824
BRCA,kegg,3,7,KEGG_AXON_GUIDANCE,111,-1.2843327080452975,0.9792598772226824
BRCA,kegg,3,7,KEGG_BASAL_CELL_CARCINOMA,38,-0.9319037772429921,0.9792598772226824
BRCA,kegg,3,7,KEGG_BASAL_TRANSCRIPTION_FACTORS,31,0.5269583753487976,0.9792598772226824
BRCA,kegg,3,7,KEGG_BASE_EXCISION_REPAIR,33,2.5612662349363577,0.9792598772226824
BRCA,kegg,3,7,KEGG_BETA_ALANINE_METABOLISM,16,1.5523442421156948,0.9792598772226824
BRCA,kegg,3,7,KEGG_BIOSYNTHESIS_OF_UNSATURATED_FATTY_ACIDS,21,5.104328514884751,0.9792598772226824
BRCA,kegg,3,7,KEGG_BLADDER_CANCER,40,2.547085352713836,0.9792598772226824
BRCA,kegg,3,7,KEGG_BUTANOATE_METABOLISM,28,0.897891296222709,0.9792598772226824
BRCA,kegg,3,7,KEGG_B_CELL_RECEPTOR_SIGNALING_PATHWAY,71,-1.925593989031722,0.9792598772226824
BRCA,kegg,3,7,KEGG_CALCIUM_SIGNALING_PATHWAY,112,-0.5249935167698296,0.9792598772226824
BRCA,kegg,3,7,KEGG_CARDIAC_MUSCLE_CONTRACTION,51,2.286260272399321,0.9792598772226824
BRCA,kegg,3,7,KEGG_CELL_ADHESION_MOLECULES_CAMS,109,-6.046113520474748,0.9792598772226824
BRCA,kegg,3,7,KEGG_CELL_CYCLE,116,4.913409882454435,0.9792598772226824
BRCA,kegg,3,7,KEGG_CHEMOKINE_SIGNALING_PATHWAY,155,-2.612364759476882,0.9792598772226824
BRCA,kegg,3,7,KEGG_CHRONIC_MYELOID_LEUKEMIA,70,1.1347507597423536,0.9792598772226824
BRCA,kegg,3,7,KEGG_CIRCADIAN_RHYTHM_MAMMAL,12,-1.0047052898975597,0.9792598772226824
BRCA,kegg,3,7,KEGG_CITRATE_CYCLE_TCA_CYCLE,27,5.6262832221384835,0.9792598772226824
BRCA,kegg,3,7,KEGG_COLORECTAL_CANCER,59,-1.0760328850742014,0.9792598772226824
BRCA,kegg,3,7,KEGG_COMPLEMENT_AND_COAGULATION_CASCADES,45,-6.394411796504997,0.9792598772226824
BRCA,kegg,3,7,KEGG_CYSTEINE_AND_METHIONINE_METABOLISM,27,3.292072977930534,0.9792598772226824
BRCA,kegg,3,7,KEGG_CYTOKINE_CYTOKINE_RECEPTOR_INTERACTION,191,-7.8756388548375,0.9792598772226824
BRCA,kegg,3,7,KEGG_CYTOSOLIC_DNA_SENSING_PATHWAY,38,-1.4250045603906314,0.9792598772226824
BRCA,kegg,3,7,KEGG_DILATED_CARDIOMYOPATHY,66,-0.6800547634528465,0.9792598772226824
BRCA,kegg,3,7,KEGG_DNA_REPLICATION,35,2.7094724826270036,0.9792598772226824
BRCA,kegg,3,7,KEGG_DORSO_VENTRAL_AXIS_FORMATION,19,-0.34250943824204033,0.9792598772226824
BRCA,kegg,3,7,KEGG_DRUG_METABOLISM_CYTOCHROME_P450,29,-3.2203599746418865,0.9792598772226824
BRCA,kegg,3,7,KEGG_DRUG_METABOLISM_OTHER_ENZYMES,22,1.5520683884489663,0.9792598772226824
BRCA,kegg,3,7,KEGG_ECM_RECEPTOR_INTERACTION,69,-4.807838019177197,0.9792598772226824
BRCA,kegg,3,7,KEGG_ENDOCYTOSIS,166,2.0925004228556143,0.9792598772226824
BRCA,kegg,3,7,KEGG_ENDOMETRIAL_CANCER,48,2.259902040348353,0.9792598772226824
BRCA,kegg,3,7,KEGG_EPITHELIAL_CELL_SIGNALING_IN_HELICOBACTER_PYLORI_INFECTION,61,0.07581144072103708,0.9792598772226824
BRCA,kegg,3,7,KEGG_ERBB_SIGNALING_PATHWAY,75,0.8122100534624661,0.9792598772226824
BRCA,kegg,3,7,KEGG_ETHER_LIPID_METABOLISM,24,-1.3520141514632238,0.9792598772226824
BRCA,kegg,3,7,KEGG_FATTY_ACID_METABOLISM,34,1.2254558224380108,0.9792598772226824
BRCA,kegg,3,7,KEGG_FC_EPSILON_RI_SIGNALING_PATHWAY,64,-0.4078887543962243,0.9792598772226824
BRCA,kegg,3,7,KEGG_FC_GAMMA_R_MEDIATED_PHAGOCYTOSIS,87,-1.4831869237721178,0.9792598772226824
BRCA,kegg,3,7,KEGG_FOCAL_ADHESION,176,-2.8427170750181983,0.9792598772226824
BRCA,kegg,3,7,KEGG_FRUCTOSE_AND_MANNOSE_METABOLISM,28,2.241569018271424,0.9792598772226824
BRCA,kegg,3,7,KEGG_GALACTOSE_METABOLISM,21,2.547244921997419,0.9792598772226824
BRCA,kegg,3,7,KEGG_GAP_JUNCTION,69,1.0394068531172862,0.9792598772226824
BRCA,kegg,3,7,KEGG_GLIOMA,59,0.7853231289602502,0.9792598772226824
BRCA,kegg,3,7,KEGG_GLUTATHIONE_METABOLISM,41,-0.19827700040875137,0.9792598772226824
BRCA,kegg,3,7,KEGG_GLYCEROLIPID_METABOLISM,39,-1.2993660056698337,0.9792598772226824
BRCA,kegg,3,7,KEGG_GLYCEROPHOSPHOLIPID_METABOLISM,61,-0.048590807621673844,0.9792598772226824
BRCA,kegg,3,7,KEGG_GLYCINE_SERINE_AND_THREONINE_METABOLISM,22,0.7202650308653861,0.9792598772226824
BRCA,kegg,3,7,KEGG_GLYCOLYSIS_GLUCONEOGENESIS,43,5.526019146361859,0.9792598772226824
BRCA,kegg,3,7,KEGG_GLYCOSAMINOGLYCAN_BIOSYNTHESIS_CHONDROITIN_SULFATE,21,-0.9341199711063677,0.9792598772226824
BRCA,kegg,3,7,KEGG_GLYCOSAMINOGLYCAN_BIOSYNTHESIS_HEPARAN_SULFATE,18,-0.008428110024336173,0.9792598772226824
BRCA,kegg,3,7,KEGG_GLYCOSAMINOGLYCAN_BIOSYNTHESIS_KERATAN_SULFATE,13,1.4488780294546202,0.9792598772226824
BRCA,kegg,3,7,KEGG_GLYCOSAMINOGLYCAN_DEGRADATION,18,-0.323677252240942,0.9792598772226824
BRCA,kegg,3,7,KEGG_GLYCOSPHINGOLIPID_BIOSYNTHESIS_GANGLIO_SERIES,14,-0.14945071249878544,0.9792598772226824
BRCA,kegg,3,7,KEGG_GLYCOSPHINGOLIPID_BIOSYNTHESIS_GLOBO_SERIES,12,0.44099250608905555,0.9792598772226824
BRCA,kegg,3,7,KEGG_GLYCOSPHINGOLIPID_BIOSYNTHESIS_LACTO_AND_NEOLACTO_SERIES,20,0.7913651365854105,0.9792598772226824
BRCA,kegg,3,7,KEGG_GLYCOSYLPHOSPHATIDYLINOSITOL_GPI_ANCHOR_BIOSYNTHESIS,23,0.8862031008640788,0.9792598772226824
BRCA,kegg,3,7,KEGG_GLYOXYLATE_AND_DICARBOXYLATE_METABOLISM,13,2.3919336779283467,0.9792598772226824
BRCA,kegg,3,7,KEGG_GNRH_SIGNALING_PATHWAY,80,-0.584934164936855,0.9792598772226824
BRCA,kegg,3,7,KEGG_GRAFT_VERSUS_HOST_DISEASE,37,-7.369811016363266,0.9792598772226824
BRCA,kegg,3,7,KEGG_HEDGEHOG_SIGNALING_PATHWAY,35,-0.7384903275224123,0.9792598772226824
BRCA,kegg,3,7,KEGG_HEMATOPOIETIC_CELL_LINEAGE,68,-5.565217742679216,0.9792598772226824
BRCA,kegg,3,7,KEGG_HISTIDINE_METABOLISM,19,-0.329501655458937,0.9792598772226824
BRCA,kegg,3,7,KEGG_HOMOLOGOUS_RECOMBINATION,24,0.9940897723812522,0.9792598772226824
BRCA,kegg,3,7,KEGG_HUNTINGTONS_DISEASE,143,5.108204283255001,0.9792598772226824
BRCA,kegg,3,7,KEGG_HYPERTROPHIC_CARDIOMYOPATHY_HCM,61,-1.3254814307354503,0.9792598772226824
BRCA,kegg,3,7,KEGG_INOSITOL_PHOSPHATE_METABOLISM,50,1.0584748612576915,0.9792598772226824
BRCA,kegg,3,7,KEGG_INSULIN_SIGNALING_PATHWAY,115,2.8575174976144337,0.9792598772226824
BRCA,kegg,3,7,KEGG_INTESTINAL_IMMUNE_NETWORK_FOR_IGA_PRODUCTION,40,-7.752671124625235,0.9792598772226824
BRCA,kegg,3,7,KEGG_JAK_STAT_SIGNALING_PATHWAY,109,-2.425857628924084,0.9792598772226824
BRCA,kegg,3,7,KEGG_LEISHMANIA_INFECTION,66,-6.527640425196721,0.9792598772226824
BRCA,kegg,3,7,KEGG_LEUKOCYTE_TRANSENDOTHELIAL_MIGRATION,93,-1.9293175689875623,0.9792598772226824
BRCA,kegg,3,7,KEGG_LINOLEIC_ACID_METABOLISM,10,-1.2606734822681145,0.9792598772226824
BRCA,kegg,3,7,KEGG_LONG_TERM_DEPRESSION,49,0.48084785874663344,0.9792598772226824
BRCA,kegg,3,7,KEGG_LONG_TERM_POTENTIATION,51,0.5187605060728324,0.9792598772226824
BRCA,kegg,3,7,KEGG_LYSINE_DEGRADATION,39,2.025436835960951,0.9792598772226824
BRCA,kegg,3,7,KEGG_LYSOSOME,113,1.797295905088665,0.9792598772226824
BRCA,kegg,3,7,KEGG_MAPK_SIGNALING_PATHWAY,214,-0.980089975753158,0.9792598772226824
BRCA,kegg,3,7,KEGG_MELANOGENESIS,78,-0.7110015763599041,0.9792598772226824
BRCA,kegg,3,7,KEGG_MELANOMA,56,0.7109482035706174,0.9792598772226824
BRCA,kegg,3,7,KEGG_METABOLISM_OF_XENOBIOTICS_BY_CYTOCHROME_P450,28,-3.8193396928706065,0.9792598772226824
BRCA,kegg,3,7,KEGG_MISMATCH_REPAIR,22,1.997404915225994,0.9792598772226824
BRCA,kegg,3,7,KEGG_MTOR_SIGNALING_PATHWAY,41,-0.06834248525329367,0.9792598772226824
BRCA,kegg,3,7,KEGG_NATURAL_KILLER_CELL_MEDIATED_CYTOTOXICITY,106,-2.846452000817467,0.9792598772226824
BRCA,kegg,3,7,KEGG_NEUROACTIVE_LIGAND_RECEPTOR_INTERACTION,104,-3.2134956628636773,0.9792598772226824
BRCA,kegg,3,7,KEGG_NEUROTROPHIN_SIGNALING_PATHWAY,111,2.090857351290161,0.9792598772226824
BRCA,kegg,3,7,KEGG_NICOTINATE_AND_NICOTINAMIDE_METABOLISM,21,-1.0923507053819606,0.9792598772226824
BRCA,kegg,3,7,KEGG_NITROGEN_METABOLISM,15,1.4654193584662987,0.9792598772226824
BRCA,kegg,3,7,KEGG_NOD_LIKE_RECEPTOR_SIGNALING_PATHWAY,57,0.0838406329901473,0.9792598772226824
BRCA,kegg,3,7,KEGG_NON_HOMOLOGOUS_END_JOINING,11,2.3621552941095665,0.9792598772226824
BRCA,kegg,3,7,KEGG_NON_SMALL_CELL_LUNG_CANCER,51,0.8430467386366193,0.9792598772226824
BRCA,kegg,3,7,KEGG_NOTCH_SIGNALING_PATHWAY,44,-0.311818765935254,0.9792598772226824
BRCA,kegg,3,7,KEGG_NUCLEOTIDE_EXCISION_REPAIR,43,2.0426518176808592,0.9792598772226824
BRCA,kegg,3,7,KEGG_N_GLYCAN_BIOSYNTHESIS,45,3.703856241255276,0.9792598772226824
BRCA,kegg,3,7,KEGG_OLFACTORY_TRANSDUCTION,18,-0.6543674645735719,0.9792598772226824
BRCA,kegg,3,7,KEGG_ONE_CARBON_POOL_BY_FOLATE,15,1.9239987727368941,0.9792598772226824
BRCA,kegg,3,7,KEGG_OOCYTE_MEIOSIS,93,4.18433012159189,0.9792598772226824
BRCA,kegg,3,7,KEGG_OTHER_GLYCAN_DEGRADATION,13,0.3949578964542425,0.9792598772226824
BRCA,kegg,3,7,KEGG_OXIDATIVE_PHOSPHORYLATION,91,3.4766286357717737,0.9792598772226824
BRCA,kegg,3,7,KEGG_O_GLYCAN_BIOSYNTHESIS,21,-1.2184102215531047,0.9792598772226824
BRCA,kegg,3,7,KEGG_P53_SIGNALING_PATHWAY,63,-0.6189967309849272,0.9792598772226824
BRCA,kegg,3,7,KEGG_PANCREATIC_CANCER,68,0.22011383125725079,0.9792598772226824
BRCA,kegg,3,7,KEGG_PANTOTHENATE_AND_COA_BIOSYNTHESIS,13,0.31836264192713754,0.9792598772226824
BRCA,kegg,3,7,KEGG_PARKINSONS_DISEASE,89,3.9601286390587833,0.9792598772226824
BRCA,kegg,3,7,KEGG_PATHOGENIC_ESCHERICHIA_COLI_INFECTION,49,3.9573495314984286,0.9792598772226824
BRCA,kegg,3,7,KEGG_PATHWAYS_IN_CANCER,279,-0.15541276161725417,0.9792598772226824
BRCA,kegg,3,7,KEGG_PENTOSE_PHOSPHATE_PATHWAY,22,2.9337103145310457,0.9792598772226824
BRCA,kegg,3,7,KEGG_PEROXISOME,71,2.646918281047269,0.9792598772226824
BRCA,kegg,3,7,KEGG_PHENYLALANINE_METABOLISM,13,0.21397280335401117,0.9792598772226824
BRCA,kegg,3,7,KEGG_PHOSPHATIDYLINOSITOL_SIGNALING_SYSTEM,68,-0.45519804114463597,0.9792598772226824
BRCA,kegg,3,7,KEGG_PORPHYRIN_AND_CHLOROPHYLL_METABOLISM,20,0.7977731708345293,0.9792598772226824
BRCA,kegg,3,7,KEGG_PPAR_SIGNALING_PATHWAY,52,-1.729858317907884,0.9792598772226824
BRCA,kegg,3,7,KEGG_PRIMARY_BILE_ACID_BIOSYNTHESIS,11,-0.9855899490916912,0.9792598772226824
BRCA,kegg,3,7,KEGG_PRIMARY_IMMUNODEFICIENCY,30,-2.622741755875909,0.9792598772226824
BRCA,kegg,3,7,KEGG_PRION_DISEASES,29,-1.1204163649545347,0.9792598772226824
BRCA,kegg,3,7,KEGG_PROGESTERONE_MEDIATED_OOCYTE_MATURATION,72,3.303558744452348,0.9792598772226824
BRCA,kegg,3,7,KEGG_PROPANOATE_METABOLISM,28,2.819948384435356,0.9792598772226824
BRCA,kegg,3,7,KEGG_PROSTATE_CANCER,83,1.4319575837121197,0.9792598772226824
BRCA,kegg,3,7,KEGG_PROTEASOME,41,4.200155590296396,0.9792598772226824
BRCA,kegg,3,7,KEGG_PROTEIN_EXPORT,23,3.703986402192979,0.9792598772226824
BRCA,kegg,3,7,KEGG_PROXIMAL_TUBULE_BICARBONATE_RECLAMATION,17,-1.116356387164102,0.9792598772226824
BRCA,kegg,3,7,KEGG_PURINE_METABOLISM,132,3.613434917944871,0.9792598772226824
BRCA,kegg,3,7,KEGG_PYRIMIDINE_METABOLISM,90,3.2180798736908818,0.9792598772226824
BRCA,kegg,3,7,KEGG_PYRUVATE_METABOLISM,33,3.5665967291347394,0.9792598772226824
BRCA,kegg,3,7,KEGG_REGULATION_OF_ACTIN_CYTOSKELETON,170,0.6595746701558395,0.9792598772226824
BRCA,kegg,3,7,KEGG_REGULATION_OF_AUTOPHAGY,20,-0.5529568981284194,0.9792598772226824
BRCA,kegg,3,7,KEGG_RENAL_CELL_CARCINOMA,64,-0.3900786807015548,0.9792598772226824
BRCA,kegg,3,7,KEGG_RENIN_ANGIOTENSIN_SYSTEM,10,0.07389203936234914,0.9792598772226824
BRCA,kegg,3,7,KEGG_RETINOL_METABOLISM,17,-0.7914065592541492,0.9792598772226824
BRCA,kegg,3,7,KEGG_RIBOFLAVIN_METABOLISM,11,0.12967206633639414,0.9792598772226824
BRCA,kegg,3,7,KEGG_RIG_I_LIKE_RECEPTOR_SIGNALING_PATHWAY,50,-0.9714645660615978,0.9792598772226824
BRCA,kegg,3,7,KEGG_RNA_DEGRADATION,50,2.661266157883077,0.9792598772226824
BRCA,kegg,3,7,KEGG_RNA_POLYMERASE,28,3.123147570055133,0.9792598772226824
BRCA,kegg,3,7,KEGG_SELENOAMINO_ACID_METABOLISM,22,2.1709673816904393,0.9792598772226824
BRCA,kegg,3,7,KEGG_SMALL_CELL_LUNG_CANCER,78,0.2606757166922962,0.9792598772226824
BRCA,kegg,3,7,KEGG_SNARE_INTERACTIONS_IN_VESICULAR_TRANSPORT,36,-0.3710821351797037,0.9792598772226824
BRCA,kegg,3,7,KEGG_SPHINGOLIPID_METABOLISM,32,-0.6168565606365697,0.9792598772226824
BRCA,kegg,3,7,KEGG_SPLICEOSOME,126,5.463755813452321,0.9792598772226824
BRCA,kegg,3,7,KEGG_STARCH_AND_SUCROSE_METABOLISM,21,2.3813340051976972,0.9792598772226824
BRCA,kegg,3,7,KEGG_STEROID_BIOSYNTHESIS,15,3.659566242455747,0.9792598772226824
BRCA,kegg,3,7,KEGG_STEROID_HORMONE_BIOSYNTHESIS,19,-1.1975159305454766,0.9792598772226824
BRCA,kegg,3,7,KEGG_SULFUR_METABOLISM,11,0.2350846158178654,0.9792598772226824
BRCA,kegg,3,7,KEGG_SYSTEMIC_LUPUS_ERYTHEMATOSUS,44,-7.346021552193432,0.9792598772226824
BRCA,kegg,3,7,KEGG_TASTE_TRANSDUCTION,13,1.597097371059609,0.9792598772226824
BRCA,kegg,3,7,KEGG_TERPENOID_BACKBONE_BIOSYNTHESIS,14,1.4710427280317355,0.9792598772226824
BRCA,kegg,3,7,KEGG_TGF_BETA_SIGNALING_PATHWAY,69,-2.9340345858366668,0.9792598772226824
BRCA,kegg,3,7,KEGG_THYROID_CANCER,28,4.293158828653556,0.9792598772226824
BRCA,kegg,3,7,KEGG_TIGHT_JUNCTION,97,2.5477787824977605,0.9792598772226824
BRCA,kegg,3,7,KEGG_TOLL_LIKE_RECEPTOR_SIGNALING_PATHWAY,85,-2.7880330788114502,0.9792598772226824
BRCA,kegg,3,7,KEGG_TRYPTOPHAN_METABOLISM,27,0.6392376189870783,0.9792598772226824
BRCA,kegg,3,7,KEGG_TYPE_II_DIABETES_MELLITUS,34,0.554475465289406,0.9792598772226824
BRCA,kegg,3,7,KEGG_TYPE_I_DIABETES_MELLITUS,36,-6.853657446126786,0.9792598772226824
BRCA,kegg,3,7,KEGG_TYROSINE_METABOLISM,28,-0.8356532823607087,0.9792598772226824
BRCA,kegg,3,7,KEGG_T_CELL_RECEPTOR_SIGNALING_PATHWAY,101,-2.113037488434116,0.9792598772226824
BRCA,kegg,3,7,KEGG_UBIQUITIN_MEDIATED_PROTEOLYSIS,126,2.2168434175457326,0.9792598772226824
BRCA,kegg,3,7,KEGG_VALINE_LEUCINE_AND_ISOLEUCINE_DEGRADATION,43,2.0433466152480766,0.9792598772226824
BRCA,kegg,3,7,KEGG_VASCULAR_SMOOTH_MUSCLE_CONTRACTION,88,-1.2143422540516313,0.9792598772226824
BRCA,kegg,3,7,KEGG_VASOPRESSIN_REGULATED_WATER_REABSORPTION,39,1.9040914621210716,0.9792598772226824
BRCA,kegg,3,7,KEGG_VEGF_SIGNALING_PATHWAY,63,0.5293122834145735,0.9792598772226824
BRCA,kegg,3,7,KEGG_VIBRIO_CHOLERAE_INFECTION,47,2.6483107423171584,0.9792598772226824
BRCA,kegg,3,7,KEGG_VIRAL_MYOCARDITIS,57,-4.095485712021477,0.9792598772226824
BRCA,kegg,3,7,KEGG_WNT_SIGNALING_PATHWAY,126,-1.4347879473610683,0.9792598772226824
