cohort,fold,macrostate,set,size,z,match_cos
BRCA,0,0,HALLMARK_ADIPOGENESIS,186,1.6545218834075306,1.0
BRCA,0,0,HALLMARK_ALLOGRAFT_REJECTION,174,-4.053157669581683,1.0
BRCA,0,0,HALLMARK_ANDROGEN_RESPONSE,94,-0.28608223826770496,1.0
BRCA,0,0,HALLMARK_ANGIOGENESIS,31,-11.855332463440385,1.0
BRCA,0,0,HALLMARK_APICAL_JUNCTION,166,-7.721116608152939,1.0
BRCA,0,0,HALLMARK_APICAL_SURFACE,36,-1.7746916417635137,1.0
BRCA,0,0,HALLMARK_APOPTOSIS,154,-7.368260880777779,1.0
BRCA,0,0,HALLMARK_BILE_ACID_METABOLISM,89,1.703017061491671,1.0
BRCA,0,0,HALLMARK_CHOLESTEROL_HOMEOSTASIS,69,0.08468911914758194,1.0
BRCA,0,0,HALLMARK_COAGULATION,104,-15.410784283396977,1.0
BRCA,0,0,HALLMARK_COMPLEMENT,175,-6.6697564995748095,1.0
BRCA,0,0,HALLMARK_DNA_REPAIR,145,6.430953707822713,1.0
BRCA,0,0,HALLMARK_E2F_TARGETS,192,14.631614840167192,1.0
BRCA,0,0,HALLMARK_EPITHELIAL_MESENCHYMAL_TRANSITION,190,-36.344338194504324,1.0
BRCA,0,0,HALLMARK_ESTROGEN_RESPONSE_EARLY,189,0.7837788915050767,1.0
BRCA,0,0,HALLMARK_ESTROGEN_RESPONSE_LATE,180,1.259707014157849,1.0
BRCA,0,0,HALLMARK_FATTY_ACID_METABOLISM,139,1.2885747651524937,1.0
BRCA,0,0,HALLMARK_G2M_CHECKPOINT,186,10.971837573569816,1.0
BRCA,0,0,HALLMARK_GLYCOLYSIS,178,0.7212757947597822,1.0
BRCA,0,0,HALLMARK_HEDGEHOG_SIGNALING,30,-1.465323828223806,1.0
BRCA,0,0,HALLMARK_HEME_METABOLISM,161,1.4488712032929372,1.0
BRCA,0,0,HALLMARK_HYPOXIA,175,-5.36886072933342,1.0
BRCA,0,0,HALLMARK_IL2_STAT5_SIGNALING,187,-3.8468976451592485,1.0
BRCA,0,0,HALLMARK_IL6_JAK_STAT3_SIGNALING,80,-1.9373362756073031,1.0
BRCA,0,0,HALLMARK_INFLAMMATORY_RESPONSE,181,-4.6760423352568194,1.0
BRCA,0,0,HALLMARK_INTERFERON_ALPHA_RESPONSE,95,2.6429244136589958,1.0
BRCA,0,0,HALLMARK_INTERFERON_GAMMA_RESPONSE,194,0.21921059763090056,1.0
BRCA,0,0,HALLMARK_KRAS_SIGNALING_DN,104,-0.2642584255765016,1.0
BRCA,0,0,HALLMARK_KRAS_SIGNALING_UP,174,-8.297318470574076,1.0
BRCA,0,0,HALLMARK_MITOTIC_SPINDLE,197,2.28395923071357,1.0
BRCA,0,0,HALLMARK_MTORC1_SIGNALING,194,6.928577872049206,1.0
BRCA,0,0,HALLMARK_MYC_TARGETS_V1,182,14.724487838595229,1.0
BRCA,0,0,HALLMARK_MYC_TARGETS_V2,57,5.845587981108176,1.0
BRCA,0,0,HALLMARK_MYOGENESIS,158,-10.455252431846667,1.0
BRCA,0,0,HALLMARK_NOTCH_SIGNALING,32,-0.6766527600937333,1.0
BRCA,0,0,HALLMARK_OXIDATIVE_PHOSPHORYLATION,184,10.285342549806579,1.0
BRCA,0,0,HALLMARK_P53_PATHWAY,185,-3.1786877753753844,1.0
BRCA,0,0,HALLMARK_PANCREAS_BETA_CELLS,18,-0.040375577284416396,1.0
BRCA,0,0,HALLMARK_PEROXISOME,94,2.902184545138522,1.0
BRCA,0,0,HALLMARK_PI3K_AKT_MTOR_SIGNALING,97,1.537992858024539,1.0
BRCA,0,0,HALLMARK_PROTEIN_SECRETION,93,2.250009781691356,1.0
BRCA,0,0,HALLMARK_REACTIVE_OXYGEN_SPECIES_PATHWAY,45,1.508380731850727,1.0
BRCA,0,0,HALLMARK_SPERMATOGENESIS,75,3.7215550057554,1.0
BRCA,0,0,HALLMARK_TGF_BETA_SIGNALING,52,-5.126270761905153,1.0
BRCA,0,0,HALLMARK_TNFA_SIGNALING_VIA_NFKB,195,-8.50612208597712,1.0
BRCA,0,0,HALLMARK_UNFOLDED_PROTEIN_RESPONSE,106,4.871816806437781,1.0
BRCA,0,0,HALLMARK_UV_RESPONSE_DN,137,-10.749131008930696,1.0
BRCA,0,0,HALLMARK_UV_RESPONSE_UP,145,2.8203986663785923,1.0
BRCA,0,0,HALLMARK_WNT_BETA_CATENIN_SIGNALING,40,0.0760144987920822,1.0
BRCA,0,0,HALLMARK_XENOBIOTIC_METABOLISM,158,-0.11268211168750557,1.0
BRCA,0,1,HALLMARK_ADIPOGENESIS,186,2.6500334295956494,1.0
BRCA,0,1,HALLMARK_ALLOGRAFT_REJECTION,174,-1.0944987742848502,1.0
BRCA,0,1,HALLMARK_ANDROGEN_RESPONSE,94,4.083031134946141,1.0
BRCA,0,1,HALLMARK_ANGIOGENESIS,31,7.764154846871159,1.0
BRCA,0,1,HALLMARK_APICAL_JUNCTION,166,2.705107095300481,1.0
BRCA,0,1,HALLMARK_APICAL_SURFACE,36,3.7547782710090596,1.0
BRCA,0,1,HALLMARK_APOPTOSIS,154,9.701079738508712,1.0
BRCA,0,1,HALLMARK_BILE_ACID_METABOLISM,89,0.6615925613758823,1.0
BRCA,0,1,HALLMARK_CHOLESTEROL_HOMEOSTASIS,69,-1.433634467281,1.0
BRCA,0,1,HALLMARK_COAGULATION,104,9.329111596565125,1.0
BRCA,0,1,HALLMARK_COMPLEMENT,175,3.8874317463685495,1.0
BRCA,0,1,HALLMARK_DNA_REPAIR,145,-3.041132861910674,1.0
BRCA,0,1,HALLMARK_E2F_TARGETS,192,-12.937122331439165,1.0
BRCA,0,1,HALLMARK_EPITHELIAL_MESENCHYMAL_TRANSITION,190,17.166785166590525,1.0
BRCA,0,1,HALLMARK_ESTROGEN_RESPONSE_EARLY,189,18.68345356416945,1.0
BRCA,0,1,HALLMARK_ESTROGEN_RESPONSE_LATE,180,14.488704633984145,1.0
BRCA,0,1,HALLMARK_FATTY_ACID_METABOLISM,139,2.7762836870955536,1.0
BRCA,0,1,HALLMARK_G2M_CHECKPOINT,186,-9.99550168699631,1.0
BRCA,0,1,HALLMARK_GLYCOLYSIS,178,-3.0786170631681,1.0
BRCA,0,1,HALLMARK_HEDGEHOG_SIGNALING,30,-0.31200268090524336,1.0
BRCA,0,1,HALLMARK_HEME_METABOLISM,161,3.317486401397585,1.0
BRCA,0,1,HALLMARK_HYPOXIA,175,2.4212267976987794,1.0
BRCA,0,1,HALLMARK_IL2_STAT5_SIGNALING,187,3.160741301314424,1.0
BRCA,0,1,HALLMARK_IL6_JAK_STAT3_SIGNALING,80,1.3899776789869707,1.0
BRCA,0,1,HALLMARK_INFLAMMATORY_RESPONSE,181,2.1654780063345744,1.0
BRCA,0,1,HALLMARK_INTERFERON_ALPHA_RESPONSE,95,3.625854003582888,1.0
BRCA,0,1,HALLMARK_INTERFERON_GAMMA_RESPONSE,194,2.6378469246108254,1.0
BRCA,0,1,HALLMARK_KRAS_SIGNALING_DN,104,-0.376354637371626,1.0
BRCA,0,1,HALLMARK_KRAS_SIGNALING_UP,174,4.35256920081739,1.0
BRCA,0,1,HALLMARK_MITOTIC_SPINDLE,197,-2.203141013536693,1.0
BRCA,0,1,HALLMARK_MTORC1_SIGNALING,194,-7.648300011286098,1.0
BRCA,0,1,HALLMARK_MYC_TARGETS_V1,182,-11.100201943545976,1.0
BRCA,0,1,HALLMARK_MYC_TARGETS_V2,57,-6.19832833904917,1.0
BRCA,0,1,HALLMARK_MYOGENESIS,158,7.299293786348983,1.0
BRCA,0,1,HALLMARK_NOTCH_SIGNALING,32,1.0264863067732066,1.0
BRCA,0,1,HALLMARK_OXIDATIVE_PHOSPHORYLATION,184,-3.692936640726024,1.0
BRCA,0,1,HALLMARK_P53_PATHWAY,185,3.020674192284565,1.0
BRCA,0,1,HALLMARK_PANCREAS_BETA_CELLS,18,0.7982408570557484,1.0
BRCA,0,1,HALLMARK_PEROXISOME,94,0.31504413274102017,1.0
BRCA,0,1,HALLMARK_PI3K_AKT_MTOR_SIGNALING,97,-0.8340571147484149,1.0
BRCA,0,1,HALLMARK_PROTEIN_SECRETION,93,1.8132399313309024,1.0
BRCA,0,1,HALLMARK_REACTIVE_OXYGEN_SPECIES_PATHWAY,45,-1.0334624689047225,1.0
BRCA,0,1,HALLMARK_SPERMATOGENESIS,75,-2.845261016606506,1.0
BRCA,0,1,HALLMARK_TGF_BETA_SIGNALING,52,5.378335385508999,1.0
BRCA,0,1,HALLMARK_TNFA_SIGNALING_VIA_NFKB,195,9.272286135628836,1.0
BRCA,0,1,HALLMARK_UNFOLDED_PROTEIN_RESPONSE,106,-3.4902128977853133,1.0
BRCA,0,1,HALLMARK_UV_RESPONSE_DN,137,8.743030782478472,1.0
BRCA,0,1,HALLMARK_UV_RESPONSE_UP,145,0.6871128439632479,1.0
BRCA,0,1,HALLMARK_WNT_BETA_CATENIN_SIGNALING,40,-0.8066633049542313,1.0
BRCA,0,1,HALLMARK_XENOBIOTIC_METABOLISM,158,3.420287063097079,1.0
BRCA,0,2,HALLMARK_ADIPOGENESIS,186,2.853173888343464,1.0
BRCA,0,2,HALLMARK_ALLOGRAFT_REJECTION,174,0.2037461319521936,1.0
BRCA,0,2,HALLMARK_ANDROGEN_RESPONSE,94,2.8932868318495135,1.0
BRCA,0,2,HALLMARK_ANGIOGENESIS,31,9.256657435976031,1.0
BRCA,0,2,HALLMARK_APICAL_JUNCTION,166,4.239245246900322,1.0
BRCA,0,2,HALLMARK_APICAL_SURFACE,36,2.099348970614326,1.0
BRCA,0,2,HALLMARK_APOPTOSIS,154,8.01490937259394,1.0
BRCA,0,2,HALLMARK_BILE_ACID_METABOLISM,89,1.8438768486138095,1.0
BRCA,0,2,HALLMARK_CHOLESTEROL_HOMEOSTASIS,69,-1.6430821701139255,1.0
BRCA,0,2,HALLMARK_COAGULATION,104,12.766936473482772,1.0
BRCA,0,2,HALLMARK_COMPLEMENT,175,4.867901582852651,1.0
BRCA,0,2,HALLMARK_DNA_REPAIR,145,-5.110780371060137,1.0
BRCA,0,2,HALLMARK_E2F_TARGETS,192,-22.314593228292416,1.0
BRCA,0,2,HALLMARK_EPITHELIAL_MESENCHYMAL_TRANSITION,190,24.140053740494665,1.0
BRCA,0,2,HALLMARK_ESTROGEN_RESPONSE_EARLY,189,8.809844074460521,1.0
BRCA,0,2,HALLMARK_ESTROGEN_RESPONSE_LATE,180,4.924854054659191,1.0
BRCA,0,2,HALLMARK_FATTY_ACID_METABOLISM,139,2.326031310983301,1.0
BRCA,0,2,HALLMARK_G2M_CHECKPOINT,186,-18.74050776309825,1.0
BRCA,0,2,HALLMARK_GLYCOLYSIS,178,-3.004278650839443,1.0
BRCA,0,2,HALLMARK_HEDGEHOG_SIGNALING,30,0.7449419288984982,1.0
BRCA,0,2,HALLMARK_HEME_METABOLISM,161,3.241991383182346,1.0
BRCA,0,2,HALLMARK_HYPOXIA,175,3.9292527456090824,1.0
BRCA,0,2,HALLMARK_IL2_STAT5_SIGNALING,187,4.001572154666264,1.0
BRCA,0,2,HALLMARK_IL6_JAK_STAT3_SIGNALING,80,2.2880536705905987,1.0
BRCA,0,2,HALLMARK_INFLAMMATORY_RESPONSE,181,2.775938247625159,1.0
BRCA,0,2,HALLMARK_INTERFERON_ALPHA_RESPONSE,95,1.1035685108932103,1.0
BRCA,0,2,HALLMARK_INTERFERON_GAMMA_RESPONSE,194,1.0504095370691027,1.0
BRCA,0,2,HALLMARK_KRAS_SIGNALING_DN,104,0.3837194633302015,1.0
BRCA,0,2,HALLMARK_KRAS_SIGNALING_UP,174,5.752697086712432,1.0
BRCA,0,2,HALLMARK_MITOTIC_SPINDLE,197,-4.455322586072582,1.0
BRCA,0,2,HALLMARK_MTORC1_SIGNALING,194,-10.68560547619203,1.0
BRCA,0,2,HALLMARK_MYC_TARGETS_V1,182,-17.526988312773994,1.0
BRCA,0,2,HALLMARK_MYC_TARGETS_V2,57,-8.19518854997066,1.0
BRCA,0,2,HALLMARK_MYOGENESIS,158,9.911774939714432,1.0
BRCA,0,2,HALLMARK_NOTCH_SIGNALING,32,0.48202394083667727,1.0
BRCA,0,2,HALLMARK_OXIDATIVE_PHOSPHORYLATION,184,-4.805361580584676,1.0
BRCA,0,2,HALLMARK_P53_PATHWAY,185,3.0455919341492614,1.0
BRCA,0,2,HALLMARK_PANCREAS_BETA_CELLS,18,0.7385545271002331,1.0
BRCA,0,2,HALLMARK_PEROXISOME,94,0.19504623859133632,1.0
BRCA,0,2,HALLMARK_PI3K_AKT_MTOR_SIGNALING,97,-3.25966879787732,1.0
BRCA,0,2,HALLMARK_PROTEIN_SECRETION,93,0.23122890347166491,1.0
BRCA,0,2,HALLMARK_REACTIVE_OXYGEN_SPECIES_PATHWAY,45,-2.3288825756040845,1.0
BRCA,0,2,HALLMARK_SPERMATOGENESIS,75,-4.157309562776493,1.0
BRCA,0,2,HALLMARK_TGF_BETA_SIGNALING,52,3.5942171142819292,1.0
BRCA,0,2,HALLMARK_TNFA_SIGNALING_VIA_NFKB,195,6.465805657056381,1.0
BRCA,0,2,HALLMARK_UNFOLDED_PROTEIN_RESPONSE,106,-5.59641064705065,1.0
BRCA,0,2,HALLMARK_UV_RESPONSE_DN,137,9.957136263939816,1.0
BRCA,0,2,HALLMARK_UV_RESPONSE_UP,145,-1.6707844754998264,1.0
BRCA,0,2,HALLMARK_WNT_BETA_CATENIN_SIGNALING,40,-0.3862853143299074,1.0
BRCA,0,2,HALLMARK_XENOBIOTIC_METABOLISM,158,3.8165053077407847,1.0
BRCA,0,3,HALLMARK_ADIPOGENESIS,186,7.057455683660693,1.0
BRCA,0,3,HALLMARK_ALLOGRAFT_REJECTION,174,2.9712832598846592,1.0
BRCA,0,3,HALLMARK_ANDROGEN_RESPONSE,94,6.269657617561985,1.0
BRCA,0,3,HALLMARK_ANGIOGENESIS,31,9.538268602695712,1.0
BRCA,0,3,HALLMARK_APICAL_JUNCTION,166,8.53932166261682,1.0
BRCA,0,3,HALLMARK_APICAL_SURFACE,36,3.5875638442155355,1.0
BRCA,0,3,HALLMARK_APOPTOSIS,154,12.660494131202693,1.0
BRCA,0,3,HALLMARK_BILE_ACID_METABOLISM,89,1.5500443529055445,1.0
BRCA,0,3,HALLMARK_CHOLESTEROL_HOMEOSTASIS,69,4.366949720351313,1.0
BRCA,0,3,HALLMARK_COAGULATION,104,11.224349380242028,1.0
BRCA,0,3,HALLMARK_COMPLEMENT,175,8.491654298127218,1.0
BRCA,0,3,HALLMARK_DNA_REPAIR,145,-2.913720619075916,1.0
BRCA,0,3,HALLMARK_E2F_TARGETS,192,1.8271164957448331,1.0
BRCA,0,3,HALLMARK_EPITHELIAL_MESENCHYMAL_TRANSITION,190,19.563696664700824,1.0
BRCA,0,3,HALLMARK_ESTROGEN_RESPONSE_EARLY,189,14.215968837305194,1.0
BRCA,0,3,HALLMARK_ESTROGEN_RESPONSE_LATE,180,13.721528715595891,1.0
BRCA,0,3,HALLMARK_FATTY_ACID_METABOLISM,139,5.322983947739449,1.0
BRCA,0,3,HALLMARK_G2M_CHECKPOINT,186,2.574082718245763,1.0
BRCA,0,3,HALLMARK_GLYCOLYSIS,178,1.5234694861806022,1.0
BRCA,0,3,HALLMARK_HEDGEHOG_SIGNALING,30,1.318776818425534,1.0
BRCA,0,3,HALLMARK_HEME_METABOLISM,161,3.948715140278187,1.0
BRCA,0,3,HALLMARK_HYPOXIA,175,13.481730045564651,1.0
BRCA,0,3,HALLMARK_IL2_STAT5_SIGNALING,187,7.610870025127033,1.0
BRCA,0,3,HALLMARK_IL6_JAK_STAT3_SIGNALING,80,7.859311761511336,1.0
BRCA,0,3,HALLMARK_INFLAMMATORY_RESPONSE,181,8.829954326818475,1.0
BRCA,0,3,HALLMARK_INTERFERON_ALPHA_RESPONSE,95,8.873640128351019,1.0
BRCA,0,3,HALLMARK_INTERFERON_GAMMA_RESPONSE,194,10.782147399320854,1.0
BRCA,0,3,HALLMARK_KRAS_SIGNALING_DN,104,2.937568888105708,1.0
BRCA,0,3,HALLMARK_KRAS_SIGNALING_UP,174,8.53174855980086,1.0
BRCA,0,3,HALLMARK_MITOTIC_SPINDLE,197,4.802597424406617,1.0
BRCA,0,3,HALLMARK_MTORC1_SIGNALING,194,4.210985744917106,1.0
BRCA,0,3,HALLMARK_MYC_TARGETS_V1,182,3.216081329705525,1.0
BRCA,0,3,HALLMARK_MYC_TARGETS_V2,57,-1.0388289395022279,1.0
BRCA,0,3,HALLMARK_MYOGENESIS,158,8.48336441059758,1.0
BRCA,0,3,HALLMARK_NOTCH_SIGNALING,32,1.2241025837973978,1.0
BRCA,0,3,HALLMARK_OXIDATIVE_PHOSPHORYLATION,184,-0.771712244466378,1.0
BRCA,0,3,HALLMARK_P53_PATHWAY,185,10.143594128267688,1.0
BRCA,0,3,HALLMARK_PANCREAS_BETA_CELLS,18,0.3480773769730078,1.0
BRCA,0,3,HALLMARK_PEROXISOME,94,2.333555433551631,1.0
BRCA,0,3,HALLMARK_PI3K_AKT_MTOR_SIGNALING,97,1.5238818955440847,1.0
BRCA,0,3,HALLMARK_PROTEIN_SECRETION,93,2.8274474488899815,1.0
BRCA,0,3,HALLMARK_REACTIVE_OXYGEN_SPECIES_PATHWAY,45,2.192548263622896,1.0
BRCA,0,3,HALLMARK_SPERMATOGENESIS,75,-0.3853411920345316,1.0
BRCA,0,3,HALLMARK_TGF_BETA_SIGNALING,52,7.882176355999902,1.0
BRCA,0,3,HALLMARK_TNFA_SIGNALING_VIA_NFKB,195,21.784824165457987,1.0
BRCA,0,3,HALLMARK_UNFOLDED_PROTEIN_RESPONSE,106,1.2362719444495927,1.0
BRCA,0,3,HALLMARK_UV_RESPONSE_DN,137,10.32248556748511,1.0
BRCA,0,3,HALLMARK_UV_RESPONSE_UP,145,5.047859156203465,1.0
BRCA,0,3,HALLMARK_WNT_BETA_CATENIN_SIGNALING,40,0.39151981251528717,1.0
BRCA,0,3,HALLMARK_XENOBIOTIC_METABOLISM,158,6.083463383685652,1.0
BRCA,0,4,HALLMARK_ADIPOGENESIS,186,-4.905209846000496,1.0
BRCA,0,4,HALLMARK_ALLOGRAFT_REJECTION,174,18.345023424695263,1.0
BRCA,0,4,HALLMARK_ANDROGEN_RESPONSE,94,-4.277925033849269,1.0
BRCA,0,4,HALLMARK_ANGIOGENESIS,31,-5.741393444250185,1.0
BRCA,0,4,HALLMARK_APICAL_JUNCTION,166,-4.060426047797008,1.0
BRCA,0,4,HALLMARK_APICAL_SURFACE,36,-2.5406883842239303,1.0
BRCA,0,4,HALLMARK_APOPTOSIS,154,-3.705229660594127,1.0
BRCA,0,4,HALLMARK_BILE_ACID_METABOLISM,89,-2.168798336892665,1.0
BRCA,0,4,HALLMARK_CHOLESTEROL_HOMEOSTASIS,69,-2.537210453263092,1.0
BRCA,0,4,HALLMARK_COAGULATION,104,-4.505337622044541,1.0
BRCA,0,4,HALLMARK_COMPLEMENT,175,4.721742573825702,1.0
BRCA,0,4,HALLMARK_DNA_REPAIR,145,-1.6659256344925648,1.0
BRCA,0,4,HALLMARK_E2F_TARGETS,192,7.121469412577037,1.0
BRCA,0,4,HALLMARK_EPITHELIAL_MESENCHYMAL_TRANSITION,190,-15.724282450879784,1.0
BRCA,0,4,HALLMARK_ESTROGEN_RESPONSE_EARLY,189,-10.716119474486819,1.0
BRCA,0,4,HALLMARK_ESTROGEN_RESPONSE_LATE,180,-8.107230855903508,1.0
BRCA,0,4,HALLMARK_FATTY_ACID_METABOLISM,139,-4.37829598888962,1.0
BRCA,0,4,HALLMARK_G2M_CHECKPOINT,186,5.536826711965145,1.0
BRCA,0,4,HALLMARK_GLYCOLYSIS,178,-5.156454860942131,1.0
BRCA,0,4,HALLMARK_HEDGEHOG_SIGNALING,30,-0.9919343661960712,1.0
BRCA,0,4,HALLMARK_HEME_METABOLISM,161,-2.170292184928498,1.0
BRCA,0,4,HALLMARK_HYPOXIA,175,-5.145605529335269,1.0
BRCA,0,4,HALLMARK_IL2_STAT5_SIGNALING,187,1.743617563073101,1.0
BRCA,0,4,HALLMARK_IL6_JAK_STAT3_SIGNALING,80,6.966358112144279,1.0
BRCA,0,4,HALLMARK_INFLAMMATORY_RESPONSE,181,8.051189757952084,1.0
BRCA,0,4,HALLMARK_INTERFERON_ALPHA_RESPONSE,95,15.2259098710937,1.0
BRCA,0,4,HALLMARK_INTERFERON_GAMMA_RESPONSE,194,19.156800518833005,1.0
BRCA,0,4,HALLMARK_KRAS_SIGNALING_DN,104,0.1242851720412619,1.0
BRCA,0,4,HALLMARK_KRAS_SIGNALING_UP,174,3.0846509958701454,1.0
BRCA,0,4,HALLMARK_MITOTIC_SPINDLE,197,0.37131679637704545,1.0
BRCA,0,4,HALLMARK_MTORC1_SIGNALING,194,-0.5939307355439546,1.0
BRCA,0,4,HALLMARK_MYC_TARGETS_V1,182,0.6364796915911886,1.0
BRCA,0,4,HALLMARK_MYC_TARGETS_V2,57,1.2937834822590009,1.0
BRCA,0,4,HALLMARK_MYOGENESIS,158,-8.023517926352794,1.0
BRCA,0,4,HALLMARK_NOTCH_SIGNALING,32,-2.125951874561059,1.0
BRCA,0,4,HALLMARK_OXIDATIVE_PHOSPHORYLATION,184,-5.323785348170637,1.0
BRCA,0,4,HALLMARK_P53_PATHWAY,185,-2.9461835146858006,1.0
BRCA,0,4,HALLMARK_PANCREAS_BETA_CELLS,18,-0.6928128829644327,1.0
BRCA,0,4,HALLMARK_PEROXISOME,94,-3.133414227845489,1.0
BRCA,0,4,HALLMARK_PI3K_AKT_MTOR_SIGNALING,97,0.1649241415489766,1.0
BRCA,0,4,HALLMARK_PROTEIN_SECRETION,93,-4.458233635182874,1.0
BRCA,0,4,HALLMARK_REACTIVE_OXYGEN_SPECIES_PATHWAY,45,-0.9879951425820565,1.0
BRCA,0,4,HALLMARK_SPERMATOGENESIS,75,0.8677447467170532,1.0
BRCA,0,4,HALLMARK_TGF_BETA_SIGNALING,52,-3.9211901818839596,1.0
BRCA,0,4,HALLMARK_TNFA_SIGNALING_VIA_NFKB,195,0.99799898954896,1.0
BRCA,0,4,HALLMARK_UNFOLDED_PROTEIN_RESPONSE,106,-1.9346350373719696,1.0
BRCA,0,4,HALLMARK_UV_RESPONSE_DN,137,-5.986863018604944,1.0
BRCA,0,4,HALLMARK_UV_RESPONSE_UP,145,-1.6097268805722047,1.0
BRCA,0,4,HALLMARK_WNT_BETA_CATENIN_SIGNALING,40,-0.6570909519160882,1.0
BRCA,0,4,HALLMARK_XENOBIOTIC_METABOLISM,158,-3.3976164580321173,1.0
BRCA,0,5,HALLMARK_ADIPOGENESIS,186,2.103827887298618,1.0
BRCA,0,5,HALLMARK_ALLOGRAFT_REJECTION,174,-4.203167207119407,1.0
BRCA,0,5,HALLMARK_ANDROGEN_RESPONSE,94,6.393676087887755,1.0
BRCA,0,5,HALLMARK_ANGIOGENESIS,31,12.418698939411565,1.0
BRCA,0,5,HALLMARK_APICAL_JUNCTION,166,5.737648883848591,1.0
BRCA,0,5,HALLMARK_APICAL_SURFACE,36,3.0225265266089805,1.0
BRCA,0,5,HALLMARK_APOPTOSIS,154,6.690299355295009,1.0
BRCA,0,5,HALLMARK_BILE_ACID_METABOLISM,89,1.4435411517270984,1.0
BRCA,0,5,HALLMARK_CHOLESTEROL_HOMEOSTASIS,69,4.7996694487956155,1.0
BRCA,0,5,HALLMARK_COAGULATION,104,12.115975427213792,1.0
BRCA,0,5,HALLMARK_COMPLEMENT,175,3.999408673728087,1.0
BRCA,0,5,HALLMARK_DNA_REPAIR,145,0.9044778224254185,1.0
BRCA,0,5,HALLMARK_E2F_TARGETS,192,-0.24028695649220694,1.0
BRCA,0,5,HALLMARK_EPITHELIAL_MESENCHYMAL_TRANSITION,190,30.54194815444812,1.0
BRCA,0,5,HALLMARK_ESTROGEN_RESPONSE_EARLY,189,6.998700971610293,1.0
BRCA,0,5,HALLMARK_ESTROGEN_RESPONSE_LATE,180,6.499559484542829,1.0
BRCA,0,5,HALLMARK_FATTY_ACID_METABOLISM,139,4.1011876100610545,1.0
BRCA,0,5,HALLMARK_G2M_CHECKPOINT,186,0.4437672249199586,1.0
BRCA,0,5,HALLMARK_GLYCOLYSIS,178,6.742021762064006,1.0
BRCA,0,5,HALLMARK_HEDGEHOG_SIGNALING,30,2.007369424816486,1.0
BRCA,0,5,HALLMARK_HEME_METABOLISM,161,1.2685635578054952,1.0
BRCA,0,5,HALLMARK_HYPOXIA,175,6.587906292132688,1.0
BRCA,0,5,HALLMARK_IL2_STAT5_SIGNALING,187,2.6145697936424637,1.0
BRCA,0,5,HALLMARK_IL6_JAK_STAT3_SIGNALING,80,-1.5210722911790118,1.0
BRCA,0,5,HALLMARK_INFLAMMATORY_RESPONSE,181,0.4068216406738219,1.0
BRCA,0,5,HALLMARK_INTERFERON_ALPHA_RESPONSE,95,2.3414608495483904,1.0
BRCA,0,5,HALLMARK_INTERFERON_GAMMA_RESPONSE,194,0.9387352466081691,1.0
BRCA,0,5,HALLMARK_KRAS_SIGNALING_DN,104,-1.4098233296518567,1.0
BRCA,0,5,HALLMARK_KRAS_SIGNALING_UP,174,2.1670744522117515,1.0
BRCA,0,5,HALLMARK_MITOTIC_SPINDLE,197,1.5065120017890745,1.0
BRCA,0,5,HALLMARK_MTORC1_SIGNALING,194,7.147794214963151,1.0
BRCA,0,5,HALLMARK_MYC_TARGETS_V1,182,-0.5616692976550475,1.0
BRCA,0,5,HALLMARK_MYC_TARGETS_V2,57,-3.092731227320964,1.0
BRCA,0,5,HALLMARK_MYOGENESIS,158,8.527992511972279,1.0
BRCA,0,5,HALLMARK_NOTCH_SIGNALING,32,0.4948235717895815,1.0
BRCA,0,5,HALLMARK_OXIDATIVE_PHOSPHORYLATION,184,1.9095599117771354,1.0
BRCA,0,5,HALLMARK_P53_PATHWAY,185,2.6860107321153666,1.0
BRCA,0,5,HALLMARK_PANCREAS_BETA_CELLS,18,0.6429609183683197,1.0
BRCA,0,5,HALLMARK_PEROXISOME,94,2.0133277333262396,1.0
BRCA,0,5,HALLMARK_PI3K_AKT_MTOR_SIGNALING,97,2.7608789690207347,1.0
BRCA,0,5,HALLMARK_PROTEIN_SECRETION,93,3.9335794129215103,1.0
BRCA,0,5,HALLMARK_REACTIVE_OXYGEN_SPECIES_PATHWAY,45,1.097178210209769,1.0
BRCA,0,5,HALLMARK_SPERMATOGENESIS,75,-0.060953536669883714,1.0
BRCA,0,5,HALLMARK_TGF_BETA_SIGNALING,52,4.052335370962332,1.0
BRCA,0,5,HALLMARK_TNFA_SIGNALING_VIA_NFKB,195,-0.7627259140276577,1.0
BRCA,0,5,HALLMARK_UNFOLDED_PROTEIN_RESPONSE,106,0.9613877035991102,1.0
BRCA,0,5,HALLMARK_UV_RESPONSE_DN,137,6.757324287647472,1.0
BRCA,0,5,HALLMARK_UV_RESPONSE_UP,145,1.8539070037959158,1.0
BRCA,0,5,HALLMARK_WNT_BETA_CATENIN_SIGNALING,40,-1.9521357596127824,1.0
BRCA,0,5,HALLMARK_XENOBIOTIC_METABOLISM,158,3.248742461056918,1.0
BRCA,0,6,HALLMARK_ADIPOGENESIS,186,3.183516824503431,1.0
BRCA,0,6,HALLMARK_ALLOGRAFT_REJECTION,174,-11.280445345299341,1.0
BRCA,0,6,HALLMARK_ANDROGEN_RESPONSE,94,6.053352462868529,1.0
BRCA,0,6,HALLMARK_ANGIOGENESIS,31,6.036171415660395,1.0
BRCA,0,6,HALLMARK_APICAL_JUNCTION,166,3.3135360749048477,1.0
BRCA,0,6,HALLMARK_APICAL_SURFACE,36,2.4393390731783726,1.0
BRCA,0,6,HALLMARK_APOPTOSIS,154,5.287551080328263,1.0
BRCA,0,6,HALLMARK_BILE_ACID_METABOLISM,89,1.793376873678805,1.0
BRCA,0,6,HALLMARK_CHOLESTEROL_HOMEOSTASIS,69,-0.5360589307759299,1.0
BRCA,0,6,HALLMARK_COAGULATION,104,3.557165010869214,1.0
BRCA,0,6,HALLMARK_COMPLEMENT,175,-3.0767156733758,1.0
BRCA,0,6,HALLMARK_DNA_REPAIR,145,-2.0248451300730723,1.0
BRCA,0,6,HALLMARK_E2F_TARGETS,192,-9.636680018908079,1.0
BRCA,0,6,HALLMARK_EPITHELIAL_MESENCHYMAL_TRANSITION,190,10.233538380619752,1.0
BRCA,0,6,HALLMARK_ESTROGEN_RESPONSE_EARLY,189,9.274061684932493,1.0
BRCA,0,6,HALLMARK_ESTROGEN_RESPONSE_LATE,180,6.533068945941702,1.0
BRCA,0,6,HALLMARK_FATTY_ACID_METABOLISM,139,1.9073407617045084,1.0
BRCA,0,6,HALLMARK_G2M_CHECKPOINT,186,-6.458907799142999,1.0
BRCA,0,6,HALLMARK_GLYCOLYSIS,178,1.8462190078585115,1.0
BRCA,0,6,HALLMARK_HEDGEHOG_SIGNALING,30,2.2931427371007858,1.0
BRCA,0,6,HALLMARK_HEME_METABOLISM,161,4.945248501003515,1.0
BRCA,0,6,HALLMARK_HYPOXIA,175,6.643022455424188,1.0
BRCA,0,6,HALLMARK_IL2_STAT5_SIGNALING,187,1.886771962802611,1.0
BRCA,0,6,HALLMARK_IL6_JAK_STAT3_SIGNALING,80,-2.803328804746257,1.0
BRCA,0,6,HALLMARK_INFLAMMATORY_RESPONSE,181,-5.119965434587463,1.0
BRCA,0,6,HALLMARK_INTERFERON_ALPHA_RESPONSE,95,-16.070253773102703,1.0
BRCA,0,6,HALLMARK_INTERFERON_GAMMA_RESPONSE,194,-16.759663322056568,1.0
BRCA,0,6,HALLMARK_KRAS_SIGNALING_DN,104,0.879966920187582,1.0
BRCA,0,6,HALLMARK_KRAS_SIGNALING_UP,174,1.244793881974315,1.0
BRCA,0,6,HALLMARK_MITOTIC_SPINDLE,197,1.7594379185974482,1.0
BRCA,0,6,HALLMARK_MTORC1_SIGNALING,194,-1.885030939060279,1.0
BRCA,0,6,HALLMARK_MYC_TARGETS_V1,182,-1.7055071811690778,1.0
BRCA,0,6,HALLMARK_MYC_TARGETS_V2,57,-3.224189878207196,1.0
BRCA,0,6,HALLMARK_MYOGENESIS,158,8.315870621684814,1.0
BRCA,0,6,HALLMARK_NOTCH_SIGNALING,32,2.852339903167597,1.0
BRCA,0,6,HALLMARK_OXIDATIVE_PHOSPHORYLATION,184,1.2877410553731539,1.0
BRCA,0,6,HALLMARK_P53_PATHWAY,185,2.2593756771242854,1.0
BRCA,0,6,HALLMARK_PANCREAS_BETA_CELLS,18,1.79227772390164,1.0
BRCA,0,6,HALLMARK_PEROXISOME,94,2.245178071563741,1.0
BRCA,0,6,HALLMARK_PI3K_AKT_MTOR_SIGNALING,97,-0.5500701701236211,1.0
BRCA,0,6,HALLMARK_PROTEIN_SECRETION,93,5.671225283977373,1.0
BRCA,0,6,HALLMARK_REACTIVE_OXYGEN_SPECIES_PATHWAY,45,0.4802771635609919,1.0
BRCA,0,6,HALLMARK_SPERMATOGENESIS,75,-1.557831875087156,1.0
BRCA,0,6,HALLMARK_TGF_BETA_SIGNALING,52,5.2577231597156855,1.0
BRCA,0,6,HALLMARK_TNFA_SIGNALING_VIA_NFKB,195,3.7573570165762398,1.0
BRCA,0,6,HALLMARK_UNFOLDED_PROTEIN_RESPONSE,106,0.14202607665817327,1.0
BRCA,0,6,HALLMARK_UV_RESPONSE_DN,137,7.794025278734777,1.0
BRCA,0,6,HALLMARK_UV_RESPONSE_UP,145,1.857637642463616,1.0
BRCA,0,6,HALLMARK_WNT_BETA_CATENIN_SIGNALING,40,1.37130366683541,1.0
BRCA,0,6,HALLMARK_XENOBIOTIC_METABOLISM,158,1.6204278570355015,1.0
BRCA,0,7,HALLMARK_ADIPOGENESIS,186,3.85910566780626,1.0
BRCA,0,7,HALLMARK_ALLOGRAFT_REJECTION,174,-13.455079831975151,1.0
BRCA,0,7,HALLMARK_ANDROGEN_RESPONSE,94,6.9675985616377005,1.0
BRCA,0,7,HALLMARK_ANGIOGENESIS,31,-4.499307572342897,1.0
BRCA,0,7,HALLMARK_APICAL_JUNCTION,166,-0.16011634318942744,1.0
BRCA,0,7,HALLMARK_APICAL_SURFACE,36,3.4468926557293527,1.0
BRCA,0,7,HALLMARK_APOPTOSIS,154,1.0008613248141074,1.0
BRCA,0,7,HALLMARK_BILE_ACID_METABOLISM,89,3.473686582050996,1.0
BRCA,0,7,HALLMARK_CHOLESTEROL_HOMEOSTASIS,69,4.024820239517089,1.0
BRCA,0,7,HALLMARK_COAGULATION,104,-3.433052838138504,1.0
BRCA,0,7,HALLMARK_COMPLEMENT,175,-5.442217441989088,1.0
BRCA,0,7,HALLMARK_DNA_REPAIR,145,3.226482066168754,1.0
BRCA,0,7,HALLMARK_E2F_TARGETS,192,-4.721909761843083,1.0
BRCA,0,7,HALLMARK_EPITHELIAL_MESENCHYMAL_TRANSITION,190,-9.033974121250191,1.0
BRCA,0,7,HALLMARK_ESTROGEN_RESPONSE_EARLY,189,21.989890338489314,1.0
BRCA,0,7,HALLMARK_ESTROGEN_RESPONSE_LATE,180,17.16027993576635,1.0
BRCA,0,7,HALLMARK_FATTY_ACID_METABOLISM,139,5.966615845825111,1.0
BRCA,0,7,HALLMARK_G2M_CHECKPOINT,186,-4.366048429550146,1.0
BRCA,0,7,HALLMARK_GLYCOLYSIS,178,3.652478853604891,1.0
BRCA,0,7,HALLMARK_HEDGEHOG_SIGNALING,30,-0.7354419327036822,1.0
BRCA,0,7,HALLMARK_HEME_METABOLISM,161,3.0936798114593107,1.0
BRCA,0,7,HALLMARK_HYPOXIA,175,-0.8842577376728442,1.0
BRCA,0,7,HALLMARK_IL2_STAT5_SIGNALING,187,-2.4919026265796678,1.0
BRCA,0,7,HALLMARK_IL6_JAK_STAT3_SIGNALING,80,-5.965568377449323,1.0
BRCA,0,7,HALLMARK_INFLAMMATORY_RESPONSE,181,-8.698582850754947,1.0
BRCA,0,7,HALLMARK_INTERFERON_ALPHA_RESPONSE,95,-9.237125746348774,1.0
BRCA,0,7,HALLMARK_INTERFERON_GAMMA_RESPONSE,194,-13.1129317399321,1.0
BRCA,0,7,HALLMARK_KRAS_SIGNALING_DN,104,0.3616541599182388,1.0
BRCA,0,7,HALLMARK_KRAS_SIGNALING_UP,174,-8.672076706011662,1.0
BRCA,0,7,HALLMARK_MITOTIC_SPINDLE,197,-1.184473531114702,1.0
BRCA,0,7,HALLMARK_MTORC1_SIGNALING,194,4.904677399261561,1.0
BRCA,0,7,HALLMARK_MYC_TARGETS_V1,182,1.308956951915765,1.0
BRCA,0,7,HALLMARK_MYC_TARGETS_V2,57,-0.9994871698057451,1.0
BRCA,0,7,HALLMARK_MYOGENESIS,158,0.7301074417676034,1.0
BRCA,0,7,HALLMARK_NOTCH_SIGNALING,32,-0.15653079660586236,1.0
BRCA,0,7,HALLMARK_OXIDATIVE_PHOSPHORYLATION,184,7.263451406110613,1.0
BRCA,0,7,HALLMARK_P53_PATHWAY,185,2.4655043204460187,1.0
BRCA,0,7,HALLMARK_PANCREAS_BETA_CELLS,18,-0.19891184460946537,1.0
BRCA,0,7,HALLMARK_PEROXISOME,94,4.595313475150443,1.0
BRCA,0,7,HALLMARK_PI3K_AKT_MTOR_SIGNALING,97,1.8897566932143082,1.0
BRCA,0,7,HALLMARK_PROTEIN_SECRETION,93,5.4106505207196784,1.0
BRCA,0,7,HALLMARK_REACTIVE_OXYGEN_SPECIES_PATHWAY,45,0.37937253348536026,1.0
BRCA,0,7,HALLMARK_SPERMATOGENESIS,75,-0.5873187192788107,1.0
BRCA,0,7,HALLMARK_TGF_BETA_SIGNALING,52,-0.5065432768047603,1.0
BRCA,0,7,HALLMARK_TNFA_SIGNALING_VIA_NFKB,195,-6.34469169263564,1.0
BRCA,0,7,HALLMARK_UNFOLDED_PROTEIN_RESPONSE,106,3.432798208033095,1.0
BRCA,0,7,HALLMARK_UV_RESPONSE_DN,137,-2.8907794132207503,1.0
BRCA,0,7,HALLMARK_UV_RESPONSE_UP,145,1.330804578742082,1.0
BRCA,0,7,HALLMARK_WNT_BETA_CATENIN_SIGNALING,40,-1.4986146215846743,1.0
BRCA,0,7,HALLMARK_XENOBIOTIC_METABOLISM,158,4.2043243804055805,1.0
BRCA,1,0,HALLMARK_ADIPOGENESIS,186,2.2959267648430624,0.9956202626824646
BRCA,1,0,HALLMARK_ALLOGRAFT_REJECTION,174,-5.798868484687692,0.9956202626824646
BRCA,1,0,HALLMARK_ANDROGEN_RESPONSE,94,-0.37675072211976884,0.9956202626824646
BRCA,1,0,HALLMARK_ANGIOGENESIS,31,-12.282731712919,0.9956202626824646
BRCA,1,0,HALLMARK_APICAL_JUNCTION,166,-6.168536257215557,0.9956202626824646
BRCA,1,0,HALLMARK_APICAL_SURFACE,36,-1.050757039045473,0.9956202626824646
BRCA,1,0,HALLMARK_APOPTOSIS,154,-6.340528590559569,0.9956202626824646
BRCA,1,0,HALLMARK_BILE_ACID_METABOLISM,89,1.0400740634659191,0.9956202626824646
BRCA,1,0,HALLMARK_CHOLESTEROL_HOMEOSTASIS,69,1.1550398909102886,0.9956202626824646
BRCA,1,0,HALLMARK_COAGULATION,104,-14.811119856638472,0.9956202626824646
BRCA,1,0,HALLMARK_COMPLEMENT,175,-7.7795907416356185,0.9956202626824646
BRCA,1,0,HALLMARK_DNA_REPAIR,145,8.549647826234159,0.9956202626824646
BRCA,1,0,HALLMARK_E2F_TARGETS,192,18.751579066434235,0.9956202626824646
BRCA,1,0,HALLMARK_EPITHELIAL_MESENCHYMAL_TRANSITION,190,-33.11418107070743,0.9956202626824646
BRCA,1,0,HALLMARK_ESTROGEN_RESPONSE_EARLY,189,3.778060352707725,0.9956202626824646
BRCA,1,0,HALLMARK_ESTROGEN_RESPONSE_LATE,180,3.3862563437067794,0.9956202626824646
BRCA,1,0,HALLMARK_FATTY_ACID_METABOLISM,139,2.350850204483537,0.9956202626824646
BRCA,1,0,HALLMARK_G2M_CHECKPOINT,186,14.394142325869302,0.9956202626824646
BRCA,1,0,HALLMARK_GLYCOLYSIS,178,2.614376947586464,0.9956202626824646
BRCA,1,0,HALLMARK_HEDGEHOG_SIGNALING,30,-1.8573055314291522,0.9956202626824646
BRCA,1,0,HALLMARK_HEME_METABOLISM,161,1.2130867164335173,0.9956202626824646
BRCA,1,0,HALLMARK_HYPOXIA,175,-6.044886145943017,0.9956202626824646
BRCA,1,0,HALLMARK_IL2_STAT5_SIGNALING,187,-4.962650899284012,0.9956202626824646
BRCA,1,0,HALLMARK_IL6_JAK_STAT3_SIGNALING,80,-3.4357220632526255,0.9956202626824646
BRCA,1,0,HALLMARK_INFLAMMATORY_RESPONSE,181,-6.785936198484788,0.9956202626824646
BRCA,1,0,HALLMARK_INTERFERON_ALPHA_RESPONSE,95,2.280722099445318,0.9956202626824646
BRCA,1,0,HALLMARK_INTERFERON_GAMMA_RESPONSE,194,-1.5069073523253285,0.9956202626824646
BRCA,1,0,HALLMARK_KRAS_SIGNALING_DN,104,-0.9082536405153334,0.9956202626824646
BRCA,1,0,HALLMARK_KRAS_SIGNALING_UP,174,-10.646526621596951,0.9956202626824646
BRCA,1,0,HALLMARK_MITOTIC_SPINDLE,197,3.782333817272124,0.9956202626824646
BRCA,1,0,HALLMARK_MTORC1_SIGNALING,194,9.254692364995789,0.9956202626824646
BRCA,1,0,HALLMARK_MYC_TARGETS_V1,182,20.894061087445316,0.9956202626824646
BRCA,1,0,HALLMARK_MYC_TARGETS_V2,57,8.32971206083324,0.9956202626824646
BRCA,1,0,HALLMARK_MYOGENESIS,158,-10.205707903134774,0.9956202626824646
BRCA,1,0,HALLMARK_NOTCH_SIGNALING,32,-0.2734553362183033,0.9956202626824646
BRCA,1,0,HALLMARK_OXIDATIVE_PHOSPHORYLATION,184,12.16541402378062,0.9956202626824646
BRCA,1,0,HALLMARK_P53_PATHWAY,185,-2.821372639097125,0.9956202626824646
BRCA,1,0,HALLMARK_PANCREAS_BETA_CELLS,18,-0.46416138418420605,0.9956202626824646
BRCA,1,0,HALLMARK_PEROXISOME,94,3.42073618872191,0.9956202626824646
BRCA,1,0,HALLMARK_PI3K_AKT_MTOR_SIGNALING,97,3.2396863353014576,0.9956202626824646
BRCA,1,0,HALLMARK_PROTEIN_SECRETION,93,3.3670624832470764,0.9956202626824646
BRCA,1,0,HALLMARK_REACTIVE_OXYGEN_SPECIES_PATHWAY,45,1.926718253086071,0.9956202626824646
BRCA,1,0,HALLMARK_SPERMATOGENESIS,75,3.403910301173971,0.9956202626824646
BRCA,1,0,HALLMARK_TGF_BETA_SIGNALING,52,-4.673937335080063,0.9956202626824646
BRCA,1,0,HALLMARK_TNFA_SIGNALING_VIA_NFKB,195,-9.952594601958808,0.9956202626824646
BRCA,1,0,HALLMARK_UNFOLDED_PROTEIN_RESPONSE,106,7.485657302281576,0.9956202626824646
BRCA,1,0,HALLMARK_UV_RESPONSE_DN,137,-10.725295966317596,0.9956202626824646
BRCA,1,0,HALLMARK_UV_RESPONSE_UP,145,3.836927830938699,0.9956202626824646
BRCA,1,0,HALLMARK_WNT_BETA_CATENIN_SIGNALING,40,0.06119425733413705,0.9956202626824646
BRCA,1,0,HALLMARK_XENOBIOTIC_METABOLISM,158,-0.6867518863415057,0.9956202626824646
BRCA,1,1,HALLMARK_ADIPOGENESIS,186,4.678196390724345,0.9987246602806066
BRCA,1,1,HALLMARK_ALLOGRAFT_REJECTION,174,7.215416027326205,0.9987246602806066
BRCA,1,1,HALLMARK_ANDROGEN_RESPONSE,94,6.853096362960179,0.9987246602806066
BRCA,1,1,HALLMARK_ANGIOGENESIS,31,6.792427472289551,0.9987246602806066
BRCA,1,1,HALLMARK_APICAL_JUNCTION,166,1.4806925104291984,0.9987246602806066
BRCA,1,1,HALLMARK_APICAL_SURFACE,36,2.120973440782919,0.9987246602806066
BRCA,1,1,HALLMARK_APOPTOSIS,154,8.894711653076483,0.9987246602806066
BRCA,1,1,HALLMARK_BILE_ACID_METABOLISM,89,2.0593429661550955,0.9987246602806066
BRCA,1,1,HALLMARK_CHOLESTEROL_HOMEOSTASIS,69,0.6577807469437963,0.9987246602806066
BRCA,1,1,HALLMARK_COAGULATION,104,9.362348858224797,0.9987246602806066
BRCA,1,1,HALLMARK_COMPLEMENT,175,8.419532479681216,0.9987246602806066
BRCA,1,1,HALLMARK_DNA_REPAIR,145,-2.5700661071266175,0.9987246602806066
BRCA,1,1,HALLMARK_E2F_TARGETS,192,-8.614768702046863,0.9987246602806066
BRCA,1,1,HALLMARK_EPITHELIAL_MESENCHYMAL_TRANSITION,190,12.684580379432028,0.9987246602806066
BRCA,1,1,HALLMARK_ESTROGEN_RESPONSE_EARLY,189,11.137567508261503,0.9987246602806066
BRCA,1,1,HALLMARK_ESTROGEN_RESPONSE_LATE,180,9.042443931855399,0.9987246602806066
BRCA,1,1,HALLMARK_FATTY_ACID_METABOLISM,139,6.673462683327333,0.9987246602806066
BRCA,1,1,HALLMARK_G2M_CHECKPOINT,186,-7.0918911625952825,0.9987246602806066
BRCA,1,1,HALLMARK_GLYCOLYSIS,178,-0.262491022459374,0.9987246602806066
BRCA,1,1,HALLMARK_HEDGEHOG_SIGNALING,30,-0.8585768703837161,0.9987246602806066
BRCA,1,1,HALLMARK_HEME_METABOLISM,161,5.165355967894361,0.9987246602806066
BRCA,1,1,HALLMARK_HYPOXIA,175,2.5157554382859924,0.9987246602806066
BRCA,1,1,HALLMARK_IL2_STAT5_SIGNALING,187,5.169084714196639,0.9987246602806066
BRCA,1,1,HALLMARK_IL6_JAK_STAT3_SIGNALING,80,5.361146221210009,0.9987246602806066
BRCA,1,1,HALLMARK_INFLAMMATORY_RESPONSE,181,5.917013783858902,0.9987246602806066
BRCA,1,1,HALLMARK_INTERFERON_ALPHA_RESPONSE,95,9.692823621195803,0.9987246602806066
BRCA,1,1,HALLMARK_INTERFERON_GAMMA_RESPONSE,194,10.594264249023235,0.9987246602806066
BRCA,1,1,HALLMARK_KRAS_SIGNALING_DN,104,-2.3743894112564083,0.9987246602806066
BRCA,1,1,HALLMARK_KRAS_SIGNALING_UP,174,6.233272323483604,0.9987246602806066
BRCA,1,1,HALLMARK_MITOTIC_SPINDLE,197,-2.3976182341757504,0.9987246602806066
BRCA,1,1,HALLMARK_MTORC1_SIGNALING,194,0.9671813491607171,0.9987246602806066
BRCA,1,1,HALLMARK_MYC_TARGETS_V1,182,-2.4948490008423567,0.9987246602806066
BRCA,1,1,HALLMARK_MYC_TARGETS_V2,57,-4.554203915917769,0.9987246602806066
BRCA,1,1,HALLMARK_MYOGENESIS,158,2.7053312551182827,0.9987246602806066
BRCA,1,1,HALLMARK_NOTCH_SIGNALING,32,-0.16674281852722617,0.9987246602806066
BRCA,1,1,HALLMARK_OXIDATIVE_PHOSPHORYLATION,184,1.3810937270351928,0.9987246602806066
BRCA,1,1,HALLMARK_P53_PATHWAY,185,2.06807167975635,0.9987246602806066
BRCA,1,1,HALLMARK_PANCREAS_BETA_CELLS,18,1.657890458571863,0.9987246602806066
BRCA,1,1,HALLMARK_PEROXISOME,94,2.685483986733231,0.9987246602806066
BRCA,1,1,HALLMARK_PI3K_AKT_MTOR_SIGNALING,97,0.8874576822086969,0.9987246602806066
BRCA,1,1,HALLMARK_PROTEIN_SECRETION,93,5.8886755779345465,0.9987246602806066
BRCA,1,1,HALLMARK_REACTIVE_OXYGEN_SPECIES_PATHWAY,45,0.5989635356812986,0.9987246602806066
BRCA,1,1,HALLMARK_SPERMATOGENESIS,75,-1.8668967917737496,0.9987246602806066
BRCA,1,1,HALLMARK_TGF_BETA_SIGNALING,52,3.07593438529025,0.9987246602806066
BRCA,1,1,HALLMARK_TNFA_SIGNALING_VIA_NFKB,195,7.852404098803271,0.9987246602806066
BRCA,1,1,HALLMARK_UNFOLDED_PROTEIN_RESPONSE,106,-0.5863111735628964,0.9987246602806066
BRCA,1,1,HALLMARK_UV_RESPONSE_DN,137,7.091530557275183,0.9987246602806066
BRCA,1,1,HALLMARK_UV_RESPONSE_UP,145,1.0082233306858912,0.9987246602806066
BRCA,1,1,HALLMARK_WNT_BETA_CATENIN_SIGNALING,40,-1.4842354090250585,0.9987246602806066
BRCA,1,1,HALLMARK_XENOBIOTIC_METABOLISM,158,4.039545691698134,0.9987246602806066
BRCA,1,2,HALLMARK_ADIPOGENESIS,186,4.4659842476073095,0.9976398731593843
BRCA,1,2,HALLMARK_ALLOGRAFT_REJECTION,174,-11.029102679166234,0.9976398731593843
BRCA,1,2,HALLMARK_ANDROGEN_RESPONSE,94,5.6140386292844155,0.9976398731593843
BRCA,1,2,HALLMARK_ANGIOGENESIS,31,7.006335982051815,0.9976398731593843
BRCA,1,2,HALLMARK_APICAL_JUNCTION,166,3.5898943143491095,0.9976398731593843
BRCA,1,2,HALLMARK_APICAL_SURFACE,36,4.390378475173795,0.9976398731593843
BRCA,1,2,HALLMARK_APOPTOSIS,154,7.183978701853405,0.9976398731593843
BRCA,1,2,HALLMARK_BILE_ACID_METABOLISM,89,2.1987404923691436,0.9976398731593843
BRCA,1,2,HALLMARK_CHOLESTEROL_HOMEOSTASIS,69,1.3146008767482964,0.9976398731593843
BRCA,1,2,HALLMARK_COAGULATION,104,8.100718240907284,0.9976398731593843
BRCA,1,2,HALLMARK_COMPLEMENT,175,-1.2359840925599266,0.9976398731593843
BRCA,1,2,HALLMARK_DNA_REPAIR,145,0.2503351480514562,0.9976398731593843
BRCA,1,2,HALLMARK_E2F_TARGETS,192,-13.528017639999575,0.9976398731593843
BRCA,1,2,HALLMARK_EPITHELIAL_MESENCHYMAL_TRANSITION,190,18.49352867956653,0.9976398731593843
BRCA,1,2,HALLMARK_ESTROGEN_RESPONSE_EARLY,189,18.73973952334244,0.9976398731593843
BRCA,1,2,HALLMARK_ESTROGEN_RESPONSE_LATE,180,13.732483401020726,0.9976398731593843
BRCA,1,2,HALLMARK_FATTY_ACID_METABOLISM,139,4.404264761862826,0.9976398731593843
BRCA,1,2,HALLMARK_G2M_CHECKPOINT,186,-11.078558207983793,0.9976398731593843
BRCA,1,2,HALLMARK_GLYCOLYSIS,178,1.4547842023208801,0.9976398731593843
BRCA,1,2,HALLMARK_HEDGEHOG_SIGNALING,30,0.8923395953728429,0.9976398731593843
BRCA,1,2,HALLMARK_HEME_METABOLISM,161,2.1458365741767493,0.9976398731593843
BRCA,1,2,HALLMARK_HYPOXIA,175,4.353133959563463,0.9976398731593843
BRCA,1,2,HALLMARK_IL2_STAT5_SIGNALING,187,0.8678240215304441,0.9976398731593843
BRCA,1,2,HALLMARK_IL6_JAK_STAT3_SIGNALING,80,-3.8213227942992676,0.9976398731593843
BRCA,1,2,HALLMARK_INFLAMMATORY_RESPONSE,181,-4.674956357536548,0.9976398731593843
BRCA,1,2,HALLMARK_INTERFERON_ALPHA_RESPONSE,95,-8.718518957236135,0.9976398731593843
BRCA,1,2,HALLMARK_INTERFERON_GAMMA_RESPONSE,194,-11.435686915387516,0.9976398731593843
BRCA,1,2,HALLMARK_KRAS_SIGNALING_DN,104,-0.07354325331545507,0.9976398731593843
BRCA,1,2,HALLMARK_KRAS_SIGNALING_UP,174,-0.7301106290188012,0.9976398731593843
BRCA,1,2,HALLMARK_MITOTIC_SPINDLE,197,-2.348659519819204,0.9976398731593843
BRCA,1,2,HALLMARK_MTORC1_SIGNALING,194,-3.053123657930279,0.9976398731593843
BRCA,1,2,HALLMARK_MYC_TARGETS_V1,182,-8.718659030848633,0.9976398731593843
BRCA,1,2,HALLMARK_MYC_TARGETS_V2,57,-4.285870027650036,0.9976398731593843
BRCA,1,2,HALLMARK_MYOGENESIS,158,10.134963381388493,0.9976398731593843
BRCA,1,2,HALLMARK_NOTCH_SIGNALING,32,1.2308133592991448,0.9976398731593843
BRCA,1,2,HALLMARK_OXIDATIVE_PHOSPHORYLATION,184,1.6369515054863846,0.9976398731593843
BRCA,1,2,HALLMARK_P53_PATHWAY,185,2.643403884518276,0.9976398731593843
BRCA,1,2,HALLMARK_PANCREAS_BETA_CELLS,18,0.9018777093933105,0.9976398731593843
BRCA,1,2,HALLMARK_PEROXISOME,94,2.2638085068624396,0.9976398731593843
BRCA,1,2,HALLMARK_PI3K_AKT_MTOR_SIGNALING,97,-0.1596533044419195,0.9976398731593843
BRCA,1,2,HALLMARK_PROTEIN_SECRETION,93,2.3594036226894404,0.9976398731593843
BRCA,1,2,HALLMARK_REACTIVE_OXYGEN_SPECIES_PATHWAY,45,-0.734115942145684,0.9976398731593843
BRCA,1,2,HALLMARK_SPERMATOGENESIS,75,-2.4519896472190954,0.9976398731593843
BRCA,1,2,HALLMARK_TGF_BETA_SIGNALING,52,4.0035927443791195,0.9976398731593843
BRCA,1,2,HALLMARK_TNFA_SIGNALING_VIA_NFKB,195,0.8075476171836495,0.9976398731593843
BRCA,1,2,HALLMARK_UNFOLDED_PROTEIN_RESPONSE,106,-0.5278822038137229,0.9976398731593843
BRCA,1,2,HALLMARK_UV_RESPONSE_DN,137,7.092335100925676,0.9976398731593843
BRCA,1,2,HALLMARK_UV_RESPONSE_UP,145,0.7509170310509938,0.9976398731593843
BRCA,1,2,HALLMARK_WNT_BETA_CATENIN_SIGNALING,40,-0.5696406183909896,0.9976398731593843
BRCA,1,2,HALLMARK_XENOBIOTIC_METABOLISM,158,5.111369153503032,0.9976398731593843
BRCA,1,3,HALLMARK_ADIPOGENESIS,186,1.4373612599529446,0.9720726655374791
BRCA,1,3,HALLMARK_ALLOGRAFT_REJECTION,174,14.160909070456077,0.9720726655374791
BRCA,1,3,HALLMARK_ANDROGEN_RESPONSE,94,0.8750305725408156,0.9720726655374791
BRCA,1,3,HALLMARK_ANGIOGENESIS,31,9.788139854958235,0.9720726655374791
BRCA,1,3,HALLMARK_APICAL_JUNCTION,166,8.262852442965794,0.9720726655374791
BRCA,1,3,HALLMARK_APICAL_SURFACE,36,1.2105575399119062,0.9720726655374791
BRCA,1,3,HALLMARK_APOPTOSIS,154,9.080752469108413,0.9720726655374791
BRCA,1,3,HALLMARK_BILE_ACID_METABOLISM,89,-0.36037315361130307,0.9720726655374791
BRCA,1,3,HALLMARK_CHOLESTEROL_HOMEOSTASIS,69,-0.8457731193572997,0.9720726655374791
BRCA,1,3,HALLMARK_COAGULATION,104,15.258468445449035,0.9720726655374791
BRCA,1,3,HALLMARK_COMPLEMENT,175,11.663167843571626,0.9720726655374791
BRCA,1,3,HALLMARK_DNA_REPAIR,145,-6.68839241195925,0.9720726655374791
BRCA,1,3,HALLMARK_E2F_TARGETS,192,-11.678684083241022,0.9720726655374791
BRCA,1,3,HALLMARK_EPITHELIAL_MESENCHYMAL_TRANSITION,190,25.727315356915664,0.9720726655374791
BRCA,1,3,HALLMARK_ESTROGEN_RESPONSE_EARLY,189,-1.9288893646410055,0.9720726655374791
BRCA,1,3,HALLMARK_ESTROGEN_RESPONSE_LATE,180,-1.2047405369552964,0.9720726655374791
BRCA,1,3,HALLMARK_FATTY_ACID_METABOLISM,139,-0.019733914630410253,0.9720726655374791
BRCA,1,3,HALLMARK_G2M_CHECKPOINT,186,-9.168077802660468,0.9720726655374791
BRCA,1,3,HALLMARK_GLYCOLYSIS,178,-2.070886943139749,0.9720726655374791
BRCA,1,3,HALLMARK_HEDGEHOG_SIGNALING,30,1.6231624204862631,0.9720726655374791
BRCA,1,3,HALLMARK_HEME_METABOLISM,161,2.547496790839864,0.9720726655374791
BRCA,1,3,HALLMARK_HYPOXIA,175,7.325677989777788,0.9720726655374791
BRCA,1,3,HALLMARK_IL2_STAT5_SIGNALING,187,7.790724488485711,0.9720726655374791
BRCA,1,3,HALLMARK_IL6_JAK_STAT3_SIGNALING,80,9.03569392917676,0.9720726655374791
BRCA,1,3,HALLMARK_INFLAMMATORY_RESPONSE,181,10.84658005171226,0.9720726655374791
BRCA,1,3,HALLMARK_INTERFERON_ALPHA_RESPONSE,95,7.288906820205584,0.9720726655374791
BRCA,1,3,HALLMARK_INTERFERON_GAMMA_RESPONSE,194,11.942608300066288,0.9720726655374791
BRCA,1,3,HALLMARK_KRAS_SIGNALING_DN,104,0.3105227579869689,0.9720726655374791
BRCA,1,3,HALLMARK_KRAS_SIGNALING_UP,174,12.332834231950374,0.9720726655374791
BRCA,1,3,HALLMARK_MITOTIC_SPINDLE,197,-0.6979471869431637,0.9720726655374791
BRCA,1,3,HALLMARK_MTORC1_SIGNALING,194,-5.842112809280096,0.9720726655374791
BRCA,1,3,HALLMARK_MYC_TARGETS_V1,182,-9.084755433654449,0.9720726655374791
BRCA,1,3,HALLMARK_MYC_TARGETS_V2,57,-5.0638806576303095,0.9720726655374791
BRCA,1,3,HALLMARK_MYOGENESIS,158,8.175100563027241,0.9720726655374791
BRCA,1,3,HALLMARK_NOTCH_SIGNALING,32,0.9678424276335663,0.9720726655374791
BRCA,1,3,HALLMARK_OXIDATIVE_PHOSPHORYLATION,184,-8.335327870158682,0.9720726655374791
BRCA,1,3,HALLMARK_P53_PATHWAY,185,5.148460242169665,0.9720726655374791
BRCA,1,3,HALLMARK_PANCREAS_BETA_CELLS,18,0.7522932044723322,0.9720726655374791
BRCA,1,3,HALLMARK_PEROXISOME,94,-1.9276857576349822,0.9720726655374791
BRCA,1,3,HALLMARK_PI3K_AKT_MTOR_SIGNALING,97,-1.2834665838187755,0.9720726655374791
BRCA,1,3,HALLMARK_PROTEIN_SECRETION,93,-0.8013891386755977,0.9720726655374791
BRCA,1,3,HALLMARK_REACTIVE_OXYGEN_SPECIES_PATHWAY,45,-0.5752689684421397,0.9720726655374791
BRCA,1,3,HALLMARK_SPERMATOGENESIS,75,-3.295333546502238,0.9720726655374791
BRCA,1,3,HALLMARK_TGF_BETA_SIGNALING,52,5.28679372491047,0.9720726655374791
BRCA,1,3,HALLMARK_TNFA_SIGNALING_VIA_NFKB,195,15.782057918488096,0.9720726655374791
BRCA,1,3,HALLMARK_UNFOLDED_PROTEIN_RESPONSE,106,-3.8774087064589042,0.9720726655374791
BRCA,1,3,HALLMARK_UV_RESPONSE_DN,137,9.617653205379414,0.9720726655374791
BRCA,1,3,HALLMARK_UV_RESPONSE_UP,145,-0.037965079843024024,0.9720726655374791
BRCA,1,3,HALLMARK_WNT_BETA_CATENIN_SIGNALING,40,1.0379796449989398,0.9720726655374791
BRCA,1,3,HALLMARK_XENOBIOTIC_METABOLISM,158,0.982750014946864,0.9720726655374791
BRCA,1,4,HALLMARK_ADIPOGENESIS,186,-2.739887387511343,0.9969389630726462
BRCA,1,4,HALLMARK_ALLOGRAFT_REJECTION,174,18.651660123835164,0.9969389630726462
BRCA,1,4,HALLMARK_ANDROGEN_RESPONSE,94,-3.709573766040947,0.9969389630726462
BRCA,1,4,HALLMARK_ANGIOGENESIS,31,-5.903887299679097,0.9969389630726462
BRCA,1,4,HALLMARK_APICAL_JUNCTION,166,-4.394535254240412,0.9969389630726462
BRCA,1,4,HALLMARK_APICAL_SURFACE,36,-2.44491555326515,0.9969389630726462
BRCA,1,4,HALLMARK_APOPTOSIS,154,-3.2806221400060074,0.9969389630726462
BRCA,1,4,HALLMARK_BILE_ACID_METABOLISM,89,-0.8540555821570653,0.9969389630726462
BRCA,1,4,HALLMARK_CHOLESTEROL_HOMEOSTASIS,69,-1.614257269311604,0.9969389630726462
BRCA,1,4,HALLMARK_COAGULATION,104,-3.735007631867518,0.9969389630726462
BRCA,1,4,HALLMARK_COMPLEMENT,175,6.490369699790638,0.9969389630726462
BRCA,1,4,HALLMARK_DNA_REPAIR,145,-1.4051989623679784,0.9969389630726462
BRCA,1,4,HALLMARK_E2F_TARGETS,192,4.523612644608929,0.9969389630726462
BRCA,1,4,HALLMARK_EPITHELIAL_MESENCHYMAL_TRANSITION,190,-18.074016314199927,0.9969389630726462
BRCA,1,4,HALLMARK_ESTROGEN_RESPONSE_EARLY,189,-11.046592075244751,0.9969389630726462
BRCA,1,4,HALLMARK_ESTROGEN_RESPONSE_LATE,180,-7.523181427005322,0.9969389630726462
BRCA,1,4,HALLMARK_FATTY_ACID_METABOLISM,139,-2.432572212179248,0.9969389630726462
BRCA,1,4,HALLMARK_G2M_CHECKPOINT,186,3.114552908571149,0.9969389630726462
BRCA,1,4,HALLMARK_GLYCOLYSIS,178,-4.509506700423101,0.9969389630726462
BRCA,1,4,HALLMARK_HEDGEHOG_SIGNALING,30,-1.5710037411532027,0.9969389630726462
BRCA,1,4,HALLMARK_HEME_METABOLISM,161,-1.5137966095921425,0.9969389630726462
BRCA,1,4,HALLMARK_HYPOXIA,175,-6.052527335491601,0.9969389630726462
BRCA,1,4,HALLMARK_IL2_STAT5_SIGNALING,187,1.7059193471976728,0.9969389630726462
BRCA,1,4,HALLMARK_IL6_JAK_STAT3_SIGNALING,80,7.5476329857715445,0.9969389630726462
BRCA,1,4,HALLMARK_INFLAMMATORY_RESPONSE,181,8.808756098237591,0.9969389630726462
BRCA,1,4,HALLMARK_INTERFERON_ALPHA_RESPONSE,95,19.333490806595318,0.9969389630726462
BRCA,1,4,HALLMARK_INTERFERON_GAMMA_RESPONSE,194,22.698894016290602,0.9969389630726462
BRCA,1,4,HALLMARK_KRAS_SIGNALING_DN,104,-0.4089444196811447,0.9969389630726462
BRCA,1,4,HALLMARK_KRAS_SIGNALING_UP,174,3.8967373984370823,0.9969389630726462
BRCA,1,4,HALLMARK_MITOTIC_SPINDLE,197,-1.6222659097498606,0.9969389630726462
BRCA,1,4,HALLMARK_MTORC1_SIGNALING,194,0.2445921164895219,0.9969389630726462
BRCA,1,4,HALLMARK_MYC_TARGETS_V1,182,-1.3870953410563653,0.9969389630726462
BRCA,1,4,HALLMARK_MYC_TARGETS_V2,57,0.16631911914815298,0.9969389630726462
BRCA,1,4,HALLMARK_MYOGENESIS,158,-7.866473286786399,0.9969389630726462
BRCA,1,4,HALLMARK_NOTCH_SIGNALING,32,-2.6609138820089986,0.9969389630726462
BRCA,1,4,HALLMARK_OXIDATIVE_PHOSPHORYLATION,184,-2.848646394914095,0.9969389630726462
BRCA,1,4,HALLMARK_P53_PATHWAY,185,-2.5557104014066905,0.9969389630726462
BRCA,1,4,HALLMARK_PANCREAS_BETA_CELLS,18,-0.5766778486959608,0.9969389630726462
BRCA,1,4,HALLMARK_PEROXISOME,94,-1.816190137881849,0.9969389630726462
BRCA,1,4,HALLMARK_PI3K_AKT_MTOR_SIGNALING,97,0.11277906905792517,0.9969389630726462
BRCA,1,4,HALLMARK_PROTEIN_SECRETION,93,-3.368793496735446,0.9969389630726462
BRCA,1,4,HALLMARK_REACTIVE_OXYGEN_SPECIES_PATHWAY,45,0.5028020488540352,0.9969389630726462
BRCA,1,4,HALLMARK_SPERMATOGENESIS,75,0.3777099961673006,0.9969389630726462
BRCA,1,4,HALLMARK_TGF_BETA_SIGNALING,52,-4.410608142381166,0.9969389630726462
BRCA,1,4,HALLMARK_TNFA_SIGNALING_VIA_NFKB,195,1.0331712958508825,0.9969389630726462
BRCA,1,4,HALLMARK_UNFOLDED_PROTEIN_RESPONSE,106,-1.7473951219158803,0.9969389630726462
BRCA,1,4,HALLMARK_UV_RESPONSE_DN,137,-7.118729628500613,0.9969389630726462
BRCA,1,4,HALLMARK_UV_RESPONSE_UP,145,-0.9047254308931949,0.9969389630726462
BRCA,1,4,HALLMARK_WNT_BETA_CATENIN_SIGNALING,40,-1.30751336525533,0.9969389630726462
BRCA,1,4,HALLMARK_XENOBIOTIC_METABOLISM,158,-1.7322134569742358,0.9969389630726462
BRCA,1,5,HALLMARK_ADIPOGENESIS,186,6.260207238926178,0.9971127528731096
BRCA,1,5,HALLMARK_ALLOGRAFT_REJECTION,174,3.641982990019105,0.9971127528731096
BRCA,1,5,HALLMARK_ANDROGEN_RESPONSE,94,5.9699373536177225,0.9971127528731096
BRCA,1,5,HALLMARK_ANGIOGENESIS,31,16.402748311441652,0.9971127528731096
BRCA,1,5,HALLMARK_APICAL_JUNCTION,166,9.193196785544382,0.9971127528731096
BRCA,1,5,HALLMARK_APICAL_SURFACE,36,3.121002810407476,0.9971127528731096
BRCA,1,5,HALLMARK_APOPTOSIS,154,11.244289471283514,0.9971127528731096
BRCA,1,5,HALLMARK_BILE_ACID_METABOLISM,89,1.3118916099250213,0.9971127528731096
BRCA,1,5,HALLMARK_CHOLESTEROL_HOMEOSTASIS,69,5.310991960844236,0.9971127528731096
BRCA,1,5,HALLMARK_COAGULATION,104,20.48351056414253,0.9971127528731096
BRCA,1,5,HALLMARK_COMPLEMENT,175,10.762832028195376,0.9971127528731096
BRCA,1,5,HALLMARK_DNA_REPAIR,145,-1.0256498635816538,0.9971127528731096
BRCA,1,5,HALLMARK_E2F_TARGETS,192,-5.8846844321378,0.9971127528731096
BRCA,1,5,HALLMARK_EPITHELIAL_MESENCHYMAL_TRANSITION,190,42.66619404091148,0.9971127528731096
BRCA,1,5,HALLMARK_ESTROGEN_RESPONSE_EARLY,189,1.8608864495247042,0.9971127528731096
BRCA,1,5,HALLMARK_ESTROGEN_RESPONSE_LATE,180,3.0196101179413986,0.9971127528731096
BRCA,1,5,HALLMARK_FATTY_ACID_METABOLISM,139,6.030157925252791,0.9971127528731096
BRCA,1,5,HALLMARK_G2M_CHECKPOINT,186,-5.166138958366634,0.9971127528731096
BRCA,1,5,HALLMARK_GLYCOLYSIS,178,5.652906458665048,0.9971127528731096
BRCA,1,5,HALLMARK_HEDGEHOG_SIGNALING,30,0.6229218816240983,0.9971127528731096
BRCA,1,5,HALLMARK_HEME_METABOLISM,161,1.28213367645536,0.9971127528731096
BRCA,1,5,HALLMARK_HYPOXIA,175,8.650111420372635,0.9971127528731096
BRCA,1,5,HALLMARK_IL2_STAT5_SIGNALING,187,5.613455799920357,0.9971127528731096
BRCA,1,5,HALLMARK_IL6_JAK_STAT3_SIGNALING,80,2.8589191050987286,0.9971127528731096
BRCA,1,5,HALLMARK_INFLAMMATORY_RESPONSE,181,5.507790174724096,0.9971127528731096
BRCA,1,5,HALLMARK_INTERFERON_ALPHA_RESPONSE,95,2.0834343872087264,0.9971127528731096
BRCA,1,5,HALLMARK_INTERFERON_GAMMA_RESPONSE,194,4.183341330401881,0.9971127528731096
BRCA,1,5,HALLMARK_KRAS_SIGNALING_DN,104,-2.056307648987858,0.9971127528731096
BRCA,1,5,HALLMARK_KRAS_SIGNALING_UP,174,9.470509168163145,0.9971127528731096
BRCA,1,5,HALLMARK_MITOTIC_SPINDLE,197,-2.726120028255673,0.9971127528731096
BRCA,1,5,HALLMARK_MTORC1_SIGNALING,194,5.257315816349494,0.9971127528731096
BRCA,1,5,HALLMARK_MYC_TARGETS_V1,182,0.24939490051412094,0.9971127528731096
BRCA,1,5,HALLMARK_MYC_TARGETS_V2,57,-2.453514654157018,0.9971127528731096
BRCA,1,5,HALLMARK_MYOGENESIS,158,12.342011636096117,0.9971127528731096
BRCA,1,5,HALLMARK_NOTCH_SIGNALING,32,0.49222519163115747,0.9971127528731096
BRCA,1,5,HALLMARK_OXIDATIVE_PHOSPHORYLATION,184,3.485194882213448,0.9971127528731096
BRCA,1,5,HALLMARK_P53_PATHWAY,185,4.823595075278404,0.9971127528731096
BRCA,1,5,HALLMARK_PANCREAS_BETA_CELLS,18,1.6721601745330994,0.9971127528731096
BRCA,1,5,HALLMARK_PEROXISOME,94,2.6287847098818613,0.9971127528731096
BRCA,1,5,HALLMARK_PI3K_AKT_MTOR_SIGNALING,97,1.7817749309334519,0.9971127528731096
BRCA,1,5,HALLMARK_PROTEIN_SECRETION,93,4.198001863693457,0.9971127528731096
BRCA,1,5,HALLMARK_REACTIVE_OXYGEN_SPECIES_PATHWAY,45,3.6269421554052594,0.9971127528731096
BRCA,1,5,HALLMARK_SPERMATOGENESIS,75,-1.8507357800529074,0.9971127528731096
BRCA,1,5,HALLMARK_TGF_BETA_SIGNALING,52,5.266443225166017,0.9971127528731096
BRCA,1,5,HALLMARK_TNFA_SIGNALING_VIA_NFKB,195,6.46366384412324,0.9971127528731096
BRCA,1,5,HALLMARK_UNFOLDED_PROTEIN_RESPONSE,106,0.20705504277941097,0.9971127528731096
BRCA,1,5,HALLMARK_UV_RESPONSE_DN,137,9.991790889014421,0.9971127528731096
BRCA,1,5,HALLMARK_UV_RESPONSE_UP,145,1.5810739978404347,0.9971127528731096
BRCA,1,5,HALLMARK_WNT_BETA_CATENIN_SIGNALING,40,-1.671802262826624,0.9971127528731096
BRCA,1,5,HALLMARK_XENOBIOTIC_METABOLISM,158,5.629689183428196,0.9971127528731096
BRCA,1,6,HALLMARK_ADIPOGENESIS,186,0.06634351494232191,0.9720955395948865
BRCA,1,6,HALLMARK_ALLOGRAFT_REJECTION,174,-1.5359936752102008,0.9720955395948865
BRCA,1,6,HALLMARK_ANDROGEN_RESPONSE,94,2.6109371398013406,0.9720955395948865
BRCA,1,6,HALLMARK_ANGIOGENESIS,31,10.531558471140176,0.9720955395948865
BRCA,1,6,HALLMARK_APICAL_JUNCTION,166,8.061066260773343,0.9720955395948865
BRCA,1,6,HALLMARK_APICAL_SURFACE,36,0.6302808757638271,0.9720955395948865
BRCA,1,6,HALLMARK_APOPTOSIS,154,4.722714449608604,0.9720955395948865
BRCA,1,6,HALLMARK_BILE_ACID_METABOLISM,89,-1.138987612849242,0.9720955395948865
BRCA,1,6,HALLMARK_CHOLESTEROL_HOMEOSTASIS,69,0.4993133443290147,0.9720955395948865
BRCA,1,6,HALLMARK_COAGULATION,104,7.229757846997738,0.9720955395948865
BRCA,1,6,HALLMARK_COMPLEMENT,175,1.3390512000914834,0.9720955395948865
BRCA,1,6,HALLMARK_DNA_REPAIR,145,-2.6406434580338427,0.9720955395948865
BRCA,1,6,HALLMARK_E2F_TARGETS,192,7.023222463024273,0.9720955395948865
BRCA,1,6,HALLMARK_EPITHELIAL_MESENCHYMAL_TRANSITION,190,24.060784827184396,0.9720955395948865
BRCA,1,6,HALLMARK_ESTROGEN_RESPONSE_EARLY,189,-1.0509677726237163,0.9720955395948865
BRCA,1,6,HALLMARK_ESTROGEN_RESPONSE_LATE,180,-2.551336578142758,0.9720955395948865
BRCA,1,6,HALLMARK_FATTY_ACID_METABOLISM,139,-1.5343987183397485,0.9720955395948865
BRCA,1,6,HALLMARK_G2M_CHECKPOINT,186,8.483507875756127,0.9720955395948865
BRCA,1,6,HALLMARK_GLYCOLYSIS,178,2.130551086007553,0.9720955395948865
BRCA,1,6,HALLMARK_HEDGEHOG_SIGNALING,30,2.8275832684140263,0.9720955395948865
BRCA,1,6,HALLMARK_HEME_METABOLISM,161,2.3393954234817054,0.9720955395948865
BRCA,1,6,HALLMARK_HYPOXIA,175,7.585503845066517,0.9720955395948865
BRCA,1,6,HALLMARK_IL2_STAT5_SIGNALING,187,2.8623871545602206,0.9720955395948865
BRCA,1,6,HALLMARK_IL6_JAK_STAT3_SIGNALING,80,2.2572717891604888,0.9720955395948865
BRCA,1,6,HALLMARK_INFLAMMATORY_RESPONSE,181,1.7560499453220524,0.9720955395948865
BRCA,1,6,HALLMARK_INTERFERON_ALPHA_RESPONSE,95,-6.781640509272046,0.9720955395948865
BRCA,1,6,HALLMARK_INTERFERON_GAMMA_RESPONSE,194,-4.925232717296057,0.9720955395948865
BRCA,1,6,HALLMARK_KRAS_SIGNALING_DN,104,-1.0951290214363243,0.9720955395948865
BRCA,1,6,HALLMARK_KRAS_SIGNALING_UP,174,4.306406670468199,0.9720955395948865
BRCA,1,6,HALLMARK_MITOTIC_SPINDLE,197,9.991525227556387,0.9720955395948865
BRCA,1,6,HALLMARK_MTORC1_SIGNALING,194,3.8584095911694387,0.9720955395948865
BRCA,1,6,HALLMARK_MYC_TARGETS_V1,182,8.593771800271009,0.9720955395948865
BRCA,1,6,HALLMARK_MYC_TARGETS_V2,57,1.253071249347171,0.9720955395948865
BRCA,1,6,HALLMARK_MYOGENESIS,158,6.132328553145246,0.9720955395948865
BRCA,1,6,HALLMARK_NOTCH_SIGNALING,32,2.3503897921937518,0.9720955395948865
BRCA,1,6,HALLMARK_OXIDATIVE_PHOSPHORYLATION,184,-6.93569195341959,0.9720955395948865
BRCA,1,6,HALLMARK_P53_PATHWAY,185,1.5963970261327585,0.9720955395948865
BRCA,1,6,HALLMARK_PANCREAS_BETA_CELLS,18,0.01755705209229796,0.9720955395948865
BRCA,1,6,HALLMARK_PEROXISOME,94,-1.2782081383057136,0.9720955395948865
BRCA,1,6,HALLMARK_PI3K_AKT_MTOR_SIGNALING,97,2.0096075689373283,0.9720955395948865
BRCA,1,6,HALLMARK_PROTEIN_SECRETION,93,5.420104270754774,0.9720955395948865
BRCA,1,6,HALLMARK_REACTIVE_OXYGEN_SPECIES_PATHWAY,45,-1.6681658749946406,0.9720955395948865
BRCA,1,6,HALLMARK_SPERMATOGENESIS,75,0.6154891224634758,0.9720955395948865
BRCA,1,6,HALLMARK_TGF_BETA_SIGNALING,52,7.899266760416513,0.9720955395948865
BRCA,1,6,HALLMARK_TNFA_SIGNALING_VIA_NFKB,195,7.589319661338764,0.9720955395948865
BRCA,1,6,HALLMARK_UNFOLDED_PROTEIN_RESPONSE,106,3.0526396739664876,0.9720955395948865
BRCA,1,6,HALLMARK_UV_RESPONSE_DN,137,11.755676933686653,0.9720955395948865
BRCA,1,6,HALLMARK_UV_RESPONSE_UP,145,0.8659138872330201,0.9720955395948865
BRCA,1,6,HALLMARK_WNT_BETA_CATENIN_SIGNALING,40,2.3595867958244834,0.9720955395948865
BRCA,1,6,HALLMARK_XENOBIOTIC_METABOLISM,158,-1.3263329887166537,0.9720955395948865
BRCA,1,7,HALLMARK_ADIPOGENESIS,186,2.865636688266061,0.9920225067578641
BRCA,1,7,HALLMARK_ALLOGRAFT_REJECTION,174,-8.125957215197307,0.9920225067578641
BRCA,1,7,HALLMARK_ANDROGEN_RESPONSE,94,0.9118680871159647,0.9920225067578641
BRCA,1,7,HALLMARK_ANGIOGENESIS,31,-9.45443094505631,0.9920225067578641
BRCA,1,7,HALLMARK_APICAL_JUNCTION,166,-3.7943667533415524,0.9920225067578641
BRCA,1,7,HALLMARK_APICAL_SURFACE,36,-0.09160381738919265,0.9920225067578641
BRCA,1,7,HALLMARK_APOPTOSIS,154,-5.103098086387624,0.9920225067578641
BRCA,1,7,HALLMARK_BILE_ACID_METABOLISM,89,1.3276849764369478,0.9920225067578641
BRCA,1,7,HALLMARK_CHOLESTEROL_HOMEOSTASIS,69,2.3721792405074273,0.9920225067578641
BRCA,1,7,HALLMARK_COAGULATION,104,-11.896579191340818,0.9920225067578641
BRCA,1,7,HALLMARK_COMPLEMENT,175,-7.46888565773131,0.9920225067578641
BRCA,1,7,HALLMARK_DNA_REPAIR,145,8.357996563475202,0.9920225067578641
BRCA,1,7,HALLMARK_E2F_TARGETS,192,18.87556126419137,0.9920225067578641
BRCA,1,7,HALLMARK_EPITHELIAL_MESENCHYMAL_TRANSITION,190,-26.065387090525828,0.9920225067578641
BRCA,1,7,HALLMARK_ESTROGEN_RESPONSE_EARLY,189,5.157057359276108,0.9920225067578641
BRCA,1,7,HALLMARK_ESTROGEN_RESPONSE_LATE,180,4.116374956007364,0.9920225067578641
BRCA,1,7,HALLMARK_FATTY_ACID_METABOLISM,139,2.364581732037931,0.9920225067578641
BRCA,1,7,HALLMARK_G2M_CHECKPOINT,186,14.591769891700947,0.9920225067578641
BRCA,1,7,HALLMARK_GLYCOLYSIS,178,3.9134200036655717,0.9920225067578641
BRCA,1,7,HALLMARK_HEDGEHOG_SIGNALING,30,-1.0279856826416471,0.9920225067578641
BRCA,1,7,HALLMARK_HEME_METABOLISM,161,1.1110024788598636,0.9920225067578641
BRCA,1,7,HALLMARK_HYPOXIA,175,-3.912183514209143,0.9920225067578641
BRCA,1,7,HALLMARK_IL2_STAT5_SIGNALING,187,-4.784280223969317,0.9920225067578641
BRCA,1,7,HALLMARK_IL6_JAK_STAT3_SIGNALING,80,-4.1719665277102855,0.9920225067578641
BRCA,1,7,HALLMARK_INFLAMMATORY_RESPONSE,181,-7.628130960132672,0.9920225067578641
BRCA,1,7,HALLMARK_INTERFERON_ALPHA_RESPONSE,95,-0.7951662517338551,0.9920225067578641
BRCA,1,7,HALLMARK_INTERFERON_GAMMA_RESPONSE,194,-4.490274198211725,0.9920225067578641
BRCA,1,7,HALLMARK_KRAS_SIGNALING_DN,104,-0.8604021932226045,0.9920225067578641
BRCA,1,7,HALLMARK_KRAS_SIGNALING_UP,174,-10.165832720042978,0.9920225067578641
BRCA,1,7,HALLMARK_MITOTIC_SPINDLE,197,4.819229420670948,0.9920225067578641
BRCA,1,7,HALLMARK_MTORC1_SIGNALING,194,10.796989160550538,0.9920225067578641
BRCA,1,7,HALLMARK_MYC_TARGETS_V1,182,20.91602116486835,0.9920225067578641
BRCA,1,7,HALLMARK_MYC_TARGETS_V2,57,8.27323522215227,0.9920225067578641
BRCA,1,7,HALLMARK_MYOGENESIS,158,-6.679732540260787,0.9920225067578641
BRCA,1,7,HALLMARK_NOTCH_SIGNALING,32,0.14395837160110472,0.9920225067578641
BRCA,1,7,HALLMARK_OXIDATIVE_PHOSPHORYLATION,184,11.47333678025367,0.9920225067578641
BRCA,1,7,HALLMARK_P53_PATHWAY,185,-2.432653582517441,0.9920225067578641
BRCA,1,7,HALLMARK_PANCREAS_BETA_CELLS,18,-0.4862754186680298,0.9920225067578641
BRCA,1,7,HALLMARK_PEROXISOME,94,3.501653848881975,0.9920225067578641
BRCA,1,7,HALLMARK_PI3K_AKT_MTOR_SIGNALING,97,3.7572819813305043,0.9920225067578641
BRCA,1,7,HALLMARK_PROTEIN_SECRETION,93,4.275165515763144,0.9920225067578641
BRCA,1,7,HALLMARK_REACTIVE_OXYGEN_SPECIES_PATHWAY,45,1.8153418902433633,0.9920225067578641
BRCA,1,7,HALLMARK_SPERMATOGENESIS,75,3.2042839748337175,0.9920225067578641
BRCA,1,7,HALLMARK_TGF_BETA_SIGNALING,52,-3.0883292651342504,0.9920225067578641
BRCA,1,7,HALLMARK_TNFA_SIGNALING_VIA_NFKB,195,-10.399587006558177,0.9920225067578641
BRCA,1,7,HALLMARK_UNFOLDED_PROTEIN_RESPONSE,106,8.378714493682283,0.9920225067578641
BRCA,1,7,HALLMARK_UV_RESPONSE_DN,137,-9.34640434935028,0.9920225067578641
BRCA,1,7,HALLMARK_UV_RESPONSE_UP,145,3.9653446270066968,0.9920225067578641
BRCA,1,7,HALLMARK_WNT_BETA_CATENIN_SIGNALING,40,0.1655242136367276,0.9920225067578641
BRCA,1,7,HALLMARK_XENOBIOTIC_METABOLISM,158,0.19700579825017633,0.9920225067578641
BRCA,2,0,HALLMARK_ADIPOGENESIS,186,-0.9054259412206481,0.9953200963884594
BRCA,2,0,HALLMARK_ALLOGRAFT_REJECTION,174,-2.446223297582896,0.9953200963884594
BRCA,2,0,HALLMARK_ANDROGEN_RESPONSE,94,-2.7452605063569084,0.9953200963884594
BRCA,2,0,HALLMARK_ANGIOGENESIS,31,-12.35041283941114,0.9953200963884594
BRCA,2,0,HALLMARK_APICAL_JUNCTION,166,-9.160195522664683,0.9953200963884594
BRCA,2,0,HALLMARK_APICAL_SURFACE,36,-4.161191863792913,0.9953200963884594
BRCA,2,0,HALLMARK_APOPTOSIS,154,-10.989091729854099,0.9953200963884594
BRCA,2,0,HALLMARK_BILE_ACID_METABOLISM,89,-0.18839673213335734,0.9953200963884594
BRCA,2,0,HALLMARK_CHOLESTEROL_HOMEOSTASIS,69,-1.6209436447742116,0.9953200963884594
BRCA,2,0,HALLMARK_COAGULATION,104,-17.66743118708131,0.9953200963884594
BRCA,2,0,HALLMARK_COMPLEMENT,175,-8.387698617584093,0.9953200963884594
BRCA,2,0,HALLMARK_DNA_REPAIR,145,5.553396562027003,0.9953200963884594
BRCA,2,0,HALLMARK_E2F_TARGETS,192,19.40050794979319,0.9953200963884594
BRCA,2,0,HALLMARK_EPITHELIAL_MESENCHYMAL_TRANSITION,190,-37.7690423319959,0.9953200963884594
BRCA,2,0,HALLMARK_ESTROGEN_RESPONSE_EARLY,189,-9.420702799490728,0.9953200963884594
BRCA,2,0,HALLMARK_ESTROGEN_RESPONSE_LATE,180,-6.886587103515649,0.9953200963884594
BRCA,2,0,HALLMARK_FATTY_ACID_METABOLISM,139,-0.555168357147703,0.9953200963884594
BRCA,2,0,HALLMARK_G2M_CHECKPOINT,186,15.027489843009315,0.9953200963884594
BRCA,2,0,HALLMARK_GLYCOLYSIS,178,0.33350879003211936,0.9953200963884594
BRCA,2,0,HALLMARK_HEDGEHOG_SIGNALING,30,-1.4967528813399265,0.9953200963884594
BRCA,2,0,HALLMARK_HEME_METABOLISM,161,-0.3094495458066386,0.9953200963884594
BRCA,2,0,HALLMARK_HYPOXIA,175,-7.5563459326192,0.9953200963884594
BRCA,2,0,HALLMARK_IL2_STAT5_SIGNALING,187,-5.380232228627021,0.9953200963884594
BRCA,2,0,HALLMARK_IL6_JAK_STAT3_SIGNALING,80,-2.7657125734022068,0.9953200963884594
BRCA,2,0,HALLMARK_INFLAMMATORY_RESPONSE,181,-5.381584312819645,0.9953200963884594
BRCA,2,0,HALLMARK_INTERFERON_ALPHA_RESPONSE,95,-0.3183521926462733,0.9953200963884594
BRCA,2,0,HALLMARK_INTERFERON_GAMMA_RESPONSE,194,-2.537849315223614,0.9953200963884594
BRCA,2,0,HALLMARK_KRAS_SIGNALING_DN,104,-0.9159872541509217,0.9953200963884594
BRCA,2,0,HALLMARK_KRAS_SIGNALING_UP,174,-7.789059819721788,0.9953200963884594
BRCA,2,0,HALLMARK_MITOTIC_SPINDLE,197,4.02120898674545,0.9953200963884594
BRCA,2,0,HALLMARK_MTORC1_SIGNALING,194,7.59447942623667,0.9953200963884594
BRCA,2,0,HALLMARK_MYC_TARGETS_V1,182,18.88733532267438,0.9953200963884594
BRCA,2,0,HALLMARK_MYC_TARGETS_V2,57,7.307406660262954,0.9953200963884594
BRCA,2,0,HALLMARK_MYOGENESIS,158,-13.56997745715735,0.9953200963884594
BRCA,2,0,HALLMARK_NOTCH_SIGNALING,32,-1.339847055444749,0.9953200963884594
BRCA,2,0,HALLMARK_OXIDATIVE_PHOSPHORYLATION,184,7.7145433349073524,0.9953200963884594
BRCA,2,0,HALLMARK_P53_PATHWAY,185,-6.3974779617017,0.9953200963884594
BRCA,2,0,HALLMARK_PANCREAS_BETA_CELLS,18,-0.22461452696632397,0.9953200963884594
BRCA,2,0,HALLMARK_PEROXISOME,94,0.8981022298976866,0.9953200963884594
BRCA,2,0,HALLMARK_PI3K_AKT_MTOR_SIGNALING,97,1.1130875191489114,0.9953200963884594
BRCA,2,0,HALLMARK_PROTEIN_SECRETION,93,2.498063393540411,0.9953200963884594
BRCA,2,0,HALLMARK_REACTIVE_OXYGEN_SPECIES_PATHWAY,45,0.09388511097453509,0.9953200963884594
BRCA,2,0,HALLMARK_SPERMATOGENESIS,75,4.661659573620199,0.9953200963884594
BRCA,2,0,HALLMARK_TGF_BETA_SIGNALING,52,-5.504953123802975,0.9953200963884594
BRCA,2,0,HALLMARK_TNFA_SIGNALING_VIA_NFKB,195,-12.458866616610589,0.9953200963884594
BRCA,2,0,HALLMARK_UNFOLDED_PROTEIN_RESPONSE,106,5.121101936231875,0.9953200963884594
BRCA,2,0,HALLMARK_UV_RESPONSE_DN,137,-10.479562079794798,0.9953200963884594
BRCA,2,0,HALLMARK_UV_RESPONSE_UP,145,0.6443324344886409,0.9953200963884594
BRCA,2,0,HALLMARK_WNT_BETA_CATENIN_SIGNALING,40,0.36397833807650226,0.9953200963884594
BRCA,2,0,HALLMARK_XENOBIOTIC_METABOLISM,158,-3.1394677460640157,0.9953200963884594
BRCA,2,1,HALLMARK_ADIPOGENESIS,186,2.1076502946576734,0.9915424616365363
BRCA,2,1,HALLMARK_ALLOGRAFT_REJECTION,174,7.373525229479628,0.9915424616365363
BRCA,2,1,HALLMARK_ANDROGEN_RESPONSE,94,3.749063918997016,0.9915424616365363
BRCA,2,1,HALLMARK_ANGIOGENESIS,31,3.4012888428974763,0.9915424616365363
BRCA,2,1,HALLMARK_APICAL_JUNCTION,166,1.162054857757486,0.9915424616365363
BRCA,2,1,HALLMARK_APICAL_SURFACE,36,2.799837140656878,0.9915424616365363
BRCA,2,1,HALLMARK_APOPTOSIS,154,9.057815283880894,0.9915424616365363
BRCA,2,1,HALLMARK_BILE_ACID_METABOLISM,89,0.5079103616501456,0.9915424616365363
BRCA,2,1,HALLMARK_CHOLESTEROL_HOMEOSTASIS,69,0.7498401831813433,0.9915424616365363
BRCA,2,1,HALLMARK_COAGULATION,104,6.591176772160638,0.9915424616365363
BRCA,2,1,HALLMARK_COMPLEMENT,175,5.324382158248371,0.9915424616365363
BRCA,2,1,HALLMARK_DNA_REPAIR,145,-1.5425967459069425,0.9915424616365363
BRCA,2,1,HALLMARK_E2F_TARGETS,192,-8.604570508596236,0.9915424616365363
BRCA,2,1,HALLMARK_EPITHELIAL_MESENCHYMAL_TRANSITION,190,4.346720498594238,0.9915424616365363
BRCA,2,1,HALLMARK_ESTROGEN_RESPONSE_EARLY,189,10.367004943653502,0.9915424616365363
BRCA,2,1,HALLMARK_ESTROGEN_RESPONSE_LATE,180,8.220093130560464,0.9915424616365363
BRCA,2,1,HALLMARK_FATTY_ACID_METABOLISM,139,1.5344230297683354,0.9915424616365363
BRCA,2,1,HALLMARK_G2M_CHECKPOINT,186,-4.916696316082077,0.9915424616365363
BRCA,2,1,HALLMARK_GLYCOLYSIS,178,-2.993064322552462,0.9915424616365363
BRCA,2,1,HALLMARK_HEDGEHOG_SIGNALING,30,-0.7945951104677658,0.9915424616365363
BRCA,2,1,HALLMARK_HEME_METABOLISM,161,1.7130650309016306,0.9915424616365363
BRCA,2,1,HALLMARK_HYPOXIA,175,1.5217551405726732,0.9915424616365363
BRCA,2,1,HALLMARK_IL2_STAT5_SIGNALING,187,4.095519888327459,0.9915424616365363
BRCA,2,1,HALLMARK_IL6_JAK_STAT3_SIGNALING,80,5.7624430348878395,0.9915424616365363
BRCA,2,1,HALLMARK_INFLAMMATORY_RESPONSE,181,5.409317648583455,0.9915424616365363
BRCA,2,1,HALLMARK_INTERFERON_ALPHA_RESPONSE,95,8.906018406543032,0.9915424616365363
BRCA,2,1,HALLMARK_INTERFERON_GAMMA_RESPONSE,194,10.895950377515634,0.9915424616365363
BRCA,2,1,HALLMARK_KRAS_SIGNALING_DN,104,-1.1823136953179638,0.9915424616365363
BRCA,2,1,HALLMARK_KRAS_SIGNALING_UP,174,5.665422548055032,0.9915424616365363
BRCA,2,1,HALLMARK_MITOTIC_SPINDLE,197,-1.7569970392048182,0.9915424616365363
BRCA,2,1,HALLMARK_MTORC1_SIGNALING,194,-3.1684072946322415,0.9915424616365363
BRCA,2,1,HALLMARK_MYC_TARGETS_V1,182,-4.2925024590057,0.9915424616365363
BRCA,2,1,HALLMARK_MYC_TARGETS_V2,57,-2.1256007214474164,0.9915424616365363
BRCA,2,1,HALLMARK_MYOGENESIS,158,4.59201845279729,0.9915424616365363
BRCA,2,1,HALLMARK_NOTCH_SIGNALING,32,0.746267810396445,0.9915424616365363
BRCA,2,1,HALLMARK_OXIDATIVE_PHOSPHORYLATION,184,-3.859231455862674,0.9915424616365363
BRCA,2,1,HALLMARK_P53_PATHWAY,185,0.37290097053710924,0.9915424616365363
BRCA,2,1,HALLMARK_PANCREAS_BETA_CELLS,18,1.227989659133252,0.9915424616365363
BRCA,2,1,HALLMARK_PEROXISOME,94,0.9179406486389109,0.9915424616365363
BRCA,2,1,HALLMARK_PI3K_AKT_MTOR_SIGNALING,97,0.015965035327375622,0.9915424616365363
BRCA,2,1,HALLMARK_PROTEIN_SECRETION,93,1.462900456326108,0.9915424616365363
BRCA,2,1,HALLMARK_REACTIVE_OXYGEN_SPECIES_PATHWAY,45,0.08077873162414252,0.9915424616365363
BRCA,2,1,HALLMARK_SPERMATOGENESIS,75,-2.395719443754529,0.9915424616365363
BRCA,2,1,HALLMARK_TGF_BETA_SIGNALING,52,2.6301924345953904,0.9915424616365363
BRCA,2,1,HALLMARK_TNFA_SIGNALING_VIA_NFKB,195,9.661042899253658,0.9915424616365363
BRCA,2,1,HALLMARK_UNFOLDED_PROTEIN_RESPONSE,106,-0.9096378706244852,0.9915424616365363
BRCA,2,1,HALLMARK_UV_RESPONSE_DN,137,5.322692249769439,0.9915424616365363
BRCA,2,1,HALLMARK_UV_RESPONSE_UP,145,0.7216359486769858,0.9915424616365363
BRCA,2,1,HALLMARK_WNT_BETA_CATENIN_SIGNALING,40,-1.214301988323891,0.9915424616365363
BRCA,2,1,HALLMARK_XENOBIOTIC_METABOLISM,158,3.9544343742343058,0.9915424616365363
BRCA,2,2,HALLMARK_ADIPOGENESIS,186,-0.764119730577658,0.9955926369107255
BRCA,2,2,HALLMARK_ALLOGRAFT_REJECTION,174,-0.94112492160884,0.9955926369107255
BRCA,2,2,HALLMARK_ANDROGEN_RESPONSE,94,-0.773076505805373,0.9955926369107255
BRCA,2,2,HALLMARK_ANGIOGENESIS,31,5.000678298826199,0.9955926369107255
BRCA,2,2,HALLMARK_APICAL_JUNCTION,166,2.8923637058978757,0.9955926369107255
BRCA,2,2,HALLMARK_APICAL_SURFACE,36,2.779219061287315,0.9955926369107255
BRCA,2,2,HALLMARK_APOPTOSIS,154,5.144628537313709,0.9955926369107255
BRCA,2,2,HALLMARK_BILE_ACID_METABOLISM,89,1.0747554382854803,0.9955926369107255
BRCA,2,2,HALLMARK_CHOLESTEROL_HOMEOSTASIS,69,-2.8065112268783263,0.9955926369107255
BRCA,2,2,HALLMARK_COAGULATION,104,9.07771568879973,0.9955926369107255
BRCA,2,2,HALLMARK_COMPLEMENT,175,3.0171403995754282,0.9955926369107255
BRCA,2,2,HALLMARK_DNA_REPAIR,145,-2.630361298846245,0.9955926369107255
BRCA,2,2,HALLMARK_E2F_TARGETS,192,-19.59280324306459,0.9955926369107255
BRCA,2,2,HALLMARK_EPITHELIAL_MESENCHYMAL_TRANSITION,190,13.457289011922283,0.9955926369107255
BRCA,2,2,HALLMARK_ESTROGEN_RESPONSE_EARLY,189,8.37382095641958,0.9955926369107255
BRCA,2,2,HALLMARK_ESTROGEN_RESPONSE_LATE,180,6.367538835497928,0.9955926369107255
BRCA,2,2,HALLMARK_FATTY_ACID_METABOLISM,139,-0.776611368106137,0.9955926369107255
BRCA,2,2,HALLMARK_G2M_CHECKPOINT,186,-17.527384381388845,0.9955926369107255
BRCA,2,2,HALLMARK_GLYCOLYSIS,178,-3.1128249747895533,0.9955926369107255
BRCA,2,2,HALLMARK_HEDGEHOG_SIGNALING,30,0.5979288797404202,0.9955926369107255
BRCA,2,2,HALLMARK_HEME_METABOLISM,161,0.7172358916191091,0.9955926369107255
BRCA,2,2,HALLMARK_HYPOXIA,175,3.671975349493257,0.9955926369107255
BRCA,2,2,HALLMARK_IL2_STAT5_SIGNALING,187,2.098005090225566,0.9955926369107255
BRCA,2,2,HALLMARK_IL6_JAK_STAT3_SIGNALING,80,1.8756013138597978,0.9955926369107255
BRCA,2,2,HALLMARK_INFLAMMATORY_RESPONSE,181,2.220301551094781,0.9955926369107255
BRCA,2,2,HALLMARK_INTERFERON_ALPHA_RESPONSE,95,-3.318824289717309,0.9955926369107255
BRCA,2,2,HALLMARK_INTERFERON_GAMMA_RESPONSE,194,-3.025595697036336,0.9955926369107255
BRCA,2,2,HALLMARK_KRAS_SIGNALING_DN,104,1.2888255279625753,0.9955926369107255
BRCA,2,2,HALLMARK_KRAS_SIGNALING_UP,174,3.833063492824957,0.9955926369107255
BRCA,2,2,HALLMARK_MITOTIC_SPINDLE,197,-6.178161031598944,0.9955926369107255
BRCA,2,2,HALLMARK_MTORC1_SIGNALING,194,-13.204224771922778,0.9955926369107255
BRCA,2,2,HALLMARK_MYC_TARGETS_V1,182,-20.623551554792744,0.9955926369107255
BRCA,2,2,HALLMARK_MYC_TARGETS_V2,57,-7.332857971497805,0.9955926369107255
BRCA,2,2,HALLMARK_MYOGENESIS,158,8.871952546670263,0.9955926369107255
BRCA,2,2,HALLMARK_NOTCH_SIGNALING,32,0.7549933360578284,0.9955926369107255
BRCA,2,2,HALLMARK_OXIDATIVE_PHOSPHORYLATION,184,-6.542252217280688,0.9955926369107255
BRCA,2,2,HALLMARK_P53_PATHWAY,185,1.8299668634029251,0.9955926369107255
BRCA,2,2,HALLMARK_PANCREAS_BETA_CELLS,18,0.15232849051210218,0.9955926369107255
BRCA,2,2,HALLMARK_PEROXISOME,94,-1.4464772953251372,0.9955926369107255
BRCA,2,2,HALLMARK_PI3K_AKT_MTOR_SIGNALING,97,-4.74179753136525,0.9955926369107255
BRCA,2,2,HALLMARK_PROTEIN_SECRETION,93,-5.4803277878987515,0.9955926369107255
BRCA,2,2,HALLMARK_REACTIVE_OXYGEN_SPECIES_PATHWAY,45,-2.7647422486701076,0.9955926369107255
BRCA,2,2,HALLMARK_SPERMATOGENESIS,75,-3.7698929931467813,0.9955926369107255
BRCA,2,2,HALLMARK_TGF_BETA_SIGNALING,52,1.8600811571261142,0.9955926369107255
BRCA,2,2,HALLMARK_TNFA_SIGNALING_VIA_NFKB,195,6.6951005346842045,0.9955926369107255
BRCA,2,2,HALLMARK_UNFOLDED_PROTEIN_RESPONSE,106,-6.699709592322618,0.9955926369107255
BRCA,2,2,HALLMARK_UV_RESPONSE_DN,137,4.230247365216706,0.9955926369107255
BRCA,2,2,HALLMARK_UV_RESPONSE_UP,145,-0.9676477049084528,0.9955926369107255
BRCA,2,2,HALLMARK_WNT_BETA_CATENIN_SIGNALING,40,0.35462731522690005,0.9955926369107255
BRCA,2,2,HALLMARK_XENOBIOTIC_METABOLISM,158,3.13242000353275,0.9955926369107255
BRCA,2,3,HALLMARK_ADIPOGENESIS,186,8.183978436400423,0.972440097496259
BRCA,2,3,HALLMARK_ALLOGRAFT_REJECTION,174,2.2654448347987506,0.972440097496259
BRCA,2,3,HALLMARK_ANDROGEN_RESPONSE,94,1.582634368601324,0.972440097496259
BRCA,2,3,HALLMARK_ANGIOGENESIS,31,-2.743244656206019,0.972440097496259
BRCA,2,3,HALLMARK_APICAL_JUNCTION,166,4.039162446602806,0.972440097496259
BRCA,2,3,HALLMARK_APICAL_SURFACE,36,2.1343751172254377,0.972440097496259
BRCA,2,3,HALLMARK_APOPTOSIS,154,8.848437746665562,0.972440097496259
BRCA,2,3,HALLMARK_BILE_ACID_METABOLISM,89,2.4264047917436145,0.972440097496259
BRCA,2,3,HALLMARK_CHOLESTEROL_HOMEOSTASIS,69,1.625389446449534,0.972440097496259
BRCA,2,3,HALLMARK_COAGULATION,104,4.529331628018021,0.972440097496259
BRCA,2,3,HALLMARK_COMPLEMENT,175,3.307478903959129,0.972440097496259
BRCA,2,3,HALLMARK_DNA_REPAIR,145,0.9295987675398877,0.972440097496259
BRCA,2,3,HALLMARK_E2F_TARGETS,192,-9.299022758843615,0.972440097496259
BRCA,2,3,HALLMARK_EPITHELIAL_MESENCHYMAL_TRANSITION,190,-2.5534028022957593,0.972440097496259
BRCA,2,3,HALLMARK_ESTROGEN_RESPONSE_EARLY,189,12.041300111480071,0.972440097496259
BRCA,2,3,HALLMARK_ESTROGEN_RESPONSE_LATE,180,11.779955718085269,0.972440097496259
BRCA,2,3,HALLMARK_FATTY_ACID_METABOLISM,139,5.8909715087511785,0.972440097496259
BRCA,2,3,HALLMARK_G2M_CHECKPOINT,186,-9.498036614367146,0.972440097496259
BRCA,2,3,HALLMARK_GLYCOLYSIS,178,-2.3235365566911335,0.972440097496259
BRCA,2,3,HALLMARK_HEDGEHOG_SIGNALING,30,-0.6650262722733518,0.972440097496259
BRCA,2,3,HALLMARK_HEME_METABOLISM,161,2.429430343981122,0.972440097496259
BRCA,2,3,HALLMARK_HYPOXIA,175,6.289675826209585,0.972440097496259
BRCA,2,3,HALLMARK_IL2_STAT5_SIGNALING,187,4.204426315154842,0.972440097496259
BRCA,2,3,HALLMARK_IL6_JAK_STAT3_SIGNALING,80,3.5071381812706557,0.972440097496259
BRCA,2,3,HALLMARK_INFLAMMATORY_RESPONSE,181,2.992230649663995,0.972440097496259
BRCA,2,3,HALLMARK_INTERFERON_ALPHA_RESPONSE,95,1.4259196325186148,0.972440097496259
BRCA,2,3,HALLMARK_INTERFERON_GAMMA_RESPONSE,194,2.4228356180016553,0.972440097496259
BRCA,2,3,HALLMARK_KRAS_SIGNALING_DN,104,3.374382163396626,0.972440097496259
BRCA,2,3,HALLMARK_KRAS_SIGNALING_UP,174,2.7894750502131047,0.972440097496259
BRCA,2,3,HALLMARK_MITOTIC_SPINDLE,197,-4.037540974940225,0.972440097496259
BRCA,2,3,HALLMARK_MTORC1_SIGNALING,194,-5.657383941350174,0.972440097496259
BRCA,2,3,HALLMARK_MYC_TARGETS_V1,182,-3.8289487665468296,0.972440097496259
BRCA,2,3,HALLMARK_MYC_TARGETS_V2,57,-0.8231774165604689,0.972440097496259
BRCA,2,3,HALLMARK_MYOGENESIS,158,7.627630969612443,0.972440097496259
BRCA,2,3,HALLMARK_NOTCH_SIGNALING,32,0.03829832461044706,0.972440097496259
BRCA,2,3,HALLMARK_OXIDATIVE_PHOSPHORYLATION,184,6.193822729798383,0.972440097496259
BRCA,2,3,HALLMARK_P53_PATHWAY,185,9.493846045671313,0.972440097496259
BRCA,2,3,HALLMARK_PANCREAS_BETA_CELLS,18,0.4972738787906341,0.972440097496259
BRCA,2,3,HALLMARK_PEROXISOME,94,2.6984502818143863,0.972440097496259
BRCA,2,3,HALLMARK_PI3K_AKT_MTOR_SIGNALING,97,-0.8232610403848035,0.972440097496259
BRCA,2,3,HALLMARK_PROTEIN_SECRETION,93,-4.492520222657334,0.972440097496259
BRCA,2,3,HALLMARK_REACTIVE_OXYGEN_SPECIES_PATHWAY,45,3.356939382312603,0.972440097496259
BRCA,2,3,HALLMARK_SPERMATOGENESIS,75,-2.819176668472019,0.972440097496259
BRCA,2,3,HALLMARK_TGF_BETA_SIGNALING,52,1.5474990334053094,0.972440097496259
BRCA,2,3,HALLMARK_TNFA_SIGNALING_VIA_NFKB,195,15.866989313509354,0.972440097496259
BRCA,2,3,HALLMARK_UNFOLDED_PROTEIN_RESPONSE,106,-2.086019900089015,0.972440097496259
BRCA,2,3,HALLMARK_UV_RESPONSE_DN,137,0.9558726337167698,0.972440097496259
BRCA,2,3,HALLMARK_UV_RESPONSE_UP,145,5.282525794952968,0.972440097496259
BRCA,2,3,HALLMARK_WNT_BETA_CATENIN_SIGNALING,40,0.8524307197040096,0.972440097496259
BRCA,2,3,HALLMARK_XENOBIOTIC_METABOLISM,158,6.667218061002202,0.972440097496259
BRCA,2,4,HALLMARK_ADIPOGENESIS,186,3.1342964376949283,0.9701962128771502
BRCA,2,4,HALLMARK_ALLOGRAFT_REJECTION,174,-6.227551650003988,0.9701962128771502
BRCA,2,4,HALLMARK_ANDROGEN_RESPONSE,94,6.184636498199823,0.9701962128771502
BRCA,2,4,HALLMARK_ANGIOGENESIS,31,8.126857341877598,0.9701962128771502
BRCA,2,4,HALLMARK_APICAL_JUNCTION,166,3.471832728832363,0.9701962128771502
BRCA,2,4,HALLMARK_APICAL_SURFACE,36,3.916303242951614,0.9701962128771502
BRCA,2,4,HALLMARK_APOPTOSIS,154,6.977901569428502,0.9701962128771502
BRCA,2,4,HALLMARK_BILE_ACID_METABOLISM,89,1.4025216435375822,0.9701962128771502
BRCA,2,4,HALLMARK_CHOLESTEROL_HOMEOSTASIS,69,3.685521694798191,0.9701962128771502
BRCA,2,4,HALLMARK_COAGULATION,104,8.285379362888605,0.9701962128771502
BRCA,2,4,HALLMARK_COMPLEMENT,175,1.728665766880679,0.9701962128771502
BRCA,2,4,HALLMARK_DNA_REPAIR,145,2.0545586900921786,0.9701962128771502
BRCA,2,4,HALLMARK_E2F_TARGETS,192,-1.7192423391253477,0.9701962128771502
BRCA,2,4,HALLMARK_EPITHELIAL_MESENCHYMAL_TRANSITION,190,19.6996638980801,0.9701962128771502
BRCA,2,4,HALLMARK_ESTROGEN_RESPONSE_EARLY,189,17.697527510151374,0.9701962128771502
BRCA,2,4,HALLMARK_ESTROGEN_RESPONSE_LATE,180,12.091342641637038,0.9701962128771502
BRCA,2,4,HALLMARK_FATTY_ACID_METABOLISM,139,5.883744041796557,0.9701962128771502
BRCA,2,4,HALLMARK_G2M_CHECKPOINT,186,-0.5084290400434662,0.9701962128771502
BRCA,2,4,HALLMARK_GLYCOLYSIS,178,4.39678145917387,0.9701962128771502
BRCA,2,4,HALLMARK_HEDGEHOG_SIGNALING,30,0.3850824195007837,0.9701962128771502
BRCA,2,4,HALLMARK_HEME_METABOLISM,161,2.705383582509075,0.9701962128771502
BRCA,2,4,HALLMARK_HYPOXIA,175,3.028071762448489,0.9701962128771502
BRCA,2,4,HALLMARK_IL2_STAT5_SIGNALING,187,1.3295458927414172,0.9701962128771502
BRCA,2,4,HALLMARK_IL6_JAK_STAT3_SIGNALING,80,-1.8267268943818167,0.9701962128771502
BRCA,2,4,HALLMARK_INFLAMMATORY_RESPONSE,181,-1.2494780657452194,0.9701962128771502
BRCA,2,4,HALLMARK_INTERFERON_ALPHA_RESPONSE,95,5.590774498520004,0.9701962128771502
BRCA,2,4,HALLMARK_INTERFERON_GAMMA_RESPONSE,194,1.5903554055489177,0.9701962128771502
BRCA,2,4,HALLMARK_KRAS_SIGNALING_DN,104,-2.444923861201987,0.9701962128771502
BRCA,2,4,HALLMARK_KRAS_SIGNALING_UP,174,-2.266685245335959,0.9701962128771502
BRCA,2,4,HALLMARK_MITOTIC_SPINDLE,197,1.7876996092982056,0.9701962128771502
BRCA,2,4,HALLMARK_MTORC1_SIGNALING,194,5.8535055660893685,0.9701962128771502
BRCA,2,4,HALLMARK_MYC_TARGETS_V1,182,4.635938530404431,0.9701962128771502
BRCA,2,4,HALLMARK_MYC_TARGETS_V2,57,-0.1878458643930321,0.9701962128771502
BRCA,2,4,HALLMARK_MYOGENESIS,158,6.427020694695443,0.9701962128771502
BRCA,2,4,HALLMARK_NOTCH_SIGNALING,32,-0.14052658898445805,0.9701962128771502
BRCA,2,4,HALLMARK_OXIDATIVE_PHOSPHORYLATION,184,3.5995333262838693,0.9701962128771502
BRCA,2,4,HALLMARK_P53_PATHWAY,185,0.20349299968201182,0.9701962128771502
BRCA,2,4,HALLMARK_PANCREAS_BETA_CELLS,18,0.7784526565512095,0.9701962128771502
BRCA,2,4,HALLMARK_PEROXISOME,94,3.5494210676193907,0.9701962128771502
BRCA,2,4,HALLMARK_PI3K_AKT_MTOR_SIGNALING,97,2.302537978170509,0.9701962128771502
BRCA,2,4,HALLMARK_PROTEIN_SECRETION,93,6.288826154671201,0.9701962128771502
BRCA,2,4,HALLMARK_REACTIVE_OXYGEN_SPECIES_PATHWAY,45,0.4682183181709301,0.9701962128771502
BRCA,2,4,HALLMARK_SPERMATOGENESIS,75,-0.9041892116853856,0.9701962128771502
BRCA,2,4,HALLMARK_TGF_BETA_SIGNALING,52,3.012972188054107,0.9701962128771502
BRCA,2,4,HALLMARK_TNFA_SIGNALING_VIA_NFKB,195,-2.3346239979584578,0.9701962128771502
BRCA,2,4,HALLMARK_UNFOLDED_PROTEIN_RESPONSE,106,3.5969896091284044,0.9701962128771502
BRCA,2,4,HALLMARK_UV_RESPONSE_DN,137,6.164192617671248,0.9701962128771502
BRCA,2,4,HALLMARK_UV_RESPONSE_UP,145,2.731892762827518,0.9701962128771502
BRCA,2,4,HALLMARK_WNT_BETA_CATENIN_SIGNALING,40,-1.3063043776152474,0.9701962128771502
BRCA,2,4,HALLMARK_XENOBIOTIC_METABOLISM,158,3.890287185068489,0.9701962128771502
BRCA,2,5,HALLMARK_ADIPOGENESIS,186,0.3125204020091644,0.9934623608774116
BRCA,2,5,HALLMARK_ALLOGRAFT_REJECTION,174,3.1492640597027357,0.9934623608774116
BRCA,2,5,HALLMARK_ANDROGEN_RESPONSE,94,4.0931580546234505,0.9934623608774116
BRCA,2,5,HALLMARK_ANGIOGENESIS,31,13.735993452660397,0.9934623608774116
BRCA,2,5,HALLMARK_APICAL_JUNCTION,166,7.20815418610599,0.9934623608774116
BRCA,2,5,HALLMARK_APICAL_SURFACE,36,2.33296054234716,0.9934623608774116
BRCA,2,5,HALLMARK_APOPTOSIS,154,6.464813736415034,0.9934623608774116
BRCA,2,5,HALLMARK_BILE_ACID_METABOLISM,89,-0.768522450571283,0.9934623608774116
BRCA,2,5,HALLMARK_CHOLESTEROL_HOMEOSTASIS,69,3.8224586218230665,0.9934623608774116
BRCA,2,5,HALLMARK_COAGULATION,104,16.257413656143783,0.9934623608774116
BRCA,2,5,HALLMARK_COMPLEMENT,175,6.56871258267305,0.9934623608774116
BRCA,2,5,HALLMARK_DNA_REPAIR,145,-0.7803459877918875,0.9934623608774116
BRCA,2,5,HALLMARK_E2F_TARGETS,192,-4.789252689155005,0.9934623608774116
BRCA,2,5,HALLMARK_EPITHELIAL_MESENCHYMAL_TRANSITION,190,38.75060013037967,0.9934623608774116
BRCA,2,5,HALLMARK_ESTROGEN_RESPONSE_EARLY,189,-1.3043424944678084,0.9934623608774116
BRCA,2,5,HALLMARK_ESTROGEN_RESPONSE_LATE,180,-1.1859879817994343,0.9934623608774116
BRCA,2,5,HALLMARK_FATTY_ACID_METABOLISM,139,1.5317708183445402,0.9934623608774116
BRCA,2,5,HALLMARK_G2M_CHECKPOINT,186,-3.539820972076091,0.9934623608774116
BRCA,2,5,HALLMARK_GLYCOLYSIS,178,6.170213117060339,0.9934623608774116
BRCA,2,5,HALLMARK_HEDGEHOG_SIGNALING,30,1.9610399868703248,0.9934623608774116
BRCA,2,5,HALLMARK_HEME_METABOLISM,161,-0.6291227317704619,0.9934623608774116
BRCA,2,5,HALLMARK_HYPOXIA,175,7.1690558264802995,0.9934623608774116
BRCA,2,5,HALLMARK_IL2_STAT5_SIGNALING,187,4.04140411884882,0.9934623608774116
BRCA,2,5,HALLMARK_IL6_JAK_STAT3_SIGNALING,80,0.10617016312291207,0.9934623608774116
BRCA,2,5,HALLMARK_INFLAMMATORY_RESPONSE,181,3.6648898081896166,0.9934623608774116
BRCA,2,5,HALLMARK_INTERFERON_ALPHA_RESPONSE,95,7.1047958693091235,0.9934623608774116
BRCA,2,5,HALLMARK_INTERFERON_GAMMA_RESPONSE,194,6.503916859705841,0.9934623608774116
BRCA,2,5,HALLMARK_KRAS_SIGNALING_DN,104,-0.7342551555611966,0.9934623608774116
BRCA,2,5,HALLMARK_KRAS_SIGNALING_UP,174,5.57102882064181,0.9934623608774116
BRCA,2,5,HALLMARK_MITOTIC_SPINDLE,197,-1.1493801435287452,0.9934623608774116
BRCA,2,5,HALLMARK_MTORC1_SIGNALING,194,4.183026842819298,0.9934623608774116
BRCA,2,5,HALLMARK_MYC_TARGETS_V1,182,-1.1359224793664404,0.9934623608774116
BRCA,2,5,HALLMARK_MYC_TARGETS_V2,57,-2.2877470037002436,0.9934623608774116
BRCA,2,5,HALLMARK_MYOGENESIS,158,9.868069482778578,0.9934623608774116
BRCA,2,5,HALLMARK_NOTCH_SIGNALING,32,0.5909235863797243,0.9934623608774116
BRCA,2,5,HALLMARK_OXIDATIVE_PHOSPHORYLATION,184,0.8273302437588279,0.9934623608774116
BRCA,2,5,HALLMARK_P53_PATHWAY,185,1.9246967658578573,0.9934623608774116
BRCA,2,5,HALLMARK_PANCREAS_BETA_CELLS,18,1.260548386398067,0.9934623608774116
BRCA,2,5,HALLMARK_PEROXISOME,94,0.47102464796118027,0.9934623608774116
BRCA,2,5,HALLMARK_PI3K_AKT_MTOR_SIGNALING,97,1.6123457608496883,0.9934623608774116
BRCA,2,5,HALLMARK_PROTEIN_SECRETION,93,2.359252767211622,0.9934623608774116
BRCA,2,5,HALLMARK_REACTIVE_OXYGEN_SPECIES_PATHWAY,45,0.7678317052233236,0.9934623608774116
BRCA,2,5,HALLMARK_SPERMATOGENESIS,75,-1.3259738493583602,0.9934623608774116
BRCA,2,5,HALLMARK_TGF_BETA_SIGNALING,52,3.8103507190091426,0.9934623608774116
BRCA,2,5,HALLMARK_TNFA_SIGNALING_VIA_NFKB,195,-1.4025141442164575,0.9934623608774116
BRCA,2,5,HALLMARK_UNFOLDED_PROTEIN_RESPONSE,106,0.6968994010858193,0.9934623608774116
BRCA,2,5,HALLMARK_UV_RESPONSE_DN,137,7.836302375809619,0.9934623608774116
BRCA,2,5,HALLMARK_UV_RESPONSE_UP,145,-0.03463665748091167,0.9934623608774116
BRCA,2,5,HALLMARK_WNT_BETA_CATENIN_SIGNALING,40,-1.8605625245768467,0.9934623608774116
BRCA,2,5,HALLMARK_XENOBIOTIC_METABOLISM,158,1.2577972018172232,0.9934623608774116
BRCA,2,6,HALLMARK_ADIPOGENESIS,186,-0.055659441903173366,0.9679220211758541
BRCA,2,6,HALLMARK_ALLOGRAFT_REJECTION,174,5.551827233688753,0.9679220211758541
BRCA,2,6,HALLMARK_ANDROGEN_RESPONSE,94,0.44111245846643476,0.9679220211758541
BRCA,2,6,HALLMARK_ANGIOGENESIS,31,7.393603793665868,0.9679220211758541
BRCA,2,6,HALLMARK_APICAL_JUNCTION,166,6.986638318234626,0.9679220211758541
BRCA,2,6,HALLMARK_APICAL_SURFACE,36,-0.1671687632961706,0.9679220211758541
BRCA,2,6,HALLMARK_APOPTOSIS,154,4.803913883772423,0.9679220211758541
BRCA,2,6,HALLMARK_BILE_ACID_METABOLISM,89,-1.065424676246342,0.9679220211758541
BRCA,2,6,HALLMARK_CHOLESTEROL_HOMEOSTASIS,69,-0.6551021578611484,0.9679220211758541
BRCA,2,6,HALLMARK_COAGULATION,104,6.071375954075555,0.9679220211758541
BRCA,2,6,HALLMARK_COMPLEMENT,175,4.204789425274425,0.9679220211758541
BRCA,2,6,HALLMARK_DNA_REPAIR,145,-4.685783606139835,0.9679220211758541
BRCA,2,6,HALLMARK_E2F_TARGETS,192,7.0551010208220974,0.9679220211758541
BRCA,2,6,HALLMARK_EPITHELIAL_MESENCHYMAL_TRANSITION,190,18.192588656464235,0.9679220211758541
BRCA,2,6,HALLMARK_ESTROGEN_RESPONSE_EARLY,189,-2.234915350295797,0.9679220211758541
BRCA,2,6,HALLMARK_ESTROGEN_RESPONSE_LATE,180,-2.4489038031755337,0.9679220211758541
BRCA,2,6,HALLMARK_FATTY_ACID_METABOLISM,139,-3.258975124119902,0.9679220211758541
BRCA,2,6,HALLMARK_G2M_CHECKPOINT,186,7.523287176060453,0.9679220211758541
BRCA,2,6,HALLMARK_GLYCOLYSIS,178,-0.8448554121469868,0.9679220211758541
BRCA,2,6,HALLMARK_HEDGEHOG_SIGNALING,30,2.6516919151727834,0.9679220211758541
BRCA,2,6,HALLMARK_HEME_METABOLISM,161,1.2474780180708902,0.9679220211758541
BRCA,2,6,HALLMARK_HYPOXIA,175,7.496416497362301,0.9679220211758541
BRCA,2,6,HALLMARK_IL2_STAT5_SIGNALING,187,4.784402161600212,0.9679220211758541
BRCA,2,6,HALLMARK_IL6_JAK_STAT3_SIGNALING,80,5.520760105378731,0.9679220211758541
BRCA,2,6,HALLMARK_INFLAMMATORY_RESPONSE,181,5.011765169300044,0.9679220211758541
BRCA,2,6,HALLMARK_INTERFERON_ALPHA_RESPONSE,95,-5.371949818269737,0.9679220211758541
BRCA,2,6,HALLMARK_INTERFERON_GAMMA_RESPONSE,194,-0.7386324844075062,0.9679220211758541
BRCA,2,6,HALLMARK_KRAS_SIGNALING_DN,104,0.12175424068816018,0.9679220211758541
BRCA,2,6,HALLMARK_KRAS_SIGNALING_UP,174,7.989500991585911,0.9679220211758541
BRCA,2,6,HALLMARK_MITOTIC_SPINDLE,197,8.870543621536722,0.9679220211758541
BRCA,2,6,HALLMARK_MTORC1_SIGNALING,194,1.1557619177500318,0.9679220211758541
BRCA,2,6,HALLMARK_MYC_TARGETS_V1,182,2.31954599891246,0.9679220211758541
BRCA,2,6,HALLMARK_MYC_TARGETS_V2,57,-0.7085628315322415,0.9679220211758541
BRCA,2,6,HALLMARK_MYOGENESIS,158,4.962102677237895,0.9679220211758541
BRCA,2,6,HALLMARK_NOTCH_SIGNALING,32,1.9909914336600276,0.9679220211758541
BRCA,2,6,HALLMARK_OXIDATIVE_PHOSPHORYLATION,184,-8.53882874562648,0.9679220211758541
BRCA,2,6,HALLMARK_P53_PATHWAY,185,2.6385771745603703,0.9679220211758541
BRCA,2,6,HALLMARK_PANCREAS_BETA_CELLS,18,-0.08367386780269315,0.9679220211758541
BRCA,2,6,HALLMARK_PEROXISOME,94,-2.292986369562426,0.9679220211758541
BRCA,2,6,HALLMARK_PI3K_AKT_MTOR_SIGNALING,97,1.1043240256808948,0.9679220211758541
BRCA,2,6,HALLMARK_PROTEIN_SECRETION,93,2.0081220095314736,0.9679220211758541
BRCA,2,6,HALLMARK_REACTIVE_OXYGEN_SPECIES_PATHWAY,45,0.03845764453927672,0.9679220211758541
BRCA,2,6,HALLMARK_SPERMATOGENESIS,75,0.5173079493332849,0.9679220211758541
BRCA,2,6,HALLMARK_TGF_BETA_SIGNALING,52,7.13469877066019,0.9679220211758541
BRCA,2,6,HALLMARK_TNFA_SIGNALING_VIA_NFKB,195,13.26178485701363,0.9679220211758541
BRCA,2,6,HALLMARK_UNFOLDED_PROTEIN_RESPONSE,106,0.9647975069444743,0.9679220211758541
BRCA,2,6,HALLMARK_UV_RESPONSE_DN,137,9.589217608826694,0.9679220211758541
BRCA,2,6,HALLMARK_UV_RESPONSE_UP,145,0.7187741507019011,0.9679220211758541
BRCA,2,6,HALLMARK_WNT_BETA_CATENIN_SIGNALING,40,2.5778800393799286,0.9679220211758541
BRCA,2,6,HALLMARK_XENOBIOTIC_METABOLISM,158,-2.468934268482835,0.9679220211758541
BRCA,2,7,HALLMARK_ADIPOGENESIS,186,3.7984768860865294,0.995739941957375
BRCA,2,7,HALLMARK_ALLOGRAFT_REJECTION,174,-9.495962991320845,0.995739941957375
BRCA,2,7,HALLMARK_ANDROGEN_RESPONSE,94,6.111172667504904,0.995739941957375
BRCA,2,7,HALLMARK_ANGIOGENESIS,31,-5.526643111710671,0.995739941957375
BRCA,2,7,HALLMARK_APICAL_JUNCTION,166,-1.325758664580031,0.995739941957375
BRCA,2,7,HALLMARK_APICAL_SURFACE,36,3.420580944610099,0.995739941957375
BRCA,2,7,HALLMARK_APOPTOSIS,154,-0.012169495116451339,0.995739941957375
BRCA,2,7,HALLMARK_BILE_ACID_METABOLISM,89,3.61403216921157,0.995739941957375
BRCA,2,7,HALLMARK_CHOLESTEROL_HOMEOSTASIS,69,3.2828730877619905,0.995739941957375
BRCA,2,7,HALLMARK_COAGULATION,104,-5.071725054807677,0.995739941957375
BRCA,2,7,HALLMARK_COMPLEMENT,175,-4.790920533359529,0.995739941957375
BRCA,2,7,HALLMARK_DNA_REPAIR,145,3.8560863583226155,0.995739941957375
BRCA,2,7,HALLMARK_E2F_TARGETS,192,-6.65373111593143,0.995739941957375
BRCA,2,7,HALLMARK_EPITHELIAL_MESENCHYMAL_TRANSITION,190,-15.13835286518144,0.995739941957375
BRCA,2,7,HALLMARK_ESTROGEN_RESPONSE_EARLY,189,17.517230004572653,0.995739941957375
BRCA,2,7,HALLMARK_ESTROGEN_RESPONSE_LATE,180,13.288497598231608,0.995739941957375
BRCA,2,7,HALLMARK_FATTY_ACID_METABOLISM,139,5.716242186413551,0.995739941957375
BRCA,2,7,HALLMARK_G2M_CHECKPOINT,186,-4.972041808028941,0.995739941957375
BRCA,2,7,HALLMARK_GLYCOLYSIS,178,4.605245471058338,0.995739941957375
BRCA,2,7,HALLMARK_HEDGEHOG_SIGNALING,30,-0.3714874816036456,0.995739941957375
BRCA,2,7,HALLMARK_HEME_METABOLISM,161,3.324434970180101,0.995739941957375
BRCA,2,7,HALLMARK_HYPOXIA,175,-1.990378415536248,0.995739941957375
BRCA,2,7,HALLMARK_IL2_STAT5_SIGNALING,187,-2.1116649749724195,0.995739941957375
BRCA,2,7,HALLMARK_IL6_JAK_STAT3_SIGNALING,80,-4.614025974109361,0.995739941957375
BRCA,2,7,HALLMARK_INFLAMMATORY_RESPONSE,181,-7.530640445412127,0.995739941957375
BRCA,2,7,HALLMARK_INTERFERON_ALPHA_RESPONSE,95,-3.4477583399012124,0.995739941957375
BRCA,2,7,HALLMARK_INTERFERON_GAMMA_RESPONSE,194,-7.450567692285065,0.995739941957375
BRCA,2,7,HALLMARK_KRAS_SIGNALING_DN,104,-0.44395366933953284,0.995739941957375
BRCA,2,7,HALLMARK_KRAS_SIGNALING_UP,174,-7.996820013527388,0.995739941957375
BRCA,2,7,HALLMARK_MITOTIC_SPINDLE,197,-1.550484129355387,0.995739941957375
BRCA,2,7,HALLMARK_MTORC1_SIGNALING,194,4.8521560764441185,0.995739941957375
BRCA,2,7,HALLMARK_MYC_TARGETS_V1,182,1.0609113002584747,0.995739941957375
BRCA,2,7,HALLMARK_MYC_TARGETS_V2,57,-0.3586579324370639,0.995739941957375
BRCA,2,7,HALLMARK_MYOGENESIS,158,-0.9669337455067645,0.995739941957375
BRCA,2,7,HALLMARK_NOTCH_SIGNALING,32,0.5380017417437244,0.995739941957375
BRCA,2,7,HALLMARK_OXIDATIVE_PHOSPHORYLATION,184,7.802678464890266,0.995739941957375
BRCA,2,7,HALLMARK_P53_PATHWAY,185,-0.10996856824803916,0.995739941957375
BRCA,2,7,HALLMARK_PANCREAS_BETA_CELLS,18,0.11404379879067125,0.995739941957375
BRCA,2,7,HALLMARK_PEROXISOME,94,5.167990497428957,0.995739941957375
BRCA,2,7,HALLMARK_PI3K_AKT_MTOR_SIGNALING,97,2.3600485510786027,0.995739941957375
BRCA,2,7,HALLMARK_PROTEIN_SECRETION,93,5.059157956170859,0.995739941957375
BRCA,2,7,HALLMARK_REACTIVE_OXYGEN_SPECIES_PATHWAY,45,0.6887615359694554,0.995739941957375
BRCA,2,7,HALLMARK_SPERMATOGENESIS,75,-0.9838399874480022,0.995739941957375
BRCA,2,7,HALLMARK_TGF_BETA_SIGNALING,52,-0.9608817523144744,0.995739941957375
BRCA,2,7,HALLMARK_TNFA_SIGNALING_VIA_NFKB,195,-7.323936263600481,0.995739941957375
BRCA,2,7,HALLMARK_UNFOLDED_PROTEIN_RESPONSE,106,3.8954913284668766,0.995739941957375
BRCA,2,7,HALLMARK_UV_RESPONSE_DN,137,-4.246811510024024,0.995739941957375
BRCA,2,7,HALLMARK_UV_RESPONSE_UP,145,1.5853528893022866,0.995739941957375
BRCA,2,7,HALLMARK_WNT_BETA_CATENIN_SIGNALING,40,-1.2328743871285457,0.995739941957375
BRCA,2,7,HALLMARK_XENOBIOTIC_METABOLISM,158,3.3788537372802776,0.995739941957375
BRCA,3,0,HALLMARK_ADIPOGENESIS,186,-0.6059850840239468,0.9979011232238324
BRCA,3,0,HALLMARK_ALLOGRAFT_REJECTION,174,-7.635900615654646,0.9979011232238324
BRCA,3,0,HALLMARK_ANDROGEN_RESPONSE,94,-0.9562858341805822,0.9979011232238324
BRCA,3,0,HALLMARK_ANGIOGENESIS,31,-12.442326811442761,0.9979011232238324
BRCA,3,0,HALLMARK_APICAL_JUNCTION,166,-8.798799871148171,0.9979011232238324
BRCA,3,0,HALLMARK_APICAL_SURFACE,36,-2.720611271164634,0.9979011232238324
BRCA,3,0,HALLMARK_APOPTOSIS,154,-9.580110023248015,0.9979011232238324
BRCA,3,0,HALLMARK_BILE_ACID_METABOLISM,89,0.8676325097755784,0.9979011232238324
BRCA,3,0,HALLMARK_CHOLESTEROL_HOMEOSTASIS,69,-1.0107838869568697,0.9979011232238324
BRCA,3,0,HALLMARK_COAGULATION,104,-17.967932941024642,0.9979011232238324
BRCA,3,0,HALLMARK_COMPLEMENT,175,-10.115164200903921,0.9979011232238324
BRCA,3,0,HALLMARK_DNA_REPAIR,145,5.311972670283267,0.9979011232238324
BRCA,3,0,HALLMARK_E2F_TARGETS,192,13.41537112335453,0.9979011232238324
BRCA,3,0,HALLMARK_EPITHELIAL_MESENCHYMAL_TRANSITION,190,-39.099009676858536,0.9979011232238324
BRCA,3,0,HALLMARK_ESTROGEN_RESPONSE_EARLY,189,-3.402577583316047,0.9979011232238324
BRCA,3,0,HALLMARK_ESTROGEN_RESPONSE_LATE,180,-2.2980674316910736,0.9979011232238324
BRCA,3,0,HALLMARK_FATTY_ACID_METABOLISM,139,-0.48213407601022984,0.9979011232238324
BRCA,3,0,HALLMARK_G2M_CHECKPOINT,186,10.648520551407687,0.9979011232238324
BRCA,3,0,HALLMARK_GLYCOLYSIS,178,0.4149238203532996,0.9979011232238324
BRCA,3,0,HALLMARK_HEDGEHOG_SIGNALING,30,-1.3203672853988446,0.9979011232238324
BRCA,3,0,HALLMARK_HEME_METABOLISM,161,1.019867849001903,0.9979011232238324
BRCA,3,0,HALLMARK_HYPOXIA,175,-6.878704209894267,0.9979011232238324
BRCA,3,0,HALLMARK_IL2_STAT5_SIGNALING,187,-5.869963374501829,0.9979011232238324
BRCA,3,0,HALLMARK_IL6_JAK_STAT3_SIGNALING,80,-4.291998133552923,0.9979011232238324
BRCA,3,0,HALLMARK_INFLAMMATORY_RESPONSE,181,-7.3564524028487694,0.9979011232238324
BRCA,3,0,HALLMARK_INTERFERON_ALPHA_RESPONSE,95,-4.155412162534106,0.9979011232238324
BRCA,3,0,HALLMARK_INTERFERON_GAMMA_RESPONSE,194,-7.041941089879537,0.9979011232238324
BRCA,3,0,HALLMARK_KRAS_SIGNALING_DN,104,-0.3311987800294682,0.9979011232238324
BRCA,3,0,HALLMARK_KRAS_SIGNALING_UP,174,-9.02246855581429,0.9979011232238324
BRCA,3,0,HALLMARK_MITOTIC_SPINDLE,197,2.607607201139287,0.9979011232238324
BRCA,3,0,HALLMARK_MTORC1_SIGNALING,194,5.030864860536682,0.9979011232238324
BRCA,3,0,HALLMARK_MYC_TARGETS_V1,182,13.229946928667298,0.9979011232238324
BRCA,3,0,HALLMARK_MYC_TARGETS_V2,57,5.403902678135186,0.9979011232238324
BRCA,3,0,HALLMARK_MYOGENESIS,158,-11.844469067525129,0.9979011232238324
BRCA,3,0,HALLMARK_NOTCH_SIGNALING,32,-0.10999027212605245,0.9979011232238324
BRCA,3,0,HALLMARK_OXIDATIVE_PHOSPHORYLATION,184,7.897292210856716,0.9979011232238324
BRCA,3,0,HALLMARK_P53_PATHWAY,185,-5.302862991238251,0.9979011232238324
BRCA,3,0,HALLMARK_PANCREAS_BETA_CELLS,18,-0.032215871517992004,0.9979011232238324
BRCA,3,0,HALLMARK_PEROXISOME,94,1.892429628898004,0.9979011232238324
BRCA,3,0,HALLMARK_PI3K_AKT_MTOR_SIGNALING,97,0.4572488645549249,0.9979011232238324
BRCA,3,0,HALLMARK_PROTEIN_SECRETION,93,2.726204909623146,0.9979011232238324
BRCA,3,0,HALLMARK_REACTIVE_OXYGEN_SPECIES_PATHWAY,45,0.18553790333614217,0.9979011232238324
BRCA,3,0,HALLMARK_SPERMATOGENESIS,75,4.128546419517799,0.9979011232238324
BRCA,3,0,HALLMARK_TGF_BETA_SIGNALING,52,-5.015605414944921,0.9979011232238324
BRCA,3,0,HALLMARK_TNFA_SIGNALING_VIA_NFKB,195,-10.76639145266064,0.9979011232238324
BRCA,3,0,HALLMARK_UNFOLDED_PROTEIN_RESPONSE,106,4.358465743283173,0.9979011232238324
BRCA,3,0,HALLMARK_UV_RESPONSE_DN,137,-10.420081079112206,0.9979011232238324
BRCA,3,0,HALLMARK_UV_RESPONSE_UP,145,0.7400458959774291,0.9979011232238324
BRCA,3,0,HALLMARK_WNT_BETA_CATENIN_SIGNALING,40,0.3573857926105552,0.9979011232238324
BRCA,3,0,HALLMARK_XENOBIOTIC_METABOLISM,158,-2.6303410791705173,0.9979011232238324
BRCA,3,1,HALLMARK_ADIPOGENESIS,186,-0.5237706090215382,0.9986140895979083
BRCA,3,1,HALLMARK_ALLOGRAFT_REJECTION,174,10.827673118794285,0.9986140895979083
BRCA,3,1,HALLMARK_ANDROGEN_RESPONSE,94,-0.4442599863671894,0.9986140895979083
BRCA,3,1,HALLMARK_ANGIOGENESIS,31,1.5467391402598696,0.9986140895979083
BRCA,3,1,HALLMARK_APICAL_JUNCTION,166,1.8098177567979914,0.9986140895979083
BRCA,3,1,HALLMARK_APICAL_SURFACE,36,1.7626735995082277,0.9986140895979083
BRCA,3,1,HALLMARK_APOPTOSIS,154,7.695001555184308,0.9986140895979083
BRCA,3,1,HALLMARK_BILE_ACID_METABOLISM,89,-0.889846271667393,0.9986140895979083
BRCA,3,1,HALLMARK_CHOLESTEROL_HOMEOSTASIS,69,-1.6868696886500953,0.9986140895979083
BRCA,3,1,HALLMARK_COAGULATION,104,6.294571469206795,0.9986140895979083
BRCA,3,1,HALLMARK_COMPLEMENT,175,6.63366669993782,0.9986140895979083
BRCA,3,1,HALLMARK_DNA_REPAIR,145,-3.2716714838628542,0.9986140895979083
BRCA,3,1,HALLMARK_E2F_TARGETS,192,-8.665698051143373,0.9986140895979083
BRCA,3,1,HALLMARK_EPITHELIAL_MESENCHYMAL_TRANSITION,190,6.3392025419560465,0.9986140895979083
BRCA,3,1,HALLMARK_ESTROGEN_RESPONSE_EARLY,189,6.782118295639361,0.9986140895979083
BRCA,3,1,HALLMARK_ESTROGEN_RESPONSE_LATE,180,5.4613196122078635,0.9986140895979083
BRCA,3,1,HALLMARK_FATTY_ACID_METABOLISM,139,0.38548295641413893,0.9986140895979083
BRCA,3,1,HALLMARK_G2M_CHECKPOINT,186,-7.760221181400741,0.9986140895979083
BRCA,3,1,HALLMARK_GLYCOLYSIS,178,-5.198813651225987,0.9986140895979083
BRCA,3,1,HALLMARK_HEDGEHOG_SIGNALING,30,-1.031941879510114,0.9986140895979083
BRCA,3,1,HALLMARK_HEME_METABOLISM,161,0.713853976373519,0.9986140895979083
BRCA,3,1,HALLMARK_HYPOXIA,175,-0.28036152778034745,0.9986140895979083
BRCA,3,1,HALLMARK_IL2_STAT5_SIGNALING,187,3.719707634633213,0.9986140895979083
BRCA,3,1,HALLMARK_IL6_JAK_STAT3_SIGNALING,80,6.586992154598283,0.9986140895979083
BRCA,3,1,HALLMARK_INFLAMMATORY_RESPONSE,181,7.347371818835249,0.9986140895979083
BRCA,3,1,HALLMARK_INTERFERON_ALPHA_RESPONSE,95,14.060645803618755,0.9986140895979083
BRCA,3,1,HALLMARK_INTERFERON_GAMMA_RESPONSE,194,14.75469903180217,0.9986140895979083
BRCA,3,1,HALLMARK_KRAS_SIGNALING_DN,104,1.9945771149253708,0.9986140895979083
BRCA,3,1,HALLMARK_KRAS_SIGNALING_UP,174,5.147270208992521,0.9986140895979083
BRCA,3,1,HALLMARK_MITOTIC_SPINDLE,197,-3.3730234237888923,0.9986140895979083
BRCA,3,1,HALLMARK_MTORC1_SIGNALING,194,-10.32601502292894,0.9986140895979083
BRCA,3,1,HALLMARK_MYC_TARGETS_V1,182,-10.647958356151788,0.9986140895979083
BRCA,3,1,HALLMARK_MYC_TARGETS_V2,57,-4.637267068833645,0.9986140895979083
BRCA,3,1,HALLMARK_MYOGENESIS,158,3.53305011340195,0.9986140895979083
BRCA,3,1,HALLMARK_NOTCH_SIGNALING,32,0.5185817107089938,0.9986140895979083
BRCA,3,1,HALLMARK_OXIDATIVE_PHOSPHORYLATION,184,-6.912013987763548,0.9986140895979083
BRCA,3,1,HALLMARK_P53_PATHWAY,185,3.080053567599442,0.9986140895979083
BRCA,3,1,HALLMARK_PANCREAS_BETA_CELLS,18,-0.010876753102260084,0.9986140895979083
BRCA,3,1,HALLMARK_PEROXISOME,94,-1.1943435007832943,0.9986140895979083
BRCA,3,1,HALLMARK_PI3K_AKT_MTOR_SIGNALING,97,-2.29380302357974,0.9986140895979083
BRCA,3,1,HALLMARK_PROTEIN_SECRETION,93,-4.120960176382614,0.9986140895979083
BRCA,3,1,HALLMARK_REACTIVE_OXYGEN_SPECIES_PATHWAY,45,-2.0506166155639898,0.9986140895979083
BRCA,3,1,HALLMARK_SPERMATOGENESIS,75,-2.8403552366445544,0.9986140895979083
BRCA,3,1,HALLMARK_TGF_BETA_SIGNALING,52,-0.24657946143318477,0.9986140895979083
BRCA,3,1,HALLMARK_TNFA_SIGNALING_VIA_NFKB,195,9.260055739508227,0.9986140895979083
BRCA,3,1,HALLMARK_UNFOLDED_PROTEIN_RESPONSE,106,-5.383796101581556,0.9986140895979083
BRCA,3,1,HALLMARK_UV_RESPONSE_DN,137,4.031595294911983,0.9986140895979083
BRCA,3,1,HALLMARK_UV_RESPONSE_UP,145,-0.7662948232470186,0.9986140895979083
BRCA,3,1,HALLMARK_WNT_BETA_CATENIN_SIGNALING,40,-0.4407656000059459,0.9986140895979083
BRCA,3,1,HALLMARK_XENOBIOTIC_METABOLISM,158,1.6033767040657432,0.9986140895979083
BRCA,3,2,HALLMARK_ADIPOGENESIS,186,4.11711491861323,0.9888263358444169
BRCA,3,2,HALLMARK_ALLOGRAFT_REJECTION,174,0.8201402628424672,0.9888263358444169
BRCA,3,2,HALLMARK_ANDROGEN_RESPONSE,94,0.6992596536930908,0.9888263358444169
BRCA,3,2,HALLMARK_ANGIOGENESIS,31,9.480724727108518,0.9888263358444169
BRCA,3,2,HALLMARK_APICAL_JUNCTION,166,6.823679926942283,0.9888263358444169
BRCA,3,2,HALLMARK_APICAL_SURFACE,36,1.9989103907833323,0.9888263358444169
BRCA,3,2,HALLMARK_APOPTOSIS,154,8.462038254323234,0.9888263358444169
BRCA,3,2,HALLMARK_BILE_ACID_METABOLISM,89,1.3437298356429606,0.9888263358444169
BRCA,3,2,HALLMARK_CHOLESTEROL_HOMEOSTASIS,69,-0.5165888305594452,0.9888263358444169
BRCA,3,2,HALLMARK_COAGULATION,104,14.376524906732836,0.9888263358444169
BRCA,3,2,HALLMARK_COMPLEMENT,175,5.130600843942958,0.9888263358444169
BRCA,3,2,HALLMARK_DNA_REPAIR,145,-3.5834993279942946,0.9888263358444169
BRCA,3,2,HALLMARK_E2F_TARGETS,192,-16.74766275334493,0.9888263358444169
BRCA,3,2,HALLMARK_EPITHELIAL_MESENCHYMAL_TRANSITION,190,26.833874441302804,0.9888263358444169
BRCA,3,2,HALLMARK_ESTROGEN_RESPONSE_EARLY,189,2.303231673601034,0.9888263358444169
BRCA,3,2,HALLMARK_ESTROGEN_RESPONSE_LATE,180,2.805384973280047,0.9888263358444169
BRCA,3,2,HALLMARK_FATTY_ACID_METABOLISM,139,1.923414859061804,0.9888263358444169
BRCA,3,2,HALLMARK_G2M_CHECKPOINT,186,-14.877809784089926,0.9888263358444169
BRCA,3,2,HALLMARK_GLYCOLYSIS,178,-2.833033000666456,0.9888263358444169
BRCA,3,2,HALLMARK_HEDGEHOG_SIGNALING,30,1.0804901016106492,0.9888263358444169
BRCA,3,2,HALLMARK_HEME_METABOLISM,161,0.5869675511430114,0.9888263358444169
BRCA,3,2,HALLMARK_HYPOXIA,175,5.143149884617415,0.9888263358444169
BRCA,3,2,HALLMARK_IL2_STAT5_SIGNALING,187,3.6951774672708764,0.9888263358444169
BRCA,3,2,HALLMARK_IL6_JAK_STAT3_SIGNALING,80,1.9803142174323596,0.9888263358444169
BRCA,3,2,HALLMARK_INFLAMMATORY_RESPONSE,181,2.578531923549866,0.9888263358444169
BRCA,3,2,HALLMARK_INTERFERON_ALPHA_RESPONSE,95,-5.851889702540327,0.9888263358444169
BRCA,3,2,HALLMARK_INTERFERON_GAMMA_RESPONSE,194,-4.1270221647246,0.9888263358444169
BRCA,3,2,HALLMARK_KRAS_SIGNALING_DN,104,1.3220638975501413,0.9888263358444169
BRCA,3,2,HALLMARK_KRAS_SIGNALING_UP,174,7.86834520285077,0.9888263358444169
BRCA,3,2,HALLMARK_MITOTIC_SPINDLE,197,-4.689678116650664,0.9888263358444169
BRCA,3,2,HALLMARK_MTORC1_SIGNALING,194,-10.295103676751694,0.9888263358444169
BRCA,3,2,HALLMARK_MYC_TARGETS_V1,182,-15.34184684509147,0.9888263358444169
BRCA,3,2,HALLMARK_MYC_TARGETS_V2,57,-6.506032705644057,0.9888263358444169
BRCA,3,2,HALLMARK_MYOGENESIS,158,13.405730716121045,0.9888263358444169
BRCA,3,2,HALLMARK_NOTCH_SIGNALING,32,0.32644298316481746,0.9888263358444169
BRCA,3,2,HALLMARK_OXIDATIVE_PHOSPHORYLATION,184,-3.804505591655172,0.9888263358444169
BRCA,3,2,HALLMARK_P53_PATHWAY,185,4.118234869662862,0.9888263358444169
BRCA,3,2,HALLMARK_PANCREAS_BETA_CELLS,18,1.0809799191597385,0.9888263358444169
BRCA,3,2,HALLMARK_PEROXISOME,94,-0.4687423820772069,0.9888263358444169
BRCA,3,2,HALLMARK_PI3K_AKT_MTOR_SIGNALING,97,-3.418375763557799,0.9888263358444169
BRCA,3,2,HALLMARK_PROTEIN_SECRETION,93,-4.31419990303333,0.9888263358444169
BRCA,3,2,HALLMARK_REACTIVE_OXYGEN_SPECIES_PATHWAY,45,-0.5600863288055169,0.9888263358444169
BRCA,3,2,HALLMARK_SPERMATOGENESIS,75,-3.1730900326191938,0.9888263358444169
BRCA,3,2,HALLMARK_TGF_BETA_SIGNALING,52,4.120023176634513,0.9888263358444169
BRCA,3,2,HALLMARK_TNFA_SIGNALING_VIA_NFKB,195,8.676411878634346,0.9888263358444169
BRCA,3,2,HALLMARK_UNFOLDED_PROTEIN_RESPONSE,106,-7.378145112199139,0.9888263358444169
BRCA,3,2,HALLMARK_UV_RESPONSE_DN,137,8.405218039230114,0.9888263358444169
BRCA,3,2,HALLMARK_UV_RESPONSE_UP,145,-0.987405123827589,0.9888263358444169
BRCA,3,2,HALLMARK_WNT_BETA_CATENIN_SIGNALING,40,0.0852858782939761,0.9888263358444169
BRCA,3,2,HALLMARK_XENOBIOTIC_METABOLISM,158,4.971619676390321,0.9888263358444169
BRCA,3,3,HALLMARK_ADIPOGENESIS,186,-2.2903875794573647,0.972012876202808
BRCA,3,3,HALLMARK_ALLOGRAFT_REJECTION,174,9.338416200116393,0.972012876202808
BRCA,3,3,HALLMARK_ANDROGEN_RESPONSE,94,-1.4314498268875973,0.972012876202808
BRCA,3,3,HALLMARK_ANGIOGENESIS,31,6.357414360553016,0.972012876202808
BRCA,3,3,HALLMARK_APICAL_JUNCTION,166,6.700297512436827,0.972012876202808
BRCA,3,3,HALLMARK_APICAL_SURFACE,36,-0.4529360338904764,0.972012876202808
BRCA,3,3,HALLMARK_APOPTOSIS,154,2.927283791521638,0.972012876202808
BRCA,3,3,HALLMARK_BILE_ACID_METABOLISM,89,-1.9219600315542553,0.972012876202808
BRCA,3,3,HALLMARK_CHOLESTEROL_HOMEOSTASIS,69,-0.922628801896747,0.972012876202808
BRCA,3,3,HALLMARK_COAGULATION,104,6.5715483861437765,0.972012876202808
BRCA,3,3,HALLMARK_COMPLEMENT,175,5.667602145281479,0.972012876202808
BRCA,3,3,HALLMARK_DNA_REPAIR,145,-5.996201265040219,0.972012876202808
BRCA,3,3,HALLMARK_E2F_TARGETS,192,5.5118344798492975,0.972012876202808
BRCA,3,3,HALLMARK_EPITHELIAL_MESENCHYMAL_TRANSITION,190,16.529546043333813,0.972012876202808
BRCA,3,3,HALLMARK_ESTROGEN_RESPONSE_EARLY,189,-6.7746635300942755,0.972012876202808
BRCA,3,3,HALLMARK_ESTROGEN_RESPONSE_LATE,180,-4.49645214266688,0.972012876202808
BRCA,3,3,HALLMARK_FATTY_ACID_METABOLISM,139,-3.953955074421464,0.972012876202808
BRCA,3,3,HALLMARK_G2M_CHECKPOINT,186,5.2654695992594105,0.972012876202808
BRCA,3,3,HALLMARK_GLYCOLYSIS,178,-2.377605491010812,0.972012876202808
BRCA,3,3,HALLMARK_HEDGEHOG_SIGNALING,30,2.409243601131164,0.972012876202808
BRCA,3,3,HALLMARK_HEME_METABOLISM,161,-0.5925539356865978,0.972012876202808
BRCA,3,3,HALLMARK_HYPOXIA,175,6.186717728723034,0.972012876202808
BRCA,3,3,HALLMARK_IL2_STAT5_SIGNALING,187,4.870244165476917,0.972012876202808
BRCA,3,3,HALLMARK_IL6_JAK_STAT3_SIGNALING,80,6.156580347108407,0.972012876202808
BRCA,3,3,HALLMARK_INFLAMMATORY_RESPONSE,181,7.214939411859956,0.972012876202808
BRCA,3,3,HALLMARK_INTERFERON_ALPHA_RESPONSE,95,-4.435013775877721,0.972012876202808
BRCA,3,3,HALLMARK_INTERFERON_GAMMA_RESPONSE,194,1.2716822110643236,0.972012876202808
BRCA,3,3,HALLMARK_KRAS_SIGNALING_DN,104,1.168522232147517,0.972012876202808
BRCA,3,3,HALLMARK_KRAS_SIGNALING_UP,174,9.4457044218367,0.972012876202808
BRCA,3,3,HALLMARK_MITOTIC_SPINDLE,197,6.03711989088216,0.972012876202808
BRCA,3,3,HALLMARK_MTORC1_SIGNALING,194,-1.9069629322320258,0.972012876202808
BRCA,3,3,HALLMARK_MYC_TARGETS_V1,182,-1.1723043933393504,0.972012876202808
BRCA,3,3,HALLMARK_MYC_TARGETS_V2,57,-1.4674261031311338,0.972012876202808
BRCA,3,3,HALLMARK_MYOGENESIS,158,3.358537671290295,0.972012876202808
BRCA,3,3,HALLMARK_NOTCH_SIGNALING,32,0.8234601596877179,0.972012876202808
BRCA,3,3,HALLMARK_OXIDATIVE_PHOSPHORYLATION,184,-10.48167408545034,0.972012876202808
BRCA,3,3,HALLMARK_P53_PATHWAY,185,2.5221655000462357,0.972012876202808
BRCA,3,3,HALLMARK_PANCREAS_BETA_CELLS,18,-0.1580808137480341,0.972012876202808
BRCA,3,3,HALLMARK_PEROXISOME,94,-3.786308426241369,0.972012876202808
BRCA,3,3,HALLMARK_PI3K_AKT_MTOR_SIGNALING,97,-0.8254820306629644,0.972012876202808
BRCA,3,3,HALLMARK_PROTEIN_SECRETION,93,-2.75585606107891,0.972012876202808
BRCA,3,3,HALLMARK_REACTIVE_OXYGEN_SPECIES_PATHWAY,45,-0.5619180053370411,0.972012876202808
BRCA,3,3,HALLMARK_SPERMATOGENESIS,75,0.7403708105648845,0.972012876202808
BRCA,3,3,HALLMARK_TGF_BETA_SIGNALING,52,5.568590903940965,0.972012876202808
BRCA,3,3,HALLMARK_TNFA_SIGNALING_VIA_NFKB,195,12.820741956351204,0.972012876202808
BRCA,3,3,HALLMARK_UNFOLDED_PROTEIN_RESPONSE,106,-2.317994084481308,0.972012876202808
BRCA,3,3,HALLMARK_UV_RESPONSE_DN,137,6.97369411206177,0.972012876202808
BRCA,3,3,HALLMARK_UV_RESPONSE_UP,145,-1.0254489116096668,0.972012876202808
BRCA,3,3,HALLMARK_WNT_BETA_CATENIN_SIGNALING,40,1.8761442931628731,0.972012876202808
BRCA,3,3,HALLMARK_XENOBIOTIC_METABOLISM,158,-2.938178500070933,0.972012876202808
BRCA,3,4,HALLMARK_ADIPOGENESIS,186,-0.6359501249417442,0.9290113471550283
BRCA,3,4,HALLMARK_ALLOGRAFT_REJECTION,174,-8.70536389376677,0.9290113471550283
BRCA,3,4,HALLMARK_ANDROGEN_RESPONSE,94,1.4143008838721856,0.9290113471550283
BRCA,3,4,HALLMARK_ANGIOGENESIS,31,8.02183730744026,0.9290113471550283
BRCA,3,4,HALLMARK_APICAL_JUNCTION,166,6.860459421395426,0.9290113471550283
BRCA,3,4,HALLMARK_APICAL_SURFACE,36,1.7941381055035153,0.9290113471550283
BRCA,3,4,HALLMARK_APOPTOSIS,154,0.7376860750894126,0.9290113471550283
BRCA,3,4,HALLMARK_BILE_ACID_METABOLISM,89,-1.3981909133203674,0.9290113471550283
BRCA,3,4,HALLMARK_CHOLESTEROL_HOMEOSTASIS,69,2.5737251894882953,0.9290113471550283
BRCA,3,4,HALLMARK_COAGULATION,104,4.950054730677076,0.9290113471550283
BRCA,3,4,HALLMARK_COMPLEMENT,175,-3.6301676068985507,0.9290113471550283
BRCA,3,4,HALLMARK_DNA_REPAIR,145,3.765662556408749,0.9290113471550283
BRCA,3,4,HALLMARK_E2F_TARGETS,192,14.742919364542539,0.9290113471550283
BRCA,3,4,HALLMARK_EPITHELIAL_MESENCHYMAL_TRANSITION,190,23.392177535527207,0.9290113471550283
BRCA,3,4,HALLMARK_ESTROGEN_RESPONSE_EARLY,189,-1.2026463687693993,0.9290113471550283
BRCA,3,4,HALLMARK_ESTROGEN_RESPONSE_LATE,180,1.45114331468023,0.9290113471550283
BRCA,3,4,HALLMARK_FATTY_ACID_METABOLISM,139,0.40775813105848185,0.9290113471550283
BRCA,3,4,HALLMARK_G2M_CHECKPOINT,186,13.384216162691343,0.9290113471550283
BRCA,3,4,HALLMARK_GLYCOLYSIS,178,7.087789850437023,0.9290113471550283
BRCA,3,4,HALLMARK_HEDGEHOG_SIGNALING,30,2.4392818786637522,0.9290113471550283
BRCA,3,4,HALLMARK_HEME_METABOLISM,161,-2.000754620552108,0.9290113471550283
BRCA,3,4,HALLMARK_HYPOXIA,175,4.800696272445165,0.9290113471550283
BRCA,3,4,HALLMARK_IL2_STAT5_SIGNALING,187,-2.2356764428555502,0.9290113471550283
BRCA,3,4,HALLMARK_IL6_JAK_STAT3_SIGNALING,80,-5.414111742275441,0.9290113471550283
BRCA,3,4,HALLMARK_INFLAMMATORY_RESPONSE,181,-7.629261678702326,0.9290113471550283
BRCA,3,4,HALLMARK_INTERFERON_ALPHA_RESPONSE,95,-24.203657502792243,0.9290113471550283
BRCA,3,4,HALLMARK_INTERFERON_GAMMA_RESPONSE,194,-23.353167785158426,0.9290113471550283
BRCA,3,4,HALLMARK_KRAS_SIGNALING_DN,104,-1.6412673239527504,0.9290113471550283
BRCA,3,4,HALLMARK_KRAS_SIGNALING_UP,174,0.3151133060325994,0.9290113471550283
BRCA,3,4,HALLMARK_MITOTIC_SPINDLE,197,6.313041553690339,0.9290113471550283
BRCA,3,4,HALLMARK_MTORC1_SIGNALING,194,9.708305879089172,0.9290113471550283
BRCA,3,4,HALLMARK_MYC_TARGETS_V1,182,13.917284737510263,0.9290113471550283
BRCA,3,4,HALLMARK_MYC_TARGETS_V2,57,2.493256190354831,0.9290113471550283
BRCA,3,4,HALLMARK_MYOGENESIS,158,4.8887553537853705,0.9290113471550283
BRCA,3,4,HALLMARK_NOTCH_SIGNALING,32,1.9878731765346263,0.9290113471550283
BRCA,3,4,HALLMARK_OXIDATIVE_PHOSPHORYLATION,184,3.1895784783527903,0.9290113471550283
BRCA,3,4,HALLMARK_P53_PATHWAY,185,-1.0172133467709172,0.9290113471550283
BRCA,3,4,HALLMARK_PANCREAS_BETA_CELLS,18,1.0188510069987509,0.9290113471550283
BRCA,3,4,HALLMARK_PEROXISOME,94,-0.04557516887821976,0.9290113471550283
BRCA,3,4,HALLMARK_PI3K_AKT_MTOR_SIGNALING,97,3.9486362091590417,0.9290113471550283
BRCA,3,4,HALLMARK_PROTEIN_SECRETION,93,3.9239173486589545,0.9290113471550283
BRCA,3,4,HALLMARK_REACTIVE_OXYGEN_SPECIES_PATHWAY,45,2.3968972010755905,0.9290113471550283
BRCA,3,4,HALLMARK_SPERMATOGENESIS,75,2.4164338985947116,0.9290113471550283
BRCA,3,4,HALLMARK_TGF_BETA_SIGNALING,52,4.927935621829864,0.9290113471550283
BRCA,3,4,HALLMARK_TNFA_SIGNALING_VIA_NFKB,195,-7.018316477140934,0.9290113471550283
BRCA,3,4,HALLMARK_UNFOLDED_PROTEIN_RESPONSE,106,3.5677199535711033,0.9290113471550283
BRCA,3,4,HALLMARK_UV_RESPONSE_DN,137,3.7157357725966316,0.9290113471550283
BRCA,3,4,HALLMARK_UV_RESPONSE_UP,145,0.3313390188283294,0.9290113471550283
BRCA,3,4,HALLMARK_WNT_BETA_CATENIN_SIGNALING,40,0.7819501425731766,0.9290113471550283
BRCA,3,4,HALLMARK_XENOBIOTIC_METABOLISM,158,-0.9420464174738904,0.9290113471550283
BRCA,3,5,HALLMARK_ADIPOGENESIS,186,1.00869212469646,0.9960876328867057
BRCA,3,5,HALLMARK_ALLOGRAFT_REJECTION,174,-0.6171254368204929,0.9960876328867057
BRCA,3,5,HALLMARK_ANDROGEN_RESPONSE,94,6.459338976472466,0.9960876328867057
BRCA,3,5,HALLMARK_ANGIOGENESIS,31,12.730634084494122,0.9960876328867057
BRCA,3,5,HALLMARK_APICAL_JUNCTION,166,5.730914775989762,0.9960876328867057
BRCA,3,5,HALLMARK_APICAL_SURFACE,36,2.702266712053563,0.9960876328867057
BRCA,3,5,HALLMARK_APOPTOSIS,154,5.19873991491647,0.9960876328867057
BRCA,3,5,HALLMARK_BILE_ACID_METABOLISM,89,0.7487184833723823,0.9960876328867057
BRCA,3,5,HALLMARK_CHOLESTEROL_HOMEOSTASIS,69,5.20885698890134,0.9960876328867057
BRCA,3,5,HALLMARK_COAGULATION,104,14.227538100380654,0.9960876328867057
BRCA,3,5,HALLMARK_COMPLEMENT,175,6.032217575632076,0.9960876328867057
BRCA,3,5,HALLMARK_DNA_REPAIR,145,0.18905972107967095,0.9960876328867057
BRCA,3,5,HALLMARK_E2F_TARGETS,192,-3.927361674212256,0.9960876328867057
BRCA,3,5,HALLMARK_EPITHELIAL_MESENCHYMAL_TRANSITION,190,32.7986334196872,0.9960876328867057
BRCA,3,5,HALLMARK_ESTROGEN_RESPONSE_EARLY,189,3.233995906267487,0.9960876328867057
BRCA,3,5,HALLMARK_ESTROGEN_RESPONSE_LATE,180,2.2722703422359287,0.9960876328867057
BRCA,3,5,HALLMARK_FATTY_ACID_METABOLISM,139,3.980850582223938,0.9960876328867057
BRCA,3,5,HALLMARK_G2M_CHECKPOINT,186,-2.520195432644388,0.9960876328867057
BRCA,3,5,HALLMARK_GLYCOLYSIS,178,7.987949806322483,0.9960876328867057
BRCA,3,5,HALLMARK_HEDGEHOG_SIGNALING,30,1.4447292846396487,0.9960876328867057
BRCA,3,5,HALLMARK_HEME_METABOLISM,161,0.6178221982589823,0.9960876328867057
BRCA,3,5,HALLMARK_HYPOXIA,175,4.778258378890342,0.9960876328867057
BRCA,3,5,HALLMARK_IL2_STAT5_SIGNALING,187,2.645472160981471,0.9960876328867057
BRCA,3,5,HALLMARK_IL6_JAK_STAT3_SIGNALING,80,-1.1246820812905702,0.9960876328867057
BRCA,3,5,HALLMARK_INFLAMMATORY_RESPONSE,181,1.1010184778610559,0.9960876328867057
BRCA,3,5,HALLMARK_INTERFERON_ALPHA_RESPONSE,95,3.5461168814374737,0.9960876328867057
BRCA,3,5,HALLMARK_INTERFERON_GAMMA_RESPONSE,194,2.3752635347138216,0.9960876328867057
BRCA,3,5,HALLMARK_KRAS_SIGNALING_DN,104,-2.502807496876105,0.9960876328867057
BRCA,3,5,HALLMARK_KRAS_SIGNALING_UP,174,3.2985830560392535,0.9960876328867057
BRCA,3,5,HALLMARK_MITOTIC_SPINDLE,197,-0.9747378815881061,0.9960876328867057
BRCA,3,5,HALLMARK_MTORC1_SIGNALING,194,8.095733797134828,0.9960876328867057
BRCA,3,5,HALLMARK_MYC_TARGETS_V1,182,0.3399764708158479,0.9960876328867057
BRCA,3,5,HALLMARK_MYC_TARGETS_V2,57,-1.230980492168239,0.9960876328867057
BRCA,3,5,HALLMARK_MYOGENESIS,158,7.6660458708062515,0.9960876328867057
BRCA,3,5,HALLMARK_NOTCH_SIGNALING,32,0.5382823342281317,0.9960876328867057
BRCA,3,5,HALLMARK_OXIDATIVE_PHOSPHORYLATION,184,2.363040748214367,0.9960876328867057
BRCA,3,5,HALLMARK_P53_PATHWAY,185,1.0130911187923466,0.9960876328867057
BRCA,3,5,HALLMARK_PANCREAS_BETA_CELLS,18,0.8502685456515708,0.9960876328867057
BRCA,3,5,HALLMARK_PEROXISOME,94,1.8653555483814992,0.9960876328867057
BRCA,3,5,HALLMARK_PI3K_AKT_MTOR_SIGNALING,97,2.8767368599795526,0.9960876328867057
BRCA,3,5,HALLMARK_PROTEIN_SECRETION,93,4.915045139137028,0.9960876328867057
BRCA,3,5,HALLMARK_REACTIVE_OXYGEN_SPECIES_PATHWAY,45,1.1497912367366898,0.9960876328867057
BRCA,3,5,HALLMARK_SPERMATOGENESIS,75,-1.4814748718224475,0.9960876328867057
BRCA,3,5,HALLMARK_TGF_BETA_SIGNALING,52,2.727328519558444,0.9960876328867057
BRCA,3,5,HALLMARK_TNFA_SIGNALING_VIA_NFKB,195,-4.870810751450833,0.9960876328867057
BRCA,3,5,HALLMARK_UNFOLDED_PROTEIN_RESPONSE,106,2.4729479827547807,0.9960876328867057
BRCA,3,5,HALLMARK_UV_RESPONSE_DN,137,6.118726799742895,0.9960876328867057
BRCA,3,5,HALLMARK_UV_RESPONSE_UP,145,0.37899367666991585,0.9960876328867057
BRCA,3,5,HALLMARK_WNT_BETA_CATENIN_SIGNALING,40,-1.6140176100913668,0.9960876328867057
BRCA,3,5,HALLMARK_XENOBIOTIC_METABOLISM,158,2.0028128809565153,0.9960876328867057
BRCA,3,6,HALLMARK_ADIPOGENESIS,186,8.781389484238252,0.9743741811942392
BRCA,3,6,HALLMARK_ALLOGRAFT_REJECTION,174,-2.7077924086361214,0.9743741811942392
BRCA,3,6,HALLMARK_ANDROGEN_RESPONSE,94,4.02014848936491,0.9743741811942392
BRCA,3,6,HALLMARK_ANGIOGENESIS,31,4.414806667349747,0.9743741811942392
BRCA,3,6,HALLMARK_APICAL_JUNCTION,166,5.2142775071867185,0.9743741811942392
BRCA,3,6,HALLMARK_APICAL_SURFACE,36,1.2337619495907763,0.9743741811942392
BRCA,3,6,HALLMARK_APOPTOSIS,154,7.281959255617136,0.9743741811942392
BRCA,3,6,HALLMARK_BILE_ACID_METABOLISM,89,2.3725557944053155,0.9743741811942392
BRCA,3,6,HALLMARK_CHOLESTEROL_HOMEOSTASIS,69,1.5005657866351627,0.9743741811942392
BRCA,3,6,HALLMARK_COAGULATION,104,7.744983269168061,0.9743741811942392
BRCA,3,6,HALLMARK_COMPLEMENT,175,1.5701442199564926,0.9743741811942392
BRCA,3,6,HALLMARK_DNA_REPAIR,145,-1.598492888746024,0.9743741811942392
BRCA,3,6,HALLMARK_E2F_TARGETS,192,-13.354837546703376,0.9743741811942392
BRCA,3,6,HALLMARK_EPITHELIAL_MESENCHYMAL_TRANSITION,190,11.562400459692496,0.9743741811942392
BRCA,3,6,HALLMARK_ESTROGEN_RESPONSE_EARLY,189,2.8919872605532664,0.9743741811942392
BRCA,3,6,HALLMARK_ESTROGEN_RESPONSE_LATE,180,3.652293394579204,0.9743741811942392
BRCA,3,6,HALLMARK_FATTY_ACID_METABOLISM,139,5.034457343322986,0.9743741811942392
BRCA,3,6,HALLMARK_G2M_CHECKPOINT,186,-12.29632969715858,0.9743741811942392
BRCA,3,6,HALLMARK_GLYCOLYSIS,178,-1.6279113642908978,0.9743741811942392
BRCA,3,6,HALLMARK_HEDGEHOG_SIGNALING,30,0.6145715887905114,0.9743741811942392
BRCA,3,6,HALLMARK_HEME_METABOLISM,161,1.4217982732553374,0.9743741811942392
BRCA,3,6,HALLMARK_HYPOXIA,175,9.063096875661175,0.9743741811942392
BRCA,3,6,HALLMARK_IL2_STAT5_SIGNALING,187,3.140715251290047,0.9743741811942392
BRCA,3,6,HALLMARK_IL6_JAK_STAT3_SIGNALING,80,1.0252966539557498,0.9743741811942392
BRCA,3,6,HALLMARK_INFLAMMATORY_RESPONSE,181,-0.436523536568584,0.9743741811942392
BRCA,3,6,HALLMARK_INTERFERON_ALPHA_RESPONSE,95,-15.060763322060696,0.9743741811942392
BRCA,3,6,HALLMARK_INTERFERON_GAMMA_RESPONSE,194,-12.22480696402633,0.9743741811942392
BRCA,3,6,HALLMARK_KRAS_SIGNALING_DN,104,2.8496383363579563,0.9743741811942392
BRCA,3,6,HALLMARK_KRAS_SIGNALING_UP,174,6.227268422522068,0.9743741811942392
BRCA,3,6,HALLMARK_MITOTIC_SPINDLE,197,-5.590669098367008,0.9743741811942392
BRCA,3,6,HALLMARK_MTORC1_SIGNALING,194,-5.739599686411257,0.9743741811942392
BRCA,3,6,HALLMARK_MYC_TARGETS_V1,182,-3.880438135775437,0.9743741811942392
BRCA,3,6,HALLMARK_MYC_TARGETS_V2,57,-1.3929767156359323,0.9743741811942392
BRCA,3,6,HALLMARK_MYOGENESIS,158,10.932065840954168,0.9743741811942392
BRCA,3,6,HALLMARK_NOTCH_SIGNALING,32,0.865469014524102,0.9743741811942392
BRCA,3,6,HALLMARK_OXIDATIVE_PHOSPHORYLATION,184,5.506671625217867,0.9743741811942392
BRCA,3,6,HALLMARK_P53_PATHWAY,185,8.370667935597425,0.9743741811942392
BRCA,3,6,HALLMARK_PANCREAS_BETA_CELLS,18,1.290737543811361,0.9743741811942392
BRCA,3,6,HALLMARK_PEROXISOME,94,2.2811650047875505,0.9743741811942392
BRCA,3,6,HALLMARK_PI3K_AKT_MTOR_SIGNALING,97,-2.857993269636447,0.9743741811942392
BRCA,3,6,HALLMARK_PROTEIN_SECRETION,93,-2.7344968351997596,0.9743741811942392
BRCA,3,6,HALLMARK_REACTIVE_OXYGEN_SPECIES_PATHWAY,45,2.303387695154312,0.9743741811942392
BRCA,3,6,HALLMARK_SPERMATOGENESIS,75,-2.1665738784834203,0.9743741811942392
BRCA,3,6,HALLMARK_TGF_BETA_SIGNALING,52,3.994228187734549,0.9743741811942392
BRCA,3,6,HALLMARK_TNFA_SIGNALING_VIA_NFKB,195,12.64557483318295,0.9743741811942392
BRCA,3,6,HALLMARK_UNFOLDED_PROTEIN_RESPONSE,106,-3.3635480009308374,0.9743741811942392
BRCA,3,6,HALLMARK_UV_RESPONSE_DN,137,5.750037255295951,0.9743741811942392
BRCA,3,6,HALLMARK_UV_RESPONSE_UP,145,1.5294659788066165,0.9743741811942392
BRCA,3,6,HALLMARK_WNT_BETA_CATENIN_SIGNALING,40,1.3662785274788243,0.9743741811942392
BRCA,3,6,HALLMARK_XENOBIOTIC_METABOLISM,158,5.700130556812742,0.9743741811942392
BRCA,3,7,HALLMARK_ADIPOGENESIS,186,2.399056492565913,0.9792598772226824
BRCA,3,7,HALLMARK_ALLOGRAFT_REJECTION,174,-6.98540901234983,0.9792598772226824
BRCA,3,7,HALLMARK_ANDROGEN_RESPONSE,94,4.211307820116531,0.9792598772226824
BRCA,3,7,HALLMARK_ANGIOGENESIS,31,-6.015898712119131,0.9792598772226824
BRCA,3,7,HALLMARK_APICAL_JUNCTION,166,-1.2173554092052183,0.9792598772226824
BRCA,3,7,HALLMARK_APICAL_SURFACE,36,1.813483932704221,0.9792598772226824
BRCA,3,7,HALLMARK_APOPTOSIS,154,-3.7283738806289692,0.9792598772226824
BRCA,3,7,HALLMARK_BILE_ACID_METABOLISM,89,1.5607708346428255,0.9792598772226824
BRCA,3,7,HALLMARK_CHOLESTEROL_HOMEOSTASIS,69,4.320725399068074,0.9792598772226824
BRCA,3,7,HALLMARK_COAGULATION,104,-6.944859024290656,0.9792598772226824
BRCA,3,7,HALLMARK_COMPLEMENT,175,-5.93670293911529,0.9792598772226824
BRCA,3,7,HALLMARK_DNA_REPAIR,145,5.106010585042531,0.9792598772226824
BRCA,3,7,HALLMARK_E2F_TARGETS,192,10.829963270687951,0.9792598772226824
BRCA,3,7,HALLMARK_EPITHELIAL_MESENCHYMAL_TRANSITION,190,-14.40001326821662,0.9792598772226824
BRCA,3,7,HALLMARK_ESTROGEN_RESPONSE_EARLY,189,12.782872917363166,0.9792598772226824
BRCA,3,7,HALLMARK_ESTROGEN_RESPONSE_LATE,180,7.418591285066149,0.9792598772226824
BRCA,3,7,HALLMARK_FATTY_ACID_METABOLISM,139,4.101125205050591,0.9792598772226824
BRCA,3,7,HALLMARK_G2M_CHECKPOINT,186,9.23755069607389,0.9792598772226824
BRCA,3,7,HALLMARK_GLYCOLYSIS,178,5.248680280702211,0.9792598772226824
BRCA,3,7,HALLMARK_HEDGEHOG_SIGNALING,30,-0.006811427338268956,0.9792598772226824
BRCA,3,7,HALLMARK_HEME_METABOLISM,161,0.5569252842737855,0.9792598772226824
BRCA,3,7,HALLMARK_HYPOXIA,175,-2.3819852344891,0.9792598772226824
BRCA,3,7,HALLMARK_IL2_STAT5_SIGNALING,187,-2.620236959861698,0.9792598772226824
BRCA,3,7,HALLMARK_IL6_JAK_STAT3_SIGNALING,80,-3.9773839825933344,0.9792598772226824
BRCA,3,7,HALLMARK_INFLAMMATORY_RESPONSE,181,-6.383744373466232,0.9792598772226824
BRCA,3,7,HALLMARK_INTERFERON_ALPHA_RESPONSE,95,-5.703064654664952,0.9792598772226824
BRCA,3,7,HALLMARK_INTERFERON_GAMMA_RESPONSE,194,-8.423807896640694,0.9792598772226824
BRCA,3,7,HALLMARK_KRAS_SIGNALING_DN,104,-2.2986457687451707,0.9792598772226824
BRCA,3,7,HALLMARK_KRAS_SIGNALING_UP,174,-9.968851942832252,0.9792598772226824
BRCA,3,7,HALLMARK_MITOTIC_SPINDLE,197,4.083032707973964,0.9792598772226824
BRCA,3,7,HALLMARK_MTORC1_SIGNALING,194,12.267072004627455,0.9792598772226824
BRCA,3,7,HALLMARK_MYC_TARGETS_V1,182,18.479733004976698,0.9792598772226824
BRCA,3,7,HALLMARK_MYC_TARGETS_V2,57,8.081967602628577,0.9792598772226824
BRCA,3,7,HALLMARK_MYOGENESIS,158,-4.647143650622432,0.9792598772226824
BRCA,3,7,HALLMARK_NOTCH_SIGNALING,32,-0.6154465768069743,0.9792598772226824
BRCA,3,7,HALLMARK_OXIDATIVE_PHOSPHORYLATION,184,8.773559318413087,0.9792598772226824
BRCA,3,7,HALLMARK_P53_PATHWAY,185,-3.6124429787329513,0.9792598772226824
BRCA,3,7,HALLMARK_PANCREAS_BETA_CELLS,18,-0.27461494506987255,0.9792598772226824
BRCA,3,7,HALLMARK_PEROXISOME,94,4.482036489650092,0.9792598772226824
BRCA,3,7,HALLMARK_PI3K_AKT_MTOR_SIGNALING,97,3.168452295721706,0.9792598772226824
BRCA,3,7,HALLMARK_PROTEIN_SECRETION,93,5.554911538050209,0.9792598772226824
BRCA,3,7,HALLMARK_REACTIVE_OXYGEN_SPECIES_PATHWAY,45,1.0581459874835635,0.9792598772226824
BRCA,3,7,HALLMARK_SPERMATOGENESIS,75,1.4226751486183962,0.9792598772226824
BRCA,3,7,HALLMARK_TGF_BETA_SIGNALING,52,-2.351363601399376,0.9792598772226824
BRCA,3,7,HALLMARK_TNFA_SIGNALING_VIA_NFKB,195,-10.184642821419429,0.9792598772226824
BRCA,3,7,HALLMARK_UNFOLDED_PROTEIN_RESPONSE,106,10.191987719473838,0.9792598772226824
BRCA,3,7,HALLMARK_UV_RESPONSE_DN,137,-5.835899906846994,0.9792598772226824
BRCA,3,7,HALLMARK_UV_RESPONSE_UP,145,2.3113271187131215,0.9792598772226824
BRCA,3,7,HALLMARK_WNT_BETA_CATENIN_SIGNALING,40,0.11770079009776241,0.9792598772226824
BRCA,3,7,HALLMARK_XENOBIOTIC_METABOLISM,158,-0.37506298536773175,0.9792598772226824
