fold,split,slide,patient,sample
0,test,TCGA-A3-3308-01A_796_TS,TCGA-A3-3308,TCGA-A3-3308-01A
0,test,TCGA-A3-3308-01A_975_TS,TCGA-A3-3308,TCGA-A3-3308-01A
0,test,TCGA-A3-3308-01A_977_TS,TCGA-A3-3308,TCGA-A3-3308-01A
0,test,TCGA-A3-3346-01A_143_TS,TCGA-A3-3346,TCGA-A3-3346-01A
0,test,TCGA-A3-3346-01A_501_TS,TCGA-A3-3346,TCGA-A3-3346-01A
0,test,TCGA-A3-3347-01A_251_TS,TCGA-A3-3347,TCGA-A3-3347-01A
0,test,TCGA-A3-3347-01A_850_TS,TCGA-A3-3347,TCGA-A3-3347-01A
0,test,TCGA-A3-3347-01A_851_TS,TCGA-A3-3347,TCGA-A3-3347-01A
0,test,TCGA-A3-3363-01A_261_TS,TCGA-A3-3363,TCGA-A3-3363-01A
0,test,TCGA-A3-3363-01A_487_TS,TCGA-A3-3363,TCGA-A3-3363-01A
0,test,TCGA-A3-3378-01A_341_TS,TCGA-A3-3378,TCGA-A3-3378-01A
0,test,TCGA-A3-3378-01A_342_TS,TCGA-A3-3378,TCGA-A3-3378-01A
0,test,TCGA-A3-3378-01A_983_TS,TCGA-A3-3378,TCGA-A3-3378-01A
0,test,TCGA-A3-3387-01A_1078_TS,TCGA-A3-3387,TCGA-A3-3387-01A
0,test,TCGA-A3-3387-01A_886_TS,TCGA-A3-3387,TCGA-A3-3387-01A
0,test,TCGA-A3-A6NI-01A_67_TS,TCGA-A3-A6NI,TCGA-A3-A6NI-01A
0,test,TCGA-A3-A6NL-01A_264_TS,TCGA-A3-A6NL,TCGA-A3-A6NL-01A
0,test,TCGA-A3-A8OV-01A_303_TS,TCGA-A3-A8OV,TCGA-A3-A8OV-01A
0,test,TCGA-AK-3431-01A_1033_TS,TCGA-AK-3431,TCGA-AK-3431-01A
0,test,TCGA-AK-3431-01A_852_TS,TCGA-AK-3431,TCGA-AK-3431-01A
0,test,TCGA-AK-3436-01A_43_TS,TCGA-AK-3436,TCGA-AK-3436-01A
0,test,TCGA-AK-3436-01A_741_TS,TCGA-AK-3436,TCGA-AK-3436-01A
0,test,TCGA-AK-3436-01A_928_TS,TCGA-AK-3436,TCGA-AK-3436-01A
0,test,TCGA-AK-3455-01A_178_TS,TCGA-AK-3455,TCGA-AK-3455-01A
0,test,TCGA-AK-3455-01A_179_TS,TCGA-AK-3455,TCGA-AK-3455-01A
0,test,TCGA-B0-4690-01A_941_TS,TCGA-B0-4690,TCGA-B0-4690-01A
0,test,TCGA-B0-4690-01A_943_TS,TCGA-B0-4690,TCGA-B0-4690-01A
0,test,TCGA-B0-4697-01A_469_TS,TCGA-B0-4697,TCGA-B0-4697-01A
0,test,TCGA-B0-4697-01A_845_TS,TCGA-B0-4697,TCGA-B0-4697-01A
0,test,TCGA-B0-4701-01A_135_TS,TCGA-B0-4701,TCGA-B0-4701-01A
0,test,TCGA-B0-4701-01A_490_TS,TCGA-B0-4701,TCGA-B0-4701-01A
0,test,TCGA-B0-4810-01A_117_TS,TCGA-B0-4810,TCGA-B0-4810-01A
0,test,TCGA-B0-4810-01A_479_TS,TCGA-B0-4810,TCGA-B0-4810-01A
0,test,TCGA-B0-4818-01A_218_TS,TCGA-B0-4818,TCGA-B0-4818-01A
0,test,TCGA-B0-4818-01A_228_TS,TCGA-B0-4818,TCGA-B0-4818-01A
0,test,TCGA-B0-4836-01A_344_TS,TCGA-B0-4836,TCGA-B0-4836-01A
0,test,TCGA-B0-4836-01A_345_TS,TCGA-B0-4836,TCGA-B0-4836-01A
0,test,TCGA-B0-4849-01A_1074_TS,TCGA-B0-4849,TCGA-B0-4849-01A
0,test,TCGA-B0-4849-01A_509_TS,TCGA-B0-4849,TCGA-B0-4849-01A
0,test,TCGA-B0-5096-01A_804_TS,TCGA-B0-5096,TCGA-B0-5096-01A
0,test,TCGA-B0-5096-01A_986_TS,TCGA-B0-5096,TCGA-B0-5096-01A
0,test,TCGA-B0-5108-01A_448_TS,TCGA-B0-5108,TCGA-B0-5108-01A
0,test,TCGA-B0-5108-01A_942_TS,TCGA-B0-5108,TCGA-B0-5108-01A
0,test,TCGA-B0-5115-01A_124_TS,TCGA-B0-5115,TCGA-B0-5115-01A
0,test,TCGA-B0-5115-01A_858_TS,TCGA-B0-5115,TCGA-B0-5115-01A
0,test,TCGA-B0-5400-01A_1055_TS,TCGA-B0-5400,TCGA-B0-5400-01A
0,test,TCGA-B0-5400-01A_413_TS,TCGA-B0-5400,TCGA-B0-5400-01A
0,test,TCGA-B0-5692-01A_808_TS,TCGA-B0-5692,TCGA-B0-5692-01A
0,test,TCGA-B0-5692-01A_988_TS,TCGA-B0-5692,TCGA-B0-5692-01A
0,test,TCGA-B0-5697-01A_663_TS,TCGA-B0-5697,TCGA-B0-5697-01A
0,test,TCGA-B0-5697-01A_664_TS,TCGA-B0-5697,TCGA-B0-5697-01A
0,test,TCGA-B0-5701-01A_154_TS,TCGA-B0-5701,TCGA-B0-5701-01A
0,test,TCGA-B0-5701-01A_157_TS,TCGA-B0-5701,TCGA-B0-5701-01A
0,test,TCGA-B0-5707-01A_1013_TS,TCGA-B0-5707,TCGA-B0-5707-01A
0,test,TCGA-B0-5707-01A_840_TS,TCGA-B0-5707,TCGA-B0-5707-01A
0,test,TCGA-B0-5712-01A_207_TS,TCGA-B0-5712,TCGA-B0-5712-01A
0,test,TCGA-B0-5712-01A_775_TS,TCGA-B0-5712,TCGA-B0-5712-01A
0,test,TCGA-B2-4099-01A_474_TS,TCGA-B2-4099,TCGA-B2-4099-01A
0,test,TCGA-B2-4099-01A_841_TS,TCGA-B2-4099,TCGA-B2-4099-01A
0,test,TCGA-B2-5639-01A_916_TS,TCGA-B2-5639,TCGA-B2-5639-01A
0,test,TCGA-B2-5639-01A_917_TS,TCGA-B2-5639,TCGA-B2-5639-01A
0,test,TCGA-B2-A4SR-01A_548_TS,TCGA-B2-A4SR,TCGA-B2-A4SR-01A
0,test,TCGA-B4-5832-01A_415_TS,TCGA-B4-5832,TCGA-B4-5832-01A
0,test,TCGA-B4-5832-01A_873_TS,TCGA-B4-5832,TCGA-B4-5832-01A
0,test,TCGA-B4-5838-01A_411_TS,TCGA-B4-5838,TCGA-B4-5838-01A
0,test,TCGA-B4-5838-01A_488_TS,TCGA-B4-5838,TCGA-B4-5838-01A
0,test,TCGA-B8-4146-01B_614_TS,TCGA-B8-4146,TCGA-B8-4146-01B
0,test,TCGA-B8-4146-01B_615_TS,TCGA-B8-4146,TCGA-B8-4146-01B
0,test,TCGA-B8-4148-01A_20_TS,TCGA-B8-4148,TCGA-B8-4148-01A
0,test,TCGA-B8-4148-01A_726_TS,TCGA-B8-4148,TCGA-B8-4148-01A
0,test,TCGA-B8-4148-01A_918_TS,TCGA-B8-4148,TCGA-B8-4148-01A
0,test,TCGA-B8-5159-01A_160_TS,TCGA-B8-5159,TCGA-B8-5159-01A
0,test,TCGA-B8-5159-01A_890_TS,TCGA-B8-5159,TCGA-B8-5159-01A
0,test,TCGA-B8-5165-01A_190_TS,TCGA-B8-5165,TCGA-B8-5165-01A
0,test,TCGA-B8-5165-01A_755_TS,TCGA-B8-5165,TCGA-B8-5165-01A
0,test,TCGA-B8-5550-01A_133_TS,TCGA-B8-5550,TCGA-B8-5550-01A
0,test,TCGA-B8-5550-01A_266_TS,TCGA-B8-5550,TCGA-B8-5550-01A
0,test,TCGA-B8-A54I-01A_52_TS,TCGA-B8-A54I,TCGA-B8-A54I-01A
0,test,TCGA-B8-A8YJ-01A_453_TS,TCGA-B8-A8YJ,TCGA-B8-A8YJ-01A
0,test,TCGA-BP-4160-01A_1_TS,TCGA-BP-4160,TCGA-BP-4160-01A
0,test,TCGA-BP-4160-01A_906_TS,TCGA-BP-4160,TCGA-BP-4160-01A
0,test,TCGA-BP-4164-01A_933_TS,TCGA-BP-4164,TCGA-BP-4164-01A
0,test,TCGA-BP-4164-01A_934_TS,TCGA-BP-4164,TCGA-BP-4164-01A
0,test,TCGA-BP-4164-01A_937_TS,TCGA-BP-4164,TCGA-BP-4164-01A
0,test,TCGA-BP-4174-01A_192_TS,TCGA-BP-4174,TCGA-BP-4174-01A
0,test,TCGA-BP-4174-01A_760_TS,TCGA-BP-4174,TCGA-BP-4174-01A
0,test,TCGA-BP-4330-01A_554_TS,TCGA-BP-4330,TCGA-BP-4330-01A
0,test,TCGA-BP-4330-01A_555_TS,TCGA-BP-4330,TCGA-BP-4330-01A
0,test,TCGA-BP-4343-01A_371_TS,TCGA-BP-4343,TCGA-BP-4343-01A
0,test,TCGA-BP-4343-01A_824_TS,TCGA-BP-4343,TCGA-BP-4343-01A
0,test,TCGA-BP-4760-01A_11_TS,TCGA-BP-4760,TCGA-BP-4760-01A
0,test,TCGA-BP-4760-01A_722_TS,TCGA-BP-4760,TCGA-BP-4760-01A
0,test,TCGA-BP-4765-01A_220_TS,TCGA-BP-4765,TCGA-BP-4765-01A
0,test,TCGA-BP-4765-01A_357_TS,TCGA-BP-4765,TCGA-BP-4765-01A
0,test,TCGA-BP-4775-01A_897_TS,TCGA-BP-4775,TCGA-BP-4775-01A
0,test,TCGA-BP-4775-01A_898_TS,TCGA-BP-4775,TCGA-BP-4775-01A
0,test,TCGA-BP-4787-01A_1043_TS,TCGA-BP-4787,TCGA-BP-4787-01A
0,test,TCGA-BP-4787-01A_864_TS,TCGA-BP-4787,TCGA-BP-4787-01A
0,test,TCGA-BP-4801-01A_594_TS,TCGA-BP-4801,TCGA-BP-4801-01A
0,test,TCGA-BP-4801-01A_595_TS,TCGA-BP-4801,TCGA-BP-4801-01A
0,test,TCGA-BP-4970-01A_570_TS,TCGA-BP-4970,TCGA-BP-4970-01A
0,test,TCGA-BP-4970-01A_571_TS,TCGA-BP-4970,TCGA-BP-4970-01A
0,test,TCGA-BP-4982-01A_366_TS,TCGA-BP-4982,TCGA-BP-4982-01A
0,test,TCGA-BP-4982-01A_819_TS,TCGA-BP-4982,TCGA-BP-4982-01A
0,test,TCGA-BP-5004-01A_331_TS,TCGA-BP-5004,TCGA-BP-5004-01A
0,test,TCGA-BP-5004-01A_788_TS,TCGA-BP-5004,TCGA-BP-5004-01A
0,test,TCGA-BP-5173-01A_600_TS,TCGA-BP-5173,TCGA-BP-5173-01A
0,test,TCGA-BP-5173-01A_601_TS,TCGA-BP-5173,TCGA-BP-5173-01A
0,test,TCGA-BP-5186-01A_1030_TS,TCGA-BP-5186,TCGA-BP-5186-01A
0,test,TCGA-BP-5186-01A_394_TS,TCGA-BP-5186,TCGA-BP-5186-01A
0,test,TCGA-BP-5195-01A_183_TS,TCGA-BP-5195,TCGA-BP-5195-01A
0,test,TCGA-BP-5195-01A_456_TS,TCGA-BP-5195,TCGA-BP-5195-01A
0,test,TCGA-BP-5202-01A_586_TS,TCGA-BP-5202,TCGA-BP-5202-01A
0,test,TCGA-BP-5202-01A_587_TS,TCGA-BP-5202,TCGA-BP-5202-01A
0,test,TCGA-CJ-4640-01A_335_TS,TCGA-CJ-4640,TCGA-CJ-4640-01A
0,test,TCGA-CJ-4640-01A_797_TS,TCGA-CJ-4640,TCGA-CJ-4640-01A
0,test,TCGA-CJ-4640-01A_798_TS,TCGA-CJ-4640,TCGA-CJ-4640-01A
0,test,TCGA-CJ-4644-01A_293_TS,TCGA-CJ-4644,TCGA-CJ-4644-01A
0,test,TCGA-CJ-4644-01A_423_TS,TCGA-CJ-4644,TCGA-CJ-4644-01A
0,test,TCGA-CJ-4644-01A_519_TS,TCGA-CJ-4644,TCGA-CJ-4644-01A
0,test,TCGA-CJ-4870-01A_1063_TS,TCGA-CJ-4870,TCGA-CJ-4870-01A
0,test,TCGA-CJ-4870-01A_492_TS,TCGA-CJ-4870,TCGA-CJ-4870-01A
0,test,TCGA-CJ-4878-01A_1053_TS,TCGA-CJ-4878,TCGA-CJ-4878-01A
0,test,TCGA-CJ-4878-01A_269_TS,TCGA-CJ-4878,TCGA-CJ-4878-01A
0,test,TCGA-CJ-4889-01A_545_TS,TCGA-CJ-4889,TCGA-CJ-4889-01A
0,test,TCGA-CJ-4889-01A_546_TS,TCGA-CJ-4889,TCGA-CJ-4889-01A
0,test,TCGA-CJ-4894-01A_723_TS,TCGA-CJ-4894,TCGA-CJ-4894-01A
0,test,TCGA-CJ-4894-01A_724_TS,TCGA-CJ-4894,TCGA-CJ-4894-01A
0,test,TCGA-CJ-4902-01A_219_TS,TCGA-CJ-4902,TCGA-CJ-4902-01A
0,test,TCGA-CJ-4902-01A_359_TS,TCGA-CJ-4902,TCGA-CJ-4902-01A
0,test,TCGA-CJ-4908-01A_308_TS,TCGA-CJ-4908,TCGA-CJ-4908-01A
0,test,TCGA-CJ-4908-01A_763_TS,TCGA-CJ-4908,TCGA-CJ-4908-01A
0,test,TCGA-CJ-5675-01A_620_TS,TCGA-CJ-5675,TCGA-CJ-5675-01A
0,test,TCGA-CJ-5675-01A_621_TS,TCGA-CJ-5675,TCGA-CJ-5675-01A
0,test,TCGA-CJ-5681-01A_241_TS,TCGA-CJ-5681,TCGA-CJ-5681-01A
0,test,TCGA-CJ-5681-01A_384_TS,TCGA-CJ-5681,TCGA-CJ-5681-01A
0,test,TCGA-CJ-5686-01A_233_TS,TCGA-CJ-5686,TCGA-CJ-5686-01A
0,test,TCGA-CJ-5686-01A_234_TS,TCGA-CJ-5686,TCGA-CJ-5686-01A
0,test,TCGA-CJ-6032-01A_564_TS,TCGA-CJ-6032,TCGA-CJ-6032-01A
0,test,TCGA-CJ-6032-01A_565_TS,TCGA-CJ-6032,TCGA-CJ-6032-01A
0,test,TCGA-CW-5585-01A_464_TS,TCGA-CW-5585,TCGA-CW-5585-01A
0,test,TCGA-CW-5585-01A_835_TS,TCGA-CW-5585,TCGA-CW-5585-01A
0,test,TCGA-CW-5590-01A_521_TS,TCGA-CW-5590,TCGA-CW-5590-01A
0,test,TCGA-CW-5590-01A_891_TS,TCGA-CW-5590,TCGA-CW-5590-01A
0,test,TCGA-CW-6090-01A_1047_TS,TCGA-CW-6090,TCGA-CW-6090-01A
0,test,TCGA-CW-6090-01A_486_TS,TCGA-CW-6090,TCGA-CW-6090-01A
0,test,TCGA-CZ-4857-01A_637_TS,TCGA-CZ-4857,TCGA-CZ-4857-01A
0,test,TCGA-CZ-4857-01A_638_TS,TCGA-CZ-4857,TCGA-CZ-4857-01A
0,test,TCGA-CZ-4861-01A_893_TS,TCGA-CZ-4861,TCGA-CZ-4861-01A
0,test,TCGA-CZ-4861-01A_894_TS,TCGA-CZ-4861,TCGA-CZ-4861-01A
0,test,TCGA-CZ-4865-01A_172_TS,TCGA-CZ-4865,TCGA-CZ-4865-01A
0,test,TCGA-CZ-4865-01A_443_TS,TCGA-CZ-4865,TCGA-CZ-4865-01A
0,test,TCGA-CZ-5454-01A_53_TS,TCGA-CZ-5454,TCGA-CZ-5454-01A
0,test,TCGA-CZ-5454-01A_974_TS,TCGA-CZ-5454,TCGA-CZ-5454-01A
0,test,TCGA-CZ-5458-01A_353_TS,TCGA-CZ-5458,TCGA-CZ-5458-01A
0,test,TCGA-CZ-5458-01A_811_TS,TCGA-CZ-5458,TCGA-CZ-5458-01A
0,test,TCGA-CZ-5459-01A_80_TS,TCGA-CZ-5459,TCGA-CZ-5459-01A
0,test,TCGA-CZ-5465-01A_783_TS,TCGA-CZ-5465,TCGA-CZ-5465-01A
0,test,TCGA-CZ-5465-01A_973_TS,TCGA-CZ-5465,TCGA-CZ-5465-01A
0,test,TCGA-CZ-5469-01A_761_TS,TCGA-CZ-5469,TCGA-CZ-5469-01A
0,test,TCGA-CZ-5469-01A_954_TS,TCGA-CZ-5469,TCGA-CZ-5469-01A
0,test,TCGA-CZ-5985-01A_457_TS,TCGA-CZ-5985,TCGA-CZ-5985-01A
0,test,TCGA-CZ-5985-01A_957_TS,TCGA-CZ-5985,TCGA-CZ-5985-01A
0,test,TCGA-DV-5567-01A_164_TS,TCGA-DV-5567,TCGA-DV-5567-01A
0,test,TCGA-DV-5567-01A_19_TS,TCGA-DV-5567,TCGA-DV-5567-01A
0,test,TCGA-DV-5574-01A_436_TS,TCGA-DV-5574,TCGA-DV-5574-01A
0,test,TCGA-DV-5574-01A_437_TS,TCGA-DV-5574,TCGA-DV-5574-01A
0,test,TCGA-EU-5905-01A_116_TS,TCGA-EU-5905,TCGA-EU-5905-01A
0,test,TCGA-EU-5905-01A_250_TS,TCGA-EU-5905,TCGA-EU-5905-01A
0,test,TCGA-G6-A8L8-01A_825_TS,TCGA-G6-A8L8,TCGA-G6-A8L8-01A
0,test,TCGA-T7-A92I-01A_658_TS,TCGA-T7-A92I,TCGA-T7-A92I-01A
0,train,TCGA-A3-3306-01A_227_TS,TCGA-A3-3306,TCGA-A3-3306-01A
0,train,TCGA-A3-3306-01A_74_TS,TCGA-A3-3306,TCGA-A3-3306-01A
0,train,TCGA-A3-3307-01A_743_TS,TCGA-A3-3307,TCGA-A3-3307-01A
0,train,TCGA-A3-3307-01A_744_TS,TCGA-A3-3307,TCGA-A3-3307-01A
0,train,TCGA-A3-3320-01A_1048_TS,TCGA-A3-3320,TCGA-A3-3320-01A
0,train,TCGA-A3-3320-01A_127_TS,TCGA-A3-3320,TCGA-A3-3320-01A
0,train,TCGA-A3-3320-01A_409_TS,TCGA-A3-3320,TCGA-A3-3320-01A
0,train,TCGA-A3-3323-01A_675_TS,TCGA-A3-3323,TCGA-A3-3323-01A
0,train,TCGA-A3-3323-01A_676_TS,TCGA-A3-3323,TCGA-A3-3323-01A
0,train,TCGA-A3-3323-01A_677_TS,TCGA-A3-3323,TCGA-A3-3323-01A
0,train,TCGA-A3-3326-01A_112_TS,TCGA-A3-3326,TCGA-A3-3326-01A
0,train,TCGA-A3-3326-01A_849_TS,TCGA-A3-3326,TCGA-A3-3326-01A
0,train,TCGA-A3-3329-01A_444_TS,TCGA-A3-3329,TCGA-A3-3329-01A
0,train,TCGA-A3-3329-01A_735_TS,TCGA-A3-3329,TCGA-A3-3329-01A
0,train,TCGA-A3-3349-01A_1020_TS,TCGA-A3-3349,TCGA-A3-3349-01A
0,train,TCGA-A3-3349-01A_235_TS,TCGA-A3-3349,TCGA-A3-3349-01A
0,train,TCGA-A3-3351-01A_523_TS,TCGA-A3-3351,TCGA-A3-3351-01A
0,train,TCGA-A3-3351-01A_524_TS,TCGA-A3-3351,TCGA-A3-3351-01A
0,train,TCGA-A3-3351-01A_525_TS,TCGA-A3-3351,TCGA-A3-3351-01A
0,train,TCGA-A3-3352-01A_245_TS,TCGA-A3-3352,TCGA-A3-3352-01A
0,train,TCGA-A3-3352-01A_477_TS,TCGA-A3-3352,TCGA-A3-3352-01A
0,train,TCGA-A3-3362-01A_609_TS,TCGA-A3-3362,TCGA-A3-3362-01A
0,train,TCGA-A3-3362-01A_610_TS,TCGA-A3-3362,TCGA-A3-3362-01A
0,train,TCGA-A3-3362-01A_611_TS,TCGA-A3-3362,TCGA-A3-3362-01A
0,train,TCGA-A3-3365-01A_237_TS,TCGA-A3-3365,TCGA-A3-3365-01A
0,train,TCGA-A3-3365-01A_465_TS,TCGA-A3-3365,TCGA-A3-3365-01A
0,train,TCGA-A3-3376-01A_47_TS,TCGA-A3-3376,TCGA-A3-3376-01A
0,train,TCGA-A3-3376-01A_945_TS,TCGA-A3-3376,TCGA-A3-3376-01A
0,train,TCGA-A3-3382-01A_187_TS,TCGA-A3-3382,TCGA-A3-3382-01A
0,train,TCGA-A3-3382-01A_188_TS,TCGA-A3-3382,TCGA-A3-3382-01A
0,train,TCGA-A3-3382-01A_300_TS,TCGA-A3-3382,TCGA-A3-3382-01A
0,train,TCGA-A3-3383-01A_126_TS,TCGA-A3-3383,TCGA-A3-3383-01A
0,train,TCGA-A3-3383-01A_408_TS,TCGA-A3-3383,TCGA-A3-3383-01A
0,train,TCGA-A3-3383-01A_484_TS,TCGA-A3-3383,TCGA-A3-3383-01A
0,train,TCGA-A3-A6NN-01A_1010_TS,TCGA-A3-A6NN,TCGA-A3-A6NN-01A
0,train,TCGA-A3-A8CQ-01A_517_TS,TCGA-A3-A8CQ,TCGA-A3-A8CQ-01A
0,train,TCGA-A3-A8OW-01A_194_TS,TCGA-A3-A8OW,TCGA-A3-A8OW-01A
0,train,TCGA-A3-A8OX-01A_1003_TS,TCGA-A3-A8OX,TCGA-A3-A8OX-01A
0,train,TCGA-AK-3425-01A_713_TS,TCGA-AK-3425,TCGA-AK-3425-01A
0,train,TCGA-AK-3425-01A_902_TS,TCGA-AK-3425,TCGA-AK-3425-01A
0,train,TCGA-AK-3427-01A_742_TS,TCGA-AK-3427,TCGA-AK-3427-01A
0,train,TCGA-AK-3427-01A_929_TS,TCGA-AK-3427,TCGA-AK-3427-01A
0,train,TCGA-AK-3444-01A_467_TS,TCGA-AK-3444,TCGA-AK-3444-01A
0,train,TCGA-AK-3444-01A_468_TS,TCGA-AK-3444,TCGA-AK-3444-01A
0,train,TCGA-AK-3444-01A_94_TS,TCGA-AK-3444,TCGA-AK-3444-01A
0,train,TCGA-AK-3445-01A_568_TS,TCGA-AK-3445,TCGA-AK-3445-01A
0,train,TCGA-AK-3445-01A_569_TS,TCGA-AK-3445,TCGA-AK-3445-01A
0,train,TCGA-AK-3450-01A_41_TS,TCGA-AK-3450,TCGA-AK-3450-01A
0,train,TCGA-AK-3450-01A_42_TS,TCGA-AK-3450,TCGA-AK-3450-01A
0,train,TCGA-AK-3461-01A_385_TS,TCGA-AK-3461,TCGA-AK-3461-01A
0,train,TCGA-AK-3461-01A_97_TS,TCGA-AK-3461,TCGA-AK-3461-01A
0,train,TCGA-AS-3778-01A_875_TS,TCGA-AS-3778,TCGA-AS-3778-01A
0,train,TCGA-AS-3778-01A_876_TS,TCGA-AS-3778,TCGA-AS-3778-01A
0,train,TCGA-B0-4693-01A_659_TS,TCGA-B0-4693,TCGA-B0-4693-01A
0,train,TCGA-B0-4693-01A_660_TS,TCGA-B0-4693,TCGA-B0-4693-01A
0,train,TCGA-B0-4694-01A_1019_TS,TCGA-B0-4694,TCGA-B0-4694-01A
0,train,TCGA-B0-4694-01A_88_TS,TCGA-B0-4694,TCGA-B0-4694-01A
0,train,TCGA-B0-4698-01A_66_TS,TCGA-B0-4698,TCGA-B0-4698-01A
0,train,TCGA-B0-4698-01A_815_TS,TCGA-B0-4698,TCGA-B0-4698-01A
0,train,TCGA-B0-4699-01A_562_TS,TCGA-B0-4699,TCGA-B0-4699-01A
0,train,TCGA-B0-4699-01A_563_TS,TCGA-B0-4699,TCGA-B0-4699-01A
0,train,TCGA-B0-4703-01A_639_TS,TCGA-B0-4703,TCGA-B0-4703-01A
0,train,TCGA-B0-4703-01A_640_TS,TCGA-B0-4703,TCGA-B0-4703-01A
0,train,TCGA-B0-4710-01A_1045_TS,TCGA-B0-4710,TCGA-B0-4710-01A
0,train,TCGA-B0-4710-01A_862_TS,TCGA-B0-4710,TCGA-B0-4710-01A
0,train,TCGA-B0-4814-01A_1035_TS,TCGA-B0-4814,TCGA-B0-4814-01A
0,train,TCGA-B0-4814-01A_480_TS,TCGA-B0-4814,TCGA-B0-4814-01A
0,train,TCGA-B0-4815-01A_714_TS,TCGA-B0-4815,TCGA-B0-4815-01A
0,train,TCGA-B0-4815-01A_715_TS,TCGA-B0-4815,TCGA-B0-4815-01A
0,train,TCGA-B0-4821-01A_206_TS,TCGA-B0-4821,TCGA-B0-4821-01A
0,train,TCGA-B0-4821-01A_316_TS,TCGA-B0-4821,TCGA-B0-4821-01A
0,train,TCGA-B0-4823-01A_352_TS,TCGA-B0-4823,TCGA-B0-4823-01A
0,train,TCGA-B0-4823-01A_64_TS,TCGA-B0-4823,TCGA-B0-4823-01A
0,train,TCGA-B0-4844-01A_360_TS,TCGA-B0-4844,TCGA-B0-4844-01A
0,train,TCGA-B0-4844-01A_70_TS,TCGA-B0-4844,TCGA-B0-4844-01A
0,train,TCGA-B0-4846-01A_647_TS,TCGA-B0-4846,TCGA-B0-4846-01A
0,train,TCGA-B0-4846-01A_648_TS,TCGA-B0-4846,TCGA-B0-4846-01A
0,train,TCGA-B0-5080-01A_368_TS,TCGA-B0-5080,TCGA-B0-5080-01A
0,train,TCGA-B0-5080-01A_821_TS,TCGA-B0-5080,TCGA-B0-5080-01A
0,train,TCGA-B0-5094-01A_145_TS,TCGA-B0-5094,TCGA-B0-5094-01A
0,train,TCGA-B0-5094-01A_504_TS,TCGA-B0-5094,TCGA-B0-5094-01A
0,train,TCGA-B0-5097-01A_1015_TS,TCGA-B0-5097,TCGA-B0-5097-01A
0,train,TCGA-B0-5097-01A_85_TS,TCGA-B0-5097,TCGA-B0-5097-01A
0,train,TCGA-B0-5100-01A_1073_TS,TCGA-B0-5100,TCGA-B0-5100-01A
0,train,TCGA-B0-5100-01A_156_TS,TCGA-B0-5100,TCGA-B0-5100-01A
0,train,TCGA-B0-5109-01A_309_TS,TCGA-B0-5109,TCGA-B0-5109-01A
0,train,TCGA-B0-5109-01A_310_TS,TCGA-B0-5109,TCGA-B0-5109-01A
0,train,TCGA-B0-5110-01A_544_TS,TCGA-B0-5110,TCGA-B0-5110-01A
0,train,TCGA-B0-5110-01A_702_TS,TCGA-B0-5110,TCGA-B0-5110-01A
0,train,TCGA-B0-5119-01A_556_TS,TCGA-B0-5119,TCGA-B0-5119-01A
0,train,TCGA-B0-5119-01A_557_TS,TCGA-B0-5119,TCGA-B0-5119-01A
0,train,TCGA-B0-5120-01A_225_TS,TCGA-B0-5120,TCGA-B0-5120-01A
0,train,TCGA-B0-5120-01A_994_TS,TCGA-B0-5120,TCGA-B0-5120-01A
0,train,TCGA-B0-5402-01A_204_TS,TCGA-B0-5402,TCGA-B0-5402-01A
0,train,TCGA-B0-5402-01A_962_TS,TCGA-B0-5402,TCGA-B0-5402-01A
0,train,TCGA-B0-5690-01A_460_TS,TCGA-B0-5690,TCGA-B0-5690-01A
0,train,TCGA-B0-5690-01A_462_TS,TCGA-B0-5690,TCGA-B0-5690-01A
0,train,TCGA-B0-5693-01A_431_TS,TCGA-B0-5693,TCGA-B0-5693-01A
0,train,TCGA-B0-5693-01A_725_TS,TCGA-B0-5693,TCGA-B0-5693-01A
0,train,TCGA-B0-5695-01A_439_TS,TCGA-B0-5695,TCGA-B0-5695-01A
0,train,TCGA-B0-5695-01A_712_TS,TCGA-B0-5695,TCGA-B0-5695-01A
0,train,TCGA-B0-5698-01A_44_TS,TCGA-B0-5698,TCGA-B0-5698-01A
0,train,TCGA-B0-5698-01A_746_TS,TCGA-B0-5698,TCGA-B0-5698-01A
0,train,TCGA-B0-5699-01A_56_TS,TCGA-B0-5699,TCGA-B0-5699-01A
0,train,TCGA-B0-5699-01A_978_TS,TCGA-B0-5699,TCGA-B0-5699-01A
0,train,TCGA-B0-5702-01A_139_TS,TCGA-B0-5702,TCGA-B0-5702-01A
0,train,TCGA-B0-5702-01A_878_TS,TCGA-B0-5702,TCGA-B0-5702-01A
0,train,TCGA-B0-5705-01A_216_TS,TCGA-B0-5705,TCGA-B0-5705-01A
0,train,TCGA-B0-5705-01A_57_TS,TCGA-B0-5705,TCGA-B0-5705-01A
0,train,TCGA-B0-5709-01A_566_TS,TCGA-B0-5709,TCGA-B0-5709-01A
0,train,TCGA-B0-5709-01A_567_TS,TCGA-B0-5709,TCGA-B0-5709-01A
0,train,TCGA-B0-5710-01A_593_TS,TCGA-B0-5710,TCGA-B0-5710-01A
0,train,TCGA-B0-5710-01A_711_TS,TCGA-B0-5710,TCGA-B0-5710-01A
0,train,TCGA-B0-5713-01A_612_TS,TCGA-B0-5713,TCGA-B0-5713-01A
0,train,TCGA-B0-5713-01A_613_TS,TCGA-B0-5713,TCGA-B0-5713-01A
0,train,TCGA-B0-5812-01A_25_TS,TCGA-B0-5812,TCGA-B0-5812-01A
0,train,TCGA-B0-5812-01A_27_TS,TCGA-B0-5812,TCGA-B0-5812-01A
0,train,TCGA-B2-3924-01A_1037_TS,TCGA-B2-3924,TCGA-B2-3924-01A
0,train,TCGA-B2-3924-01A_856_TS,TCGA-B2-3924,TCGA-B2-3924-01A
0,train,TCGA-B2-3924-01A_857_TS,TCGA-B2-3924,TCGA-B2-3924-01A
0,train,TCGA-B2-4101-01A_624_TS,TCGA-B2-4101,TCGA-B2-4101-01A
0,train,TCGA-B2-4101-01A_625_TS,TCGA-B2-4101,TCGA-B2-4101-01A
0,train,TCGA-B2-5633-01A_776_TS,TCGA-B2-5633,TCGA-B2-5633-01A
0,train,TCGA-B2-5633-01A_780_TS,TCGA-B2-5633,TCGA-B2-5633-01A
0,train,TCGA-B2-5641-01A_709_TS,TCGA-B2-5641,TCGA-B2-5641-01A
0,train,TCGA-B2-5641-01A_710_TS,TCGA-B2-5641,TCGA-B2-5641-01A
0,train,TCGA-B4-5377-01A_626_TS,TCGA-B4-5377,TCGA-B4-5377-01A
0,train,TCGA-B4-5377-01A_627_TS,TCGA-B4-5377,TCGA-B4-5377-01A
0,train,TCGA-B4-5834-01A_181_TS,TCGA-B4-5834,TCGA-B4-5834-01A
0,train,TCGA-B4-5834-01A_451_TS,TCGA-B4-5834,TCGA-B4-5834-01A
0,train,TCGA-B4-5835-01A_1023_TS,TCGA-B4-5835,TCGA-B4-5835-01A
0,train,TCGA-B4-5835-01A_240_TS,TCGA-B4-5835,TCGA-B4-5835-01A
0,train,TCGA-B4-5843-01A_329_TS,TCGA-B4-5843,TCGA-B4-5843-01A
0,train,TCGA-B4-5843-01A_59_TS,TCGA-B4-5843,TCGA-B4-5843-01A
0,train,TCGA-B4-5844-01A_516_TS,TCGA-B4-5844,TCGA-B4-5844-01A
0,train,TCGA-B4-5844-01A_518_TS,TCGA-B4-5844,TCGA-B4-5844-01A
0,train,TCGA-B8-4151-01A_520_TS,TCGA-B8-4151,TCGA-B8-4151-01A
0,train,TCGA-B8-4151-01A_522_TS,TCGA-B8-4151,TCGA-B8-4151-01A
0,train,TCGA-B8-4154-01A_505_TS,TCGA-B8-4154,TCGA-B8-4154-01A
0,train,TCGA-B8-4154-01A_506_TS,TCGA-B8-4154,TCGA-B8-4154-01A
0,train,TCGA-B8-5162-01A_31_TS,TCGA-B8-5162,TCGA-B8-5162-01A
0,train,TCGA-B8-5162-01A_734_TS,TCGA-B8-5162,TCGA-B8-5162-01A
0,train,TCGA-B8-5163-01A_633_TS,TCGA-B8-5163,TCGA-B8-5163-01A
0,train,TCGA-B8-5163-01A_634_TS,TCGA-B8-5163,TCGA-B8-5163-01A
0,train,TCGA-B8-5545-01A_376_TS,TCGA-B8-5545,TCGA-B8-5545-01A
0,train,TCGA-B8-5545-01A_838_TS,TCGA-B8-5545,TCGA-B8-5545-01A
0,train,TCGA-B8-5546-01A_60_TS,TCGA-B8-5546,TCGA-B8-5546-01A
0,train,TCGA-B8-5546-01A_787_TS,TCGA-B8-5546,TCGA-B8-5546-01A
0,train,TCGA-B8-5551-01A_842_TS,TCGA-B8-5551,TCGA-B8-5551-01A
0,train,TCGA-B8-5551-01A_89_TS,TCGA-B8-5551,TCGA-B8-5551-01A
0,train,TCGA-B8-5552-01B_203_TS,TCGA-B8-5552,TCGA-B8-5552-01B
0,train,TCGA-B8-5552-01B_768_TS,TCGA-B8-5552,TCGA-B8-5552-01B
0,train,TCGA-B8-A54F-01A_270_TS,TCGA-B8-A54F,TCGA-B8-A54F-01A
0,train,TCGA-B8-A54G-01A_694_TS,TCGA-B8-A54G,TCGA-B8-A54G-01A
0,train,TCGA-B8-A54J-01A_81_TS,TCGA-B8-A54J,TCGA-B8-A54J-01A
0,train,TCGA-B8-A54K-01A_30_TS,TCGA-B8-A54K,TCGA-B8-A54K-01A
0,train,TCGA-BP-4161-01A_649_TS,TCGA-BP-4161,TCGA-BP-4161-01A
0,train,TCGA-BP-4161-01A_650_TS,TCGA-BP-4161,TCGA-BP-4161-01A
0,train,TCGA-BP-4161-01A_651_TS,TCGA-BP-4161,TCGA-BP-4161-01A
0,train,TCGA-BP-4162-01A_1007_TS,TCGA-BP-4162,TCGA-BP-4162-01A
0,train,TCGA-BP-4162-01A_372_TS,TCGA-BP-4162,TCGA-BP-4162-01A
0,train,TCGA-BP-4162-01A_373_TS,TCGA-BP-4162,TCGA-BP-4162-01A
0,train,TCGA-BP-4169-01A_1026_TS,TCGA-BP-4169,TCGA-BP-4169-01A
0,train,TCGA-BP-4169-01A_122_TS,TCGA-BP-4169,TCGA-BP-4169-01A
0,train,TCGA-BP-4170-01A_498_TS,TCGA-BP-4170,TCGA-BP-4170-01A
0,train,TCGA-BP-4170-01A_880_TS,TCGA-BP-4170,TCGA-BP-4170-01A
0,train,TCGA-BP-4176-01A_558_TS,TCGA-BP-4176,TCGA-BP-4176-01A
0,train,TCGA-BP-4176-01A_559_TS,TCGA-BP-4176,TCGA-BP-4176-01A
0,train,TCGA-BP-4177-01A_201_TS,TCGA-BP-4177,TCGA-BP-4177-01A
0,train,TCGA-BP-4177-01A_307_TS,TCGA-BP-4177,TCGA-BP-4177-01A
0,train,TCGA-BP-4331-01A_17_TS,TCGA-BP-4331,TCGA-BP-4331-01A
0,train,TCGA-BP-4331-01A_18_TS,TCGA-BP-4331,TCGA-BP-4331-01A
0,train,TCGA-BP-4332-01A_688_TS,TCGA-BP-4332,TCGA-BP-4332-01A
0,train,TCGA-BP-4332-01A_689_TS,TCGA-BP-4332,TCGA-BP-4332-01A
0,train,TCGA-BP-4344-01A_427_TS,TCGA-BP-4344,TCGA-BP-4344-01A
0,train,TCGA-BP-4344-01A_8_TS,TCGA-BP-4344,TCGA-BP-4344-01A
0,train,TCGA-BP-4353-01A_895_TS,TCGA-BP-4353,TCGA-BP-4353-01A
0,train,TCGA-BP-4353-01A_896_TS,TCGA-BP-4353,TCGA-BP-4353-01A
0,train,TCGA-BP-4761-01A_115_TS,TCGA-BP-4761,TCGA-BP-4761-01A
0,train,TCGA-BP-4761-01A_247_TS,TCGA-BP-4761,TCGA-BP-4761-01A
0,train,TCGA-BP-4762-01A_749_TS,TCGA-BP-4762,TCGA-BP-4762-01A
0,train,TCGA-BP-4762-01A_940_TS,TCGA-BP-4762,TCGA-BP-4762-01A
0,train,TCGA-BP-4766-01A_365_TS,TCGA-BP-4766,TCGA-BP-4766-01A
0,train,TCGA-BP-4766-01A_996_TS,TCGA-BP-4766,TCGA-BP-4766-01A
0,train,TCGA-BP-4769-01A_654_TS,TCGA-BP-4769,TCGA-BP-4769-01A
0,train,TCGA-BP-4769-01A_655_TS,TCGA-BP-4769,TCGA-BP-4769-01A
0,train,TCGA-BP-4781-01A_491_TS,TCGA-BP-4781,TCGA-BP-4781-01A
0,train,TCGA-BP-4781-01A_872_TS,TCGA-BP-4781,TCGA-BP-4781-01A
0,train,TCGA-BP-4782-01A_24_TS,TCGA-BP-4782,TCGA-BP-4782-01A
0,train,TCGA-BP-4782-01A_913_TS,TCGA-BP-4782,TCGA-BP-4782-01A
0,train,TCGA-BP-4789-01A_289_TS,TCGA-BP-4789,TCGA-BP-4789-01A
0,train,TCGA-BP-4789-01A_511_TS,TCGA-BP-4789,TCGA-BP-4789-01A
0,train,TCGA-BP-4790-01A_541_TS,TCGA-BP-4790,TCGA-BP-4790-01A
0,train,TCGA-BP-4790-01A_701_TS,TCGA-BP-4790,TCGA-BP-4790-01A
0,train,TCGA-BP-4807-01A_959_TS,TCGA-BP-4807,TCGA-BP-4807-01A
0,train,TCGA-BP-4807-01A_960_TS,TCGA-BP-4807,TCGA-BP-4807-01A
0,train,TCGA-BP-4961-01A_628_TS,TCGA-BP-4961,TCGA-BP-4961-01A
0,train,TCGA-BP-4961-01A_629_TS,TCGA-BP-4961,TCGA-BP-4961-01A
0,train,TCGA-BP-4972-01A_191_TS,TCGA-BP-4972,TCGA-BP-4972-01A
0,train,TCGA-BP-4972-01A_302_TS,TCGA-BP-4972,TCGA-BP-4972-01A
0,train,TCGA-BP-4975-01A_356_TS,TCGA-BP-4975,TCGA-BP-4975-01A
0,train,TCGA-BP-4975-01A_68_TS,TCGA-BP-4975,TCGA-BP-4975-01A
0,train,TCGA-BP-4983-01A_1050_TS,TCGA-BP-4983,TCGA-BP-4983-01A
0,train,TCGA-BP-4983-01A_263_TS,TCGA-BP-4983,TCGA-BP-4983-01A
0,train,TCGA-BP-4987-01A_578_TS,TCGA-BP-4987,TCGA-BP-4987-01A
0,train,TCGA-BP-4987-01A_579_TS,TCGA-BP-4987,TCGA-BP-4987-01A
0,train,TCGA-BP-5007-01A_321_TS,TCGA-BP-5007,TCGA-BP-5007-01A
0,train,TCGA-BP-5007-01A_55_TS,TCGA-BP-5007,TCGA-BP-5007-01A
0,train,TCGA-BP-5008-01A_583_TS,TCGA-BP-5008,TCGA-BP-5008-01A
0,train,TCGA-BP-5008-01A_892_TS,TCGA-BP-5008,TCGA-BP-5008-01A
0,train,TCGA-BP-5181-01A_40_TS,TCGA-BP-5181,TCGA-BP-5181-01A
0,train,TCGA-BP-5181-01A_740_TS,TCGA-BP-5181,TCGA-BP-5181-01A
0,train,TCGA-BP-5182-01A_243_TS,TCGA-BP-5182,TCGA-BP-5182-01A
0,train,TCGA-BP-5182-01A_476_TS,TCGA-BP-5182,TCGA-BP-5182-01A
0,train,TCGA-BP-5189-01A_720_TS,TCGA-BP-5189,TCGA-BP-5189-01A
0,train,TCGA-BP-5189-01A_910_TS,TCGA-BP-5189,TCGA-BP-5189-01A
0,train,TCGA-BP-5192-01A_1001_TS,TCGA-BP-5192,TCGA-BP-5192-01A
0,train,TCGA-BP-5192-01A_820_TS,TCGA-BP-5192,TCGA-BP-5192-01A
0,train,TCGA-BP-5196-01A_320_TS,TCGA-BP-5196,TCGA-BP-5196-01A
0,train,TCGA-BP-5196-01A_463_TS,TCGA-BP-5196,TCGA-BP-5196-01A
0,train,TCGA-BP-5198-01A_1077_TS,TCGA-BP-5198,TCGA-BP-5198-01A
0,train,TCGA-BP-5198-01A_287_TS,TCGA-BP-5198,TCGA-BP-5198-01A
0,train,TCGA-CJ-4634-01A_1066_TS,TCGA-CJ-4634,TCGA-CJ-4634-01A
0,train,TCGA-CJ-4634-01A_1067_TS,TCGA-CJ-4634,TCGA-CJ-4634-01A
0,train,TCGA-CJ-4634-01A_882_TS,TCGA-CJ-4634,TCGA-CJ-4634-01A
0,train,TCGA-CJ-4635-01A_65_TS,TCGA-CJ-4635,TCGA-CJ-4635-01A
0,train,TCGA-CJ-4635-01A_814_TS,TCGA-CJ-4635,TCGA-CJ-4635-01A
0,train,TCGA-CJ-4637-01A_140_TS,TCGA-CJ-4637,TCGA-CJ-4637-01A
0,train,TCGA-CJ-4637-01A_141_TS,TCGA-CJ-4637,TCGA-CJ-4637-01A
0,train,TCGA-CJ-4637-01A_276_TS,TCGA-CJ-4637,TCGA-CJ-4637-01A
0,train,TCGA-CJ-4641-01A_215_TS,TCGA-CJ-4641,TCGA-CJ-4641-01A
0,train,TCGA-CJ-4641-01A_217_TS,TCGA-CJ-4641,TCGA-CJ-4641-01A
0,train,TCGA-CJ-4641-01A_58_TS,TCGA-CJ-4641,TCGA-CJ-4641-01A
0,train,TCGA-CJ-4642-01B_166_TS,TCGA-CJ-4642,TCGA-CJ-4642-01B
0,train,TCGA-CJ-4642-01B_26_TS,TCGA-CJ-4642,TCGA-CJ-4642-01B
0,train,TCGA-CJ-4642-01B_728_TS,TCGA-CJ-4642,TCGA-CJ-4642-01B
0,train,TCGA-CJ-4868-01A_239_TS,TCGA-CJ-4868,TCGA-CJ-4868-01A
0,train,TCGA-CJ-4868-01A_93_TS,TCGA-CJ-4868,TCGA-CJ-4868-01A
0,train,TCGA-CJ-4871-01A_454_TS,TCGA-CJ-4871,TCGA-CJ-4871-01A
0,train,TCGA-CJ-4871-01A_946_TS,TCGA-CJ-4871,TCGA-CJ-4871-01A
0,train,TCGA-CJ-4874-01A_222_TS,TCGA-CJ-4874,TCGA-CJ-4874-01A
0,train,TCGA-CJ-4874-01A_817_TS,TCGA-CJ-4874,TCGA-CJ-4874-01A
0,train,TCGA-CJ-4881-01A_801_TS,TCGA-CJ-4881,TCGA-CJ-4881-01A
0,train,TCGA-CJ-4881-01A_982_TS,TCGA-CJ-4881,TCGA-CJ-4881-01A
0,train,TCGA-CJ-4885-01A_1017_TS,TCGA-CJ-4885,TCGA-CJ-4885-01A
0,train,TCGA-CJ-4885-01A_86_TS,TCGA-CJ-4885,TCGA-CJ-4885-01A
0,train,TCGA-CJ-4890-01A_1032_TS,TCGA-CJ-4890,TCGA-CJ-4890-01A
0,train,TCGA-CJ-4890-01A_1049_TS,TCGA-CJ-4890,TCGA-CJ-4890-01A
0,train,TCGA-CJ-4892-01A_1064_TS,TCGA-CJ-4892,TCGA-CJ-4892-01A
0,train,TCGA-CJ-4892-01A_422_TS,TCGA-CJ-4892,TCGA-CJ-4892-01A
0,train,TCGA-CJ-4895-01A_592_TS,TCGA-CJ-4895,TCGA-CJ-4895-01A
0,train,TCGA-CJ-4895-01A_708_TS,TCGA-CJ-4895,TCGA-CJ-4895-01A
0,train,TCGA-CJ-4897-01A_830_TS,TCGA-CJ-4897,TCGA-CJ-4897-01A
0,train,TCGA-CJ-4899-01A_294_TS,TCGA-CJ-4899,TCGA-CJ-4899-01A
0,train,TCGA-CJ-4899-01A_426_TS,TCGA-CJ-4899,TCGA-CJ-4899-01A
0,train,TCGA-CJ-4904-01A_32_TS,TCGA-CJ-4904,TCGA-CJ-4904-01A
0,train,TCGA-CJ-4904-01A_440_TS,TCGA-CJ-4904,TCGA-CJ-4904-01A
0,train,TCGA-CJ-4905-01A_196_TS,TCGA-CJ-4905,TCGA-CJ-4905-01A
0,train,TCGA-CJ-4905-01A_198_TS,TCGA-CJ-4905,TCGA-CJ-4905-01A
0,train,TCGA-CJ-4920-01A_1056_TS,TCGA-CJ-4920,TCGA-CJ-4920-01A
0,train,TCGA-CJ-4920-01A_414_TS,TCGA-CJ-4920,TCGA-CJ-4920-01A
0,train,TCGA-CJ-4923-01A_100_TS,TCGA-CJ-4923,TCGA-CJ-4923-01A
0,train,TCGA-CJ-4923-01A_387_TS,TCGA-CJ-4923,TCGA-CJ-4923-01A
0,train,TCGA-CJ-5677-01A_630_TS,TCGA-CJ-5677,TCGA-CJ-5677-01A
0,train,TCGA-CJ-5677-01A_631_TS,TCGA-CJ-5677,TCGA-CJ-5677-01A
0,train,TCGA-CJ-5678-01A_1060_TS,TCGA-CJ-5678,TCGA-CJ-5678-01A
0,train,TCGA-CJ-5678-01A_418_TS,TCGA-CJ-5678,TCGA-CJ-5678-01A
0,train,TCGA-CJ-5682-01A_1042_TS,TCGA-CJ-5682,TCGA-CJ-5682-01A
0,train,TCGA-CJ-5682-01A_859_TS,TCGA-CJ-5682,TCGA-CJ-5682-01A
0,train,TCGA-CJ-5683-01A_752_TS,TCGA-CJ-5683,TCGA-CJ-5683-01A
0,train,TCGA-CJ-5683-01A_944_TS,TCGA-CJ-5683,TCGA-CJ-5683-01A
0,train,TCGA-CJ-6027-01A_295_TS,TCGA-CJ-6027,TCGA-CJ-6027-01A
0,train,TCGA-CJ-6027-01A_4_TS,TCGA-CJ-6027,TCGA-CJ-6027-01A
0,train,TCGA-CJ-6028-01A_807_TS,TCGA-CJ-6028,TCGA-CJ-6028-01A
0,train,TCGA-CJ-6028-01A_987_TS,TCGA-CJ-6028,TCGA-CJ-6028-01A
0,train,TCGA-CJ-6033-01A_1038_TS,TCGA-CJ-6033,TCGA-CJ-6033-01A
0,train,TCGA-CJ-6033-01A_1040_TS,TCGA-CJ-6033,TCGA-CJ-6033-01A
0,train,TCGA-CW-5580-01A_277_TS,TCGA-CW-5580,TCGA-CW-5580-01A
0,train,TCGA-CW-5580-01A_877_TS,TCGA-CW-5580,TCGA-CW-5580-01A
0,train,TCGA-CW-5581-01A_108_TS,TCGA-CW-5581,TCGA-CW-5581-01A
0,train,TCGA-CW-5587-01A_136_TS,TCGA-CW-5587,TCGA-CW-5587-01A
0,train,TCGA-CW-5587-01A_271_TS,TCGA-CW-5587,TCGA-CW-5587-01A
0,train,TCGA-CW-5588-01A_147_TS,TCGA-CW-5588,TCGA-CW-5588-01A
0,train,TCGA-CW-5588-01A_280_TS,TCGA-CW-5588,TCGA-CW-5588-01A
0,train,TCGA-CW-5591-01A_533_TS,TCGA-CW-5591,TCGA-CW-5591-01A
0,train,TCGA-CW-5591-01A_534_TS,TCGA-CW-5591,TCGA-CW-5591-01A
0,train,TCGA-CW-6087-01A_560_TS,TCGA-CW-6087,TCGA-CW-6087-01A
0,train,TCGA-CW-6087-01A_561_TS,TCGA-CW-6087,TCGA-CW-6087-01A
0,train,TCGA-CW-6093-01A_991_TS,TCGA-CW-6093,TCGA-CW-6093-01A
0,train,TCGA-CW-6093-01A_993_TS,TCGA-CW-6093,TCGA-CW-6093-01A
0,train,TCGA-CW-6097-01A_323_TS,TCGA-CW-6097,TCGA-CW-6097-01A
0,train,TCGA-CW-6097-01A_976_TS,TCGA-CW-6097,TCGA-CW-6097-01A
0,train,TCGA-CZ-4858-01A_774_TS,TCGA-CZ-4858,TCGA-CZ-4858-01A
0,train,TCGA-CZ-4858-01A_967_TS,TCGA-CZ-4858,TCGA-CZ-4858-01A
0,train,TCGA-CZ-4859-01A_792_TS,TCGA-CZ-4859,TCGA-CZ-4859-01A
0,train,TCGA-CZ-4859-01A_793_TS,TCGA-CZ-4859,TCGA-CZ-4859-01A
0,train,TCGA-CZ-4862-01A_779_TS,TCGA-CZ-4862,TCGA-CZ-4862-01A
0,train,TCGA-CZ-4862-01A_781_TS,TCGA-CZ-4862,TCGA-CZ-4862-01A
0,train,TCGA-CZ-4863-01A_1070_TS,TCGA-CZ-4863,TCGA-CZ-4863-01A
0,train,TCGA-CZ-4863-01A_151_TS,TCGA-CZ-4863,TCGA-CZ-4863-01A
0,train,TCGA-CZ-4866-01A_965_TS,TCGA-CZ-4866,TCGA-CZ-4866-01A
0,train,TCGA-CZ-4866-01A_966_TS,TCGA-CZ-4866,TCGA-CZ-4866-01A
0,train,TCGA-CZ-5451-01A_1080_TS,TCGA-CZ-5451,TCGA-CZ-5451-01A
0,train,TCGA-CZ-5451-01A_425_TS,TCGA-CZ-5451,TCGA-CZ-5451-01A
0,train,TCGA-CZ-5455-01A_272_TS,TCGA-CZ-5455,TCGA-CZ-5455-01A
0,train,TCGA-CZ-5455-01A_419_TS,TCGA-CZ-5455,TCGA-CZ-5455-01A
0,train,TCGA-CZ-5456-01A_327_TS,TCGA-CZ-5456,TCGA-CZ-5456-01A
0,train,TCGA-CZ-5456-01A_786_TS,TCGA-CZ-5456,TCGA-CZ-5456-01A
0,train,TCGA-CZ-5461-01A_1039_TS,TCGA-CZ-5461,TCGA-CZ-5461-01A
0,train,TCGA-CZ-5461-01A_482_TS,TCGA-CZ-5461,TCGA-CZ-5461-01A
0,train,TCGA-CZ-5462-01A_343_TS,TCGA-CZ-5462,TCGA-CZ-5462-01A
0,train,TCGA-CZ-5462-01A_805_TS,TCGA-CZ-5462,TCGA-CZ-5462-01A
0,train,TCGA-CZ-5466-01A_125_TS,TCGA-CZ-5466,TCGA-CZ-5466-01A
0,train,TCGA-CZ-5466-01A_861_TS,TCGA-CZ-5466,TCGA-CZ-5466-01A
0,train,TCGA-CZ-5467-01A_584_TS,TCGA-CZ-5467,TCGA-CZ-5467-01A
0,train,TCGA-CZ-5467-01A_585_TS,TCGA-CZ-5467,TCGA-CZ-5467-01A
0,train,TCGA-CZ-5470-01A_319_TS,TCGA-CZ-5470,TCGA-CZ-5470-01A
0,train,TCGA-CZ-5470-01A_777_TS,TCGA-CZ-5470,TCGA-CZ-5470-01A
0,train,TCGA-CZ-5982-01A_1076_TS,TCGA-CZ-5982,TCGA-CZ-5982-01A
0,train,TCGA-CZ-5982-01A_510_TS,TCGA-CZ-5982,TCGA-CZ-5982-01A
0,train,TCGA-CZ-5986-01A_1068_TS,TCGA-CZ-5986,TCGA-CZ-5986-01A
0,train,TCGA-CZ-5986-01A_884_TS,TCGA-CZ-5986,TCGA-CZ-5986-01A
0,train,TCGA-CZ-5988-01A_537_TS,TCGA-CZ-5988,TCGA-CZ-5988-01A
0,train,TCGA-CZ-5988-01A_538_TS,TCGA-CZ-5988,TCGA-CZ-5988-01A
0,train,TCGA-DV-5568-01A_13_TS,TCGA-DV-5568,TCGA-DV-5568-01A
0,train,TCGA-DV-5568-01A_14_TS,TCGA-DV-5568,TCGA-DV-5568-01A
0,train,TCGA-DV-5569-01A_447_TS,TCGA-DV-5569,TCGA-DV-5569-01A
0,train,TCGA-DV-5569-01A_449_TS,TCGA-DV-5569,TCGA-DV-5569-01A
0,train,TCGA-DV-5575-01A_455_TS,TCGA-DV-5575,TCGA-DV-5575-01A
0,train,TCGA-DV-5575-01A_49_TS,TCGA-DV-5575,TCGA-DV-5575-01A
0,train,TCGA-DV-5576-01A_739_TS,TCGA-DV-5576,TCGA-DV-5576-01A
0,train,TCGA-DV-5576-01A_925_TS,TCGA-DV-5576,TCGA-DV-5576-01A
0,train,TCGA-DV-A4VZ-01A_958_TS,TCGA-DV-A4VZ,TCGA-DV-A4VZ-01A
0,train,TCGA-DV-A4W0-01A_211_TS,TCGA-DV-A4W0,TCGA-DV-A4W0-01A
0,train,TCGA-EU-5906-01A_867_TS,TCGA-EU-5906,TCGA-EU-5906-01A
0,train,TCGA-EU-5906-01A_868_TS,TCGA-EU-5906,TCGA-EU-5906-01A
0,train,TCGA-EU-5907-01A_470_TS,TCGA-EU-5907,TCGA-EU-5907-01A
0,train,TCGA-EU-5907-01A_471_TS,TCGA-EU-5907,TCGA-EU-5907-01A
0,train,TCGA-GK-A6C7-01A_84_TS,TCGA-GK-A6C7,TCGA-GK-A6C7-01A
0,train,TCGA-MM-A563-01A_785_TS,TCGA-MM-A563,TCGA-MM-A563-01A
0,val,TCGA-3Z-A93Z-01A_992_TS,TCGA-3Z-A93Z,TCGA-3Z-A93Z-01A
0,val,TCGA-A3-3325-01A_433_TS,TCGA-A3-3325,TCGA-A3-3325-01A
0,val,TCGA-A3-3325-01A_7_TS,TCGA-A3-3325,TCGA-A3-3325-01A
0,val,TCGA-A3-3331-01A_158_TS,TCGA-A3-3331,TCGA-A3-3331-01A
0,val,TCGA-A3-3331-01A_290_TS,TCGA-A3-3331,TCGA-A3-3331-01A
0,val,TCGA-A3-3331-01A_887_TS,TCGA-A3-3331,TCGA-A3-3331-01A
0,val,TCGA-A3-3343-01A_165_TS,TCGA-A3-3343,TCGA-A3-3343-01A
0,val,TCGA-A3-3343-01A_21_TS,TCGA-A3-3343,TCGA-A3-3343-01A
0,val,TCGA-A3-3359-01A_10_TS,TCGA-A3-3359,TCGA-A3-3359-01A
0,val,TCGA-A3-3359-01A_9_TS,TCGA-A3-3359,TCGA-A3-3359-01A
0,val,TCGA-A3-3372-01A_1014_TS,TCGA-A3-3372,TCGA-A3-3372-01A
0,val,TCGA-A3-3372-01A_232_TS,TCGA-A3-3372,TCGA-A3-3372-01A
0,val,TCGA-A3-3372-01A_83_TS,TCGA-A3-3372,TCGA-A3-3372-01A
0,val,TCGA-A3-3380-01A_155_TS,TCGA-A3-3380,TCGA-A3-3380-01A
0,val,TCGA-A3-3380-01A_502_TS,TCGA-A3-3380,TCGA-A3-3380-01A
0,val,TCGA-A3-A6NJ-01A_1075_TS,TCGA-A3-A6NJ,TCGA-A3-A6NJ-01A
0,val,TCGA-A3-A8OU-01A_543_TS,TCGA-A3-A8OU,TCGA-A3-A8OU-01A
0,val,TCGA-AK-3428-01A_288_TS,TCGA-AK-3428,TCGA-AK-3428-01A
0,val,TCGA-AK-3428-01A_512_TS,TCGA-AK-3428,TCGA-AK-3428-01A
0,val,TCGA-AK-3429-01A_39_TS,TCGA-AK-3429,TCGA-AK-3429-01A
0,val,TCGA-AK-3429-01A_923_TS,TCGA-AK-3429,TCGA-AK-3429-01A
0,val,TCGA-AK-3429-01A_924_TS,TCGA-AK-3429,TCGA-AK-3429-01A
0,val,TCGA-AK-3451-01A_22_TS,TCGA-AK-3451,TCGA-AK-3451-01A
0,val,TCGA-AK-3451-01A_23_TS,TCGA-AK-3451,TCGA-AK-3451-01A
0,val,TCGA-B0-4688-01A_77_TS,TCGA-B0-4688,TCGA-B0-4688-01A
0,val,TCGA-B0-4688-01A_78_TS,TCGA-B0-4688,TCGA-B0-4688-01A
0,val,TCGA-B0-4696-01A_378_TS,TCGA-B0-4696,TCGA-B0-4696-01A
0,val,TCGA-B0-4696-01A_843_TS,TCGA-B0-4696,TCGA-B0-4696-01A
0,val,TCGA-B0-4700-01A_193_TS,TCGA-B0-4700,TCGA-B0-4700-01A
0,val,TCGA-B0-4700-01A_953_TS,TCGA-B0-4700,TCGA-B0-4700-01A
0,val,TCGA-B0-4712-01A_0_TS,TCGA-B0-4712,TCGA-B0-4712-01A
0,val,TCGA-B0-4712-01A_716_TS,TCGA-B0-4712,TCGA-B0-4712-01A
0,val,TCGA-B0-4816-01A_369_TS,TCGA-B0-4816,TCGA-B0-4816-01A
0,val,TCGA-B0-4816-01A_822_TS,TCGA-B0-4816,TCGA-B0-4816-01A
0,val,TCGA-B0-4827-01A_370_TS,TCGA-B0-4827,TCGA-B0-4827-01A
0,val,TCGA-B0-4827-01A_827_TS,TCGA-B0-4827,TCGA-B0-4827-01A
0,val,TCGA-B0-4848-01A_236_TS,TCGA-B0-4848,TCGA-B0-4848-01A
0,val,TCGA-B0-4848-01A_844_TS,TCGA-B0-4848,TCGA-B0-4848-01A
0,val,TCGA-B0-5095-01A_73_TS,TCGA-B0-5095,TCGA-B0-5095-01A
0,val,TCGA-B0-5095-01A_818_TS,TCGA-B0-5095,TCGA-B0-5095-01A
0,val,TCGA-B0-5107-01A_1057_TS,TCGA-B0-5107,TCGA-B0-5107-01A
0,val,TCGA-B0-5107-01A_137_TS,TCGA-B0-5107,TCGA-B0-5107-01A
0,val,TCGA-B0-5113-01A_393_TS,TCGA-B0-5113,TCGA-B0-5113-01A
0,val,TCGA-B0-5113-01A_478_TS,TCGA-B0-5113,TCGA-B0-5113-01A
0,val,TCGA-B0-5399-01A_550_TS,TCGA-B0-5399,TCGA-B0-5399-01A
0,val,TCGA-B0-5399-01A_551_TS,TCGA-B0-5399,TCGA-B0-5399-01A
0,val,TCGA-B0-5691-01A_930_TS,TCGA-B0-5691,TCGA-B0-5691-01A
0,val,TCGA-B0-5691-01A_931_TS,TCGA-B0-5691,TCGA-B0-5691-01A
0,val,TCGA-B0-5696-01A_382_TS,TCGA-B0-5696,TCGA-B0-5696-01A
0,val,TCGA-B0-5696-01A_98_TS,TCGA-B0-5696,TCGA-B0-5696-01A
0,val,TCGA-B0-5700-01A_489_TS,TCGA-B0-5700,TCGA-B0-5700-01A
0,val,TCGA-B0-5700-01A_866_TS,TCGA-B0-5700,TCGA-B0-5700-01A
0,val,TCGA-B0-5706-01A_109_TS,TCGA-B0-5706,TCGA-B0-5706-01A
0,val,TCGA-B0-5706-01A_847_TS,TCGA-B0-5706,TCGA-B0-5706-01A
0,val,TCGA-B0-5711-01A_1069_TS,TCGA-B0-5711,TCGA-B0-5711-01A
0,val,TCGA-B0-5711-01A_281_TS,TCGA-B0-5711,TCGA-B0-5711-01A
0,val,TCGA-B2-3923-01B_1021_TS,TCGA-B2-3923,TCGA-B2-3923-01B
0,val,TCGA-B2-3923-01B_466_TS,TCGA-B2-3923,TCGA-B2-3923-01B
0,val,TCGA-B2-4102-01A_208_TS,TCGA-B2-4102,TCGA-B2-4102-01A
0,val,TCGA-B2-4102-01A_969_TS,TCGA-B2-4102,TCGA-B2-4102-01A
0,val,TCGA-B2-4102-01A_970_TS,TCGA-B2-4102,TCGA-B2-4102-01A
0,val,TCGA-B2-5635-01A_450_TS,TCGA-B2-5635,TCGA-B2-5635-01A
0,val,TCGA-B2-5635-01A_452_TS,TCGA-B2-5635,TCGA-B2-5635-01A
0,val,TCGA-B2-5636-01A_695_TS,TCGA-B2-5636,TCGA-B2-5636-01A
0,val,TCGA-B4-5378-01A_406_TS,TCGA-B4-5378,TCGA-B4-5378-01A
0,val,TCGA-B4-5378-01A_407_TS,TCGA-B4-5378,TCGA-B4-5378-01A
0,val,TCGA-B4-5836-01A_186_TS,TCGA-B4-5836,TCGA-B4-5836-01A
0,val,TCGA-B4-5836-01A_298_TS,TCGA-B4-5836,TCGA-B4-5836-01A
0,val,TCGA-B8-4143-01A_661_TS,TCGA-B8-4143,TCGA-B8-4143-01A
0,val,TCGA-B8-4143-01A_662_TS,TCGA-B8-4143,TCGA-B8-4143-01A
0,val,TCGA-B8-5158-01A_678_TS,TCGA-B8-5158,TCGA-B8-5158-01A
0,val,TCGA-B8-5158-01A_679_TS,TCGA-B8-5158,TCGA-B8-5158-01A
0,val,TCGA-B8-5164-01A_1008_TS,TCGA-B8-5164,TCGA-B8-5164-01A
0,val,TCGA-B8-5164-01A_834_TS,TCGA-B8-5164,TCGA-B8-5164-01A
0,val,TCGA-B8-5549-01A_291_TS,TCGA-B8-5549,TCGA-B8-5549-01A
0,val,TCGA-B8-5549-01A_515_TS,TCGA-B8-5549,TCGA-B8-5549-01A
0,val,TCGA-B8-5553-01A_274_TS,TCGA-B8-5553,TCGA-B8-5553-01A
0,val,TCGA-B8-5553-01A_421_TS,TCGA-B8-5553,TCGA-B8-5553-01A
0,val,TCGA-B8-A54H-01A_848_TS,TCGA-B8-A54H,TCGA-B8-A54H-01A
0,val,TCGA-B8-A7U6-01A_979_TS,TCGA-B8-A7U6,TCGA-B8-A7U6-01A
0,val,TCGA-BP-4163-01A_683_TS,TCGA-BP-4163,TCGA-BP-4163-01A
0,val,TCGA-BP-4163-01A_684_TS,TCGA-BP-4163,TCGA-BP-4163-01A
0,val,TCGA-BP-4163-01A_685_TS,TCGA-BP-4163,TCGA-BP-4163-01A
0,val,TCGA-BP-4173-01A_481_TS,TCGA-BP-4173,TCGA-BP-4173-01A
0,val,TCGA-BP-4173-01A_854_TS,TCGA-BP-4173,TCGA-BP-4173-01A
0,val,TCGA-BP-4326-01A_1061_TS,TCGA-BP-4326,TCGA-BP-4326-01A
0,val,TCGA-BP-4326-01A_417_TS,TCGA-BP-4326,TCGA-BP-4326-01A
0,val,TCGA-BP-4340-01A_326_TS,TCGA-BP-4340,TCGA-BP-4340-01A
0,val,TCGA-BP-4340-01A_784_TS,TCGA-BP-4340,TCGA-BP-4340-01A
0,val,TCGA-BP-4354-01A_213_TS,TCGA-BP-4354,TCGA-BP-4354-01A
0,val,TCGA-BP-4354-01A_782_TS,TCGA-BP-4354,TCGA-BP-4354-01A
0,val,TCGA-BP-4763-01A_667_TS,TCGA-BP-4763,TCGA-BP-4763-01A
0,val,TCGA-BP-4763-01A_668_TS,TCGA-BP-4763,TCGA-BP-4763-01A
0,val,TCGA-BP-4770-01A_598_TS,TCGA-BP-4770,TCGA-BP-4770-01A
0,val,TCGA-BP-4770-01A_599_TS,TCGA-BP-4770,TCGA-BP-4770-01A
0,val,TCGA-BP-4784-01A_1058_TS,TCGA-BP-4784,TCGA-BP-4784-01A
0,val,TCGA-BP-4784-01A_416_TS,TCGA-BP-4784,TCGA-BP-4784-01A
0,val,TCGA-BP-4795-01A_318_TS,TCGA-BP-4795,TCGA-BP-4795-01A
0,val,TCGA-BP-4795-01A_971_TS,TCGA-BP-4795,TCGA-BP-4795-01A
0,val,TCGA-BP-4965-01A_430_TS,TCGA-BP-4965,TCGA-BP-4965-01A
0,val,TCGA-BP-4965-01A_5_TS,TCGA-BP-4965,TCGA-BP-4965-01A
0,val,TCGA-BP-4976-01A_175_TS,TCGA-BP-4976,TCGA-BP-4976-01A
0,val,TCGA-BP-4976-01A_921_TS,TCGA-BP-4976,TCGA-BP-4976-01A
0,val,TCGA-BP-4993-01A_730_TS,TCGA-BP-4993,TCGA-BP-4993-01A
0,val,TCGA-BP-4993-01A_732_TS,TCGA-BP-4993,TCGA-BP-4993-01A
0,val,TCGA-BP-5170-01A_397_TS,TCGA-BP-5170,TCGA-BP-5170-01A
0,val,TCGA-BP-5170-01A_399_TS,TCGA-BP-5170,TCGA-BP-5170-01A
0,val,TCGA-BP-5184-01A_764_TS,TCGA-BP-5184,TCGA-BP-5184-01A
0,val,TCGA-BP-5184-01A_765_TS,TCGA-BP-5184,TCGA-BP-5184-01A
0,val,TCGA-BP-5194-01A_129_TS,TCGA-BP-5194,TCGA-BP-5194-01A
0,val,TCGA-BP-5194-01A_132_TS,TCGA-BP-5194,TCGA-BP-5194-01A
0,val,TCGA-BP-5199-01A_34_TS,TCGA-BP-5199,TCGA-BP-5199-01A
0,val,TCGA-BP-5199-01A_920_TS,TCGA-BP-5199,TCGA-BP-5199-01A
0,val,TCGA-CJ-4639-01A_118_TS,TCGA-CJ-4639,TCGA-CJ-4639-01A
0,val,TCGA-CJ-4639-01A_120_TS,TCGA-CJ-4639,TCGA-CJ-4639-01A
0,val,TCGA-CJ-4639-01A_401_TS,TCGA-CJ-4639,TCGA-CJ-4639-01A
0,val,TCGA-CJ-4643-01A_184_TS,TCGA-CJ-4643,TCGA-CJ-4643-01A
0,val,TCGA-CJ-4643-01A_185_TS,TCGA-CJ-4643,TCGA-CJ-4643-01A
0,val,TCGA-CJ-4643-01A_947_TS,TCGA-CJ-4643,TCGA-CJ-4643-01A
0,val,TCGA-CJ-4869-01A_6_TS,TCGA-CJ-4869,TCGA-CJ-4869-01A
0,val,TCGA-CJ-4869-01A_909_TS,TCGA-CJ-4869,TCGA-CJ-4869-01A
0,val,TCGA-CJ-4876-01A_665_TS,TCGA-CJ-4876,TCGA-CJ-4876-01A
0,val,TCGA-CJ-4876-01A_666_TS,TCGA-CJ-4876,TCGA-CJ-4876-01A
0,val,TCGA-CJ-4886-01A_205_TS,TCGA-CJ-4886,TCGA-CJ-4886-01A
0,val,TCGA-CJ-4886-01A_771_TS,TCGA-CJ-4886,TCGA-CJ-4886-01A
0,val,TCGA-CJ-4893-01A_195_TS,TCGA-CJ-4893,TCGA-CJ-4893-01A
0,val,TCGA-CJ-4893-01A_955_TS,TCGA-CJ-4893,TCGA-CJ-4893-01A
0,val,TCGA-CJ-4900-01A_317_TS,TCGA-CJ-4900,TCGA-CJ-4900-01A
0,val,TCGA-CJ-4900-01A_968_TS,TCGA-CJ-4900,TCGA-CJ-4900-01A
0,val,TCGA-CJ-4907-01A_388_TS,TCGA-CJ-4907,TCGA-CJ-4907-01A
0,val,TCGA-CJ-4907-01A_404_TS,TCGA-CJ-4907,TCGA-CJ-4907-01A
0,val,TCGA-CJ-5671-01A_286_TS,TCGA-CJ-5671,TCGA-CJ-5671-01A
0,val,TCGA-CJ-5671-01A_508_TS,TCGA-CJ-5671,TCGA-CJ-5671-01A
0,val,TCGA-CJ-5680-01A_262_TS,TCGA-CJ-5680,TCGA-CJ-5680-01A
0,val,TCGA-CJ-5680-01A_485_TS,TCGA-CJ-5680,TCGA-CJ-5680-01A
0,val,TCGA-CJ-5684-01A_888_TS,TCGA-CJ-5684,TCGA-CJ-5684-01A
0,val,TCGA-CJ-5684-01A_889_TS,TCGA-CJ-5684,TCGA-CJ-5684-01A
0,val,TCGA-CJ-6030-01A_903_TS,TCGA-CJ-6030,TCGA-CJ-6030-01A
0,val,TCGA-CJ-6030-01A_904_TS,TCGA-CJ-6030,TCGA-CJ-6030-01A
0,val,TCGA-CW-5583-01A_879_TS,TCGA-CW-5583,TCGA-CW-5583-01A
0,val,TCGA-CW-5584-01A_938_TS,TCGA-CW-5584,TCGA-CW-5584-01A
0,val,TCGA-CW-5584-01A_939_TS,TCGA-CW-5584,TCGA-CW-5584-01A
0,val,TCGA-CW-5589-01A_410_TS,TCGA-CW-5589,TCGA-CW-5589-01A
0,val,TCGA-CW-5589-01A_865_TS,TCGA-CW-5589,TCGA-CW-5589-01A
0,val,TCGA-CW-6088-01A_790_TS,TCGA-CW-6088,TCGA-CW-6088-01A
0,val,TCGA-CW-6088-01A_981_TS,TCGA-CW-6088,TCGA-CW-6088-01A
0,val,TCGA-CZ-4856-01A_12_TS,TCGA-CZ-4856,TCGA-CZ-4856-01A
0,val,TCGA-CZ-4856-01A_719_TS,TCGA-CZ-4856,TCGA-CZ-4856-01A
0,val,TCGA-CZ-4860-01A_328_TS,TCGA-CZ-4860,TCGA-CZ-4860-01A
0,val,TCGA-CZ-4860-01A_330_TS,TCGA-CZ-4860,TCGA-CZ-4860-01A
0,val,TCGA-CZ-4864-01A_173_TS,TCGA-CZ-4864,TCGA-CZ-4864-01A
0,val,TCGA-CZ-4864-01A_35_TS,TCGA-CZ-4864,TCGA-CZ-4864-01A
0,val,TCGA-CZ-5452-01A_692_TS,TCGA-CZ-5452,TCGA-CZ-5452-01A
0,val,TCGA-CZ-5452-01A_693_TS,TCGA-CZ-5452,TCGA-CZ-5452-01A
0,val,TCGA-CZ-5457-01A_531_TS,TCGA-CZ-5457,TCGA-CZ-5457-01A
0,val,TCGA-CZ-5457-01A_532_TS,TCGA-CZ-5457,TCGA-CZ-5457-01A
0,val,TCGA-CZ-5463-01A_209_TS,TCGA-CZ-5463,TCGA-CZ-5463-01A
0,val,TCGA-CZ-5463-01A_458_TS,TCGA-CZ-5463,TCGA-CZ-5463-01A
0,val,TCGA-CZ-5468-01A_279_TS,TCGA-CZ-5468,TCGA-CZ-5468-01A
0,val,TCGA-CZ-5468-01A_496_TS,TCGA-CZ-5468,TCGA-CZ-5468-01A
0,val,TCGA-CZ-5984-01A_753_TS,TCGA-CZ-5984,TCGA-CZ-5984-01A
0,val,TCGA-CZ-5984-01A_754_TS,TCGA-CZ-5984,TCGA-CZ-5984-01A
0,val,TCGA-DV-5566-01A_46_TS,TCGA-DV-5566,TCGA-DV-5566-01A
0,val,TCGA-DV-5566-01A_750_TS,TCGA-DV-5566,TCGA-DV-5566-01A
0,val,TCGA-DV-5573-01A_772_TS,TCGA-DV-5573,TCGA-DV-5573-01A
0,val,TCGA-DV-5573-01A_964_TS,TCGA-DV-5573,TCGA-DV-5573-01A
0,val,TCGA-EU-5904-01A_224_TS,TCGA-EU-5904,TCGA-EU-5904-01A
0,val,TCGA-EU-5904-01A_363_TS,TCGA-EU-5904,TCGA-EU-5904-01A
0,val,TCGA-G6-A8L6-01A_1029_TS,TCGA-G6-A8L6,TCGA-G6-A8L6-01A
0,val,TCGA-MW-A4EC-01A_580_TS,TCGA-MW-A4EC,TCGA-MW-A4EC-01A
1,test,TCGA-A3-3306-01A_227_TS,TCGA-A3-3306,TCGA-A3-3306-01A
1,test,TCGA-A3-3306-01A_74_TS,TCGA-A3-3306,TCGA-A3-3306-01A
1,test,TCGA-A3-3320-01A_1048_TS,TCGA-A3-3320,TCGA-A3-3320-01A
1,test,TCGA-A3-3320-01A_127_TS,TCGA-A3-3320,TCGA-A3-3320-01A
1,test,TCGA-A3-3320-01A_409_TS,TCGA-A3-3320,TCGA-A3-3320-01A
1,test,TCGA-A3-3326-01A_112_TS,TCGA-A3-3326,TCGA-A3-3326-01A
1,test,TCGA-A3-3326-01A_849_TS,TCGA-A3-3326,TCGA-A3-3326-01A
1,test,TCGA-A3-3349-01A_1020_TS,TCGA-A3-3349,TCGA-A3-3349-01A
1,test,TCGA-A3-3349-01A_235_TS,TCGA-A3-3349,TCGA-A3-3349-01A
1,test,TCGA-A3-3351-01A_523_TS,TCGA-A3-3351,TCGA-A3-3351-01A
1,test,TCGA-A3-3351-01A_524_TS,TCGA-A3-3351,TCGA-A3-3351-01A
1,test,TCGA-A3-3351-01A_525_TS,TCGA-A3-3351,TCGA-A3-3351-01A
1,test,TCGA-A3-3365-01A_237_TS,TCGA-A3-3365,TCGA-A3-3365-01A
1,test,TCGA-A3-3365-01A_465_TS,TCGA-A3-3365,TCGA-A3-3365-01A
1,test,TCGA-A3-3382-01A_187_TS,TCGA-A3-3382,TCGA-A3-3382-01A
1,test,TCGA-A3-3382-01A_188_TS,TCGA-A3-3382,TCGA-A3-3382-01A
1,test,TCGA-A3-3382-01A_300_TS,TCGA-A3-3382,TCGA-A3-3382-01A
1,test,TCGA-A3-A6NN-01A_1010_TS,TCGA-A3-A6NN,TCGA-A3-A6NN-01A
1,test,TCGA-A3-A8OW-01A_194_TS,TCGA-A3-A8OW,TCGA-A3-A8OW-01A
1,test,TCGA-AK-3425-01A_713_TS,TCGA-AK-3425,TCGA-AK-3425-01A
1,test,TCGA-AK-3425-01A_902_TS,TCGA-AK-3425,TCGA-AK-3425-01A
1,test,TCGA-AK-3444-01A_467_TS,TCGA-AK-3444,TCGA-AK-3444-01A
1,test,TCGA-AK-3444-01A_468_TS,TCGA-AK-3444,TCGA-AK-3444-01A
1,test,TCGA-AK-3444-01A_94_TS,TCGA-AK-3444,TCGA-AK-3444-01A
1,test,TCGA-AK-3445-01A_568_TS,TCGA-AK-3445,TCGA-AK-3445-01A
1,test,TCGA-AK-3445-01A_569_TS,TCGA-AK-3445,TCGA-AK-3445-01A
1,test,TCGA-AK-3461-01A_385_TS,TCGA-AK-3461,TCGA-AK-3461-01A
1,test,TCGA-AK-3461-01A_97_TS,TCGA-AK-3461,TCGA-AK-3461-01A
1,test,TCGA-B0-4693-01A_659_TS,TCGA-B0-4693,TCGA-B0-4693-01A
1,test,TCGA-B0-4693-01A_660_TS,TCGA-B0-4693,TCGA-B0-4693-01A
1,test,TCGA-B0-4698-01A_66_TS,TCGA-B0-4698,TCGA-B0-4698-01A
1,test,TCGA-B0-4698-01A_815_TS,TCGA-B0-4698,TCGA-B0-4698-01A
1,test,TCGA-B0-4703-01A_639_TS,TCGA-B0-4703,TCGA-B0-4703-01A
1,test,TCGA-B0-4703-01A_640_TS,TCGA-B0-4703,TCGA-B0-4703-01A
1,test,TCGA-B0-4814-01A_1035_TS,TCGA-B0-4814,TCGA-B0-4814-01A
1,test,TCGA-B0-4814-01A_480_TS,TCGA-B0-4814,TCGA-B0-4814-01A
1,test,TCGA-B0-4821-01A_206_TS,TCGA-B0-4821,TCGA-B0-4821-01A
1,test,TCGA-B0-4821-01A_316_TS,TCGA-B0-4821,TCGA-B0-4821-01A
1,test,TCGA-B0-4844-01A_360_TS,TCGA-B0-4844,TCGA-B0-4844-01A
1,test,TCGA-B0-4844-01A_70_TS,TCGA-B0-4844,TCGA-B0-4844-01A
1,test,TCGA-B0-5080-01A_368_TS,TCGA-B0-5080,TCGA-B0-5080-01A
1,test,TCGA-B0-5080-01A_821_TS,TCGA-B0-5080,TCGA-B0-5080-01A
1,test,TCGA-B0-5097-01A_1015_TS,TCGA-B0-5097,TCGA-B0-5097-01A
1,test,TCGA-B0-5097-01A_85_TS,TCGA-B0-5097,TCGA-B0-5097-01A
1,test,TCGA-B0-5109-01A_309_TS,TCGA-B0-5109,TCGA-B0-5109-01A
1,test,TCGA-B0-5109-01A_310_TS,TCGA-B0-5109,TCGA-B0-5109-01A
1,test,TCGA-B0-5119-01A_556_TS,TCGA-B0-5119,TCGA-B0-5119-01A
1,test,TCGA-B0-5119-01A_557_TS,TCGA-B0-5119,TCGA-B0-5119-01A
1,test,TCGA-B0-5402-01A_204_TS,TCGA-B0-5402,TCGA-B0-5402-01A
1,test,TCGA-B0-5402-01A_962_TS,TCGA-B0-5402,TCGA-B0-5402-01A
1,test,TCGA-B0-5693-01A_431_TS,TCGA-B0-5693,TCGA-B0-5693-01A
1,test,TCGA-B0-5693-01A_725_TS,TCGA-B0-5693,TCGA-B0-5693-01A
1,test,TCGA-B0-5698-01A_44_TS,TCGA-B0-5698,TCGA-B0-5698-01A
1,test,TCGA-B0-5698-01A_746_TS,TCGA-B0-5698,TCGA-B0-5698-01A
1,test,TCGA-B0-5702-01A_139_TS,TCGA-B0-5702,TCGA-B0-5702-01A
1,test,TCGA-B0-5702-01A_878_TS,TCGA-B0-5702,TCGA-B0-5702-01A
1,test,TCGA-B0-5709-01A_566_TS,TCGA-B0-5709,TCGA-B0-5709-01A
1,test,TCGA-B0-5709-01A_567_TS,TCGA-B0-5709,TCGA-B0-5709-01A
1,test,TCGA-B0-5713-01A_612_TS,TCGA-B0-5713,TCGA-B0-5713-01A
1,test,TCGA-B0-5713-01A_613_TS,TCGA-B0-5713,TCGA-B0-5713-01A
1,test,TCGA-B2-4101-01A_624_TS,TCGA-B2-4101,TCGA-B2-4101-01A
1,test,TCGA-B2-4101-01A_625_TS,TCGA-B2-4101,TCGA-B2-4101-01A
1,test,TCGA-B2-5641-01A_709_TS,TCGA-B2-5641,TCGA-B2-5641-01A
1,test,TCGA-B2-5641-01A_710_TS,TCGA-B2-5641,TCGA-B2-5641-01A
1,test,TCGA-B4-5834-01A_181_TS,TCGA-B4-5834,TCGA-B4-5834-01A
1,test,TCGA-B4-5834-01A_451_TS,TCGA-B4-5834,TCGA-B4-5834-01A
1,test,TCGA-B4-5843-01A_329_TS,TCGA-B4-5843,TCGA-B4-5843-01A
1,test,TCGA-B4-5843-01A_59_TS,TCGA-B4-5843,TCGA-B4-5843-01A
1,test,TCGA-B8-4151-01A_520_TS,TCGA-B8-4151,TCGA-B8-4151-01A
1,test,TCGA-B8-4151-01A_522_TS,TCGA-B8-4151,TCGA-B8-4151-01A
1,test,TCGA-B8-5162-01A_31_TS,TCGA-B8-5162,TCGA-B8-5162-01A
1,test,TCGA-B8-5162-01A_734_TS,TCGA-B8-5162,TCGA-B8-5162-01A
1,test,TCGA-B8-5545-01A_376_TS,TCGA-B8-5545,TCGA-B8-5545-01A
1,test,TCGA-B8-5545-01A_838_TS,TCGA-B8-5545,TCGA-B8-5545-01A
1,test,TCGA-B8-5551-01A_842_TS,TCGA-B8-5551,TCGA-B8-5551-01A
1,test,TCGA-B8-5551-01A_89_TS,TCGA-B8-5551,TCGA-B8-5551-01A
1,test,TCGA-B8-A54F-01A_270_TS,TCGA-B8-A54F,TCGA-B8-A54F-01A
1,test,TCGA-B8-A54J-01A_81_TS,TCGA-B8-A54J,TCGA-B8-A54J-01A
1,test,TCGA-BP-4161-01A_649_TS,TCGA-BP-4161,TCGA-BP-4161-01A
1,test,TCGA-BP-4161-01A_650_TS,TCGA-BP-4161,TCGA-BP-4161-01A
1,test,TCGA-BP-4161-01A_651_TS,TCGA-BP-4161,TCGA-BP-4161-01A
1,test,TCGA-BP-4169-01A_1026_TS,TCGA-BP-4169,TCGA-BP-4169-01A
1,test,TCGA-BP-4169-01A_122_TS,TCGA-BP-4169,TCGA-BP-4169-01A
1,test,TCGA-BP-4176-01A_558_TS,TCGA-BP-4176,TCGA-BP-4176-01A
1,test,TCGA-BP-4176-01A_559_TS,TCGA-BP-4176,TCGA-BP-4176-01A
1,test,TCGA-BP-4331-01A_17_TS,TCGA-BP-4331,TCGA-BP-4331-01A
1,test,TCGA-BP-4331-01A_18_TS,TCGA-BP-4331,TCGA-BP-4331-01A
1,test,TCGA-BP-4344-01A_427_TS,TCGA-BP-4344,TCGA-BP-4344-01A
1,test,TCGA-BP-4344-01A_8_TS,TCGA-BP-4344,TCGA-BP-4344-01A
1,test,TCGA-BP-4761-01A_115_TS,TCGA-BP-4761,TCGA-BP-4761-01A
1,test,TCGA-BP-4761-01A_247_TS,TCGA-BP-4761,TCGA-BP-4761-01A
1,test,TCGA-BP-4766-01A_365_TS,TCGA-BP-4766,TCGA-BP-4766-01A
1,test,TCGA-BP-4766-01A_996_TS,TCGA-BP-4766,TCGA-BP-4766-01A
1,test,TCGA-BP-4781-01A_491_TS,TCGA-BP-4781,TCGA-BP-4781-01A
1,test,TCGA-BP-4781-01A_872_TS,TCGA-BP-4781,TCGA-BP-4781-01A
1,test,TCGA-BP-4789-01A_289_TS,TCGA-BP-4789,TCGA-BP-4789-01A
1,test,TCGA-BP-4789-01A_511_TS,TCGA-BP-4789,TCGA-BP-4789-01A
1,test,TCGA-BP-4807-01A_959_TS,TCGA-BP-4807,TCGA-BP-4807-01A
1,test,TCGA-BP-4807-01A_960_TS,TCGA-BP-4807,TCGA-BP-4807-01A
1,test,TCGA-BP-4972-01A_191_TS,TCGA-BP-4972,TCGA-BP-4972-01A
1,test,TCGA-BP-4972-01A_302_TS,TCGA-BP-4972,TCGA-BP-4972-01A
1,test,TCGA-BP-4983-01A_1050_TS,TCGA-BP-4983,TCGA-BP-4983-01A
1,test,TCGA-BP-4983-01A_263_TS,TCGA-BP-4983,TCGA-BP-4983-01A
1,test,TCGA-BP-5007-01A_321_TS,TCGA-BP-5007,TCGA-BP-5007-01A
1,test,TCGA-BP-5007-01A_55_TS,TCGA-BP-5007,TCGA-BP-5007-01A
1,test,TCGA-BP-5181-01A_40_TS,TCGA-BP-5181,TCGA-BP-5181-01A
1,test,TCGA-BP-5181-01A_740_TS,TCGA-BP-5181,TCGA-BP-5181-01A
1,test,TCGA-BP-5189-01A_720_TS,TCGA-BP-5189,TCGA-BP-5189-01A
1,test,TCGA-BP-5189-01A_910_TS,TCGA-BP-5189,TCGA-BP-5189-01A
1,test,TCGA-BP-5196-01A_320_TS,TCGA-BP-5196,TCGA-BP-5196-01A
1,test,TCGA-BP-5196-01A_463_TS,TCGA-BP-5196,TCGA-BP-5196-01A
1,test,TCGA-CJ-4634-01A_1066_TS,TCGA-CJ-4634,TCGA-CJ-4634-01A
1,test,TCGA-CJ-4634-01A_1067_TS,TCGA-CJ-4634,TCGA-CJ-4634-01A
1,test,TCGA-CJ-4634-01A_882_TS,TCGA-CJ-4634,TCGA-CJ-4634-01A
1,test,TCGA-CJ-4635-01A_65_TS,TCGA-CJ-4635,TCGA-CJ-4635-01A
1,test,TCGA-CJ-4635-01A_814_TS,TCGA-CJ-4635,TCGA-CJ-4635-01A
1,test,TCGA-CJ-4641-01A_215_TS,TCGA-CJ-4641,TCGA-CJ-4641-01A
1,test,TCGA-CJ-4641-01A_217_TS,TCGA-CJ-4641,TCGA-CJ-4641-01A
1,test,TCGA-CJ-4641-01A_58_TS,TCGA-CJ-4641,TCGA-CJ-4641-01A
1,test,TCGA-CJ-4871-01A_454_TS,TCGA-CJ-4871,TCGA-CJ-4871-01A
1,test,TCGA-CJ-4871-01A_946_TS,TCGA-CJ-4871,TCGA-CJ-4871-01A
1,test,TCGA-CJ-4881-01A_801_TS,TCGA-CJ-4881,TCGA-CJ-4881-01A
1,test,TCGA-CJ-4881-01A_982_TS,TCGA-CJ-4881,TCGA-CJ-4881-01A
1,test,TCGA-CJ-4890-01A_1032_TS,TCGA-CJ-4890,TCGA-CJ-4890-01A
1,test,TCGA-CJ-4890-01A_1049_TS,TCGA-CJ-4890,TCGA-CJ-4890-01A
1,test,TCGA-CJ-4895-01A_592_TS,TCGA-CJ-4895,TCGA-CJ-4895-01A
1,test,TCGA-CJ-4895-01A_708_TS,TCGA-CJ-4895,TCGA-CJ-4895-01A
1,test,TCGA-CJ-4897-01A_830_TS,TCGA-CJ-4897,TCGA-CJ-4897-01A
1,test,TCGA-CJ-4904-01A_32_TS,TCGA-CJ-4904,TCGA-CJ-4904-01A
1,test,TCGA-CJ-4904-01A_440_TS,TCGA-CJ-4904,TCGA-CJ-4904-01A
1,test,TCGA-CJ-4920-01A_1056_TS,TCGA-CJ-4920,TCGA-CJ-4920-01A
1,test,TCGA-CJ-4920-01A_414_TS,TCGA-CJ-4920,TCGA-CJ-4920-01A
1,test,TCGA-CJ-5677-01A_630_TS,TCGA-CJ-5677,TCGA-CJ-5677-01A
1,test,TCGA-CJ-5677-01A_631_TS,TCGA-CJ-5677,TCGA-CJ-5677-01A
1,test,TCGA-CJ-5682-01A_1042_TS,TCGA-CJ-5682,TCGA-CJ-5682-01A
1,test,TCGA-CJ-5682-01A_859_TS,TCGA-CJ-5682,TCGA-CJ-5682-01A
1,test,TCGA-CJ-6027-01A_295_TS,TCGA-CJ-6027,TCGA-CJ-6027-01A
1,test,TCGA-CJ-6027-01A_4_TS,TCGA-CJ-6027,TCGA-CJ-6027-01A
1,test,TCGA-CJ-6033-01A_1038_TS,TCGA-CJ-6033,TCGA-CJ-6033-01A
1,test,TCGA-CJ-6033-01A_1040_TS,TCGA-CJ-6033,TCGA-CJ-6033-01A
1,test,TCGA-CW-5587-01A_136_TS,TCGA-CW-5587,TCGA-CW-5587-01A
1,test,TCGA-CW-5587-01A_271_TS,TCGA-CW-5587,TCGA-CW-5587-01A
1,test,TCGA-CW-5591-01A_533_TS,TCGA-CW-5591,TCGA-CW-5591-01A
1,test,TCGA-CW-5591-01A_534_TS,TCGA-CW-5591,TCGA-CW-5591-01A
1,test,TCGA-CW-6093-01A_991_TS,TCGA-CW-6093,TCGA-CW-6093-01A
1,test,TCGA-CW-6093-01A_993_TS,TCGA-CW-6093,TCGA-CW-6093-01A
1,test,TCGA-CZ-4858-01A_774_TS,TCGA-CZ-4858,TCGA-CZ-4858-01A
1,test,TCGA-CZ-4858-01A_967_TS,TCGA-CZ-4858,TCGA-CZ-4858-01A
1,test,TCGA-CZ-4862-01A_779_TS,TCGA-CZ-4862,TCGA-CZ-4862-01A
1,test,TCGA-CZ-4862-01A_781_TS,TCGA-CZ-4862,TCGA-CZ-4862-01A
1,test,TCGA-CZ-4866-01A_965_TS,TCGA-CZ-4866,TCGA-CZ-4866-01A
1,test,TCGA-CZ-4866-01A_966_TS,TCGA-CZ-4866,TCGA-CZ-4866-01A
1,test,TCGA-CZ-5455-01A_272_TS,TCGA-CZ-5455,TCGA-CZ-5455-01A
1,test,TCGA-CZ-5455-01A_419_TS,TCGA-CZ-5455,TCGA-CZ-5455-01A
1,test,TCGA-CZ-5461-01A_1039_TS,TCGA-CZ-5461,TCGA-CZ-5461-01A
1,test,TCGA-CZ-5461-01A_482_TS,TCGA-CZ-5461,TCGA-CZ-5461-01A
1,test,TCGA-CZ-5466-01A_125_TS,TCGA-CZ-5466,TCGA-CZ-5466-01A
1,test,TCGA-CZ-5466-01A_861_TS,TCGA-CZ-5466,TCGA-CZ-5466-01A
1,test,TCGA-CZ-5470-01A_319_TS,TCGA-CZ-5470,TCGA-CZ-5470-01A
1,test,TCGA-CZ-5470-01A_777_TS,TCGA-CZ-5470,TCGA-CZ-5470-01A
1,test,TCGA-CZ-5986-01A_1068_TS,TCGA-CZ-5986,TCGA-CZ-5986-01A
1,test,TCGA-CZ-5986-01A_884_TS,TCGA-CZ-5986,TCGA-CZ-5986-01A
1,test,TCGA-DV-5568-01A_13_TS,TCGA-DV-5568,TCGA-DV-5568-01A
1,test,TCGA-DV-5568-01A_14_TS,TCGA-DV-5568,TCGA-DV-5568-01A
1,test,TCGA-DV-5575-01A_455_TS,TCGA-DV-5575,TCGA-DV-5575-01A
1,test,TCGA-DV-5575-01A_49_TS,TCGA-DV-5575,TCGA-DV-5575-01A
1,test,TCGA-DV-A4VZ-01A_958_TS,TCGA-DV-A4VZ,TCGA-DV-A4VZ-01A
1,test,TCGA-EU-5906-01A_867_TS,TCGA-EU-5906,TCGA-EU-5906-01A
1,test,TCGA-EU-5906-01A_868_TS,TCGA-EU-5906,TCGA-EU-5906-01A
1,test,TCGA-GK-A6C7-01A_84_TS,TCGA-GK-A6C7,TCGA-GK-A6C7-01A
1,train,TCGA-3Z-A93Z-01A_992_TS,TCGA-3Z-A93Z,TCGA-3Z-A93Z-01A
1,train,TCGA-A3-3307-01A_743_TS,TCGA-A3-3307,TCGA-A3-3307-01A
1,train,TCGA-A3-3307-01A_744_TS,TCGA-A3-3307,TCGA-A3-3307-01A
1,train,TCGA-A3-3323-01A_675_TS,TCGA-A3-3323,TCGA-A3-3323-01A
1,train,TCGA-A3-3323-01A_676_TS,TCGA-A3-3323,TCGA-A3-3323-01A
1,train,TCGA-A3-3323-01A_677_TS,TCGA-A3-3323,TCGA-A3-3323-01A
1,train,TCGA-A3-3325-01A_433_TS,TCGA-A3-3325,TCGA-A3-3325-01A
1,train,TCGA-A3-3325-01A_7_TS,TCGA-A3-3325,TCGA-A3-3325-01A
1,train,TCGA-A3-3329-01A_444_TS,TCGA-A3-3329,TCGA-A3-3329-01A
1,train,TCGA-A3-3329-01A_735_TS,TCGA-A3-3329,TCGA-A3-3329-01A
1,train,TCGA-A3-3331-01A_158_TS,TCGA-A3-3331,TCGA-A3-3331-01A
1,train,TCGA-A3-3331-01A_290_TS,TCGA-A3-3331,TCGA-A3-3331-01A
1,train,TCGA-A3-3331-01A_887_TS,TCGA-A3-3331,TCGA-A3-3331-01A
1,train,TCGA-A3-3343-01A_165_TS,TCGA-A3-3343,TCGA-A3-3343-01A
1,train,TCGA-A3-3343-01A_21_TS,TCGA-A3-3343,TCGA-A3-3343-01A
1,train,TCGA-A3-3352-01A_245_TS,TCGA-A3-3352,TCGA-A3-3352-01A
1,train,TCGA-A3-3352-01A_477_TS,TCGA-A3-3352,TCGA-A3-3352-01A
1,train,TCGA-A3-3359-01A_10_TS,TCGA-A3-3359,TCGA-A3-3359-01A
1,train,TCGA-A3-3359-01A_9_TS,TCGA-A3-3359,TCGA-A3-3359-01A
1,train,TCGA-A3-3362-01A_609_TS,TCGA-A3-3362,TCGA-A3-3362-01A
1,train,TCGA-A3-3362-01A_610_TS,TCGA-A3-3362,TCGA-A3-3362-01A
1,train,TCGA-A3-3362-01A_611_TS,TCGA-A3-3362,TCGA-A3-3362-01A
1,train,TCGA-A3-3372-01A_1014_TS,TCGA-A3-3372,TCGA-A3-3372-01A
1,train,TCGA-A3-3372-01A_232_TS,TCGA-A3-3372,TCGA-A3-3372-01A
1,train,TCGA-A3-3372-01A_83_TS,TCGA-A3-3372,TCGA-A3-3372-01A
1,train,TCGA-A3-3376-01A_47_TS,TCGA-A3-3376,TCGA-A3-3376-01A
1,train,TCGA-A3-3376-01A_945_TS,TCGA-A3-3376,TCGA-A3-3376-01A
1,train,TCGA-A3-3380-01A_155_TS,TCGA-A3-3380,TCGA-A3-3380-01A
1,train,TCGA-A3-3380-01A_502_TS,TCGA-A3-3380,TCGA-A3-3380-01A
1,train,TCGA-A3-3383-01A_126_TS,TCGA-A3-3383,TCGA-A3-3383-01A
1,train,TCGA-A3-3383-01A_408_TS,TCGA-A3-3383,TCGA-A3-3383-01A
1,train,TCGA-A3-3383-01A_484_TS,TCGA-A3-3383,TCGA-A3-3383-01A
1,train,TCGA-A3-A6NJ-01A_1075_TS,TCGA-A3-A6NJ,TCGA-A3-A6NJ-01A
1,train,TCGA-A3-A8CQ-01A_517_TS,TCGA-A3-A8CQ,TCGA-A3-A8CQ-01A
1,train,TCGA-A3-A8OU-01A_543_TS,TCGA-A3-A8OU,TCGA-A3-A8OU-01A
1,train,TCGA-A3-A8OX-01A_1003_TS,TCGA-A3-A8OX,TCGA-A3-A8OX-01A
1,train,TCGA-AK-3427-01A_742_TS,TCGA-AK-3427,TCGA-AK-3427-01A
1,train,TCGA-AK-3427-01A_929_TS,TCGA-AK-3427,TCGA-AK-3427-01A
1,train,TCGA-AK-3428-01A_288_TS,TCGA-AK-3428,TCGA-AK-3428-01A
1,train,TCGA-AK-3428-01A_512_TS,TCGA-AK-3428,TCGA-AK-3428-01A
1,train,TCGA-AK-3429-01A_39_TS,TCGA-AK-3429,TCGA-AK-3429-01A
1,train,TCGA-AK-3429-01A_923_TS,TCGA-AK-3429,TCGA-AK-3429-01A
1,train,TCGA-AK-3429-01A_924_TS,TCGA-AK-3429,TCGA-AK-3429-01A
1,train,TCGA-AK-3450-01A_41_TS,TCGA-AK-3450,TCGA-AK-3450-01A
1,train,TCGA-AK-3450-01A_42_TS,TCGA-AK-3450,TCGA-AK-3450-01A
1,train,TCGA-AK-3451-01A_22_TS,TCGA-AK-3451,TCGA-AK-3451-01A
1,train,TCGA-AK-3451-01A_23_TS,TCGA-AK-3451,TCGA-AK-3451-01A
1,train,TCGA-AS-3778-01A_875_TS,TCGA-AS-3778,TCGA-AS-3778-01A
1,train,TCGA-AS-3778-01A_876_TS,TCGA-AS-3778,TCGA-AS-3778-01A
1,train,TCGA-B0-4688-01A_77_TS,TCGA-B0-4688,TCGA-B0-4688-01A
1,train,TCGA-B0-4688-01A_78_TS,TCGA-B0-4688,TCGA-B0-4688-01A
1,train,TCGA-B0-4694-01A_1019_TS,TCGA-B0-4694,TCGA-B0-4694-01A
1,train,TCGA-B0-4694-01A_88_TS,TCGA-B0-4694,TCGA-B0-4694-01A
1,train,TCGA-B0-4696-01A_378_TS,TCGA-B0-4696,TCGA-B0-4696-01A
1,train,TCGA-B0-4696-01A_843_TS,TCGA-B0-4696,TCGA-B0-4696-01A
1,train,TCGA-B0-4699-01A_562_TS,TCGA-B0-4699,TCGA-B0-4699-01A
1,train,TCGA-B0-4699-01A_563_TS,TCGA-B0-4699,TCGA-B0-4699-01A
1,train,TCGA-B0-4700-01A_193_TS,TCGA-B0-4700,TCGA-B0-4700-01A
1,train,TCGA-B0-4700-01A_953_TS,TCGA-B0-4700,TCGA-B0-4700-01A
1,train,TCGA-B0-4710-01A_1045_TS,TCGA-B0-4710,TCGA-B0-4710-01A
1,train,TCGA-B0-4710-01A_862_TS,TCGA-B0-4710,TCGA-B0-4710-01A
1,train,TCGA-B0-4712-01A_0_TS,TCGA-B0-4712,TCGA-B0-4712-01A
1,train,TCGA-B0-4712-01A_716_TS,TCGA-B0-4712,TCGA-B0-4712-01A
1,train,TCGA-B0-4815-01A_714_TS,TCGA-B0-4815,TCGA-B0-4815-01A
1,train,TCGA-B0-4815-01A_715_TS,TCGA-B0-4815,TCGA-B0-4815-01A
1,train,TCGA-B0-4816-01A_369_TS,TCGA-B0-4816,TCGA-B0-4816-01A
1,train,TCGA-B0-4816-01A_822_TS,TCGA-B0-4816,TCGA-B0-4816-01A
1,train,TCGA-B0-4823-01A_352_TS,TCGA-B0-4823,TCGA-B0-4823-01A
1,train,TCGA-B0-4823-01A_64_TS,TCGA-B0-4823,TCGA-B0-4823-01A
1,train,TCGA-B0-4827-01A_370_TS,TCGA-B0-4827,TCGA-B0-4827-01A
1,train,TCGA-B0-4827-01A_827_TS,TCGA-B0-4827,TCGA-B0-4827-01A
1,train,TCGA-B0-4846-01A_647_TS,TCGA-B0-4846,TCGA-B0-4846-01A
1,train,TCGA-B0-4846-01A_648_TS,TCGA-B0-4846,TCGA-B0-4846-01A
1,train,TCGA-B0-4848-01A_236_TS,TCGA-B0-4848,TCGA-B0-4848-01A
1,train,TCGA-B0-4848-01A_844_TS,TCGA-B0-4848,TCGA-B0-4848-01A
1,train,TCGA-B0-5094-01A_145_TS,TCGA-B0-5094,TCGA-B0-5094-01A
1,train,TCGA-B0-5094-01A_504_TS,TCGA-B0-5094,TCGA-B0-5094-01A
1,train,TCGA-B0-5095-01A_73_TS,TCGA-B0-5095,TCGA-B0-5095-01A
1,train,TCGA-B0-5095-01A_818_TS,TCGA-B0-5095,TCGA-B0-5095-01A
1,train,TCGA-B0-5100-01A_1073_TS,TCGA-B0-5100,TCGA-B0-5100-01A
1,train,TCGA-B0-5100-01A_156_TS,TCGA-B0-5100,TCGA-B0-5100-01A
1,train,TCGA-B0-5107-01A_1057_TS,TCGA-B0-5107,TCGA-B0-5107-01A
1,train,TCGA-B0-5107-01A_137_TS,TCGA-B0-5107,TCGA-B0-5107-01A
1,train,TCGA-B0-5110-01A_544_TS,TCGA-B0-5110,TCGA-B0-5110-01A
1,train,TCGA-B0-5110-01A_702_TS,TCGA-B0-5110,TCGA-B0-5110-01A
1,train,TCGA-B0-5113-01A_393_TS,TCGA-B0-5113,TCGA-B0-5113-01A
1,train,TCGA-B0-5113-01A_478_TS,TCGA-B0-5113,TCGA-B0-5113-01A
1,train,TCGA-B0-5120-01A_225_TS,TCGA-B0-5120,TCGA-B0-5120-01A
1,train,TCGA-B0-5120-01A_994_TS,TCGA-B0-5120,TCGA-B0-5120-01A
1,train,TCGA-B0-5399-01A_550_TS,TCGA-B0-5399,TCGA-B0-5399-01A
1,train,TCGA-B0-5399-01A_551_TS,TCGA-B0-5399,TCGA-B0-5399-01A
1,train,TCGA-B0-5690-01A_460_TS,TCGA-B0-5690,TCGA-B0-5690-01A
1,train,TCGA-B0-5690-01A_462_TS,TCGA-B0-5690,TCGA-B0-5690-01A
1,train,TCGA-B0-5691-01A_930_TS,TCGA-B0-5691,TCGA-B0-5691-01A
1,train,TCGA-B0-5691-01A_931_TS,TCGA-B0-5691,TCGA-B0-5691-01A
1,train,TCGA-B0-5695-01A_439_TS,TCGA-B0-5695,TCGA-B0-5695-01A
1,train,TCGA-B0-5695-01A_712_TS,TCGA-B0-5695,TCGA-B0-5695-01A
1,train,TCGA-B0-5696-01A_382_TS,TCGA-B0-5696,TCGA-B0-5696-01A
1,train,TCGA-B0-5696-01A_98_TS,TCGA-B0-5696,TCGA-B0-5696-01A
1,train,TCGA-B0-5699-01A_56_TS,TCGA-B0-5699,TCGA-B0-5699-01A
1,train,TCGA-B0-5699-01A_978_TS,TCGA-B0-5699,TCGA-B0-5699-01A
1,train,TCGA-B0-5700-01A_489_TS,TCGA-B0-5700,TCGA-B0-5700-01A
1,train,TCGA-B0-5700-01A_866_TS,TCGA-B0-5700,TCGA-B0-5700-01A
1,train,TCGA-B0-5705-01A_216_TS,TCGA-B0-5705,TCGA-B0-5705-01A
1,train,TCGA-B0-5705-01A_57_TS,TCGA-B0-5705,TCGA-B0-5705-01A
1,train,TCGA-B0-5706-01A_109_TS,TCGA-B0-5706,TCGA-B0-5706-01A
1,train,TCGA-B0-5706-01A_847_TS,TCGA-B0-5706,TCGA-B0-5706-01A
1,train,TCGA-B0-5710-01A_593_TS,TCGA-B0-5710,TCGA-B0-5710-01A
1,train,TCGA-B0-5710-01A_711_TS,TCGA-B0-5710,TCGA-B0-5710-01A
1,train,TCGA-B0-5711-01A_1069_TS,TCGA-B0-5711,TCGA-B0-5711-01A
1,train,TCGA-B0-5711-01A_281_TS,TCGA-B0-5711,TCGA-B0-5711-01A
1,train,TCGA-B0-5812-01A_25_TS,TCGA-B0-5812,TCGA-B0-5812-01A
1,train,TCGA-B0-5812-01A_27_TS,TCGA-B0-5812,TCGA-B0-5812-01A
1,train,TCGA-B2-3923-01B_1021_TS,TCGA-B2-3923,TCGA-B2-3923-01B
1,train,TCGA-B2-3923-01B_466_TS,TCGA-B2-3923,TCGA-B2-3923-01B
1,train,TCGA-B2-3924-01A_1037_TS,TCGA-B2-3924,TCGA-B2-3924-01A
1,train,TCGA-B2-3924-01A_856_TS,TCGA-B2-3924,TCGA-B2-3924-01A
1,train,TCGA-B2-3924-01A_857_TS,TCGA-B2-3924,TCGA-B2-3924-01A
1,train,TCGA-B2-4102-01A_208_TS,TCGA-B2-4102,TCGA-B2-4102-01A
1,train,TCGA-B2-4102-01A_969_TS,TCGA-B2-4102,TCGA-B2-4102-01A
1,train,TCGA-B2-4102-01A_970_TS,TCGA-B2-4102,TCGA-B2-4102-01A
1,train,TCGA-B2-5633-01A_776_TS,TCGA-B2-5633,TCGA-B2-5633-01A
1,train,TCGA-B2-5633-01A_780_TS,TCGA-B2-5633,TCGA-B2-5633-01A
1,train,TCGA-B2-5635-01A_450_TS,TCGA-B2-5635,TCGA-B2-5635-01A
1,train,TCGA-B2-5635-01A_452_TS,TCGA-B2-5635,TCGA-B2-5635-01A
1,train,TCGA-B2-5636-01A_695_TS,TCGA-B2-5636,TCGA-B2-5636-01A
1,train,TCGA-B4-5377-01A_626_TS,TCGA-B4-5377,TCGA-B4-5377-01A
1,train,TCGA-B4-5377-01A_627_TS,TCGA-B4-5377,TCGA-B4-5377-01A
1,train,TCGA-B4-5378-01A_406_TS,TCGA-B4-5378,TCGA-B4-5378-01A
1,train,TCGA-B4-5378-01A_407_TS,TCGA-B4-5378,TCGA-B4-5378-01A
1,train,TCGA-B4-5835-01A_1023_TS,TCGA-B4-5835,TCGA-B4-5835-01A
1,train,TCGA-B4-5835-01A_240_TS,TCGA-B4-5835,TCGA-B4-5835-01A
1,train,TCGA-B4-5836-01A_186_TS,TCGA-B4-5836,TCGA-B4-5836-01A
1,train,TCGA-B4-5836-01A_298_TS,TCGA-B4-5836,TCGA-B4-5836-01A
1,train,TCGA-B4-5844-01A_516_TS,TCGA-B4-5844,TCGA-B4-5844-01A
1,train,TCGA-B4-5844-01A_518_TS,TCGA-B4-5844,TCGA-B4-5844-01A
1,train,TCGA-B8-4143-01A_661_TS,TCGA-B8-4143,TCGA-B8-4143-01A
1,train,TCGA-B8-4143-01A_662_TS,TCGA-B8-4143,TCGA-B8-4143-01A
1,train,TCGA-B8-4154-01A_505_TS,TCGA-B8-4154,TCGA-B8-4154-01A
1,train,TCGA-B8-4154-01A_506_TS,TCGA-B8-4154,TCGA-B8-4154-01A
1,train,TCGA-B8-5158-01A_678_TS,TCGA-B8-5158,TCGA-B8-5158-01A
1,train,TCGA-B8-5158-01A_679_TS,TCGA-B8-5158,TCGA-B8-5158-01A
1,train,TCGA-B8-5163-01A_633_TS,TCGA-B8-5163,TCGA-B8-5163-01A
1,train,TCGA-B8-5163-01A_634_TS,TCGA-B8-5163,TCGA-B8-5163-01A
1,train,TCGA-B8-5164-01A_1008_TS,TCGA-B8-5164,TCGA-B8-5164-01A
1,train,TCGA-B8-5164-01A_834_TS,TCGA-B8-5164,TCGA-B8-5164-01A
1,train,TCGA-B8-5546-01A_60_TS,TCGA-B8-5546,TCGA-B8-5546-01A
1,train,TCGA-B8-5546-01A_787_TS,TCGA-B8-5546,TCGA-B8-5546-01A
1,train,TCGA-B8-5549-01A_291_TS,TCGA-B8-5549,TCGA-B8-5549-01A
1,train,TCGA-B8-5549-01A_515_TS,TCGA-B8-5549,TCGA-B8-5549-01A
1,train,TCGA-B8-5552-01B_203_TS,TCGA-B8-5552,TCGA-B8-5552-01B
1,train,TCGA-B8-5552-01B_768_TS,TCGA-B8-5552,TCGA-B8-5552-01B
1,train,TCGA-B8-5553-01A_274_TS,TCGA-B8-5553,TCGA-B8-5553-01A
1,train,TCGA-B8-5553-01A_421_TS,TCGA-B8-5553,TCGA-B8-5553-01A
1,train,TCGA-B8-A54G-01A_694_TS,TCGA-B8-A54G,TCGA-B8-A54G-01A
1,train,TCGA-B8-A54H-01A_848_TS,TCGA-B8-A54H,TCGA-B8-A54H-01A
1,train,TCGA-B8-A54K-01A_30_TS,TCGA-B8-A54K,TCGA-B8-A54K-01A
1,train,TCGA-B8-A7U6-01A_979_TS,TCGA-B8-A7U6,TCGA-B8-A7U6-01A
1,train,TCGA-BP-4162-01A_1007_TS,TCGA-BP-4162,TCGA-BP-4162-01A
1,train,TCGA-BP-4162-01A_372_TS,TCGA-BP-4162,TCGA-BP-4162-01A
1,train,TCGA-BP-4162-01A_373_TS,TCGA-BP-4162,TCGA-BP-4162-01A
1,train,TCGA-BP-4163-01A_683_TS,TCGA-BP-4163,TCGA-BP-4163-01A
1,train,TCGA-BP-4163-01A_684_TS,TCGA-BP-4163,TCGA-BP-4163-01A
1,train,TCGA-BP-4163-01A_685_TS,TCGA-BP-4163,TCGA-BP-4163-01A
1,train,TCGA-BP-4170-01A_498_TS,TCGA-BP-4170,TCGA-BP-4170-01A
1,train,TCGA-BP-4170-01A_880_TS,TCGA-BP-4170,TCGA-BP-4170-01A
1,train,TCGA-BP-4173-01A_481_TS,TCGA-BP-4173,TCGA-BP-4173-01A
1,train,TCGA-BP-4173-01A_854_TS,TCGA-BP-4173,TCGA-BP-4173-01A
1,train,TCGA-BP-4177-01A_201_TS,TCGA-BP-4177,TCGA-BP-4177-01A
1,train,TCGA-BP-4177-01A_307_TS,TCGA-BP-4177,TCGA-BP-4177-01A
1,train,TCGA-BP-4326-01A_1061_TS,TCGA-BP-4326,TCGA-BP-4326-01A
1,train,TCGA-BP-4326-01A_417_TS,TCGA-BP-4326,TCGA-BP-4326-01A
1,train,TCGA-BP-4332-01A_688_TS,TCGA-BP-4332,TCGA-BP-4332-01A
1,train,TCGA-BP-4332-01A_689_TS,TCGA-BP-4332,TCGA-BP-4332-01A
1,train,TCGA-BP-4340-01A_326_TS,TCGA-BP-4340,TCGA-BP-4340-01A
1,train,TCGA-BP-4340-01A_784_TS,TCGA-BP-4340,TCGA-BP-4340-01A
1,train,TCGA-BP-4353-01A_895_TS,TCGA-BP-4353,TCGA-BP-4353-01A
1,train,TCGA-BP-4353-01A_896_TS,TCGA-BP-4353,TCGA-BP-4353-01A
1,train,TCGA-BP-4354-01A_213_TS,TCGA-BP-4354,TCGA-BP-4354-01A
1,train,TCGA-BP-4354-01A_782_TS,TCGA-BP-4354,TCGA-BP-4354-01A
1,train,TCGA-BP-4762-01A_749_TS,TCGA-BP-4762,TCGA-BP-4762-01A
1,train,TCGA-BP-4762-01A_940_TS,TCGA-BP-4762,TCGA-BP-4762-01A
1,train,TCGA-BP-4763-01A_667_TS,TCGA-BP-4763,TCGA-BP-4763-01A
1,train,TCGA-BP-4763-01A_668_TS,TCGA-BP-4763,TCGA-BP-4763-01A
1,train,TCGA-BP-4769-01A_654_TS,TCGA-BP-4769,TCGA-BP-4769-01A
1,train,TCGA-BP-4769-01A_655_TS,TCGA-BP-4769,TCGA-BP-4769-01A
1,train,TCGA-BP-4770-01A_598_TS,TCGA-BP-4770,TCGA-BP-4770-01A
1,train,TCGA-BP-4770-01A_599_TS,TCGA-BP-4770,TCGA-BP-4770-01A
1,train,TCGA-BP-4782-01A_24_TS,TCGA-BP-4782,TCGA-BP-4782-01A
1,train,TCGA-BP-4782-01A_913_TS,TCGA-BP-4782,TCGA-BP-4782-01A
1,train,TCGA-BP-4784-01A_1058_TS,TCGA-BP-4784,TCGA-BP-4784-01A
1,train,TCGA-BP-4784-01A_416_TS,TCGA-BP-4784,TCGA-BP-4784-01A
1,train,TCGA-BP-4790-01A_541_TS,TCGA-BP-4790,TCGA-BP-4790-01A
1,train,TCGA-BP-4790-01A_701_TS,TCGA-BP-4790,TCGA-BP-4790-01A
1,train,TCGA-BP-4795-01A_318_TS,TCGA-BP-4795,TCGA-BP-4795-01A
1,train,TCGA-BP-4795-01A_971_TS,TCGA-BP-4795,TCGA-BP-4795-01A
1,train,TCGA-BP-4961-01A_628_TS,TCGA-BP-4961,TCGA-BP-4961-01A
1,train,TCGA-BP-4961-01A_629_TS,TCGA-BP-4961,TCGA-BP-4961-01A
1,train,TCGA-BP-4965-01A_430_TS,TCGA-BP-4965,TCGA-BP-4965-01A
1,train,TCGA-BP-4965-01A_5_TS,TCGA-BP-4965,TCGA-BP-4965-01A
1,train,TCGA-BP-4975-01A_356_TS,TCGA-BP-4975,TCGA-BP-4975-01A
1,train,TCGA-BP-4975-01A_68_TS,TCGA-BP-4975,TCGA-BP-4975-01A
1,train,TCGA-BP-4976-01A_175_TS,TCGA-BP-4976,TCGA-BP-4976-01A
1,train,TCGA-BP-4976-01A_921_TS,TCGA-BP-4976,TCGA-BP-4976-01A
1,train,TCGA-BP-4987-01A_578_TS,TCGA-BP-4987,TCGA-BP-4987-01A
1,train,TCGA-BP-4987-01A_579_TS,TCGA-BP-4987,TCGA-BP-4987-01A
1,train,TCGA-BP-4993-01A_730_TS,TCGA-BP-4993,TCGA-BP-4993-01A
1,train,TCGA-BP-4993-01A_732_TS,TCGA-BP-4993,TCGA-BP-4993-01A
1,train,TCGA-BP-5008-01A_583_TS,TCGA-BP-5008,TCGA-BP-5008-01A
1,train,TCGA-BP-5008-01A_892_TS,TCGA-BP-5008,TCGA-BP-5008-01A
1,train,TCGA-BP-5170-01A_397_TS,TCGA-BP-5170,TCGA-BP-5170-01A
1,train,TCGA-BP-5170-01A_399_TS,TCGA-BP-5170,TCGA-BP-5170-01A
1,train,TCGA-BP-5182-01A_243_TS,TCGA-BP-5182,TCGA-BP-5182-01A
1,train,TCGA-BP-5182-01A_476_TS,TCGA-BP-5182,TCGA-BP-5182-01A
1,train,TCGA-BP-5184-01A_764_TS,TCGA-BP-5184,TCGA-BP-5184-01A
1,train,TCGA-BP-5184-01A_765_TS,TCGA-BP-5184,TCGA-BP-5184-01A
1,train,TCGA-BP-5192-01A_1001_TS,TCGA-BP-5192,TCGA-BP-5192-01A
1,train,TCGA-BP-5192-01A_820_TS,TCGA-BP-5192,TCGA-BP-5192-01A
1,train,TCGA-BP-5194-01A_129_TS,TCGA-BP-5194,TCGA-BP-5194-01A
1,train,TCGA-BP-5194-01A_132_TS,TCGA-BP-5194,TCGA-BP-5194-01A
1,train,TCGA-BP-5198-01A_1077_TS,TCGA-BP-5198,TCGA-BP-5198-01A
1,train,TCGA-BP-5198-01A_287_TS,TCGA-BP-5198,TCGA-BP-5198-01A
1,train,TCGA-BP-5199-01A_34_TS,TCGA-BP-5199,TCGA-BP-5199-01A
1,train,TCGA-BP-5199-01A_920_TS,TCGA-BP-5199,TCGA-BP-5199-01A
1,train,TCGA-CJ-4637-01A_140_TS,TCGA-CJ-4637,TCGA-CJ-4637-01A
1,train,TCGA-CJ-4637-01A_141_TS,TCGA-CJ-4637,TCGA-CJ-4637-01A
1,train,TCGA-CJ-4637-01A_276_TS,TCGA-CJ-4637,TCGA-CJ-4637-01A
1,train,TCGA-CJ-4639-01A_118_TS,TCGA-CJ-4639,TCGA-CJ-4639-01A
1,train,TCGA-CJ-4639-01A_120_TS,TCGA-CJ-4639,TCGA-CJ-4639-01A
1,train,TCGA-CJ-4639-01A_401_TS,TCGA-CJ-4639,TCGA-CJ-4639-01A
1,train,TCGA-CJ-4642-01B_166_TS,TCGA-CJ-4642,TCGA-CJ-4642-01B
1,train,TCGA-CJ-4642-01B_26_TS,TCGA-CJ-4642,TCGA-CJ-4642-01B
1,train,TCGA-CJ-4642-01B_728_TS,TCGA-CJ-4642,TCGA-CJ-4642-01B
1,train,TCGA-CJ-4643-01A_184_TS,TCGA-CJ-4643,TCGA-CJ-4643-01A
1,train,TCGA-CJ-4643-01A_185_TS,TCGA-CJ-4643,TCGA-CJ-4643-01A
1,train,TCGA-CJ-4643-01A_947_TS,TCGA-CJ-4643,TCGA-CJ-4643-01A
1,train,TCGA-CJ-4868-01A_239_TS,TCGA-CJ-4868,TCGA-CJ-4868-01A
1,train,TCGA-CJ-4868-01A_93_TS,TCGA-CJ-4868,TCGA-CJ-4868-01A
1,train,TCGA-CJ-4869-01A_6_TS,TCGA-CJ-4869,TCGA-CJ-4869-01A
1,train,TCGA-CJ-4869-01A_909_TS,TCGA-CJ-4869,TCGA-CJ-4869-01A
1,train,TCGA-CJ-4874-01A_222_TS,TCGA-CJ-4874,TCGA-CJ-4874-01A
1,train,TCGA-CJ-4874-01A_817_TS,TCGA-CJ-4874,TCGA-CJ-4874-01A
1,train,TCGA-CJ-4876-01A_665_TS,TCGA-CJ-4876,TCGA-CJ-4876-01A
1,train,TCGA-CJ-4876-01A_666_TS,TCGA-CJ-4876,TCGA-CJ-4876-01A
1,train,TCGA-CJ-4885-01A_1017_TS,TCGA-CJ-4885,TCGA-CJ-4885-01A
1,train,TCGA-CJ-4885-01A_86_TS,TCGA-CJ-4885,TCGA-CJ-4885-01A
1,train,TCGA-CJ-4886-01A_205_TS,TCGA-CJ-4886,TCGA-CJ-4886-01A
1,train,TCGA-CJ-4886-01A_771_TS,TCGA-CJ-4886,TCGA-CJ-4886-01A
1,train,TCGA-CJ-4892-01A_1064_TS,TCGA-CJ-4892,TCGA-CJ-4892-01A
1,train,TCGA-CJ-4892-01A_422_TS,TCGA-CJ-4892,TCGA-CJ-4892-01A
1,train,TCGA-CJ-4893-01A_195_TS,TCGA-CJ-4893,TCGA-CJ-4893-01A
1,train,TCGA-CJ-4893-01A_955_TS,TCGA-CJ-4893,TCGA-CJ-4893-01A
1,train,TCGA-CJ-4899-01A_294_TS,TCGA-CJ-4899,TCGA-CJ-4899-01A
1,train,TCGA-CJ-4899-01A_426_TS,TCGA-CJ-4899,TCGA-CJ-4899-01A
1,train,TCGA-CJ-4900-01A_317_TS,TCGA-CJ-4900,TCGA-CJ-4900-01A
1,train,TCGA-CJ-4900-01A_968_TS,TCGA-CJ-4900,TCGA-CJ-4900-01A
1,train,TCGA-CJ-4905-01A_196_TS,TCGA-CJ-4905,TCGA-CJ-4905-01A
1,train,TCGA-CJ-4905-01A_198_TS,TCGA-CJ-4905,TCGA-CJ-4905-01A
1,train,TCGA-CJ-4907-01A_388_TS,TCGA-CJ-4907,TCGA-CJ-4907-01A
1,train,TCGA-CJ-4907-01A_404_TS,TCGA-CJ-4907,TCGA-CJ-4907-01A
1,train,TCGA-CJ-4923-01A_100_TS,TCGA-CJ-4923,TCGA-CJ-4923-01A
1,train,TCGA-CJ-4923-01A_387_TS,TCGA-CJ-4923,TCGA-CJ-4923-01A
1,train,TCGA-CJ-5671-01A_286_TS,TCGA-CJ-5671,TCGA-CJ-5671-01A
1,train,TCGA-CJ-5671-01A_508_TS,TCGA-CJ-5671,TCGA-CJ-5671-01A
1,train,TCGA-CJ-5678-01A_1060_TS,TCGA-CJ-5678,TCGA-CJ-5678-01A
1,train,TCGA-CJ-5678-01A_418_TS,TCGA-CJ-5678,TCGA-CJ-5678-01A
1,train,TCGA-CJ-5680-01A_262_TS,TCGA-CJ-5680,TCGA-CJ-5680-01A
1,train,TCGA-CJ-5680-01A_485_TS,TCGA-CJ-5680,TCGA-CJ-5680-01A
1,train,TCGA-CJ-5683-01A_752_TS,TCGA-CJ-5683,TCGA-CJ-5683-01A
1,train,TCGA-CJ-5683-01A_944_TS,TCGA-CJ-5683,TCGA-CJ-5683-01A
1,train,TCGA-CJ-5684-01A_888_TS,TCGA-CJ-5684,TCGA-CJ-5684-01A
1,train,TCGA-CJ-5684-01A_889_TS,TCGA-CJ-5684,TCGA-CJ-5684-01A
1,train,TCGA-CJ-6028-01A_807_TS,TCGA-CJ-6028,TCGA-CJ-6028-01A
1,train,TCGA-CJ-6028-01A_987_TS,TCGA-CJ-6028,TCGA-CJ-6028-01A
1,train,TCGA-CJ-6030-01A_903_TS,TCGA-CJ-6030,TCGA-CJ-6030-01A
1,train,TCGA-CJ-6030-01A_904_TS,TCGA-CJ-6030,TCGA-CJ-6030-01A
1,train,TCGA-CW-5580-01A_277_TS,TCGA-CW-5580,TCGA-CW-5580-01A
1,train,TCGA-CW-5580-01A_877_TS,TCGA-CW-5580,TCGA-CW-5580-01A
1,train,TCGA-CW-5581-01A_108_TS,TCGA-CW-5581,TCGA-CW-5581-01A
1,train,TCGA-CW-5583-01A_879_TS,TCGA-CW-5583,TCGA-CW-5583-01A
1,train,TCGA-CW-5584-01A_938_TS,TCGA-CW-5584,TCGA-CW-5584-01A
1,train,TCGA-CW-5584-01A_939_TS,TCGA-CW-5584,TCGA-CW-5584-01A
1,train,TCGA-CW-5588-01A_147_TS,TCGA-CW-5588,TCGA-CW-5588-01A
1,train,TCGA-CW-5588-01A_280_TS,TCGA-CW-5588,TCGA-CW-5588-01A
1,train,TCGA-CW-5589-01A_410_TS,TCGA-CW-5589,TCGA-CW-5589-01A
1,train,TCGA-CW-5589-01A_865_TS,TCGA-CW-5589,TCGA-CW-5589-01A
1,train,TCGA-CW-6087-01A_560_TS,TCGA-CW-6087,TCGA-CW-6087-01A
1,train,TCGA-CW-6087-01A_561_TS,TCGA-CW-6087,TCGA-CW-6087-01A
1,train,TCGA-CW-6088-01A_790_TS,TCGA-CW-6088,TCGA-CW-6088-01A
1,train,TCGA-CW-6088-01A_981_TS,TCGA-CW-6088,TCGA-CW-6088-01A
1,train,TCGA-CW-6097-01A_323_TS,TCGA-CW-6097,TCGA-CW-6097-01A
1,train,TCGA-CW-6097-01A_976_TS,TCGA-CW-6097,TCGA-CW-6097-01A
1,train,TCGA-CZ-4856-01A_12_TS,TCGA-CZ-4856,TCGA-CZ-4856-01A
1,train,TCGA-CZ-4856-01A_719_TS,TCGA-CZ-4856,TCGA-CZ-4856-01A
1,train,TCGA-CZ-4859-01A_792_TS,TCGA-CZ-4859,TCGA-CZ-4859-01A
1,train,TCGA-CZ-4859-01A_793_TS,TCGA-CZ-4859,TCGA-CZ-4859-01A
1,train,TCGA-CZ-4860-01A_328_TS,TCGA-CZ-4860,TCGA-CZ-4860-01A
1,train,TCGA-CZ-4860-01A_330_TS,TCGA-CZ-4860,TCGA-CZ-4860-01A
1,train,TCGA-CZ-4863-01A_1070_TS,TCGA-CZ-4863,TCGA-CZ-4863-01A
1,train,TCGA-CZ-4863-01A_151_TS,TCGA-CZ-4863,TCGA-CZ-4863-01A
1,train,TCGA-CZ-4864-01A_173_TS,TCGA-CZ-4864,TCGA-CZ-4864-01A
1,train,TCGA-CZ-4864-01A_35_TS,TCGA-CZ-4864,TCGA-CZ-4864-01A
1,train,TCGA-CZ-5451-01A_1080_TS,TCGA-CZ-5451,TCGA-CZ-5451-01A
1,train,TCGA-CZ-5451-01A_425_TS,TCGA-CZ-5451,TCGA-CZ-5451-01A
1,train,TCGA-CZ-5452-01A_692_TS,TCGA-CZ-5452,TCGA-CZ-5452-01A
1,train,TCGA-CZ-5452-01A_693_TS,TCGA-CZ-5452,TCGA-CZ-5452-01A
1,train,TCGA-CZ-5456-01A_327_TS,TCGA-CZ-5456,TCGA-CZ-5456-01A
1,train,TCGA-CZ-5456-01A_786_TS,TCGA-CZ-5456,TCGA-CZ-5456-01A
1,train,TCGA-CZ-5457-01A_531_TS,TCGA-CZ-5457,TCGA-CZ-5457-01A
1,train,TCGA-CZ-5457-01A_532_TS,TCGA-CZ-5457,TCGA-CZ-5457-01A
1,train,TCGA-CZ-5462-01A_343_TS,TCGA-CZ-5462,TCGA-CZ-5462-01A
1,train,TCGA-CZ-5462-01A_805_TS,TCGA-CZ-5462,TCGA-CZ-5462-01A
1,train,TCGA-CZ-5463-01A_209_TS,TCGA-CZ-5463,TCGA-CZ-5463-01A
1,train,TCGA-CZ-5463-01A_458_TS,TCGA-CZ-5463,TCGA-CZ-5463-01A
1,train,TCGA-CZ-5467-01A_584_TS,TCGA-CZ-5467,TCGA-CZ-5467-01A
1,train,TCGA-CZ-5467-01A_585_TS,TCGA-CZ-5467,TCGA-CZ-5467-01A
1,train,TCGA-CZ-5468-01A_279_TS,TCGA-CZ-5468,TCGA-CZ-5468-01A
1,train,TCGA-CZ-5468-01A_496_TS,TCGA-CZ-5468,TCGA-CZ-5468-01A
1,train,TCGA-CZ-5982-01A_1076_TS,TCGA-CZ-5982,TCGA-CZ-5982-01A
1,train,TCGA-CZ-5982-01A_510_TS,TCGA-CZ-5982,TCGA-CZ-5982-01A
1,train,TCGA-CZ-5984-01A_753_TS,TCGA-CZ-5984,TCGA-CZ-5984-01A
1,train,TCGA-CZ-5984-01A_754_TS,TCGA-CZ-5984,TCGA-CZ-5984-01A
1,train,TCGA-CZ-5988-01A_537_TS,TCGA-CZ-5988,TCGA-CZ-5988-01A
1,train,TCGA-CZ-5988-01A_538_TS,TCGA-CZ-5988,TCGA-CZ-5988-01A
1,train,TCGA-DV-5566-01A_46_TS,TCGA-DV-5566,TCGA-DV-5566-01A
1,train,TCGA-DV-5566-01A_750_TS,TCGA-DV-5566,TCGA-DV-5566-01A
1,train,TCGA-DV-5569-01A_447_TS,TCGA-DV-5569,TCGA-DV-5569-01A
1,train,TCGA-DV-5569-01A_449_TS,TCGA-DV-5569,TCGA-DV-5569-01A
1,train,TCGA-DV-5573-01A_772_TS,TCGA-DV-5573,TCGA-DV-5573-01A
1,train,TCGA-DV-5573-01A_964_TS,TCGA-DV-5573,TCGA-DV-5573-01A
1,train,TCGA-DV-5576-01A_739_TS,TCGA-DV-5576,TCGA-DV-5576-01A
1,train,TCGA-DV-5576-01A_925_TS,TCGA-DV-5576,TCGA-DV-5576-01A
1,train,TCGA-DV-A4W0-01A_211_TS,TCGA-DV-A4W0,TCGA-DV-A4W0-01A
1,train,TCGA-EU-5904-01A_224_TS,TCGA-EU-5904,TCGA-EU-5904-01A
1,train,TCGA-EU-5904-01A_363_TS,TCGA-EU-5904,TCGA-EU-5904-01A
1,train,TCGA-EU-5907-01A_470_TS,TCGA-EU-5907,TCGA-EU-5907-01A
1,train,TCGA-EU-5907-01A_471_TS,TCGA-EU-5907,TCGA-EU-5907-01A
1,train,TCGA-G6-A8L6-01A_1029_TS,TCGA-G6-A8L6,TCGA-G6-A8L6-01A
1,train,TCGA-MM-A563-01A_785_TS,TCGA-MM-A563,TCGA-MM-A563-01A
1,train,TCGA-MW-A4EC-01A_580_TS,TCGA-MW-A4EC,TCGA-MW-A4EC-01A
1,val,TCGA-A3-3308-01A_796_TS,TCGA-A3-3308,TCGA-A3-3308-01A
1,val,TCGA-A3-3308-01A_975_TS,TCGA-A3-3308,TCGA-A3-3308-01A
1,val,TCGA-A3-3308-01A_977_TS,TCGA-A3-3308,TCGA-A3-3308-01A
1,val,TCGA-A3-3346-01A_143_TS,TCGA-A3-3346,TCGA-A3-3346-01A
1,val,TCGA-A3-3346-01A_501_TS,TCGA-A3-3346,TCGA-A3-3346-01A
1,val,TCGA-A3-3347-01A_251_TS,TCGA-A3-3347,TCGA-A3-3347-01A
1,val,TCGA-A3-3347-01A_850_TS,TCGA-A3-3347,TCGA-A3-3347-01A
1,val,TCGA-A3-3347-01A_851_TS,TCGA-A3-3347,TCGA-A3-3347-01A
1,val,TCGA-A3-3363-01A_261_TS,TCGA-A3-3363,TCGA-A3-3363-01A
1,val,TCGA-A3-3363-01A_487_TS,TCGA-A3-3363,TCGA-A3-3363-01A
1,val,TCGA-A3-3378-01A_341_TS,TCGA-A3-3378,TCGA-A3-3378-01A
1,val,TCGA-A3-3378-01A_342_TS,TCGA-A3-3378,TCGA-A3-3378-01A
1,val,TCGA-A3-3378-01A_983_TS,TCGA-A3-3378,TCGA-A3-3378-01A
1,val,TCGA-A3-3387-01A_1078_TS,TCGA-A3-3387,TCGA-A3-3387-01A
1,val,TCGA-A3-3387-01A_886_TS,TCGA-A3-3387,TCGA-A3-3387-01A
1,val,TCGA-A3-A6NI-01A_67_TS,TCGA-A3-A6NI,TCGA-A3-A6NI-01A
1,val,TCGA-A3-A6NL-01A_264_TS,TCGA-A3-A6NL,TCGA-A3-A6NL-01A
1,val,TCGA-A3-A8OV-01A_303_TS,TCGA-A3-A8OV,TCGA-A3-A8OV-01A
1,val,TCGA-AK-3431-01A_1033_TS,TCGA-AK-3431,TCGA-AK-3431-01A
1,val,TCGA-AK-3431-01A_852_TS,TCGA-AK-3431,TCGA-AK-3431-01A
1,val,TCGA-AK-3436-01A_43_TS,TCGA-AK-3436,TCGA-AK-3436-01A
1,val,TCGA-AK-3436-01A_741_TS,TCGA-AK-3436,TCGA-AK-3436-01A
1,val,TCGA-AK-3436-01A_928_TS,TCGA-AK-3436,TCGA-AK-3436-01A
1,val,TCGA-AK-3455-01A_178_TS,TCGA-AK-3455,TCGA-AK-3455-01A
1,val,TCGA-AK-3455-01A_179_TS,TCGA-AK-3455,TCGA-AK-3455-01A
1,val,TCGA-B0-4690-01A_941_TS,TCGA-B0-4690,TCGA-B0-4690-01A
1,val,TCGA-B0-4690-01A_943_TS,TCGA-B0-4690,TCGA-B0-4690-01A
1,val,TCGA-B0-4697-01A_469_TS,TCGA-B0-4697,TCGA-B0-4697-01A
1,val,TCGA-B0-4697-01A_845_TS,TCGA-B0-4697,TCGA-B0-4697-01A
1,val,TCGA-B0-4701-01A_135_TS,TCGA-B0-4701,TCGA-B0-4701-01A
1,val,TCGA-B0-4701-01A_490_TS,TCGA-B0-4701,TCGA-B0-4701-01A
1,val,TCGA-B0-4810-01A_117_TS,TCGA-B0-4810,TCGA-B0-4810-01A
1,val,TCGA-B0-4810-01A_479_TS,TCGA-B0-4810,TCGA-B0-4810-01A
1,val,TCGA-B0-4818-01A_218_TS,TCGA-B0-4818,TCGA-B0-4818-01A
1,val,TCGA-B0-4818-01A_228_TS,TCGA-B0-4818,TCGA-B0-4818-01A
1,val,TCGA-B0-4836-01A_344_TS,TCGA-B0-4836,TCGA-B0-4836-01A
1,val,TCGA-B0-4836-01A_345_TS,TCGA-B0-4836,TCGA-B0-4836-01A
1,val,TCGA-B0-4849-01A_1074_TS,TCGA-B0-4849,TCGA-B0-4849-01A
1,val,TCGA-B0-4849-01A_509_TS,TCGA-B0-4849,TCGA-B0-4849-01A
1,val,TCGA-B0-5096-01A_804_TS,TCGA-B0-5096,TCGA-B0-5096-01A
1,val,TCGA-B0-5096-01A_986_TS,TCGA-B0-5096,TCGA-B0-5096-01A
1,val,TCGA-B0-5108-01A_448_TS,TCGA-B0-5108,TCGA-B0-5108-01A
1,val,TCGA-B0-5108-01A_942_TS,TCGA-B0-5108,TCGA-B0-5108-01A
1,val,TCGA-B0-5115-01A_124_TS,TCGA-B0-5115,TCGA-B0-5115-01A
1,val,TCGA-B0-5115-01A_858_TS,TCGA-B0-5115,TCGA-B0-5115-01A
1,val,TCGA-B0-5400-01A_1055_TS,TCGA-B0-5400,TCGA-B0-5400-01A
1,val,TCGA-B0-5400-01A_413_TS,TCGA-B0-5400,TCGA-B0-5400-01A
1,val,TCGA-B0-5692-01A_808_TS,TCGA-B0-5692,TCGA-B0-5692-01A
1,val,TCGA-B0-5692-01A_988_TS,TCGA-B0-5692,TCGA-B0-5692-01A
1,val,TCGA-B0-5697-01A_663_TS,TCGA-B0-5697,TCGA-B0-5697-01A
1,val,TCGA-B0-5697-01A_664_TS,TCGA-B0-5697,TCGA-B0-5697-01A
1,val,TCGA-B0-5701-01A_154_TS,TCGA-B0-5701,TCGA-B0-5701-01A
1,val,TCGA-B0-5701-01A_157_TS,TCGA-B0-5701,TCGA-B0-5701-01A
1,val,TCGA-B0-5707-01A_1013_TS,TCGA-B0-5707,TCGA-B0-5707-01A
1,val,TCGA-B0-5707-01A_840_TS,TCGA-B0-5707,TCGA-B0-5707-01A
1,val,TCGA-B0-5712-01A_207_TS,TCGA-B0-5712,TCGA-B0-5712-01A
1,val,TCGA-B0-5712-01A_775_TS,TCGA-B0-5712,TCGA-B0-5712-01A
1,val,TCGA-B2-4099-01A_474_TS,TCGA-B2-4099,TCGA-B2-4099-01A
1,val,TCGA-B2-4099-01A_841_TS,TCGA-B2-4099,TCGA-B2-4099-01A
1,val,TCGA-B2-5639-01A_916_TS,TCGA-B2-5639,TCGA-B2-5639-01A
1,val,TCGA-B2-5639-01A_917_TS,TCGA-B2-5639,TCGA-B2-5639-01A
1,val,TCGA-B2-A4SR-01A_548_TS,TCGA-B2-A4SR,TCGA-B2-A4SR-01A
1,val,TCGA-B4-5832-01A_415_TS,TCGA-B4-5832,TCGA-B4-5832-01A
1,val,TCGA-B4-5832-01A_873_TS,TCGA-B4-5832,TCGA-B4-5832-01A
1,val,TCGA-B4-5838-01A_411_TS,TCGA-B4-5838,TCGA-B4-5838-01A
1,val,TCGA-B4-5838-01A_488_TS,TCGA-B4-5838,TCGA-B4-5838-01A
1,val,TCGA-B8-4146-01B_614_TS,TCGA-B8-4146,TCGA-B8-4146-01B
1,val,TCGA-B8-4146-01B_615_TS,TCGA-B8-4146,TCGA-B8-4146-01B
1,val,TCGA-B8-4148-01A_20_TS,TCGA-B8-4148,TCGA-B8-4148-01A
1,val,TCGA-B8-4148-01A_726_TS,TCGA-B8-4148,TCGA-B8-4148-01A
1,val,TCGA-B8-4148-01A_918_TS,TCGA-B8-4148,TCGA-B8-4148-01A
1,val,TCGA-B8-5159-01A_160_TS,TCGA-B8-5159,TCGA-B8-5159-01A
1,val,TCGA-B8-5159-01A_890_TS,TCGA-B8-5159,TCGA-B8-5159-01A
1,val,TCGA-B8-5165-01A_190_TS,TCGA-B8-5165,TCGA-B8-5165-01A
1,val,TCGA-B8-5165-01A_755_TS,TCGA-B8-5165,TCGA-B8-5165-01A
1,val,TCGA-B8-5550-01A_133_TS,TCGA-B8-5550,TCGA-B8-5550-01A
1,val,TCGA-B8-5550-01A_266_TS,TCGA-B8-5550,TCGA-B8-5550-01A
1,val,TCGA-B8-A54I-01A_52_TS,TCGA-B8-A54I,TCGA-B8-A54I-01A
1,val,TCGA-B8-A8YJ-01A_453_TS,TCGA-B8-A8YJ,TCGA-B8-A8YJ-01A
1,val,TCGA-BP-4160-01A_1_TS,TCGA-BP-4160,TCGA-BP-4160-01A
1,val,TCGA-BP-4160-01A_906_TS,TCGA-BP-4160,TCGA-BP-4160-01A
1,val,TCGA-BP-4164-01A_933_TS,TCGA-BP-4164,TCGA-BP-4164-01A
1,val,TCGA-BP-4164-01A_934_TS,TCGA-BP-4164,TCGA-BP-4164-01A
1,val,TCGA-BP-4164-01A_937_TS,TCGA-BP-4164,TCGA-BP-4164-01A
1,val,TCGA-BP-4174-01A_192_TS,TCGA-BP-4174,TCGA-BP-4174-01A
1,val,TCGA-BP-4174-01A_760_TS,TCGA-BP-4174,TCGA-BP-4174-01A
1,val,TCGA-BP-4330-01A_554_TS,TCGA-BP-4330,TCGA-BP-4330-01A
1,val,TCGA-BP-4330-01A_555_TS,TCGA-BP-4330,TCGA-BP-4330-01A
1,val,TCGA-BP-4343-01A_371_TS,TCGA-BP-4343,TCGA-BP-4343-01A
1,val,TCGA-BP-4343-01A_824_TS,TCGA-BP-4343,TCGA-BP-4343-01A
1,val,TCGA-BP-4760-01A_11_TS,TCGA-BP-4760,TCGA-BP-4760-01A
1,val,TCGA-BP-4760-01A_722_TS,TCGA-BP-4760,TCGA-BP-4760-01A
1,val,TCGA-BP-4765-01A_220_TS,TCGA-BP-4765,TCGA-BP-4765-01A
1,val,TCGA-BP-4765-01A_357_TS,TCGA-BP-4765,TCGA-BP-4765-01A
1,val,TCGA-BP-4775-01A_897_TS,TCGA-BP-4775,TCGA-BP-4775-01A
1,val,TCGA-BP-4775-01A_898_TS,TCGA-BP-4775,TCGA-BP-4775-01A
1,val,TCGA-BP-4787-01A_1043_TS,TCGA-BP-4787,TCGA-BP-4787-01A
1,val,TCGA-BP-4787-01A_864_TS,TCGA-BP-4787,TCGA-BP-4787-01A
1,val,TCGA-BP-4801-01A_594_TS,TCGA-BP-4801,TCGA-BP-4801-01A
1,val,TCGA-BP-4801-01A_595_TS,TCGA-BP-4801,TCGA-BP-4801-01A
1,val,TCGA-BP-4970-01A_570_TS,TCGA-BP-4970,TCGA-BP-4970-01A
1,val,TCGA-BP-4970-01A_571_TS,TCGA-BP-4970,TCGA-BP-4970-01A
1,val,TCGA-BP-4982-01A_366_TS,TCGA-BP-4982,TCGA-BP-4982-01A
1,val,TCGA-BP-4982-01A_819_TS,TCGA-BP-4982,TCGA-BP-4982-01A
1,val,TCGA-BP-5004-01A_331_TS,TCGA-BP-5004,TCGA-BP-5004-01A
1,val,TCGA-BP-5004-01A_788_TS,TCGA-BP-5004,TCGA-BP-5004-01A
1,val,TCGA-BP-5173-01A_600_TS,TCGA-BP-5173,TCGA-BP-5173-01A
1,val,TCGA-BP-5173-01A_601_TS,TCGA-BP-5173,TCGA-BP-5173-01A
1,val,TCGA-BP-5186-01A_1030_TS,TCGA-BP-5186,TCGA-BP-5186-01A
1,val,TCGA-BP-5186-01A_394_TS,TCGA-BP-5186,TCGA-BP-5186-01A
1,val,TCGA-BP-5195-01A_183_TS,TCGA-BP-5195,TCGA-BP-5195-01A
1,val,TCGA-BP-5195-01A_456_TS,TCGA-BP-5195,TCGA-BP-5195-01A
1,val,TCGA-BP-5202-01A_586_TS,TCGA-BP-5202,TCGA-BP-5202-01A
1,val,TCGA-BP-5202-01A_587_TS,TCGA-BP-5202,TCGA-BP-5202-01A
1,val,TCGA-CJ-4640-01A_335_TS,TCGA-CJ-4640,TCGA-CJ-4640-01A
1,val,TCGA-CJ-4640-01A_797_TS,TCGA-CJ-4640,TCGA-CJ-4640-01A
1,val,TCGA-CJ-4640-01A_798_TS,TCGA-CJ-4640,TCGA-CJ-4640-01A
1,val,TCGA-CJ-4644-01A_293_TS,TCGA-CJ-4644,TCGA-CJ-4644-01A
1,val,TCGA-CJ-4644-01A_423_TS,TCGA-CJ-4644,TCGA-CJ-4644-01A
1,val,TCGA-CJ-4644-01A_519_TS,TCGA-CJ-4644,TCGA-CJ-4644-01A
1,val,TCGA-CJ-4870-01A_1063_TS,TCGA-CJ-4870,TCGA-CJ-4870-01A
1,val,TCGA-CJ-4870-01A_492_TS,TCGA-CJ-4870,TCGA-CJ-4870-01A
1,val,TCGA-CJ-4878-01A_1053_TS,TCGA-CJ-4878,TCGA-CJ-4878-01A
1,val,TCGA-CJ-4878-01A_269_TS,TCGA-CJ-4878,TCGA-CJ-4878-01A
1,val,TCGA-CJ-4889-01A_545_TS,TCGA-CJ-4889,TCGA-CJ-4889-01A
1,val,TCGA-CJ-4889-01A_546_TS,TCGA-CJ-4889,TCGA-CJ-4889-01A
1,val,TCGA-CJ-4894-01A_723_TS,TCGA-CJ-4894,TCGA-CJ-4894-01A
1,val,TCGA-CJ-4894-01A_724_TS,TCGA-CJ-4894,TCGA-CJ-4894-01A
1,val,TCGA-CJ-4902-01A_219_TS,TCGA-CJ-4902,TCGA-CJ-4902-01A
1,val,TCGA-CJ-4902-01A_359_TS,TCGA-CJ-4902,TCGA-CJ-4902-01A
1,val,TCGA-CJ-4908-01A_308_TS,TCGA-CJ-4908,TCGA-CJ-4908-01A
1,val,TCGA-CJ-4908-01A_763_TS,TCGA-CJ-4908,TCGA-CJ-4908-01A
1,val,TCGA-CJ-5675-01A_620_TS,TCGA-CJ-5675,TCGA-CJ-5675-01A
1,val,TCGA-CJ-5675-01A_621_TS,TCGA-CJ-5675,TCGA-CJ-5675-01A
1,val,TCGA-CJ-5681-01A_241_TS,TCGA-CJ-5681,TCGA-CJ-5681-01A
1,val,TCGA-CJ-5681-01A_384_TS,TCGA-CJ-5681,TCGA-CJ-5681-01A
1,val,TCGA-CJ-5686-01A_233_TS,TCGA-CJ-5686,TCGA-CJ-5686-01A
1,val,TCGA-CJ-5686-01A_234_TS,TCGA-CJ-5686,TCGA-CJ-5686-01A
1,val,TCGA-CJ-6032-01A_564_TS,TCGA-CJ-6032,TCGA-CJ-6032-01A
1,val,TCGA-CJ-6032-01A_565_TS,TCGA-CJ-6032,TCGA-CJ-6032-01A
1,val,TCGA-CW-5585-01A_464_TS,TCGA-CW-5585,TCGA-CW-5585-01A
1,val,TCGA-CW-5585-01A_835_TS,TCGA-CW-5585,TCGA-CW-5585-01A
1,val,TCGA-CW-5590-01A_521_TS,TCGA-CW-5590,TCGA-CW-5590-01A
1,val,TCGA-CW-5590-01A_891_TS,TCGA-CW-5590,TCGA-CW-5590-01A
1,val,TCGA-CW-6090-01A_1047_TS,TCGA-CW-6090,TCGA-CW-6090-01A
1,val,TCGA-CW-6090-01A_486_TS,TCGA-CW-6090,TCGA-CW-6090-01A
1,val,TCGA-CZ-4857-01A_637_TS,TCGA-CZ-4857,TCGA-CZ-4857-01A
1,val,TCGA-CZ-4857-01A_638_TS,TCGA-CZ-4857,TCGA-CZ-4857-01A
1,val,TCGA-CZ-4861-01A_893_TS,TCGA-CZ-4861,TCGA-CZ-4861-01A
1,val,TCGA-CZ-4861-01A_894_TS,TCGA-CZ-4861,TCGA-CZ-4861-01A
1,val,TCGA-CZ-4865-01A_172_TS,TCGA-CZ-4865,TCGA-CZ-4865-01A
1,val,TCGA-CZ-4865-01A_443_TS,TCGA-CZ-4865,TCGA-CZ-4865-01A
1,val,TCGA-CZ-5454-01A_53_TS,TCGA-CZ-5454,TCGA-CZ-5454-01A
1,val,TCGA-CZ-5454-01A_974_TS,TCGA-CZ-5454,TCGA-CZ-5454-01A
1,val,TCGA-CZ-5458-01A_353_TS,TCGA-CZ-5458,TCGA-CZ-5458-01A
1,val,TCGA-CZ-5458-01A_811_TS,TCGA-CZ-5458,TCGA-CZ-5458-01A
1,val,TCGA-CZ-5459-01A_80_TS,TCGA-CZ-5459,TCGA-CZ-5459-01A
1,val,TCGA-CZ-5465-01A_783_TS,TCGA-CZ-5465,TCGA-CZ-5465-01A
1,val,TCGA-CZ-5465-01A_973_TS,TCGA-CZ-5465,TCGA-CZ-5465-01A
1,val,TCGA-CZ-5469-01A_761_TS,TCGA-CZ-5469,TCGA-CZ-5469-01A
1,val,TCGA-CZ-5469-01A_954_TS,TCGA-CZ-5469,TCGA-CZ-5469-01A
1,val,TCGA-CZ-5985-01A_457_TS,TCGA-CZ-5985,TCGA-CZ-5985-01A
1,val,TCGA-CZ-5985-01A_957_TS,TCGA-CZ-5985,TCGA-CZ-5985-01A
1,val,TCGA-DV-5567-01A_164_TS,TCGA-DV-5567,TCGA-DV-5567-01A
1,val,TCGA-DV-5567-01A_19_TS,TCGA-DV-5567,TCGA-DV-5567-01A
1,val,TCGA-DV-5574-01A_436_TS,TCGA-DV-5574,TCGA-DV-5574-01A
1,val,TCGA-DV-5574-01A_437_TS,TCGA-DV-5574,TCGA-DV-5574-01A
1,val,TCGA-EU-5905-01A_116_TS,TCGA-EU-5905,TCGA-EU-5905-01A
1,val,TCGA-EU-5905-01A_250_TS,TCGA-EU-5905,TCGA-EU-5905-01A
1,val,TCGA-G6-A8L8-01A_825_TS,TCGA-G6-A8L8,TCGA-G6-A8L8-01A
1,val,TCGA-T7-A92I-01A_658_TS,TCGA-T7-A92I,TCGA-T7-A92I-01A
2,test,TCGA-A3-3307-01A_743_TS,TCGA-A3-3307,TCGA-A3-3307-01A
2,test,TCGA-A3-3307-01A_744_TS,TCGA-A3-3307,TCGA-A3-3307-01A
2,test,TCGA-A3-3323-01A_675_TS,TCGA-A3-3323,TCGA-A3-3323-01A
2,test,TCGA-A3-3323-01A_676_TS,TCGA-A3-3323,TCGA-A3-3323-01A
2,test,TCGA-A3-3323-01A_677_TS,TCGA-A3-3323,TCGA-A3-3323-01A
2,test,TCGA-A3-3329-01A_444_TS,TCGA-A3-3329,TCGA-A3-3329-01A
2,test,TCGA-A3-3329-01A_735_TS,TCGA-A3-3329,TCGA-A3-3329-01A
2,test,TCGA-A3-3352-01A_245_TS,TCGA-A3-3352,TCGA-A3-3352-01A
2,test,TCGA-A3-3352-01A_477_TS,TCGA-A3-3352,TCGA-A3-3352-01A
2,test,TCGA-A3-3362-01A_609_TS,TCGA-A3-3362,TCGA-A3-3362-01A
2,test,TCGA-A3-3362-01A_610_TS,TCGA-A3-3362,TCGA-A3-3362-01A
2,test,TCGA-A3-3362-01A_611_TS,TCGA-A3-3362,TCGA-A3-3362-01A
2,test,TCGA-A3-3376-01A_47_TS,TCGA-A3-3376,TCGA-A3-3376-01A
2,test,TCGA-A3-3376-01A_945_TS,TCGA-A3-3376,TCGA-A3-3376-01A
2,test,TCGA-A3-3383-01A_126_TS,TCGA-A3-3383,TCGA-A3-3383-01A
2,test,TCGA-A3-3383-01A_408_TS,TCGA-A3-3383,TCGA-A3-3383-01A
2,test,TCGA-A3-3383-01A_484_TS,TCGA-A3-3383,TCGA-A3-3383-01A
2,test,TCGA-A3-A8CQ-01A_517_TS,TCGA-A3-A8CQ,TCGA-A3-A8CQ-01A
2,test,TCGA-A3-A8OX-01A_1003_TS,TCGA-A3-A8OX,TCGA-A3-A8OX-01A
2,test,TCGA-AK-3427-01A_742_TS,TCGA-AK-3427,TCGA-AK-3427-01A
2,test,TCGA-AK-3427-01A_929_TS,TCGA-AK-3427,TCGA-AK-3427-01A
2,test,TCGA-AK-3450-01A_41_TS,TCGA-AK-3450,TCGA-AK-3450-01A
2,test,TCGA-AK-3450-01A_42_TS,TCGA-AK-3450,TCGA-AK-3450-01A
2,test,TCGA-AS-3778-01A_875_TS,TCGA-AS-3778,TCGA-AS-3778-01A
2,test,TCGA-AS-3778-01A_876_TS,TCGA-AS-3778,TCGA-AS-3778-01A
2,test,TCGA-B0-4694-01A_1019_TS,TCGA-B0-4694,TCGA-B0-4694-01A
2,test,TCGA-B0-4694-01A_88_TS,TCGA-B0-4694,TCGA-B0-4694-01A
2,test,TCGA-B0-4699-01A_562_TS,TCGA-B0-4699,TCGA-B0-4699-01A
2,test,TCGA-B0-4699-01A_563_TS,TCGA-B0-4699,TCGA-B0-4699-01A
2,test,TCGA-B0-4710-01A_1045_TS,TCGA-B0-4710,TCGA-B0-4710-01A
2,test,TCGA-B0-4710-01A_862_TS,TCGA-B0-4710,TCGA-B0-4710-01A
2,test,TCGA-B0-4815-01A_714_TS,TCGA-B0-4815,TCGA-B0-4815-01A
2,test,TCGA-B0-4815-01A_715_TS,TCGA-B0-4815,TCGA-B0-4815-01A
2,test,TCGA-B0-4823-01A_352_TS,TCGA-B0-4823,TCGA-B0-4823-01A
2,test,TCGA-B0-4823-01A_64_TS,TCGA-B0-4823,TCGA-B0-4823-01A
2,test,TCGA-B0-4846-01A_647_TS,TCGA-B0-4846,TCGA-B0-4846-01A
2,test,TCGA-B0-4846-01A_648_TS,TCGA-B0-4846,TCGA-B0-4846-01A
2,test,TCGA-B0-5094-01A_145_TS,TCGA-B0-5094,TCGA-B0-5094-01A
2,test,TCGA-B0-5094-01A_504_TS,TCGA-B0-5094,TCGA-B0-5094-01A
2,test,TCGA-B0-5100-01A_1073_TS,TCGA-B0-5100,TCGA-B0-5100-01A
2,test,TCGA-B0-5100-01A_156_TS,TCGA-B0-5100,TCGA-B0-5100-01A
2,test,TCGA-B0-5110-01A_544_TS,TCGA-B0-5110,TCGA-B0-5110-01A
2,test,TCGA-B0-5110-01A_702_TS,TCGA-B0-5110,TCGA-B0-5110-01A
2,test,TCGA-B0-5120-01A_225_TS,TCGA-B0-5120,TCGA-B0-5120-01A
2,test,TCGA-B0-5120-01A_994_TS,TCGA-B0-5120,TCGA-B0-5120-01A
2,test,TCGA-B0-5690-01A_460_TS,TCGA-B0-5690,TCGA-B0-5690-01A
2,test,TCGA-B0-5690-01A_462_TS,TCGA-B0-5690,TCGA-B0-5690-01A
2,test,TCGA-B0-5695-01A_439_TS,TCGA-B0-5695,TCGA-B0-5695-01A
2,test,TCGA-B0-5695-01A_712_TS,TCGA-B0-5695,TCGA-B0-5695-01A
2,test,TCGA-B0-5699-01A_56_TS,TCGA-B0-5699,TCGA-B0-5699-01A
2,test,TCGA-B0-5699-01A_978_TS,TCGA-B0-5699,TCGA-B0-5699-01A
2,test,TCGA-B0-5705-01A_216_TS,TCGA-B0-5705,TCGA-B0-5705-01A
2,test,TCGA-B0-5705-01A_57_TS,TCGA-B0-5705,TCGA-B0-5705-01A
2,test,TCGA-B0-5710-01A_593_TS,TCGA-B0-5710,TCGA-B0-5710-01A
2,test,TCGA-B0-5710-01A_711_TS,TCGA-B0-5710,TCGA-B0-5710-01A
2,test,TCGA-B0-5812-01A_25_TS,TCGA-B0-5812,TCGA-B0-5812-01A
2,test,TCGA-B0-5812-01A_27_TS,TCGA-B0-5812,TCGA-B0-5812-01A
2,test,TCGA-B2-3924-01A_1037_TS,TCGA-B2-3924,TCGA-B2-3924-01A
2,test,TCGA-B2-3924-01A_856_TS,TCGA-B2-3924,TCGA-B2-3924-01A
2,test,TCGA-B2-3924-01A_857_TS,TCGA-B2-3924,TCGA-B2-3924-01A
2,test,TCGA-B2-5633-01A_776_TS,TCGA-B2-5633,TCGA-B2-5633-01A
2,test,TCGA-B2-5633-01A_780_TS,TCGA-B2-5633,TCGA-B2-5633-01A
2,test,TCGA-B4-5377-01A_626_TS,TCGA-B4-5377,TCGA-B4-5377-01A
2,test,TCGA-B4-5377-01A_627_TS,TCGA-B4-5377,TCGA-B4-5377-01A
2,test,TCGA-B4-5835-01A_1023_TS,TCGA-B4-5835,TCGA-B4-5835-01A
2,test,TCGA-B4-5835-01A_240_TS,TCGA-B4-5835,TCGA-B4-5835-01A
2,test,TCGA-B4-5844-01A_516_TS,TCGA-B4-5844,TCGA-B4-5844-01A
2,test,TCGA-B4-5844-01A_518_TS,TCGA-B4-5844,TCGA-B4-5844-01A
2,test,TCGA-B8-4154-01A_505_TS,TCGA-B8-4154,TCGA-B8-4154-01A
2,test,TCGA-B8-4154-01A_506_TS,TCGA-B8-4154,TCGA-B8-4154-01A
2,test,TCGA-B8-5163-01A_633_TS,TCGA-B8-5163,TCGA-B8-5163-01A
2,test,TCGA-B8-5163-01A_634_TS,TCGA-B8-5163,TCGA-B8-5163-01A
2,test,TCGA-B8-5546-01A_60_TS,TCGA-B8-5546,TCGA-B8-5546-01A
2,test,TCGA-B8-5546-01A_787_TS,TCGA-B8-5546,TCGA-B8-5546-01A
2,test,TCGA-B8-5552-01B_203_TS,TCGA-B8-5552,TCGA-B8-5552-01B
2,test,TCGA-B8-5552-01B_768_TS,TCGA-B8-5552,TCGA-B8-5552-01B
2,test,TCGA-B8-A54G-01A_694_TS,TCGA-B8-A54G,TCGA-B8-A54G-01A
2,test,TCGA-B8-A54K-01A_30_TS,TCGA-B8-A54K,TCGA-B8-A54K-01A
2,test,TCGA-BP-4162-01A_1007_TS,TCGA-BP-4162,TCGA-BP-4162-01A
2,test,TCGA-BP-4162-01A_372_TS,TCGA-BP-4162,TCGA-BP-4162-01A
2,test,TCGA-BP-4162-01A_373_TS,TCGA-BP-4162,TCGA-BP-4162-01A
2,test,TCGA-BP-4170-01A_498_TS,TCGA-BP-4170,TCGA-BP-4170-01A
2,test,TCGA-BP-4170-01A_880_TS,TCGA-BP-4170,TCGA-BP-4170-01A
2,test,TCGA-BP-4177-01A_201_TS,TCGA-BP-4177,TCGA-BP-4177-01A
2,test,TCGA-BP-4177-01A_307_TS,TCGA-BP-4177,TCGA-BP-4177-01A
2,test,TCGA-BP-4332-01A_688_TS,TCGA-BP-4332,TCGA-BP-4332-01A
2,test,TCGA-BP-4332-01A_689_TS,TCGA-BP-4332,TCGA-BP-4332-01A
2,test,TCGA-BP-4353-01A_895_TS,TCGA-BP-4353,TCGA-BP-4353-01A
2,test,TCGA-BP-4353-01A_896_TS,TCGA-BP-4353,TCGA-BP-4353-01A
2,test,TCGA-BP-4762-01A_749_TS,TCGA-BP-4762,TCGA-BP-4762-01A
2,test,TCGA-BP-4762-01A_940_TS,TCGA-BP-4762,TCGA-BP-4762-01A
2,test,TCGA-BP-4769-01A_654_TS,TCGA-BP-4769,TCGA-BP-4769-01A
2,test,TCGA-BP-4769-01A_655_TS,TCGA-BP-4769,TCGA-BP-4769-01A
2,test,TCGA-BP-4782-01A_24_TS,TCGA-BP-4782,TCGA-BP-4782-01A
2,test,TCGA-BP-4782-01A_913_TS,TCGA-BP-4782,TCGA-BP-4782-01A
2,test,TCGA-BP-4790-01A_541_TS,TCGA-BP-4790,TCGA-BP-4790-01A
2,test,TCGA-BP-4790-01A_701_TS,TCGA-BP-4790,TCGA-BP-4790-01A
2,test,TCGA-BP-4961-01A_628_TS,TCGA-BP-4961,TCGA-BP-4961-01A
2,test,TCGA-BP-4961-01A_629_TS,TCGA-BP-4961,TCGA-BP-4961-01A
2,test,TCGA-BP-4975-01A_356_TS,TCGA-BP-4975,TCGA-BP-4975-01A
2,test,TCGA-BP-4975-01A_68_TS,TCGA-BP-4975,TCGA-BP-4975-01A
2,test,TCGA-BP-4987-01A_578_TS,TCGA-BP-4987,TCGA-BP-4987-01A
2,test,TCGA-BP-4987-01A_579_TS,TCGA-BP-4987,TCGA-BP-4987-01A
2,test,TCGA-BP-5008-01A_583_TS,TCGA-BP-5008,TCGA-BP-5008-01A
2,test,TCGA-BP-5008-01A_892_TS,TCGA-BP-5008,TCGA-BP-5008-01A
2,test,TCGA-BP-5182-01A_243_TS,TCGA-BP-5182,TCGA-BP-5182-01A
2,test,TCGA-BP-5182-01A_476_TS,TCGA-BP-5182,TCGA-BP-5182-01A
2,test,TCGA-BP-5192-01A_1001_TS,TCGA-BP-5192,TCGA-BP-5192-01A
2,test,TCGA-BP-5192-01A_820_TS,TCGA-BP-5192,TCGA-BP-5192-01A
2,test,TCGA-BP-5198-01A_1077_TS,TCGA-BP-5198,TCGA-BP-5198-01A
2,test,TCGA-BP-5198-01A_287_TS,TCGA-BP-5198,TCGA-BP-5198-01A
2,test,TCGA-CJ-4637-01A_140_TS,TCGA-CJ-4637,TCGA-CJ-4637-01A
2,test,TCGA-CJ-4637-01A_141_TS,TCGA-CJ-4637,TCGA-CJ-4637-01A
2,test,TCGA-CJ-4637-01A_276_TS,TCGA-CJ-4637,TCGA-CJ-4637-01A
2,test,TCGA-CJ-4642-01B_166_TS,TCGA-CJ-4642,TCGA-CJ-4642-01B
2,test,TCGA-CJ-4642-01B_26_TS,TCGA-CJ-4642,TCGA-CJ-4642-01B
2,test,TCGA-CJ-4642-01B_728_TS,TCGA-CJ-4642,TCGA-CJ-4642-01B
2,test,TCGA-CJ-4868-01A_239_TS,TCGA-CJ-4868,TCGA-CJ-4868-01A
2,test,TCGA-CJ-4868-01A_93_TS,TCGA-CJ-4868,TCGA-CJ-4868-01A
2,test,TCGA-CJ-4874-01A_222_TS,TCGA-CJ-4874,TCGA-CJ-4874-01A
2,test,TCGA-CJ-4874-01A_817_TS,TCGA-CJ-4874,TCGA-CJ-4874-01A
2,test,TCGA-CJ-4885-01A_1017_TS,TCGA-CJ-4885,TCGA-CJ-4885-01A
2,test,TCGA-CJ-4885-01A_86_TS,TCGA-CJ-4885,TCGA-CJ-4885-01A
2,test,TCGA-CJ-4892-01A_1064_TS,TCGA-CJ-4892,TCGA-CJ-4892-01A
2,test,TCGA-CJ-4892-01A_422_TS,TCGA-CJ-4892,TCGA-CJ-4892-01A
2,test,TCGA-CJ-4899-01A_294_TS,TCGA-CJ-4899,TCGA-CJ-4899-01A
2,test,TCGA-CJ-4899-01A_426_TS,TCGA-CJ-4899,TCGA-CJ-4899-01A
2,test,TCGA-CJ-4905-01A_196_TS,TCGA-CJ-4905,TCGA-CJ-4905-01A
2,test,TCGA-CJ-4905-01A_198_TS,TCGA-CJ-4905,TCGA-CJ-4905-01A
2,test,TCGA-CJ-4923-01A_100_TS,TCGA-CJ-4923,TCGA-CJ-4923-01A
2,test,TCGA-CJ-4923-01A_387_TS,TCGA-CJ-4923,TCGA-CJ-4923-01A
2,test,TCGA-CJ-5678-01A_1060_TS,TCGA-CJ-5678,TCGA-CJ-5678-01A
2,test,TCGA-CJ-5678-01A_418_TS,TCGA-CJ-5678,TCGA-CJ-5678-01A
2,test,TCGA-CJ-5683-01A_752_TS,TCGA-CJ-5683,TCGA-CJ-5683-01A
2,test,TCGA-CJ-5683-01A_944_TS,TCGA-CJ-5683,TCGA-CJ-5683-01A
2,test,TCGA-CJ-6028-01A_807_TS,TCGA-CJ-6028,TCGA-CJ-6028-01A
2,test,TCGA-CJ-6028-01A_987_TS,TCGA-CJ-6028,TCGA-CJ-6028-01A
2,test,TCGA-CW-5580-01A_277_TS,TCGA-CW-5580,TCGA-CW-5580-01A
2,test,TCGA-CW-5580-01A_877_TS,TCGA-CW-5580,TCGA-CW-5580-01A
2,test,TCGA-CW-5581-01A_108_TS,TCGA-CW-5581,TCGA-CW-5581-01A
2,test,TCGA-CW-5588-01A_147_TS,TCGA-CW-5588,TCGA-CW-5588-01A
2,test,TCGA-CW-5588-01A_280_TS,TCGA-CW-5588,TCGA-CW-5588-01A
2,test,TCGA-CW-6087-01A_560_TS,TCGA-CW-6087,TCGA-CW-6087-01A
2,test,TCGA-CW-6087-01A_561_TS,TCGA-CW-6087,TCGA-CW-6087-01A
2,test,TCGA-CW-6097-01A_323_TS,TCGA-CW-6097,TCGA-CW-6097-01A
2,test,TCGA-CW-6097-01A_976_TS,TCGA-CW-6097,TCGA-CW-6097-01A
2,test,TCGA-CZ-4859-01A_792_TS,TCGA-CZ-4859,TCGA-CZ-4859-01A
2,test,TCGA-CZ-4859-01A_793_TS,TCGA-CZ-4859,TCGA-CZ-4859-01A
2,test,TCGA-CZ-4863-01A_1070_TS,TCGA-CZ-4863,TCGA-CZ-4863-01A
2,test,TCGA-CZ-4863-01A_151_TS,TCGA-CZ-4863,TCGA-CZ-4863-01A
2,test,TCGA-CZ-5451-01A_1080_TS,TCGA-CZ-5451,TCGA-CZ-5451-01A
2,test,TCGA-CZ-5451-01A_425_TS,TCGA-CZ-5451,TCGA-CZ-5451-01A
2,test,TCGA-CZ-5456-01A_327_TS,TCGA-CZ-5456,TCGA-CZ-5456-01A
2,test,TCGA-CZ-5456-01A_786_TS,TCGA-CZ-5456,TCGA-CZ-5456-01A
2,test,TCGA-CZ-5462-01A_343_TS,TCGA-CZ-5462,TCGA-CZ-5462-01A
2,test,TCGA-CZ-5462-01A_805_TS,TCGA-CZ-5462,TCGA-CZ-5462-01A
2,test,TCGA-CZ-5467-01A_584_TS,TCGA-CZ-5467,TCGA-CZ-5467-01A
2,test,TCGA-CZ-5467-01A_585_TS,TCGA-CZ-5467,TCGA-CZ-5467-01A
2,test,TCGA-CZ-5982-01A_1076_TS,TCGA-CZ-5982,TCGA-CZ-5982-01A
2,test,TCGA-CZ-5982-01A_510_TS,TCGA-CZ-5982,TCGA-CZ-5982-01A
2,test,TCGA-CZ-5988-01A_537_TS,TCGA-CZ-5988,TCGA-CZ-5988-01A
2,test,TCGA-CZ-5988-01A_538_TS,TCGA-CZ-5988,TCGA-CZ-5988-01A
2,test,TCGA-DV-5569-01A_447_TS,TCGA-DV-5569,TCGA-DV-5569-01A
2,test,TCGA-DV-5569-01A_449_TS,TCGA-DV-5569,TCGA-DV-5569-01A
2,test,TCGA-DV-5576-01A_739_TS,TCGA-DV-5576,TCGA-DV-5576-01A
2,test,TCGA-DV-5576-01A_925_TS,TCGA-DV-5576,TCGA-DV-5576-01A
2,test,TCGA-DV-A4W0-01A_211_TS,TCGA-DV-A4W0,TCGA-DV-A4W0-01A
2,test,TCGA-EU-5907-01A_470_TS,TCGA-EU-5907,TCGA-EU-5907-01A
2,test,TCGA-EU-5907-01A_471_TS,TCGA-EU-5907,TCGA-EU-5907-01A
2,test,TCGA-MM-A563-01A_785_TS,TCGA-MM-A563,TCGA-MM-A563-01A
2,train,TCGA-3Z-A93Z-01A_992_TS,TCGA-3Z-A93Z,TCGA-3Z-A93Z-01A
2,train,TCGA-A3-3308-01A_796_TS,TCGA-A3-3308,TCGA-A3-3308-01A
2,train,TCGA-A3-3308-01A_975_TS,TCGA-A3-3308,TCGA-A3-3308-01A
2,train,TCGA-A3-3308-01A_977_TS,TCGA-A3-3308,TCGA-A3-3308-01A
2,train,TCGA-A3-3325-01A_433_TS,TCGA-A3-3325,TCGA-A3-3325-01A
2,train,TCGA-A3-3325-01A_7_TS,TCGA-A3-3325,TCGA-A3-3325-01A
2,train,TCGA-A3-3331-01A_158_TS,TCGA-A3-3331,TCGA-A3-3331-01A
2,train,TCGA-A3-3331-01A_290_TS,TCGA-A3-3331,TCGA-A3-3331-01A
2,train,TCGA-A3-3331-01A_887_TS,TCGA-A3-3331,TCGA-A3-3331-01A
2,train,TCGA-A3-3343-01A_165_TS,TCGA-A3-3343,TCGA-A3-3343-01A
2,train,TCGA-A3-3343-01A_21_TS,TCGA-A3-3343,TCGA-A3-3343-01A
2,train,TCGA-A3-3346-01A_143_TS,TCGA-A3-3346,TCGA-A3-3346-01A
2,train,TCGA-A3-3346-01A_501_TS,TCGA-A3-3346,TCGA-A3-3346-01A
2,train,TCGA-A3-3347-01A_251_TS,TCGA-A3-3347,TCGA-A3-3347-01A
2,train,TCGA-A3-3347-01A_850_TS,TCGA-A3-3347,TCGA-A3-3347-01A
2,train,TCGA-A3-3347-01A_851_TS,TCGA-A3-3347,TCGA-A3-3347-01A
2,train,TCGA-A3-3359-01A_10_TS,TCGA-A3-3359,TCGA-A3-3359-01A
2,train,TCGA-A3-3359-01A_9_TS,TCGA-A3-3359,TCGA-A3-3359-01A
2,train,TCGA-A3-3363-01A_261_TS,TCGA-A3-3363,TCGA-A3-3363-01A
2,train,TCGA-A3-3363-01A_487_TS,TCGA-A3-3363,TCGA-A3-3363-01A
2,train,TCGA-A3-3372-01A_1014_TS,TCGA-A3-3372,TCGA-A3-3372-01A
2,train,TCGA-A3-3372-01A_232_TS,TCGA-A3-3372,TCGA-A3-3372-01A
2,train,TCGA-A3-3372-01A_83_TS,TCGA-A3-3372,TCGA-A3-3372-01A
2,train,TCGA-A3-3378-01A_341_TS,TCGA-A3-3378,TCGA-A3-3378-01A
2,train,TCGA-A3-3378-01A_342_TS,TCGA-A3-3378,TCGA-A3-3378-01A
2,train,TCGA-A3-3378-01A_983_TS,TCGA-A3-3378,TCGA-A3-3378-01A
2,train,TCGA-A3-3380-01A_155_TS,TCGA-A3-3380,TCGA-A3-3380-01A
2,train,TCGA-A3-3380-01A_502_TS,TCGA-A3-3380,TCGA-A3-3380-01A
2,train,TCGA-A3-3387-01A_1078_TS,TCGA-A3-3387,TCGA-A3-3387-01A
2,train,TCGA-A3-3387-01A_886_TS,TCGA-A3-3387,TCGA-A3-3387-01A
2,train,TCGA-A3-A6NI-01A_67_TS,TCGA-A3-A6NI,TCGA-A3-A6NI-01A
2,train,TCGA-A3-A6NJ-01A_1075_TS,TCGA-A3-A6NJ,TCGA-A3-A6NJ-01A
2,train,TCGA-A3-A6NL-01A_264_TS,TCGA-A3-A6NL,TCGA-A3-A6NL-01A
2,train,TCGA-A3-A8OU-01A_543_TS,TCGA-A3-A8OU,TCGA-A3-A8OU-01A
2,train,TCGA-A3-A8OV-01A_303_TS,TCGA-A3-A8OV,TCGA-A3-A8OV-01A
2,train,TCGA-AK-3428-01A_288_TS,TCGA-AK-3428,TCGA-AK-3428-01A
2,train,TCGA-AK-3428-01A_512_TS,TCGA-AK-3428,TCGA-AK-3428-01A
2,train,TCGA-AK-3429-01A_39_TS,TCGA-AK-3429,TCGA-AK-3429-01A
2,train,TCGA-AK-3429-01A_923_TS,TCGA-AK-3429,TCGA-AK-3429-01A
2,train,TCGA-AK-3429-01A_924_TS,TCGA-AK-3429,TCGA-AK-3429-01A
2,train,TCGA-AK-3431-01A_1033_TS,TCGA-AK-3431,TCGA-AK-3431-01A
2,train,TCGA-AK-3431-01A_852_TS,TCGA-AK-3431,TCGA-AK-3431-01A
2,train,TCGA-AK-3436-01A_43_TS,TCGA-AK-3436,TCGA-AK-3436-01A
2,train,TCGA-AK-3436-01A_741_TS,TCGA-AK-3436,TCGA-AK-3436-01A
2,train,TCGA-AK-3436-01A_928_TS,TCGA-AK-3436,TCGA-AK-3436-01A
2,train,TCGA-AK-3451-01A_22_TS,TCGA-AK-3451,TCGA-AK-3451-01A
2,train,TCGA-AK-3451-01A_23_TS,TCGA-AK-3451,TCGA-AK-3451-01A
2,train,TCGA-AK-3455-01A_178_TS,TCGA-AK-3455,TCGA-AK-3455-01A
2,train,TCGA-AK-3455-01A_179_TS,TCGA-AK-3455,TCGA-AK-3455-01A
2,train,TCGA-B0-4688-01A_77_TS,TCGA-B0-4688,TCGA-B0-4688-01A
2,train,TCGA-B0-4688-01A_78_TS,TCGA-B0-4688,TCGA-B0-4688-01A
2,train,TCGA-B0-4690-01A_941_TS,TCGA-B0-4690,TCGA-B0-4690-01A
2,train,TCGA-B0-4690-01A_943_TS,TCGA-B0-4690,TCGA-B0-4690-01A
2,train,TCGA-B0-4696-01A_378_TS,TCGA-B0-4696,TCGA-B0-4696-01A
2,train,TCGA-B0-4696-01A_843_TS,TCGA-B0-4696,TCGA-B0-4696-01A
2,train,TCGA-B0-4697-01A_469_TS,TCGA-B0-4697,TCGA-B0-4697-01A
2,train,TCGA-B0-4697-01A_845_TS,TCGA-B0-4697,TCGA-B0-4697-01A
2,train,TCGA-B0-4700-01A_193_TS,TCGA-B0-4700,TCGA-B0-4700-01A
2,train,TCGA-B0-4700-01A_953_TS,TCGA-B0-4700,TCGA-B0-4700-01A
2,train,TCGA-B0-4701-01A_135_TS,TCGA-B0-4701,TCGA-B0-4701-01A
2,train,TCGA-B0-4701-01A_490_TS,TCGA-B0-4701,TCGA-B0-4701-01A
2,train,TCGA-B0-4712-01A_0_TS,TCGA-B0-4712,TCGA-B0-4712-01A
2,train,TCGA-B0-4712-01A_716_TS,TCGA-B0-4712,TCGA-B0-4712-01A
2,train,TCGA-B0-4810-01A_117_TS,TCGA-B0-4810,TCGA-B0-4810-01A
2,train,TCGA-B0-4810-01A_479_TS,TCGA-B0-4810,TCGA-B0-4810-01A
2,train,TCGA-B0-4816-01A_369_TS,TCGA-B0-4816,TCGA-B0-4816-01A
2,train,TCGA-B0-4816-01A_822_TS,TCGA-B0-4816,TCGA-B0-4816-01A
2,train,TCGA-B0-4818-01A_218_TS,TCGA-B0-4818,TCGA-B0-4818-01A
2,train,TCGA-B0-4818-01A_228_TS,TCGA-B0-4818,TCGA-B0-4818-01A
2,train,TCGA-B0-4827-01A_370_TS,TCGA-B0-4827,TCGA-B0-4827-01A
2,train,TCGA-B0-4827-01A_827_TS,TCGA-B0-4827,TCGA-B0-4827-01A
2,train,TCGA-B0-4836-01A_344_TS,TCGA-B0-4836,TCGA-B0-4836-01A
2,train,TCGA-B0-4836-01A_345_TS,TCGA-B0-4836,TCGA-B0-4836-01A
2,train,TCGA-B0-4848-01A_236_TS,TCGA-B0-4848,TCGA-B0-4848-01A
2,train,TCGA-B0-4848-01A_844_TS,TCGA-B0-4848,TCGA-B0-4848-01A
2,train,TCGA-B0-4849-01A_1074_TS,TCGA-B0-4849,TCGA-B0-4849-01A
2,train,TCGA-B0-4849-01A_509_TS,TCGA-B0-4849,TCGA-B0-4849-01A
2,train,TCGA-B0-5095-01A_73_TS,TCGA-B0-5095,TCGA-B0-5095-01A
2,train,TCGA-B0-5095-01A_818_TS,TCGA-B0-5095,TCGA-B0-5095-01A
2,train,TCGA-B0-5096-01A_804_TS,TCGA-B0-5096,TCGA-B0-5096-01A
2,train,TCGA-B0-5096-01A_986_TS,TCGA-B0-5096,TCGA-B0-5096-01A
2,train,TCGA-B0-5107-01A_1057_TS,TCGA-B0-5107,TCGA-B0-5107-01A
2,train,TCGA-B0-5107-01A_137_TS,TCGA-B0-5107,TCGA-B0-5107-01A
2,train,TCGA-B0-5108-01A_448_TS,TCGA-B0-5108,TCGA-B0-5108-01A
2,train,TCGA-B0-5108-01A_942_TS,TCGA-B0-5108,TCGA-B0-5108-01A
2,train,TCGA-B0-5113-01A_393_TS,TCGA-B0-5113,TCGA-B0-5113-01A
2,train,TCGA-B0-5113-01A_478_TS,TCGA-B0-5113,TCGA-B0-5113-01A
2,train,TCGA-B0-5115-01A_124_TS,TCGA-B0-5115,TCGA-B0-5115-01A
2,train,TCGA-B0-5115-01A_858_TS,TCGA-B0-5115,TCGA-B0-5115-01A
2,train,TCGA-B0-5399-01A_550_TS,TCGA-B0-5399,TCGA-B0-5399-01A
2,train,TCGA-B0-5399-01A_551_TS,TCGA-B0-5399,TCGA-B0-5399-01A
2,train,TCGA-B0-5400-01A_1055_TS,TCGA-B0-5400,TCGA-B0-5400-01A
2,train,TCGA-B0-5400-01A_413_TS,TCGA-B0-5400,TCGA-B0-5400-01A
2,train,TCGA-B0-5691-01A_930_TS,TCGA-B0-5691,TCGA-B0-5691-01A
2,train,TCGA-B0-5691-01A_931_TS,TCGA-B0-5691,TCGA-B0-5691-01A
2,train,TCGA-B0-5692-01A_808_TS,TCGA-B0-5692,TCGA-B0-5692-01A
2,train,TCGA-B0-5692-01A_988_TS,TCGA-B0-5692,TCGA-B0-5692-01A
2,train,TCGA-B0-5696-01A_382_TS,TCGA-B0-5696,TCGA-B0-5696-01A
2,train,TCGA-B0-5696-01A_98_TS,TCGA-B0-5696,TCGA-B0-5696-01A
2,train,TCGA-B0-5697-01A_663_TS,TCGA-B0-5697,TCGA-B0-5697-01A
2,train,TCGA-B0-5697-01A_664_TS,TCGA-B0-5697,TCGA-B0-5697-01A
2,train,TCGA-B0-5700-01A_489_TS,TCGA-B0-5700,TCGA-B0-5700-01A
2,train,TCGA-B0-5700-01A_866_TS,TCGA-B0-5700,TCGA-B0-5700-01A
2,train,TCGA-B0-5701-01A_154_TS,TCGA-B0-5701,TCGA-B0-5701-01A
2,train,TCGA-B0-5701-01A_157_TS,TCGA-B0-5701,TCGA-B0-5701-01A
2,train,TCGA-B0-5706-01A_109_TS,TCGA-B0-5706,TCGA-B0-5706-01A
2,train,TCGA-B0-5706-01A_847_TS,TCGA-B0-5706,TCGA-B0-5706-01A
2,train,TCGA-B0-5707-01A_1013_TS,TCGA-B0-5707,TCGA-B0-5707-01A
2,train,TCGA-B0-5707-01A_840_TS,TCGA-B0-5707,TCGA-B0-5707-01A
2,train,TCGA-B0-5711-01A_1069_TS,TCGA-B0-5711,TCGA-B0-5711-01A
2,train,TCGA-B0-5711-01A_281_TS,TCGA-B0-5711,TCGA-B0-5711-01A
2,train,TCGA-B0-5712-01A_207_TS,TCGA-B0-5712,TCGA-B0-5712-01A
2,train,TCGA-B0-5712-01A_775_TS,TCGA-B0-5712,TCGA-B0-5712-01A
2,train,TCGA-B2-3923-01B_1021_TS,TCGA-B2-3923,TCGA-B2-3923-01B
2,train,TCGA-B2-3923-01B_466_TS,TCGA-B2-3923,TCGA-B2-3923-01B
2,train,TCGA-B2-4099-01A_474_TS,TCGA-B2-4099,TCGA-B2-4099-01A
2,train,TCGA-B2-4099-01A_841_TS,TCGA-B2-4099,TCGA-B2-4099-01A
2,train,TCGA-B2-4102-01A_208_TS,TCGA-B2-4102,TCGA-B2-4102-01A
2,train,TCGA-B2-4102-01A_969_TS,TCGA-B2-4102,TCGA-B2-4102-01A
2,train,TCGA-B2-4102-01A_970_TS,TCGA-B2-4102,TCGA-B2-4102-01A
2,train,TCGA-B2-5635-01A_450_TS,TCGA-B2-5635,TCGA-B2-5635-01A
2,train,TCGA-B2-5635-01A_452_TS,TCGA-B2-5635,TCGA-B2-5635-01A
2,train,TCGA-B2-5636-01A_695_TS,TCGA-B2-5636,TCGA-B2-5636-01A
2,train,TCGA-B2-5639-01A_916_TS,TCGA-B2-5639,TCGA-B2-5639-01A
2,train,TCGA-B2-5639-01A_917_TS,TCGA-B2-5639,TCGA-B2-5639-01A
2,train,TCGA-B2-A4SR-01A_548_TS,TCGA-B2-A4SR,TCGA-B2-A4SR-01A
2,train,TCGA-B4-5378-01A_406_TS,TCGA-B4-5378,TCGA-B4-5378-01A
2,train,TCGA-B4-5378-01A_407_TS,TCGA-B4-5378,TCGA-B4-5378-01A
2,train,TCGA-B4-5832-01A_415_TS,TCGA-B4-5832,TCGA-B4-5832-01A
2,train,TCGA-B4-5832-01A_873_TS,TCGA-B4-5832,TCGA-B4-5832-01A
2,train,TCGA-B4-5836-01A_186_TS,TCGA-B4-5836,TCGA-B4-5836-01A
2,train,TCGA-B4-5836-01A_298_TS,TCGA-B4-5836,TCGA-B4-5836-01A
2,train,TCGA-B4-5838-01A_411_TS,TCGA-B4-5838,TCGA-B4-5838-01A
2,train,TCGA-B4-5838-01A_488_TS,TCGA-B4-5838,TCGA-B4-5838-01A
2,train,TCGA-B8-4143-01A_661_TS,TCGA-B8-4143,TCGA-B8-4143-01A
2,train,TCGA-B8-4143-01A_662_TS,TCGA-B8-4143,TCGA-B8-4143-01A
2,train,TCGA-B8-4146-01B_614_TS,TCGA-B8-4146,TCGA-B8-4146-01B
2,train,TCGA-B8-4146-01B_615_TS,TCGA-B8-4146,TCGA-B8-4146-01B
2,train,TCGA-B8-4148-01A_20_TS,TCGA-B8-4148,TCGA-B8-4148-01A
2,train,TCGA-B8-4148-01A_726_TS,TCGA-B8-4148,TCGA-B8-4148-01A
2,train,TCGA-B8-4148-01A_918_TS,TCGA-B8-4148,TCGA-B8-4148-01A
2,train,TCGA-B8-5158-01A_678_TS,TCGA-B8-5158,TCGA-B8-5158-01A
2,train,TCGA-B8-5158-01A_679_TS,TCGA-B8-5158,TCGA-B8-5158-01A
2,train,TCGA-B8-5159-01A_160_TS,TCGA-B8-5159,TCGA-B8-5159-01A
2,train,TCGA-B8-5159-01A_890_TS,TCGA-B8-5159,TCGA-B8-5159-01A
2,train,TCGA-B8-5164-01A_1008_TS,TCGA-B8-5164,TCGA-B8-5164-01A
2,train,TCGA-B8-5164-01A_834_TS,TCGA-B8-5164,TCGA-B8-5164-01A
2,train,TCGA-B8-5165-01A_190_TS,TCGA-B8-5165,TCGA-B8-5165-01A
2,train,TCGA-B8-5165-01A_755_TS,TCGA-B8-5165,TCGA-B8-5165-01A
2,train,TCGA-B8-5549-01A_291_TS,TCGA-B8-5549,TCGA-B8-5549-01A
2,train,TCGA-B8-5549-01A_515_TS,TCGA-B8-5549,TCGA-B8-5549-01A
2,train,TCGA-B8-5550-01A_133_TS,TCGA-B8-5550,TCGA-B8-5550-01A
2,train,TCGA-B8-5550-01A_266_TS,TCGA-B8-5550,TCGA-B8-5550-01A
2,train,TCGA-B8-5553-01A_274_TS,TCGA-B8-5553,TCGA-B8-5553-01A
2,train,TCGA-B8-5553-01A_421_TS,TCGA-B8-5553,TCGA-B8-5553-01A
2,train,TCGA-B8-A54H-01A_848_TS,TCGA-B8-A54H,TCGA-B8-A54H-01A
2,train,TCGA-B8-A54I-01A_52_TS,TCGA-B8-A54I,TCGA-B8-A54I-01A
2,train,TCGA-B8-A7U6-01A_979_TS,TCGA-B8-A7U6,TCGA-B8-A7U6-01A
2,train,TCGA-B8-A8YJ-01A_453_TS,TCGA-B8-A8YJ,TCGA-B8-A8YJ-01A
2,train,TCGA-BP-4160-01A_1_TS,TCGA-BP-4160,TCGA-BP-4160-01A
2,train,TCGA-BP-4160-01A_906_TS,TCGA-BP-4160,TCGA-BP-4160-01A
2,train,TCGA-BP-4163-01A_683_TS,TCGA-BP-4163,TCGA-BP-4163-01A
2,train,TCGA-BP-4163-01A_684_TS,TCGA-BP-4163,TCGA-BP-4163-01A
2,train,TCGA-BP-4163-01A_685_TS,TCGA-BP-4163,TCGA-BP-4163-01A
2,train,TCGA-BP-4164-01A_933_TS,TCGA-BP-4164,TCGA-BP-4164-01A
2,train,TCGA-BP-4164-01A_934_TS,TCGA-BP-4164,TCGA-BP-4164-01A
2,train,TCGA-BP-4164-01A_937_TS,TCGA-BP-4164,TCGA-BP-4164-01A
2,train,TCGA-BP-4173-01A_481_TS,TCGA-BP-4173,TCGA-BP-4173-01A
2,train,TCGA-BP-4173-01A_854_TS,TCGA-BP-4173,TCGA-BP-4173-01A
2,train,TCGA-BP-4174-01A_192_TS,TCGA-BP-4174,TCGA-BP-4174-01A
2,train,TCGA-BP-4174-01A_760_TS,TCGA-BP-4174,TCGA-BP-4174-01A
2,train,TCGA-BP-4326-01A_1061_TS,TCGA-BP-4326,TCGA-BP-4326-01A
2,train,TCGA-BP-4326-01A_417_TS,TCGA-BP-4326,TCGA-BP-4326-01A
2,train,TCGA-BP-4330-01A_554_TS,TCGA-BP-4330,TCGA-BP-4330-01A
2,train,TCGA-BP-4330-01A_555_TS,TCGA-BP-4330,TCGA-BP-4330-01A
2,train,TCGA-BP-4340-01A_326_TS,TCGA-BP-4340,TCGA-BP-4340-01A
2,train,TCGA-BP-4340-01A_784_TS,TCGA-BP-4340,TCGA-BP-4340-01A
2,train,TCGA-BP-4343-01A_371_TS,TCGA-BP-4343,TCGA-BP-4343-01A
2,train,TCGA-BP-4343-01A_824_TS,TCGA-BP-4343,TCGA-BP-4343-01A
2,train,TCGA-BP-4354-01A_213_TS,TCGA-BP-4354,TCGA-BP-4354-01A
2,train,TCGA-BP-4354-01A_782_TS,TCGA-BP-4354,TCGA-BP-4354-01A
2,train,TCGA-BP-4760-01A_11_TS,TCGA-BP-4760,TCGA-BP-4760-01A
2,train,TCGA-BP-4760-01A_722_TS,TCGA-BP-4760,TCGA-BP-4760-01A
2,train,TCGA-BP-4763-01A_667_TS,TCGA-BP-4763,TCGA-BP-4763-01A
2,train,TCGA-BP-4763-01A_668_TS,TCGA-BP-4763,TCGA-BP-4763-01A
2,train,TCGA-BP-4765-01A_220_TS,TCGA-BP-4765,TCGA-BP-4765-01A
2,train,TCGA-BP-4765-01A_357_TS,TCGA-BP-4765,TCGA-BP-4765-01A
2,train,TCGA-BP-4770-01A_598_TS,TCGA-BP-4770,TCGA-BP-4770-01A
2,train,TCGA-BP-4770-01A_599_TS,TCGA-BP-4770,TCGA-BP-4770-01A
2,train,TCGA-BP-4775-01A_897_TS,TCGA-BP-4775,TCGA-BP-4775-01A
2,train,TCGA-BP-4775-01A_898_TS,TCGA-BP-4775,TCGA-BP-4775-01A
2,train,TCGA-BP-4784-01A_1058_TS,TCGA-BP-4784,TCGA-BP-4784-01A
2,train,TCGA-BP-4784-01A_416_TS,TCGA-BP-4784,TCGA-BP-4784-01A
2,train,TCGA-BP-4787-01A_1043_TS,TCGA-BP-4787,TCGA-BP-4787-01A
2,train,TCGA-BP-4787-01A_864_TS,TCGA-BP-4787,TCGA-BP-4787-01A
2,train,TCGA-BP-4795-01A_318_TS,TCGA-BP-4795,TCGA-BP-4795-01A
2,train,TCGA-BP-4795-01A_971_TS,TCGA-BP-4795,TCGA-BP-4795-01A
2,train,TCGA-BP-4801-01A_594_TS,TCGA-BP-4801,TCGA-BP-4801-01A
2,train,TCGA-BP-4801-01A_595_TS,TCGA-BP-4801,TCGA-BP-4801-01A
2,train,TCGA-BP-4965-01A_430_TS,TCGA-BP-4965,TCGA-BP-4965-01A
2,train,TCGA-BP-4965-01A_5_TS,TCGA-BP-4965,TCGA-BP-4965-01A
2,train,TCGA-BP-4970-01A_570_TS,TCGA-BP-4970,TCGA-BP-4970-01A
2,train,TCGA-BP-4970-01A_571_TS,TCGA-BP-4970,TCGA-BP-4970-01A
2,train,TCGA-BP-4976-01A_175_TS,TCGA-BP-4976,TCGA-BP-4976-01A
2,train,TCGA-BP-4976-01A_921_TS,TCGA-BP-4976,TCGA-BP-4976-01A
2,train,TCGA-BP-4982-01A_366_TS,TCGA-BP-4982,TCGA-BP-4982-01A
2,train,TCGA-BP-4982-01A_819_TS,TCGA-BP-4982,TCGA-BP-4982-01A
2,train,TCGA-BP-4993-01A_730_TS,TCGA-BP-4993,TCGA-BP-4993-01A
2,train,TCGA-BP-4993-01A_732_TS,TCGA-BP-4993,TCGA-BP-4993-01A
2,train,TCGA-BP-5004-01A_331_TS,TCGA-BP-5004,TCGA-BP-5004-01A
2,train,TCGA-BP-5004-01A_788_TS,TCGA-BP-5004,TCGA-BP-5004-01A
2,train,TCGA-BP-5170-01A_397_TS,TCGA-BP-5170,TCGA-BP-5170-01A
2,train,TCGA-BP-5170-01A_399_TS,TCGA-BP-5170,TCGA-BP-5170-01A
2,train,TCGA-BP-5173-01A_600_TS,TCGA-BP-5173,TCGA-BP-5173-01A
2,train,TCGA-BP-5173-01A_601_TS,TCGA-BP-5173,TCGA-BP-5173-01A
2,train,TCGA-BP-5184-01A_764_TS,TCGA-BP-5184,TCGA-BP-5184-01A
2,train,TCGA-BP-5184-01A_765_TS,TCGA-BP-5184,TCGA-BP-5184-01A
2,train,TCGA-BP-5186-01A_1030_TS,TCGA-BP-5186,TCGA-BP-5186-01A
2,train,TCGA-BP-5186-01A_394_TS,TCGA-BP-5186,TCGA-BP-5186-01A
2,train,TCGA-BP-5194-01A_129_TS,TCGA-BP-5194,TCGA-BP-5194-01A
2,train,TCGA-BP-5194-01A_132_TS,TCGA-BP-5194,TCGA-BP-5194-01A
2,train,TCGA-BP-5195-01A_183_TS,TCGA-BP-5195,TCGA-BP-5195-01A
2,train,TCGA-BP-5195-01A_456_TS,TCGA-BP-5195,TCGA-BP-5195-01A
2,train,TCGA-BP-5199-01A_34_TS,TCGA-BP-5199,TCGA-BP-5199-01A
2,train,TCGA-BP-5199-01A_920_TS,TCGA-BP-5199,TCGA-BP-5199-01A
2,train,TCGA-BP-5202-01A_586_TS,TCGA-BP-5202,TCGA-BP-5202-01A
2,train,TCGA-BP-5202-01A_587_TS,TCGA-BP-5202,TCGA-BP-5202-01A
2,train,TCGA-CJ-4639-01A_118_TS,TCGA-CJ-4639,TCGA-CJ-4639-01A
2,train,TCGA-CJ-4639-01A_120_TS,TCGA-CJ-4639,TCGA-CJ-4639-01A
2,train,TCGA-CJ-4639-01A_401_TS,TCGA-CJ-4639,TCGA-CJ-4639-01A
2,train,TCGA-CJ-4640-01A_335_TS,TCGA-CJ-4640,TCGA-CJ-4640-01A
2,train,TCGA-CJ-4640-01A_797_TS,TCGA-CJ-4640,TCGA-CJ-4640-01A
2,train,TCGA-CJ-4640-01A_798_TS,TCGA-CJ-4640,TCGA-CJ-4640-01A
2,train,TCGA-CJ-4643-01A_184_TS,TCGA-CJ-4643,TCGA-CJ-4643-01A
2,train,TCGA-CJ-4643-01A_185_TS,TCGA-CJ-4643,TCGA-CJ-4643-01A
2,train,TCGA-CJ-4643-01A_947_TS,TCGA-CJ-4643,TCGA-CJ-4643-01A
2,train,TCGA-CJ-4644-01A_293_TS,TCGA-CJ-4644,TCGA-CJ-4644-01A
2,train,TCGA-CJ-4644-01A_423_TS,TCGA-CJ-4644,TCGA-CJ-4644-01A
2,train,TCGA-CJ-4644-01A_519_TS,TCGA-CJ-4644,TCGA-CJ-4644-01A
2,train,TCGA-CJ-4869-01A_6_TS,TCGA-CJ-4869,TCGA-CJ-4869-01A
2,train,TCGA-CJ-4869-01A_909_TS,TCGA-CJ-4869,TCGA-CJ-4869-01A
2,train,TCGA-CJ-4870-01A_1063_TS,TCGA-CJ-4870,TCGA-CJ-4870-01A
2,train,TCGA-CJ-4870-01A_492_TS,TCGA-CJ-4870,TCGA-CJ-4870-01A
2,train,TCGA-CJ-4876-01A_665_TS,TCGA-CJ-4876,TCGA-CJ-4876-01A
2,train,TCGA-CJ-4876-01A_666_TS,TCGA-CJ-4876,TCGA-CJ-4876-01A
2,train,TCGA-CJ-4878-01A_1053_TS,TCGA-CJ-4878,TCGA-CJ-4878-01A
2,train,TCGA-CJ-4878-01A_269_TS,TCGA-CJ-4878,TCGA-CJ-4878-01A
2,train,TCGA-CJ-4886-01A_205_TS,TCGA-CJ-4886,TCGA-CJ-4886-01A
2,train,TCGA-CJ-4886-01A_771_TS,TCGA-CJ-4886,TCGA-CJ-4886-01A
2,train,TCGA-CJ-4889-01A_545_TS,TCGA-CJ-4889,TCGA-CJ-4889-01A
2,train,TCGA-CJ-4889-01A_546_TS,TCGA-CJ-4889,TCGA-CJ-4889-01A
2,train,TCGA-CJ-4893-01A_195_TS,TCGA-CJ-4893,TCGA-CJ-4893-01A
2,train,TCGA-CJ-4893-01A_955_TS,TCGA-CJ-4893,TCGA-CJ-4893-01A
2,train,TCGA-CJ-4894-01A_723_TS,TCGA-CJ-4894,TCGA-CJ-4894-01A
2,train,TCGA-CJ-4894-01A_724_TS,TCGA-CJ-4894,TCGA-CJ-4894-01A
2,train,TCGA-CJ-4900-01A_317_TS,TCGA-CJ-4900,TCGA-CJ-4900-01A
2,train,TCGA-CJ-4900-01A_968_TS,TCGA-CJ-4900,TCGA-CJ-4900-01A
2,train,TCGA-CJ-4902-01A_219_TS,TCGA-CJ-4902,TCGA-CJ-4902-01A
2,train,TCGA-CJ-4902-01A_359_TS,TCGA-CJ-4902,TCGA-CJ-4902-01A
2,train,TCGA-CJ-4907-01A_388_TS,TCGA-CJ-4907,TCGA-CJ-4907-01A
2,train,TCGA-CJ-4907-01A_404_TS,TCGA-CJ-4907,TCGA-CJ-4907-01A
2,train,TCGA-CJ-4908-01A_308_TS,TCGA-CJ-4908,TCGA-CJ-4908-01A
2,train,TCGA-CJ-4908-01A_763_TS,TCGA-CJ-4908,TCGA-CJ-4908-01A
2,train,TCGA-CJ-5671-01A_286_TS,TCGA-CJ-5671,TCGA-CJ-5671-01A
2,train,TCGA-CJ-5671-01A_508_TS,TCGA-CJ-5671,TCGA-CJ-5671-01A
2,train,TCGA-CJ-5675-01A_620_TS,TCGA-CJ-5675,TCGA-CJ-5675-01A
2,train,TCGA-CJ-5675-01A_621_TS,TCGA-CJ-5675,TCGA-CJ-5675-01A
2,train,TCGA-CJ-5680-01A_262_TS,TCGA-CJ-5680,TCGA-CJ-5680-01A
2,train,TCGA-CJ-5680-01A_485_TS,TCGA-CJ-5680,TCGA-CJ-5680-01A
2,train,TCGA-CJ-5681-01A_241_TS,TCGA-CJ-5681,TCGA-CJ-5681-01A
2,train,TCGA-CJ-5681-01A_384_TS,TCGA-CJ-5681,TCGA-CJ-5681-01A
2,train,TCGA-CJ-5684-01A_888_TS,TCGA-CJ-5684,TCGA-CJ-5684-01A
2,train,TCGA-CJ-5684-01A_889_TS,TCGA-CJ-5684,TCGA-CJ-5684-01A
2,train,TCGA-CJ-5686-01A_233_TS,TCGA-CJ-5686,TCGA-CJ-5686-01A
2,train,TCGA-CJ-5686-01A_234_TS,TCGA-CJ-5686,TCGA-CJ-5686-01A
2,train,TCGA-CJ-6030-01A_903_TS,TCGA-CJ-6030,TCGA-CJ-6030-01A
2,train,TCGA-CJ-6030-01A_904_TS,TCGA-CJ-6030,TCGA-CJ-6030-01A
2,train,TCGA-CJ-6032-01A_564_TS,TCGA-CJ-6032,TCGA-CJ-6032-01A
2,train,TCGA-CJ-6032-01A_565_TS,TCGA-CJ-6032,TCGA-CJ-6032-01A
2,train,TCGA-CW-5583-01A_879_TS,TCGA-CW-5583,TCGA-CW-5583-01A
2,train,TCGA-CW-5584-01A_938_TS,TCGA-CW-5584,TCGA-CW-5584-01A
2,train,TCGA-CW-5584-01A_939_TS,TCGA-CW-5584,TCGA-CW-5584-01A
2,train,TCGA-CW-5585-01A_464_TS,TCGA-CW-5585,TCGA-CW-5585-01A
2,train,TCGA-CW-5585-01A_835_TS,TCGA-CW-5585,TCGA-CW-5585-01A
2,train,TCGA-CW-5589-01A_410_TS,TCGA-CW-5589,TCGA-CW-5589-01A
2,train,TCGA-CW-5589-01A_865_TS,TCGA-CW-5589,TCGA-CW-5589-01A
2,train,TCGA-CW-5590-01A_521_TS,TCGA-CW-5590,TCGA-CW-5590-01A
2,train,TCGA-CW-5590-01A_891_TS,TCGA-CW-5590,TCGA-CW-5590-01A
2,train,TCGA-CW-6088-01A_790_TS,TCGA-CW-6088,TCGA-CW-6088-01A
2,train,TCGA-CW-6088-01A_981_TS,TCGA-CW-6088,TCGA-CW-6088-01A
2,train,TCGA-CW-6090-01A_1047_TS,TCGA-CW-6090,TCGA-CW-6090-01A
2,train,TCGA-CW-6090-01A_486_TS,TCGA-CW-6090,TCGA-CW-6090-01A
2,train,TCGA-CZ-4856-01A_12_TS,TCGA-CZ-4856,TCGA-CZ-4856-01A
2,train,TCGA-CZ-4856-01A_719_TS,TCGA-CZ-4856,TCGA-CZ-4856-01A
2,train,TCGA-CZ-4857-01A_637_TS,TCGA-CZ-4857,TCGA-CZ-4857-01A
2,train,TCGA-CZ-4857-01A_638_TS,TCGA-CZ-4857,TCGA-CZ-4857-01A
2,train,TCGA-CZ-4860-01A_328_TS,TCGA-CZ-4860,TCGA-CZ-4860-01A
2,train,TCGA-CZ-4860-01A_330_TS,TCGA-CZ-4860,TCGA-CZ-4860-01A
2,train,TCGA-CZ-4861-01A_893_TS,TCGA-CZ-4861,TCGA-CZ-4861-01A
2,train,TCGA-CZ-4861-01A_894_TS,TCGA-CZ-4861,TCGA-CZ-4861-01A
2,train,TCGA-CZ-4864-01A_173_TS,TCGA-CZ-4864,TCGA-CZ-4864-01A
2,train,TCGA-CZ-4864-01A_35_TS,TCGA-CZ-4864,TCGA-CZ-4864-01A
2,train,TCGA-CZ-4865-01A_172_TS,TCGA-CZ-4865,TCGA-CZ-4865-01A
2,train,TCGA-CZ-4865-01A_443_TS,TCGA-CZ-4865,TCGA-CZ-4865-01A
2,train,TCGA-CZ-5452-01A_692_TS,TCGA-CZ-5452,TCGA-CZ-5452-01A
2,train,TCGA-CZ-5452-01A_693_TS,TCGA-CZ-5452,TCGA-CZ-5452-01A
2,train,TCGA-CZ-5454-01A_53_TS,TCGA-CZ-5454,TCGA-CZ-5454-01A
2,train,TCGA-CZ-5454-01A_974_TS,TCGA-CZ-5454,TCGA-CZ-5454-01A
2,train,TCGA-CZ-5457-01A_531_TS,TCGA-CZ-5457,TCGA-CZ-5457-01A
2,train,TCGA-CZ-5457-01A_532_TS,TCGA-CZ-5457,TCGA-CZ-5457-01A
2,train,TCGA-CZ-5458-01A_353_TS,TCGA-CZ-5458,TCGA-CZ-5458-01A
2,train,TCGA-CZ-5458-01A_811_TS,TCGA-CZ-5458,TCGA-CZ-5458-01A
2,train,TCGA-CZ-5459-01A_80_TS,TCGA-CZ-5459,TCGA-CZ-5459-01A
2,train,TCGA-CZ-5463-01A_209_TS,TCGA-CZ-5463,TCGA-CZ-5463-01A
2,train,TCGA-CZ-5463-01A_458_TS,TCGA-CZ-5463,TCGA-CZ-5463-01A
2,train,TCGA-CZ-5465-01A_783_TS,TCGA-CZ-5465,TCGA-CZ-5465-01A
2,train,TCGA-CZ-5465-01A_973_TS,TCGA-CZ-5465,TCGA-CZ-5465-01A
2,train,TCGA-CZ-5468-01A_279_TS,TCGA-CZ-5468,TCGA-CZ-5468-01A
2,train,TCGA-CZ-5468-01A_496_TS,TCGA-CZ-5468,TCGA-CZ-5468-01A
2,train,TCGA-CZ-5469-01A_761_TS,TCGA-CZ-5469,TCGA-CZ-5469-01A
2,train,TCGA-CZ-5469-01A_954_TS,TCGA-CZ-5469,TCGA-CZ-5469-01A
2,train,TCGA-CZ-5984-01A_753_TS,TCGA-CZ-5984,TCGA-CZ-5984-01A
2,train,TCGA-CZ-5984-01A_754_TS,TCGA-CZ-5984,TCGA-CZ-5984-01A
2,train,TCGA-CZ-5985-01A_457_TS,TCGA-CZ-5985,TCGA-CZ-5985-01A
2,train,TCGA-CZ-5985-01A_957_TS,TCGA-CZ-5985,TCGA-CZ-5985-01A
2,train,TCGA-DV-5566-01A_46_TS,TCGA-DV-5566,TCGA-DV-5566-01A
2,train,TCGA-DV-5566-01A_750_TS,TCGA-DV-5566,TCGA-DV-5566-01A
2,train,TCGA-DV-5567-01A_164_TS,TCGA-DV-5567,TCGA-DV-5567-01A
2,train,TCGA-DV-5567-01A_19_TS,TCGA-DV-5567,TCGA-DV-5567-01A
2,train,TCGA-DV-5573-01A_772_TS,TCGA-DV-5573,TCGA-DV-5573-01A
2,train,TCGA-DV-5573-01A_964_TS,TCGA-DV-5573,TCGA-DV-5573-01A
2,train,TCGA-DV-5574-01A_436_TS,TCGA-DV-5574,TCGA-DV-5574-01A
2,train,TCGA-DV-5574-01A_437_TS,TCGA-DV-5574,TCGA-DV-5574-01A
2,train,TCGA-EU-5904-01A_224_TS,TCGA-EU-5904,TCGA-EU-5904-01A
2,train,TCGA-EU-5904-01A_363_TS,TCGA-EU-5904,TCGA-EU-5904-01A
2,train,TCGA-EU-5905-01A_116_TS,TCGA-EU-5905,TCGA-EU-5905-01A
2,train,TCGA-EU-5905-01A_250_TS,TCGA-EU-5905,TCGA-EU-5905-01A
2,train,TCGA-G6-A8L6-01A_1029_TS,TCGA-G6-A8L6,TCGA-G6-A8L6-01A
2,train,TCGA-G6-A8L8-01A_825_TS,TCGA-G6-A8L8,TCGA-G6-A8L8-01A
2,train,TCGA-MW-A4EC-01A_580_TS,TCGA-MW-A4EC,TCGA-MW-A4EC-01A
2,train,TCGA-T7-A92I-01A_658_TS,TCGA-T7-A92I,TCGA-T7-A92I-01A
2,val,TCGA-A3-3306-01A_227_TS,TCGA-A3-3306,TCGA-A3-3306-01A
2,val,TCGA-A3-3306-01A_74_TS,TCGA-A3-3306,TCGA-A3-3306-01A
2,val,TCGA-A3-3320-01A_1048_TS,TCGA-A3-3320,TCGA-A3-3320-01A
2,val,TCGA-A3-3320-01A_127_TS,TCGA-A3-3320,TCGA-A3-3320-01A
2,val,TCGA-A3-3320-01A_409_TS,TCGA-A3-3320,TCGA-A3-3320-01A
2,val,TCGA-A3-3326-01A_112_TS,TCGA-A3-3326,TCGA-A3-3326-01A
2,val,TCGA-A3-3326-01A_849_TS,TCGA-A3-3326,TCGA-A3-3326-01A
2,val,TCGA-A3-3349-01A_1020_TS,TCGA-A3-3349,TCGA-A3-3349-01A
2,val,TCGA-A3-3349-01A_235_TS,TCGA-A3-3349,TCGA-A3-3349-01A
2,val,TCGA-A3-3351-01A_523_TS,TCGA-A3-3351,TCGA-A3-3351-01A
2,val,TCGA-A3-3351-01A_524_TS,TCGA-A3-3351,TCGA-A3-3351-01A
2,val,TCGA-A3-3351-01A_525_TS,TCGA-A3-3351,TCGA-A3-3351-01A
2,val,TCGA-A3-3365-01A_237_TS,TCGA-A3-3365,TCGA-A3-3365-01A
2,val,TCGA-A3-3365-01A_465_TS,TCGA-A3-3365,TCGA-A3-3365-01A
2,val,TCGA-A3-3382-01A_187_TS,TCGA-A3-3382,TCGA-A3-3382-01A
2,val,TCGA-A3-3382-01A_188_TS,TCGA-A3-3382,TCGA-A3-3382-01A
2,val,TCGA-A3-3382-01A_300_TS,TCGA-A3-3382,TCGA-A3-3382-01A
2,val,TCGA-A3-A6NN-01A_1010_TS,TCGA-A3-A6NN,TCGA-A3-A6NN-01A
2,val,TCGA-A3-A8OW-01A_194_TS,TCGA-A3-A8OW,TCGA-A3-A8OW-01A
2,val,TCGA-AK-3425-01A_713_TS,TCGA-AK-3425,TCGA-AK-3425-01A
2,val,TCGA-AK-3425-01A_902_TS,TCGA-AK-3425,TCGA-AK-3425-01A
2,val,TCGA-AK-3444-01A_467_TS,TCGA-AK-3444,TCGA-AK-3444-01A
2,val,TCGA-AK-3444-01A_468_TS,TCGA-AK-3444,TCGA-AK-3444-01A
2,val,TCGA-AK-3444-01A_94_TS,TCGA-AK-3444,TCGA-AK-3444-01A
2,val,TCGA-AK-3445-01A_568_TS,TCGA-AK-3445,TCGA-AK-3445-01A
2,val,TCGA-AK-3445-01A_569_TS,TCGA-AK-3445,TCGA-AK-3445-01A
2,val,TCGA-AK-3461-01A_385_TS,TCGA-AK-3461,TCGA-AK-3461-01A
2,val,TCGA-AK-3461-01A_97_TS,TCGA-AK-3461,TCGA-AK-3461-01A
2,val,TCGA-B0-4693-01A_659_TS,TCGA-B0-4693,TCGA-B0-4693-01A
2,val,TCGA-B0-4693-01A_660_TS,TCGA-B0-4693,TCGA-B0-4693-01A
2,val,TCGA-B0-4698-01A_66_TS,TCGA-B0-4698,TCGA-B0-4698-01A
2,val,TCGA-B0-4698-01A_815_TS,TCGA-B0-4698,TCGA-B0-4698-01A
2,val,TCGA-B0-4703-01A_639_TS,TCGA-B0-4703,TCGA-B0-4703-01A
2,val,TCGA-B0-4703-01A_640_TS,TCGA-B0-4703,TCGA-B0-4703-01A
2,val,TCGA-B0-4814-01A_1035_TS,TCGA-B0-4814,TCGA-B0-4814-01A
2,val,TCGA-B0-4814-01A_480_TS,TCGA-B0-4814,TCGA-B0-4814-01A
2,val,TCGA-B0-4821-01A_206_TS,TCGA-B0-4821,TCGA-B0-4821-01A
2,val,TCGA-B0-4821-01A_316_TS,TCGA-B0-4821,TCGA-B0-4821-01A
2,val,TCGA-B0-4844-01A_360_TS,TCGA-B0-4844,TCGA-B0-4844-01A
2,val,TCGA-B0-4844-01A_70_TS,TCGA-B0-4844,TCGA-B0-4844-01A
2,val,TCGA-B0-5080-01A_368_TS,TCGA-B0-5080,TCGA-B0-5080-01A
2,val,TCGA-B0-5080-01A_821_TS,TCGA-B0-5080,TCGA-B0-5080-01A
2,val,TCGA-B0-5097-01A_1015_TS,TCGA-B0-5097,TCGA-B0-5097-01A
2,val,TCGA-B0-5097-01A_85_TS,TCGA-B0-5097,TCGA-B0-5097-01A
2,val,TCGA-B0-5109-01A_309_TS,TCGA-B0-5109,TCGA-B0-5109-01A
2,val,TCGA-B0-5109-01A_310_TS,TCGA-B0-5109,TCGA-B0-5109-01A
2,val,TCGA-B0-5119-01A_556_TS,TCGA-B0-5119,TCGA-B0-5119-01A
2,val,TCGA-B0-5119-01A_557_TS,TCGA-B0-5119,TCGA-B0-5119-01A
2,val,TCGA-B0-5402-01A_204_TS,TCGA-B0-5402,TCGA-B0-5402-01A
2,val,TCGA-B0-5402-01A_962_TS,TCGA-B0-5402,TCGA-B0-5402-01A
2,val,TCGA-B0-5693-01A_431_TS,TCGA-B0-5693,TCGA-B0-5693-01A
2,val,TCGA-B0-5693-01A_725_TS,TCGA-B0-5693,TCGA-B0-5693-01A
2,val,TCGA-B0-5698-01A_44_TS,TCGA-B0-5698,TCGA-B0-5698-01A
2,val,TCGA-B0-5698-01A_746_TS,TCGA-B0-5698,TCGA-B0-5698-01A
2,val,TCGA-B0-5702-01A_139_TS,TCGA-B0-5702,TCGA-B0-5702-01A
2,val,TCGA-B0-5702-01A_878_TS,TCGA-B0-5702,TCGA-B0-5702-01A
2,val,TCGA-B0-5709-01A_566_TS,TCGA-B0-5709,TCGA-B0-5709-01A
2,val,TCGA-B0-5709-01A_567_TS,TCGA-B0-5709,TCGA-B0-5709-01A
2,val,TCGA-B0-5713-01A_612_TS,TCGA-B0-5713,TCGA-B0-5713-01A
2,val,TCGA-B0-5713-01A_613_TS,TCGA-B0-5713,TCGA-B0-5713-01A
2,val,TCGA-B2-4101-01A_624_TS,TCGA-B2-4101,TCGA-B2-4101-01A
2,val,TCGA-B2-4101-01A_625_TS,TCGA-B2-4101,TCGA-B2-4101-01A
2,val,TCGA-B2-5641-01A_709_TS,TCGA-B2-5641,TCGA-B2-5641-01A
2,val,TCGA-B2-5641-01A_710_TS,TCGA-B2-5641,TCGA-B2-5641-01A
2,val,TCGA-B4-5834-01A_181_TS,TCGA-B4-5834,TCGA-B4-5834-01A
2,val,TCGA-B4-5834-01A_451_TS,TCGA-B4-5834,TCGA-B4-5834-01A
2,val,TCGA-B4-5843-01A_329_TS,TCGA-B4-5843,TCGA-B4-5843-01A
2,val,TCGA-B4-5843-01A_59_TS,TCGA-B4-5843,TCGA-B4-5843-01A
2,val,TCGA-B8-4151-01A_520_TS,TCGA-B8-4151,TCGA-B8-4151-01A
2,val,TCGA-B8-4151-01A_522_TS,TCGA-B8-4151,TCGA-B8-4151-01A
2,val,TCGA-B8-5162-01A_31_TS,TCGA-B8-5162,TCGA-B8-5162-01A
2,val,TCGA-B8-5162-01A_734_TS,TCGA-B8-5162,TCGA-B8-5162-01A
2,val,TCGA-B8-5545-01A_376_TS,TCGA-B8-5545,TCGA-B8-5545-01A
2,val,TCGA-B8-5545-01A_838_TS,TCGA-B8-5545,TCGA-B8-5545-01A
2,val,TCGA-B8-5551-01A_842_TS,TCGA-B8-5551,TCGA-B8-5551-01A
2,val,TCGA-B8-5551-01A_89_TS,TCGA-B8-5551,TCGA-B8-5551-01A
2,val,TCGA-B8-A54F-01A_270_TS,TCGA-B8-A54F,TCGA-B8-A54F-01A
2,val,TCGA-B8-A54J-01A_81_TS,TCGA-B8-A54J,TCGA-B8-A54J-01A
2,val,TCGA-BP-4161-01A_649_TS,TCGA-BP-4161,TCGA-BP-4161-01A
2,val,TCGA-BP-4161-01A_650_TS,TCGA-BP-4161,TCGA-BP-4161-01A
2,val,TCGA-BP-4161-01A_651_TS,TCGA-BP-4161,TCGA-BP-4161-01A
2,val,TCGA-BP-4169-01A_1026_TS,TCGA-BP-4169,TCGA-BP-4169-01A
2,val,TCGA-BP-4169-01A_122_TS,TCGA-BP-4169,TCGA-BP-4169-01A
2,val,TCGA-BP-4176-01A_558_TS,TCGA-BP-4176,TCGA-BP-4176-01A
2,val,TCGA-BP-4176-01A_559_TS,TCGA-BP-4176,TCGA-BP-4176-01A
2,val,TCGA-BP-4331-01A_17_TS,TCGA-BP-4331,TCGA-BP-4331-01A
2,val,TCGA-BP-4331-01A_18_TS,TCGA-BP-4331,TCGA-BP-4331-01A
2,val,TCGA-BP-4344-01A_427_TS,TCGA-BP-4344,TCGA-BP-4344-01A
2,val,TCGA-BP-4344-01A_8_TS,TCGA-BP-4344,TCGA-BP-4344-01A
2,val,TCGA-BP-4761-01A_115_TS,TCGA-BP-4761,TCGA-BP-4761-01A
2,val,TCGA-BP-4761-01A_247_TS,TCGA-BP-4761,TCGA-BP-4761-01A
2,val,TCGA-BP-4766-01A_365_TS,TCGA-BP-4766,TCGA-BP-4766-01A
2,val,TCGA-BP-4766-01A_996_TS,TCGA-BP-4766,TCGA-BP-4766-01A
2,val,TCGA-BP-4781-01A_491_TS,TCGA-BP-4781,TCGA-BP-4781-01A
2,val,TCGA-BP-4781-01A_872_TS,TCGA-BP-4781,TCGA-BP-4781-01A
2,val,TCGA-BP-4789-01A_289_TS,TCGA-BP-4789,TCGA-BP-4789-01A
2,val,TCGA-BP-4789-01A_511_TS,TCGA-BP-4789,TCGA-BP-4789-01A
2,val,TCGA-BP-4807-01A_959_TS,TCGA-BP-4807,TCGA-BP-4807-01A
2,val,TCGA-BP-4807-01A_960_TS,TCGA-BP-4807,TCGA-BP-4807-01A
2,val,TCGA-BP-4972-01A_191_TS,TCGA-BP-4972,TCGA-BP-4972-01A
2,val,TCGA-BP-4972-01A_302_TS,TCGA-BP-4972,TCGA-BP-4972-01A
2,val,TCGA-BP-4983-01A_1050_TS,TCGA-BP-4983,TCGA-BP-4983-01A
2,val,TCGA-BP-4983-01A_263_TS,TCGA-BP-4983,TCGA-BP-4983-01A
2,val,TCGA-BP-5007-01A_321_TS,TCGA-BP-5007,TCGA-BP-5007-01A
2,val,TCGA-BP-5007-01A_55_TS,TCGA-BP-5007,TCGA-BP-5007-01A
2,val,TCGA-BP-5181-01A_40_TS,TCGA-BP-5181,TCGA-BP-5181-01A
2,val,TCGA-BP-5181-01A_740_TS,TCGA-BP-5181,TCGA-BP-5181-01A
2,val,TCGA-BP-5189-01A_720_TS,TCGA-BP-5189,TCGA-BP-5189-01A
2,val,TCGA-BP-5189-01A_910_TS,TCGA-BP-5189,TCGA-BP-5189-01A
2,val,TCGA-BP-5196-01A_320_TS,TCGA-BP-5196,TCGA-BP-5196-01A
2,val,TCGA-BP-5196-01A_463_TS,TCGA-BP-5196,TCGA-BP-5196-01A
2,val,TCGA-CJ-4634-01A_1066_TS,TCGA-CJ-4634,TCGA-CJ-4634-01A
2,val,TCGA-CJ-4634-01A_1067_TS,TCGA-CJ-4634,TCGA-CJ-4634-01A
2,val,TCGA-CJ-4634-01A_882_TS,TCGA-CJ-4634,TCGA-CJ-4634-01A
2,val,TCGA-CJ-4635-01A_65_TS,TCGA-CJ-4635,TCGA-CJ-4635-01A
2,val,TCGA-CJ-4635-01A_814_TS,TCGA-CJ-4635,TCGA-CJ-4635-01A
2,val,TCGA-CJ-4641-01A_215_TS,TCGA-CJ-4641,TCGA-CJ-4641-01A
2,val,TCGA-CJ-4641-01A_217_TS,TCGA-CJ-4641,TCGA-CJ-4641-01A
2,val,TCGA-CJ-4641-01A_58_TS,TCGA-CJ-4641,TCGA-CJ-4641-01A
2,val,TCGA-CJ-4871-01A_454_TS,TCGA-CJ-4871,TCGA-CJ-4871-01A
2,val,TCGA-CJ-4871-01A_946_TS,TCGA-CJ-4871,TCGA-CJ-4871-01A
2,val,TCGA-CJ-4881-01A_801_TS,TCGA-CJ-4881,TCGA-CJ-4881-01A
2,val,TCGA-CJ-4881-01A_982_TS,TCGA-CJ-4881,TCGA-CJ-4881-01A
2,val,TCGA-CJ-4890-01A_1032_TS,TCGA-CJ-4890,TCGA-CJ-4890-01A
2,val,TCGA-CJ-4890-01A_1049_TS,TCGA-CJ-4890,TCGA-CJ-4890-01A
2,val,TCGA-CJ-4895-01A_592_TS,TCGA-CJ-4895,TCGA-CJ-4895-01A
2,val,TCGA-CJ-4895-01A_708_TS,TCGA-CJ-4895,TCGA-CJ-4895-01A
2,val,TCGA-CJ-4897-01A_830_TS,TCGA-CJ-4897,TCGA-CJ-4897-01A
2,val,TCGA-CJ-4904-01A_32_TS,TCGA-CJ-4904,TCGA-CJ-4904-01A
2,val,TCGA-CJ-4904-01A_440_TS,TCGA-CJ-4904,TCGA-CJ-4904-01A
2,val,TCGA-CJ-4920-01A_1056_TS,TCGA-CJ-4920,TCGA-CJ-4920-01A
2,val,TCGA-CJ-4920-01A_414_TS,TCGA-CJ-4920,TCGA-CJ-4920-01A
2,val,TCGA-CJ-5677-01A_630_TS,TCGA-CJ-5677,TCGA-CJ-5677-01A
2,val,TCGA-CJ-5677-01A_631_TS,TCGA-CJ-5677,TCGA-CJ-5677-01A
2,val,TCGA-CJ-5682-01A_1042_TS,TCGA-CJ-5682,TCGA-CJ-5682-01A
2,val,TCGA-CJ-5682-01A_859_TS,TCGA-CJ-5682,TCGA-CJ-5682-01A
2,val,TCGA-CJ-6027-01A_295_TS,TCGA-CJ-6027,TCGA-CJ-6027-01A
2,val,TCGA-CJ-6027-01A_4_TS,TCGA-CJ-6027,TCGA-CJ-6027-01A
2,val,TCGA-CJ-6033-01A_1038_TS,TCGA-CJ-6033,TCGA-CJ-6033-01A
2,val,TCGA-CJ-6033-01A_1040_TS,TCGA-CJ-6033,TCGA-CJ-6033-01A
2,val,TCGA-CW-5587-01A_136_TS,TCGA-CW-5587,TCGA-CW-5587-01A
2,val,TCGA-CW-5587-01A_271_TS,TCGA-CW-5587,TCGA-CW-5587-01A
2,val,TCGA-CW-5591-01A_533_TS,TCGA-CW-5591,TCGA-CW-5591-01A
2,val,TCGA-CW-5591-01A_534_TS,TCGA-CW-5591,TCGA-CW-5591-01A
2,val,TCGA-CW-6093-01A_991_TS,TCGA-CW-6093,TCGA-CW-6093-01A
2,val,TCGA-CW-6093-01A_993_TS,TCGA-CW-6093,TCGA-CW-6093-01A
2,val,TCGA-CZ-4858-01A_774_TS,TCGA-CZ-4858,TCGA-CZ-4858-01A
2,val,TCGA-CZ-4858-01A_967_TS,TCGA-CZ-4858,TCGA-CZ-4858-01A
2,val,TCGA-CZ-4862-01A_779_TS,TCGA-CZ-4862,TCGA-CZ-4862-01A
2,val,TCGA-CZ-4862-01A_781_TS,TCGA-CZ-4862,TCGA-CZ-4862-01A
2,val,TCGA-CZ-4866-01A_965_TS,TCGA-CZ-4866,TCGA-CZ-4866-01A
2,val,TCGA-CZ-4866-01A_966_TS,TCGA-CZ-4866,TCGA-CZ-4866-01A
2,val,TCGA-CZ-5455-01A_272_TS,TCGA-CZ-5455,TCGA-CZ-5455-01A
2,val,TCGA-CZ-5455-01A_419_TS,TCGA-CZ-5455,TCGA-CZ-5455-01A
2,val,TCGA-CZ-5461-01A_1039_TS,TCGA-CZ-5461,TCGA-CZ-5461-01A
2,val,TCGA-CZ-5461-01A_482_TS,TCGA-CZ-5461,TCGA-CZ-5461-01A
2,val,TCGA-CZ-5466-01A_125_TS,TCGA-CZ-5466,TCGA-CZ-5466-01A
2,val,TCGA-CZ-5466-01A_861_TS,TCGA-CZ-5466,TCGA-CZ-5466-01A
2,val,TCGA-CZ-5470-01A_319_TS,TCGA-CZ-5470,TCGA-CZ-5470-01A
2,val,TCGA-CZ-5470-01A_777_TS,TCGA-CZ-5470,TCGA-CZ-5470-01A
2,val,TCGA-CZ-5986-01A_1068_TS,TCGA-CZ-5986,TCGA-CZ-5986-01A
2,val,TCGA-CZ-5986-01A_884_TS,TCGA-CZ-5986,TCGA-CZ-5986-01A
2,val,TCGA-DV-5568-01A_13_TS,TCGA-DV-5568,TCGA-DV-5568-01A
2,val,TCGA-DV-5568-01A_14_TS,TCGA-DV-5568,TCGA-DV-5568-01A
2,val,TCGA-DV-5575-01A_455_TS,TCGA-DV-5575,TCGA-DV-5575-01A
2,val,TCGA-DV-5575-01A_49_TS,TCGA-DV-5575,TCGA-DV-5575-01A
2,val,TCGA-DV-A4VZ-01A_958_TS,TCGA-DV-A4VZ,TCGA-DV-A4VZ-01A
2,val,TCGA-EU-5906-01A_867_TS,TCGA-EU-5906,TCGA-EU-5906-01A
2,val,TCGA-EU-5906-01A_868_TS,TCGA-EU-5906,TCGA-EU-5906-01A
2,val,TCGA-GK-A6C7-01A_84_TS,TCGA-GK-A6C7,TCGA-GK-A6C7-01A
3,test,TCGA-3Z-A93Z-01A_992_TS,TCGA-3Z-A93Z,TCGA-3Z-A93Z-01A
3,test,TCGA-A3-3325-01A_433_TS,TCGA-A3-3325,TCGA-A3-3325-01A
3,test,TCGA-A3-3325-01A_7_TS,TCGA-A3-3325,TCGA-A3-3325-01A
3,test,TCGA-A3-3331-01A_158_TS,TCGA-A3-3331,TCGA-A3-3331-01A
3,test,TCGA-A3-3331-01A_290_TS,TCGA-A3-3331,TCGA-A3-3331-01A
3,test,TCGA-A3-3331-01A_887_TS,TCGA-A3-3331,TCGA-A3-3331-01A
3,test,TCGA-A3-3343-01A_165_TS,TCGA-A3-3343,TCGA-A3-3343-01A
3,test,TCGA-A3-3343-01A_21_TS,TCGA-A3-3343,TCGA-A3-3343-01A
3,test,TCGA-A3-3359-01A_10_TS,TCGA-A3-3359,TCGA-A3-3359-01A
3,test,TCGA-A3-3359-01A_9_TS,TCGA-A3-3359,TCGA-A3-3359-01A
3,test,TCGA-A3-3372-01A_1014_TS,TCGA-A3-3372,TCGA-A3-3372-01A
3,test,TCGA-A3-3372-01A_232_TS,TCGA-A3-3372,TCGA-A3-3372-01A
3,test,TCGA-A3-3372-01A_83_TS,TCGA-A3-3372,TCGA-A3-3372-01A
3,test,TCGA-A3-3380-01A_155_TS,TCGA-A3-3380,TCGA-A3-3380-01A
3,test,TCGA-A3-3380-01A_502_TS,TCGA-A3-3380,TCGA-A3-3380-01A
3,test,TCGA-A3-A6NJ-01A_1075_TS,TCGA-A3-A6NJ,TCGA-A3-A6NJ-01A
3,test,TCGA-A3-A8OU-01A_543_TS,TCGA-A3-A8OU,TCGA-A3-A8OU-01A
3,test,TCGA-AK-3428-01A_288_TS,TCGA-AK-3428,TCGA-AK-3428-01A
3,test,TCGA-AK-3428-01A_512_TS,TCGA-AK-3428,TCGA-AK-3428-01A
3,test,TCGA-AK-3429-01A_39_TS,TCGA-AK-3429,TCGA-AK-3429-01A
3,test,TCGA-AK-3429-01A_923_TS,TCGA-AK-3429,TCGA-AK-3429-01A
3,test,TCGA-AK-3429-01A_924_TS,TCGA-AK-3429,TCGA-AK-3429-01A
3,test,TCGA-AK-3451-01A_22_TS,TCGA-AK-3451,TCGA-AK-3451-01A
3,test,TCGA-AK-3451-01A_23_TS,TCGA-AK-3451,TCGA-AK-3451-01A
3,test,TCGA-B0-4688-01A_77_TS,TCGA-B0-4688,TCGA-B0-4688-01A
3,test,TCGA-B0-4688-01A_78_TS,TCGA-B0-4688,TCGA-B0-4688-01A
3,test,TCGA-B0-4696-01A_378_TS,TCGA-B0-4696,TCGA-B0-4696-01A
3,test,TCGA-B0-4696-01A_843_TS,TCGA-B0-4696,TCGA-B0-4696-01A
3,test,TCGA-B0-4700-01A_193_TS,TCGA-B0-4700,TCGA-B0-4700-01A
3,test,TCGA-B0-4700-01A_953_TS,TCGA-B0-4700,TCGA-B0-4700-01A
3,test,TCGA-B0-4712-01A_0_TS,TCGA-B0-4712,TCGA-B0-4712-01A
3,test,TCGA-B0-4712-01A_716_TS,TCGA-B0-4712,TCGA-B0-4712-01A
3,test,TCGA-B0-4816-01A_369_TS,TCGA-B0-4816,TCGA-B0-4816-01A
3,test,TCGA-B0-4816-01A_822_TS,TCGA-B0-4816,TCGA-B0-4816-01A
3,test,TCGA-B0-4827-01A_370_TS,TCGA-B0-4827,TCGA-B0-4827-01A
3,test,TCGA-B0-4827-01A_827_TS,TCGA-B0-4827,TCGA-B0-4827-01A
3,test,TCGA-B0-4848-01A_236_TS,TCGA-B0-4848,TCGA-B0-4848-01A
3,test,TCGA-B0-4848-01A_844_TS,TCGA-B0-4848,TCGA-B0-4848-01A
3,test,TCGA-B0-5095-01A_73_TS,TCGA-B0-5095,TCGA-B0-5095-01A
3,test,TCGA-B0-5095-01A_818_TS,TCGA-B0-5095,TCGA-B0-5095-01A
3,test,TCGA-B0-5107-01A_1057_TS,TCGA-B0-5107,TCGA-B0-5107-01A
3,test,TCGA-B0-5107-01A_137_TS,TCGA-B0-5107,TCGA-B0-5107-01A
3,test,TCGA-B0-5113-01A_393_TS,TCGA-B0-5113,TCGA-B0-5113-01A
3,test,TCGA-B0-5113-01A_478_TS,TCGA-B0-5113,TCGA-B0-5113-01A
3,test,TCGA-B0-5399-01A_550_TS,TCGA-B0-5399,TCGA-B0-5399-01A
3,test,TCGA-B0-5399-01A_551_TS,TCGA-B0-5399,TCGA-B0-5399-01A
3,test,TCGA-B0-5691-01A_930_TS,TCGA-B0-5691,TCGA-B0-5691-01A
3,test,TCGA-B0-5691-01A_931_TS,TCGA-B0-5691,TCGA-B0-5691-01A
3,test,TCGA-B0-5696-01A_382_TS,TCGA-B0-5696,TCGA-B0-5696-01A
3,test,TCGA-B0-5696-01A_98_TS,TCGA-B0-5696,TCGA-B0-5696-01A
3,test,TCGA-B0-5700-01A_489_TS,TCGA-B0-5700,TCGA-B0-5700-01A
3,test,TCGA-B0-5700-01A_866_TS,TCGA-B0-5700,TCGA-B0-5700-01A
3,test,TCGA-B0-5706-01A_109_TS,TCGA-B0-5706,TCGA-B0-5706-01A
3,test,TCGA-B0-5706-01A_847_TS,TCGA-B0-5706,TCGA-B0-5706-01A
3,test,TCGA-B0-5711-01A_1069_TS,TCGA-B0-5711,TCGA-B0-5711-01A
3,test,TCGA-B0-5711-01A_281_TS,TCGA-B0-5711,TCGA-B0-5711-01A
3,test,TCGA-B2-3923-01B_1021_TS,TCGA-B2-3923,TCGA-B2-3923-01B
3,test,TCGA-B2-3923-01B_466_TS,TCGA-B2-3923,TCGA-B2-3923-01B
3,test,TCGA-B2-4102-01A_208_TS,TCGA-B2-4102,TCGA-B2-4102-01A
3,test,TCGA-B2-4102-01A_969_TS,TCGA-B2-4102,TCGA-B2-4102-01A
3,test,TCGA-B2-4102-01A_970_TS,TCGA-B2-4102,TCGA-B2-4102-01A
3,test,TCGA-B2-5635-01A_450_TS,TCGA-B2-5635,TCGA-B2-5635-01A
3,test,TCGA-B2-5635-01A_452_TS,TCGA-B2-5635,TCGA-B2-5635-01A
3,test,TCGA-B2-5636-01A_695_TS,TCGA-B2-5636,TCGA-B2-5636-01A
3,test,TCGA-B4-5378-01A_406_TS,TCGA-B4-5378,TCGA-B4-5378-01A
3,test,TCGA-B4-5378-01A_407_TS,TCGA-B4-5378,TCGA-B4-5378-01A
3,test,TCGA-B4-5836-01A_186_TS,TCGA-B4-5836,TCGA-B4-5836-01A
3,test,TCGA-B4-5836-01A_298_TS,TCGA-B4-5836,TCGA-B4-5836-01A
3,test,TCGA-B8-4143-01A_661_TS,TCGA-B8-4143,TCGA-B8-4143-01A
3,test,TCGA-B8-4143-01A_662_TS,TCGA-B8-4143,TCGA-B8-4143-01A
3,test,TCGA-B8-5158-01A_678_TS,TCGA-B8-5158,TCGA-B8-5158-01A
3,test,TCGA-B8-5158-01A_679_TS,TCGA-B8-5158,TCGA-B8-5158-01A
3,test,TCGA-B8-5164-01A_1008_TS,TCGA-B8-5164,TCGA-B8-5164-01A
3,test,TCGA-B8-5164-01A_834_TS,TCGA-B8-5164,TCGA-B8-5164-01A
3,test,TCGA-B8-5549-01A_291_TS,TCGA-B8-5549,TCGA-B8-5549-01A
3,test,TCGA-B8-5549-01A_515_TS,TCGA-B8-5549,TCGA-B8-5549-01A
3,test,TCGA-B8-5553-01A_274_TS,TCGA-B8-5553,TCGA-B8-5553-01A
3,test,TCGA-B8-5553-01A_421_TS,TCGA-B8-5553,TCGA-B8-5553-01A
3,test,TCGA-B8-A54H-01A_848_TS,TCGA-B8-A54H,TCGA-B8-A54H-01A
3,test,TCGA-B8-A7U6-01A_979_TS,TCGA-B8-A7U6,TCGA-B8-A7U6-01A
3,test,TCGA-BP-4163-01A_683_TS,TCGA-BP-4163,TCGA-BP-4163-01A
3,test,TCGA-BP-4163-01A_684_TS,TCGA-BP-4163,TCGA-BP-4163-01A
3,test,TCGA-BP-4163-01A_685_TS,TCGA-BP-4163,TCGA-BP-4163-01A
3,test,TCGA-BP-4173-01A_481_TS,TCGA-BP-4173,TCGA-BP-4173-01A
3,test,TCGA-BP-4173-01A_854_TS,TCGA-BP-4173,TCGA-BP-4173-01A
3,test,TCGA-BP-4326-01A_1061_TS,TCGA-BP-4326,TCGA-BP-4326-01A
3,test,TCGA-BP-4326-01A_417_TS,TCGA-BP-4326,TCGA-BP-4326-01A
3,test,TCGA-BP-4340-01A_326_TS,TCGA-BP-4340,TCGA-BP-4340-01A
3,test,TCGA-BP-4340-01A_784_TS,TCGA-BP-4340,TCGA-BP-4340-01A
3,test,TCGA-BP-4354-01A_213_TS,TCGA-BP-4354,TCGA-BP-4354-01A
3,test,TCGA-BP-4354-01A_782_TS,TCGA-BP-4354,TCGA-BP-4354-01A
3,test,TCGA-BP-4763-01A_667_TS,TCGA-BP-4763,TCGA-BP-4763-01A
3,test,TCGA-BP-4763-01A_668_TS,TCGA-BP-4763,TCGA-BP-4763-01A
3,test,TCGA-BP-4770-01A_598_TS,TCGA-BP-4770,TCGA-BP-4770-01A
3,test,TCGA-BP-4770-01A_599_TS,TCGA-BP-4770,TCGA-BP-4770-01A
3,test,TCGA-BP-4784-01A_1058_TS,TCGA-BP-4784,TCGA-BP-4784-01A
3,test,TCGA-BP-4784-01A_416_TS,TCGA-BP-4784,TCGA-BP-4784-01A
3,test,TCGA-BP-4795-01A_318_TS,TCGA-BP-4795,TCGA-BP-4795-01A
3,test,TCGA-BP-4795-01A_971_TS,TCGA-BP-4795,TCGA-BP-4795-01A
3,test,TCGA-BP-4965-01A_430_TS,TCGA-BP-4965,TCGA-BP-4965-01A
3,test,TCGA-BP-4965-01A_5_TS,TCGA-BP-4965,TCGA-BP-4965-01A
3,test,TCGA-BP-4976-01A_175_TS,TCGA-BP-4976,TCGA-BP-4976-01A
3,test,TCGA-BP-4976-01A_921_TS,TCGA-BP-4976,TCGA-BP-4976-01A
3,test,TCGA-BP-4993-01A_730_TS,TCGA-BP-4993,TCGA-BP-4993-01A
3,test,TCGA-BP-4993-01A_732_TS,TCGA-BP-4993,TCGA-BP-4993-01A
3,test,TCGA-BP-5170-01A_397_TS,TCGA-BP-5170,TCGA-BP-5170-01A
3,test,TCGA-BP-5170-01A_399_TS,TCGA-BP-5170,TCGA-BP-5170-01A
3,test,TCGA-BP-5184-01A_764_TS,TCGA-BP-5184,TCGA-BP-5184-01A
3,test,TCGA-BP-5184-01A_765_TS,TCGA-BP-5184,TCGA-BP-5184-01A
3,test,TCGA-BP-5194-01A_129_TS,TCGA-BP-5194,TCGA-BP-5194-01A
3,test,TCGA-BP-5194-01A_132_TS,TCGA-BP-5194,TCGA-BP-5194-01A
3,test,TCGA-BP-5199-01A_34_TS,TCGA-BP-5199,TCGA-BP-5199-01A
3,test,TCGA-BP-5199-01A_920_TS,TCGA-BP-5199,TCGA-BP-5199-01A
3,test,TCGA-CJ-4639-01A_118_TS,TCGA-CJ-4639,TCGA-CJ-4639-01A
3,test,TCGA-CJ-4639-01A_120_TS,TCGA-CJ-4639,TCGA-CJ-4639-01A
3,test,TCGA-CJ-4639-01A_401_TS,TCGA-CJ-4639,TCGA-CJ-4639-01A
3,test,TCGA-CJ-4643-01A_184_TS,TCGA-CJ-4643,TCGA-CJ-4643-01A
3,test,TCGA-CJ-4643-01A_185_TS,TCGA-CJ-4643,TCGA-CJ-4643-01A
3,test,TCGA-CJ-4643-01A_947_TS,TCGA-CJ-4643,TCGA-CJ-4643-01A
3,test,TCGA-CJ-4869-01A_6_TS,TCGA-CJ-4869,TCGA-CJ-4869-01A
3,test,TCGA-CJ-4869-01A_909_TS,TCGA-CJ-4869,TCGA-CJ-4869-01A
3,test,TCGA-CJ-4876-01A_665_TS,TCGA-CJ-4876,TCGA-CJ-4876-01A
3,test,TCGA-CJ-4876-01A_666_TS,TCGA-CJ-4876,TCGA-CJ-4876-01A
3,test,TCGA-CJ-4886-01A_205_TS,TCGA-CJ-4886,TCGA-CJ-4886-01A
3,test,TCGA-CJ-4886-01A_771_TS,TCGA-CJ-4886,TCGA-CJ-4886-01A
3,test,TCGA-CJ-4893-01A_195_TS,TCGA-CJ-4893,TCGA-CJ-4893-01A
3,test,TCGA-CJ-4893-01A_955_TS,TCGA-CJ-4893,TCGA-CJ-4893-01A
3,test,TCGA-CJ-4900-01A_317_TS,TCGA-CJ-4900,TCGA-CJ-4900-01A
3,test,TCGA-CJ-4900-01A_968_TS,TCGA-CJ-4900,TCGA-CJ-4900-01A
3,test,TCGA-CJ-4907-01A_388_TS,TCGA-CJ-4907,TCGA-CJ-4907-01A
3,test,TCGA-CJ-4907-01A_404_TS,TCGA-CJ-4907,TCGA-CJ-4907-01A
3,test,TCGA-CJ-5671-01A_286_TS,TCGA-CJ-5671,TCGA-CJ-5671-01A
3,test,TCGA-CJ-5671-01A_508_TS,TCGA-CJ-5671,TCGA-CJ-5671-01A
3,test,TCGA-CJ-5680-01A_262_TS,TCGA-CJ-5680,TCGA-CJ-5680-01A
3,test,TCGA-CJ-5680-01A_485_TS,TCGA-CJ-5680,TCGA-CJ-5680-01A
3,test,TCGA-CJ-5684-01A_888_TS,TCGA-CJ-5684,TCGA-CJ-5684-01A
3,test,TCGA-CJ-5684-01A_889_TS,TCGA-CJ-5684,TCGA-CJ-5684-01A
3,test,TCGA-CJ-6030-01A_903_TS,TCGA-CJ-6030,TCGA-CJ-6030-01A
3,test,TCGA-CJ-6030-01A_904_TS,TCGA-CJ-6030,TCGA-CJ-6030-01A
3,test,TCGA-CW-5583-01A_879_TS,TCGA-CW-5583,TCGA-CW-5583-01A
3,test,TCGA-CW-5584-01A_938_TS,TCGA-CW-5584,TCGA-CW-5584-01A
3,test,TCGA-CW-5584-01A_939_TS,TCGA-CW-5584,TCGA-CW-5584-01A
3,test,TCGA-CW-5589-01A_410_TS,TCGA-CW-5589,TCGA-CW-5589-01A
3,test,TCGA-CW-5589-01A_865_TS,TCGA-CW-5589,TCGA-CW-5589-01A
3,test,TCGA-CW-6088-01A_790_TS,TCGA-CW-6088,TCGA-CW-6088-01A
3,test,TCGA-CW-6088-01A_981_TS,TCGA-CW-6088,TCGA-CW-6088-01A
3,test,TCGA-CZ-4856-01A_12_TS,TCGA-CZ-4856,TCGA-CZ-4856-01A
3,test,TCGA-CZ-4856-01A_719_TS,TCGA-CZ-4856,TCGA-CZ-4856-01A
3,test,TCGA-CZ-4860-01A_328_TS,TCGA-CZ-4860,TCGA-CZ-4860-01A
3,test,TCGA-CZ-4860-01A_330_TS,TCGA-CZ-4860,TCGA-CZ-4860-01A
3,test,TCGA-CZ-4864-01A_173_TS,TCGA-CZ-4864,TCGA-CZ-4864-01A
3,test,TCGA-CZ-4864-01A_35_TS,TCGA-CZ-4864,TCGA-CZ-4864-01A
3,test,TCGA-CZ-5452-01A_692_TS,TCGA-CZ-5452,TCGA-CZ-5452-01A
3,test,TCGA-CZ-5452-01A_693_TS,TCGA-CZ-5452,TCGA-CZ-5452-01A
3,test,TCGA-CZ-5457-01A_531_TS,TCGA-CZ-5457,TCGA-CZ-5457-01A
3,test,TCGA-CZ-5457-01A_532_TS,TCGA-CZ-5457,TCGA-CZ-5457-01A
3,test,TCGA-CZ-5463-01A_209_TS,TCGA-CZ-5463,TCGA-CZ-5463-01A
3,test,TCGA-CZ-5463-01A_458_TS,TCGA-CZ-5463,TCGA-CZ-5463-01A
3,test,TCGA-CZ-5468-01A_279_TS,TCGA-CZ-5468,TCGA-CZ-5468-01A
3,test,TCGA-CZ-5468-01A_496_TS,TCGA-CZ-5468,TCGA-CZ-5468-01A
3,test,TCGA-CZ-5984-01A_753_TS,TCGA-CZ-5984,TCGA-CZ-5984-01A
3,test,TCGA-CZ-5984-01A_754_TS,TCGA-CZ-5984,TCGA-CZ-5984-01A
3,test,TCGA-DV-5566-01A_46_TS,TCGA-DV-5566,TCGA-DV-5566-01A
3,test,TCGA-DV-5566-01A_750_TS,TCGA-DV-5566,TCGA-DV-5566-01A
3,test,TCGA-DV-5573-01A_772_TS,TCGA-DV-5573,TCGA-DV-5573-01A
3,test,TCGA-DV-5573-01A_964_TS,TCGA-DV-5573,TCGA-DV-5573-01A
3,test,TCGA-EU-5904-01A_224_TS,TCGA-EU-5904,TCGA-EU-5904-01A
3,test,TCGA-EU-5904-01A_363_TS,TCGA-EU-5904,TCGA-EU-5904-01A
3,test,TCGA-G6-A8L6-01A_1029_TS,TCGA-G6-A8L6,TCGA-G6-A8L6-01A
3,test,TCGA-MW-A4EC-01A_580_TS,TCGA-MW-A4EC,TCGA-MW-A4EC-01A
3,train,TCGA-A3-3306-01A_227_TS,TCGA-A3-3306,TCGA-A3-3306-01A
3,train,TCGA-A3-3306-01A_74_TS,TCGA-A3-3306,TCGA-A3-3306-01A
3,train,TCGA-A3-3308-01A_796_TS,TCGA-A3-3308,TCGA-A3-3308-01A
3,train,TCGA-A3-3308-01A_975_TS,TCGA-A3-3308,TCGA-A3-3308-01A
3,train,TCGA-A3-3308-01A_977_TS,TCGA-A3-3308,TCGA-A3-3308-01A
3,train,TCGA-A3-3320-01A_1048_TS,TCGA-A3-3320,TCGA-A3-3320-01A
3,train,TCGA-A3-3320-01A_127_TS,TCGA-A3-3320,TCGA-A3-3320-01A
3,train,TCGA-A3-3320-01A_409_TS,TCGA-A3-3320,TCGA-A3-3320-01A
3,train,TCGA-A3-3326-01A_112_TS,TCGA-A3-3326,TCGA-A3-3326-01A
3,train,TCGA-A3-3326-01A_849_TS,TCGA-A3-3326,TCGA-A3-3326-01A
3,train,TCGA-A3-3346-01A_143_TS,TCGA-A3-3346,TCGA-A3-3346-01A
3,train,TCGA-A3-3346-01A_501_TS,TCGA-A3-3346,TCGA-A3-3346-01A
3,train,TCGA-A3-3347-01A_251_TS,TCGA-A3-3347,TCGA-A3-3347-01A
3,train,TCGA-A3-3347-01A_850_TS,TCGA-A3-3347,TCGA-A3-3347-01A
3,train,TCGA-A3-3347-01A_851_TS,TCGA-A3-3347,TCGA-A3-3347-01A
3,train,TCGA-A3-3349-01A_1020_TS,TCGA-A3-3349,TCGA-A3-3349-01A
3,train,TCGA-A3-3349-01A_235_TS,TCGA-A3-3349,TCGA-A3-3349-01A
3,train,TCGA-A3-3351-01A_523_TS,TCGA-A3-3351,TCGA-A3-3351-01A
3,train,TCGA-A3-3351-01A_524_TS,TCGA-A3-3351,TCGA-A3-3351-01A
3,train,TCGA-A3-3351-01A_525_TS,TCGA-A3-3351,TCGA-A3-3351-01A
3,train,TCGA-A3-3363-01A_261_TS,TCGA-A3-3363,TCGA-A3-3363-01A
3,train,TCGA-A3-3363-01A_487_TS,TCGA-A3-3363,TCGA-A3-3363-01A
3,train,TCGA-A3-3365-01A_237_TS,TCGA-A3-3365,TCGA-A3-3365-01A
3,train,TCGA-A3-3365-01A_465_TS,TCGA-A3-3365,TCGA-A3-3365-01A
3,train,TCGA-A3-3378-01A_341_TS,TCGA-A3-3378,TCGA-A3-3378-01A
3,train,TCGA-A3-3378-01A_342_TS,TCGA-A3-3378,TCGA-A3-3378-01A
3,train,TCGA-A3-3378-01A_983_TS,TCGA-A3-3378,TCGA-A3-3378-01A
3,train,TCGA-A3-3382-01A_187_TS,TCGA-A3-3382,TCGA-A3-3382-01A
3,train,TCGA-A3-3382-01A_188_TS,TCGA-A3-3382,TCGA-A3-3382-01A
3,train,TCGA-A3-3382-01A_300_TS,TCGA-A3-3382,TCGA-A3-3382-01A
3,train,TCGA-A3-3387-01A_1078_TS,TCGA-A3-3387,TCGA-A3-3387-01A
3,train,TCGA-A3-3387-01A_886_TS,TCGA-A3-3387,TCGA-A3-3387-01A
3,train,TCGA-A3-A6NI-01A_67_TS,TCGA-A3-A6NI,TCGA-A3-A6NI-01A
3,train,TCGA-A3-A6NL-01A_264_TS,TCGA-A3-A6NL,TCGA-A3-A6NL-01A
3,train,TCGA-A3-A6NN-01A_1010_TS,TCGA-A3-A6NN,TCGA-A3-A6NN-01A
3,train,TCGA-A3-A8OV-01A_303_TS,TCGA-A3-A8OV,TCGA-A3-A8OV-01A
3,train,TCGA-A3-A8OW-01A_194_TS,TCGA-A3-A8OW,TCGA-A3-A8OW-01A
3,train,TCGA-AK-3425-01A_713_TS,TCGA-AK-3425,TCGA-AK-3425-01A
3,train,TCGA-AK-3425-01A_902_TS,TCGA-AK-3425,TCGA-AK-3425-01A
3,train,TCGA-AK-3431-01A_1033_TS,TCGA-AK-3431,TCGA-AK-3431-01A
3,train,TCGA-AK-3431-01A_852_TS,TCGA-AK-3431,TCGA-AK-3431-01A
3,train,TCGA-AK-3436-01A_43_TS,TCGA-AK-3436,TCGA-AK-3436-01A
3,train,TCGA-AK-3436-01A_741_TS,TCGA-AK-3436,TCGA-AK-3436-01A
3,train,TCGA-AK-3436-01A_928_TS,TCGA-AK-3436,TCGA-AK-3436-01A
3,train,TCGA-AK-3444-01A_467_TS,TCGA-AK-3444,TCGA-AK-3444-01A
3,train,TCGA-AK-3444-01A_468_TS,TCGA-AK-3444,TCGA-AK-3444-01A
3,train,TCGA-AK-3444-01A_94_TS,TCGA-AK-3444,TCGA-AK-3444-01A
3,train,TCGA-AK-3445-01A_568_TS,TCGA-AK-3445,TCGA-AK-3445-01A
3,train,TCGA-AK-3445-01A_569_TS,TCGA-AK-3445,TCGA-AK-3445-01A
3,train,TCGA-AK-3455-01A_178_TS,TCGA-AK-3455,TCGA-AK-3455-01A
3,train,TCGA-AK-3455-01A_179_TS,TCGA-AK-3455,TCGA-AK-3455-01A
3,train,TCGA-AK-3461-01A_385_TS,TCGA-AK-3461,TCGA-AK-3461-01A
3,train,TCGA-AK-3461-01A_97_TS,TCGA-AK-3461,TCGA-AK-3461-01A
3,train,TCGA-B0-4690-01A_941_TS,TCGA-B0-4690,TCGA-B0-4690-01A
3,train,TCGA-B0-4690-01A_943_TS,TCGA-B0-4690,TCGA-B0-4690-01A
3,train,TCGA-B0-4693-01A_659_TS,TCGA-B0-4693,TCGA-B0-4693-01A
3,train,TCGA-B0-4693-01A_660_TS,TCGA-B0-4693,TCGA-B0-4693-01A
3,train,TCGA-B0-4697-01A_469_TS,TCGA-B0-4697,TCGA-B0-4697-01A
3,train,TCGA-B0-4697-01A_845_TS,TCGA-B0-4697,TCGA-B0-4697-01A
3,train,TCGA-B0-4698-01A_66_TS,TCGA-B0-4698,TCGA-B0-4698-01A
3,train,TCGA-B0-4698-01A_815_TS,TCGA-B0-4698,TCGA-B0-4698-01A
3,train,TCGA-B0-4701-01A_135_TS,TCGA-B0-4701,TCGA-B0-4701-01A
3,train,TCGA-B0-4701-01A_490_TS,TCGA-B0-4701,TCGA-B0-4701-01A
3,train,TCGA-B0-4703-01A_639_TS,TCGA-B0-4703,TCGA-B0-4703-01A
3,train,TCGA-B0-4703-01A_640_TS,TCGA-B0-4703,TCGA-B0-4703-01A
3,train,TCGA-B0-4810-01A_117_TS,TCGA-B0-4810,TCGA-B0-4810-01A
3,train,TCGA-B0-4810-01A_479_TS,TCGA-B0-4810,TCGA-B0-4810-01A
3,train,TCGA-B0-4814-01A_1035_TS,TCGA-B0-4814,TCGA-B0-4814-01A
3,train,TCGA-B0-4814-01A_480_TS,TCGA-B0-4814,TCGA-B0-4814-01A
3,train,TCGA-B0-4818-01A_218_TS,TCGA-B0-4818,TCGA-B0-4818-01A
3,train,TCGA-B0-4818-01A_228_TS,TCGA-B0-4818,TCGA-B0-4818-01A
3,train,TCGA-B0-4821-01A_206_TS,TCGA-B0-4821,TCGA-B0-4821-01A
3,train,TCGA-B0-4821-01A_316_TS,TCGA-B0-4821,TCGA-B0-4821-01A
3,train,TCGA-B0-4836-01A_344_TS,TCGA-B0-4836,TCGA-B0-4836-01A
3,train,TCGA-B0-4836-01A_345_TS,TCGA-B0-4836,TCGA-B0-4836-01A
3,train,TCGA-B0-4844-01A_360_TS,TCGA-B0-4844,TCGA-B0-4844-01A
3,train,TCGA-B0-4844-01A_70_TS,TCGA-B0-4844,TCGA-B0-4844-01A
3,train,TCGA-B0-4849-01A_1074_TS,TCGA-B0-4849,TCGA-B0-4849-01A
3,train,TCGA-B0-4849-01A_509_TS,TCGA-B0-4849,TCGA-B0-4849-01A
3,train,TCGA-B0-5080-01A_368_TS,TCGA-B0-5080,TCGA-B0-5080-01A
3,train,TCGA-B0-5080-01A_821_TS,TCGA-B0-5080,TCGA-B0-5080-01A
3,train,TCGA-B0-5096-01A_804_TS,TCGA-B0-5096,TCGA-B0-5096-01A
3,train,TCGA-B0-5096-01A_986_TS,TCGA-B0-5096,TCGA-B0-5096-01A
3,train,TCGA-B0-5097-01A_1015_TS,TCGA-B0-5097,TCGA-B0-5097-01A
3,train,TCGA-B0-5097-01A_85_TS,TCGA-B0-5097,TCGA-B0-5097-01A
3,train,TCGA-B0-5108-01A_448_TS,TCGA-B0-5108,TCGA-B0-5108-01A
3,train,TCGA-B0-5108-01A_942_TS,TCGA-B0-5108,TCGA-B0-5108-01A
3,train,TCGA-B0-5109-01A_309_TS,TCGA-B0-5109,TCGA-B0-5109-01A
3,train,TCGA-B0-5109-01A_310_TS,TCGA-B0-5109,TCGA-B0-5109-01A
3,train,TCGA-B0-5115-01A_124_TS,TCGA-B0-5115,TCGA-B0-5115-01A
3,train,TCGA-B0-5115-01A_858_TS,TCGA-B0-5115,TCGA-B0-5115-01A
3,train,TCGA-B0-5119-01A_556_TS,TCGA-B0-5119,TCGA-B0-5119-01A
3,train,TCGA-B0-5119-01A_557_TS,TCGA-B0-5119,TCGA-B0-5119-01A
3,train,TCGA-B0-5400-01A_1055_TS,TCGA-B0-5400,TCGA-B0-5400-01A
3,train,TCGA-B0-5400-01A_413_TS,TCGA-B0-5400,TCGA-B0-5400-01A
3,train,TCGA-B0-5402-01A_204_TS,TCGA-B0-5402,TCGA-B0-5402-01A
3,train,TCGA-B0-5402-01A_962_TS,TCGA-B0-5402,TCGA-B0-5402-01A
3,train,TCGA-B0-5692-01A_808_TS,TCGA-B0-5692,TCGA-B0-5692-01A
3,train,TCGA-B0-5692-01A_988_TS,TCGA-B0-5692,TCGA-B0-5692-01A
3,train,TCGA-B0-5693-01A_431_TS,TCGA-B0-5693,TCGA-B0-5693-01A
3,train,TCGA-B0-5693-01A_725_TS,TCGA-B0-5693,TCGA-B0-5693-01A
3,train,TCGA-B0-5697-01A_663_TS,TCGA-B0-5697,TCGA-B0-5697-01A
3,train,TCGA-B0-5697-01A_664_TS,TCGA-B0-5697,TCGA-B0-5697-01A
3,train,TCGA-B0-5698-01A_44_TS,TCGA-B0-5698,TCGA-B0-5698-01A
3,train,TCGA-B0-5698-01A_746_TS,TCGA-B0-5698,TCGA-B0-5698-01A
3,train,TCGA-B0-5701-01A_154_TS,TCGA-B0-5701,TCGA-B0-5701-01A
3,train,TCGA-B0-5701-01A_157_TS,TCGA-B0-5701,TCGA-B0-5701-01A
3,train,TCGA-B0-5702-01A_139_TS,TCGA-B0-5702,TCGA-B0-5702-01A
3,train,TCGA-B0-5702-01A_878_TS,TCGA-B0-5702,TCGA-B0-5702-01A
3,train,TCGA-B0-5707-01A_1013_TS,TCGA-B0-5707,TCGA-B0-5707-01A
3,train,TCGA-B0-5707-01A_840_TS,TCGA-B0-5707,TCGA-B0-5707-01A
3,train,TCGA-B0-5709-01A_566_TS,TCGA-B0-5709,TCGA-B0-5709-01A
3,train,TCGA-B0-5709-01A_567_TS,TCGA-B0-5709,TCGA-B0-5709-01A
3,train,TCGA-B0-5712-01A_207_TS,TCGA-B0-5712,TCGA-B0-5712-01A
3,train,TCGA-B0-5712-01A_775_TS,TCGA-B0-5712,TCGA-B0-5712-01A
3,train,TCGA-B0-5713-01A_612_TS,TCGA-B0-5713,TCGA-B0-5713-01A
3,train,TCGA-B0-5713-01A_613_TS,TCGA-B0-5713,TCGA-B0-5713-01A
3,train,TCGA-B2-4099-01A_474_TS,TCGA-B2-4099,TCGA-B2-4099-01A
3,train,TCGA-B2-4099-01A_841_TS,TCGA-B2-4099,TCGA-B2-4099-01A
3,train,TCGA-B2-4101-01A_624_TS,TCGA-B2-4101,TCGA-B2-4101-01A
3,train,TCGA-B2-4101-01A_625_TS,TCGA-B2-4101,TCGA-B2-4101-01A
3,train,TCGA-B2-5639-01A_916_TS,TCGA-B2-5639,TCGA-B2-5639-01A
3,train,TCGA-B2-5639-01A_917_TS,TCGA-B2-5639,TCGA-B2-5639-01A
3,train,TCGA-B2-5641-01A_709_TS,TCGA-B2-5641,TCGA-B2-5641-01A
3,train,TCGA-B2-5641-01A_710_TS,TCGA-B2-5641,TCGA-B2-5641-01A
3,train,TCGA-B2-A4SR-01A_548_TS,TCGA-B2-A4SR,TCGA-B2-A4SR-01A
3,train,TCGA-B4-5832-01A_415_TS,TCGA-B4-5832,TCGA-B4-5832-01A
3,train,TCGA-B4-5832-01A_873_TS,TCGA-B4-5832,TCGA-B4-5832-01A
3,train,TCGA-B4-5834-01A_181_TS,TCGA-B4-5834,TCGA-B4-5834-01A
3,train,TCGA-B4-5834-01A_451_TS,TCGA-B4-5834,TCGA-B4-5834-01A
3,train,TCGA-B4-5838-01A_411_TS,TCGA-B4-5838,TCGA-B4-5838-01A
3,train,TCGA-B4-5838-01A_488_TS,TCGA-B4-5838,TCGA-B4-5838-01A
3,train,TCGA-B4-5843-01A_329_TS,TCGA-B4-5843,TCGA-B4-5843-01A
3,train,TCGA-B4-5843-01A_59_TS,TCGA-B4-5843,TCGA-B4-5843-01A
3,train,TCGA-B8-4146-01B_614_TS,TCGA-B8-4146,TCGA-B8-4146-01B
3,train,TCGA-B8-4146-01B_615_TS,TCGA-B8-4146,TCGA-B8-4146-01B
3,train,TCGA-B8-4148-01A_20_TS,TCGA-B8-4148,TCGA-B8-4148-01A
3,train,TCGA-B8-4148-01A_726_TS,TCGA-B8-4148,TCGA-B8-4148-01A
3,train,TCGA-B8-4148-01A_918_TS,TCGA-B8-4148,TCGA-B8-4148-01A
3,train,TCGA-B8-4151-01A_520_TS,TCGA-B8-4151,TCGA-B8-4151-01A
3,train,TCGA-B8-4151-01A_522_TS,TCGA-B8-4151,TCGA-B8-4151-01A
3,train,TCGA-B8-5159-01A_160_TS,TCGA-B8-5159,TCGA-B8-5159-01A
3,train,TCGA-B8-5159-01A_890_TS,TCGA-B8-5159,TCGA-B8-5159-01A
3,train,TCGA-B8-5162-01A_31_TS,TCGA-B8-5162,TCGA-B8-5162-01A
3,train,TCGA-B8-5162-01A_734_TS,TCGA-B8-5162,TCGA-B8-5162-01A
3,train,TCGA-B8-5165-01A_190_TS,TCGA-B8-5165,TCGA-B8-5165-01A
3,train,TCGA-B8-5165-01A_755_TS,TCGA-B8-5165,TCGA-B8-5165-01A
3,train,TCGA-B8-5545-01A_376_TS,TCGA-B8-5545,TCGA-B8-5545-01A
3,train,TCGA-B8-5545-01A_838_TS,TCGA-B8-5545,TCGA-B8-5545-01A
3,train,TCGA-B8-5550-01A_133_TS,TCGA-B8-5550,TCGA-B8-5550-01A
3,train,TCGA-B8-5550-01A_266_TS,TCGA-B8-5550,TCGA-B8-5550-01A
3,train,TCGA-B8-5551-01A_842_TS,TCGA-B8-5551,TCGA-B8-5551-01A
3,train,TCGA-B8-5551-01A_89_TS,TCGA-B8-5551,TCGA-B8-5551-01A
3,train,TCGA-B8-A54F-01A_270_TS,TCGA-B8-A54F,TCGA-B8-A54F-01A
3,train,TCGA-B8-A54I-01A_52_TS,TCGA-B8-A54I,TCGA-B8-A54I-01A
3,train,TCGA-B8-A54J-01A_81_TS,TCGA-B8-A54J,TCGA-B8-A54J-01A
3,train,TCGA-B8-A8YJ-01A_453_TS,TCGA-B8-A8YJ,TCGA-B8-A8YJ-01A
3,train,TCGA-BP-4160-01A_1_TS,TCGA-BP-4160,TCGA-BP-4160-01A
3,train,TCGA-BP-4160-01A_906_TS,TCGA-BP-4160,TCGA-BP-4160-01A
3,train,TCGA-BP-4161-01A_649_TS,TCGA-BP-4161,TCGA-BP-4161-01A
3,train,TCGA-BP-4161-01A_650_TS,TCGA-BP-4161,TCGA-BP-4161-01A
3,train,TCGA-BP-4161-01A_651_TS,TCGA-BP-4161,TCGA-BP-4161-01A
3,train,TCGA-BP-4164-01A_933_TS,TCGA-BP-4164,TCGA-BP-4164-01A
3,train,TCGA-BP-4164-01A_934_TS,TCGA-BP-4164,TCGA-BP-4164-01A
3,train,TCGA-BP-4164-01A_937_TS,TCGA-BP-4164,TCGA-BP-4164-01A
3,train,TCGA-BP-4169-01A_1026_TS,TCGA-BP-4169,TCGA-BP-4169-01A
3,train,TCGA-BP-4169-01A_122_TS,TCGA-BP-4169,TCGA-BP-4169-01A
3,train,TCGA-BP-4174-01A_192_TS,TCGA-BP-4174,TCGA-BP-4174-01A
3,train,TCGA-BP-4174-01A_760_TS,TCGA-BP-4174,TCGA-BP-4174-01A
3,train,TCGA-BP-4176-01A_558_TS,TCGA-BP-4176,TCGA-BP-4176-01A
3,train,TCGA-BP-4176-01A_559_TS,TCGA-BP-4176,TCGA-BP-4176-01A
3,train,TCGA-BP-4330-01A_554_TS,TCGA-BP-4330,TCGA-BP-4330-01A
3,train,TCGA-BP-4330-01A_555_TS,TCGA-BP-4330,TCGA-BP-4330-01A
3,train,TCGA-BP-4331-01A_17_TS,TCGA-BP-4331,TCGA-BP-4331-01A
3,train,TCGA-BP-4331-01A_18_TS,TCGA-BP-4331,TCGA-BP-4331-01A
3,train,TCGA-BP-4343-01A_371_TS,TCGA-BP-4343,TCGA-BP-4343-01A
3,train,TCGA-BP-4343-01A_824_TS,TCGA-BP-4343,TCGA-BP-4343-01A
3,train,TCGA-BP-4344-01A_427_TS,TCGA-BP-4344,TCGA-BP-4344-01A
3,train,TCGA-BP-4344-01A_8_TS,TCGA-BP-4344,TCGA-BP-4344-01A
3,train,TCGA-BP-4760-01A_11_TS,TCGA-BP-4760,TCGA-BP-4760-01A
3,train,TCGA-BP-4760-01A_722_TS,TCGA-BP-4760,TCGA-BP-4760-01A
3,train,TCGA-BP-4761-01A_115_TS,TCGA-BP-4761,TCGA-BP-4761-01A
3,train,TCGA-BP-4761-01A_247_TS,TCGA-BP-4761,TCGA-BP-4761-01A
3,train,TCGA-BP-4765-01A_220_TS,TCGA-BP-4765,TCGA-BP-4765-01A
3,train,TCGA-BP-4765-01A_357_TS,TCGA-BP-4765,TCGA-BP-4765-01A
3,train,TCGA-BP-4766-01A_365_TS,TCGA-BP-4766,TCGA-BP-4766-01A
3,train,TCGA-BP-4766-01A_996_TS,TCGA-BP-4766,TCGA-BP-4766-01A
3,train,TCGA-BP-4775-01A_897_TS,TCGA-BP-4775,TCGA-BP-4775-01A
3,train,TCGA-BP-4775-01A_898_TS,TCGA-BP-4775,TCGA-BP-4775-01A
3,train,TCGA-BP-4781-01A_491_TS,TCGA-BP-4781,TCGA-BP-4781-01A
3,train,TCGA-BP-4781-01A_872_TS,TCGA-BP-4781,TCGA-BP-4781-01A
3,train,TCGA-BP-4787-01A_1043_TS,TCGA-BP-4787,TCGA-BP-4787-01A
3,train,TCGA-BP-4787-01A_864_TS,TCGA-BP-4787,TCGA-BP-4787-01A
3,train,TCGA-BP-4789-01A_289_TS,TCGA-BP-4789,TCGA-BP-4789-01A
3,train,TCGA-BP-4789-01A_511_TS,TCGA-BP-4789,TCGA-BP-4789-01A
3,train,TCGA-BP-4801-01A_594_TS,TCGA-BP-4801,TCGA-BP-4801-01A
3,train,TCGA-BP-4801-01A_595_TS,TCGA-BP-4801,TCGA-BP-4801-01A
3,train,TCGA-BP-4807-01A_959_TS,TCGA-BP-4807,TCGA-BP-4807-01A
3,train,TCGA-BP-4807-01A_960_TS,TCGA-BP-4807,TCGA-BP-4807-01A
3,train,TCGA-BP-4970-01A_570_TS,TCGA-BP-4970,TCGA-BP-4970-01A
3,train,TCGA-BP-4970-01A_571_TS,TCGA-BP-4970,TCGA-BP-4970-01A
3,train,TCGA-BP-4972-01A_191_TS,TCGA-BP-4972,TCGA-BP-4972-01A
3,train,TCGA-BP-4972-01A_302_TS,TCGA-BP-4972,TCGA-BP-4972-01A
3,train,TCGA-BP-4982-01A_366_TS,TCGA-BP-4982,TCGA-BP-4982-01A
3,train,TCGA-BP-4982-01A_819_TS,TCGA-BP-4982,TCGA-BP-4982-01A
3,train,TCGA-BP-4983-01A_1050_TS,TCGA-BP-4983,TCGA-BP-4983-01A
3,train,TCGA-BP-4983-01A_263_TS,TCGA-BP-4983,TCGA-BP-4983-01A
3,train,TCGA-BP-5004-01A_331_TS,TCGA-BP-5004,TCGA-BP-5004-01A
3,train,TCGA-BP-5004-01A_788_TS,TCGA-BP-5004,TCGA-BP-5004-01A
3,train,TCGA-BP-5007-01A_321_TS,TCGA-BP-5007,TCGA-BP-5007-01A
3,train,TCGA-BP-5007-01A_55_TS,TCGA-BP-5007,TCGA-BP-5007-01A
3,train,TCGA-BP-5173-01A_600_TS,TCGA-BP-5173,TCGA-BP-5173-01A
3,train,TCGA-BP-5173-01A_601_TS,TCGA-BP-5173,TCGA-BP-5173-01A
3,train,TCGA-BP-5181-01A_40_TS,TCGA-BP-5181,TCGA-BP-5181-01A
3,train,TCGA-BP-5181-01A_740_TS,TCGA-BP-5181,TCGA-BP-5181-01A
3,train,TCGA-BP-5186-01A_1030_TS,TCGA-BP-5186,TCGA-BP-5186-01A
3,train,TCGA-BP-5186-01A_394_TS,TCGA-BP-5186,TCGA-BP-5186-01A
3,train,TCGA-BP-5189-01A_720_TS,TCGA-BP-5189,TCGA-BP-5189-01A
3,train,TCGA-BP-5189-01A_910_TS,TCGA-BP-5189,TCGA-BP-5189-01A
3,train,TCGA-BP-5195-01A_183_TS,TCGA-BP-5195,TCGA-BP-5195-01A
3,train,TCGA-BP-5195-01A_456_TS,TCGA-BP-5195,TCGA-BP-5195-01A
3,train,TCGA-BP-5196-01A_320_TS,TCGA-BP-5196,TCGA-BP-5196-01A
3,train,TCGA-BP-5196-01A_463_TS,TCGA-BP-5196,TCGA-BP-5196-01A
3,train,TCGA-BP-5202-01A_586_TS,TCGA-BP-5202,TCGA-BP-5202-01A
3,train,TCGA-BP-5202-01A_587_TS,TCGA-BP-5202,TCGA-BP-5202-01A
3,train,TCGA-CJ-4634-01A_1066_TS,TCGA-CJ-4634,TCGA-CJ-4634-01A
3,train,TCGA-CJ-4634-01A_1067_TS,TCGA-CJ-4634,TCGA-CJ-4634-01A
3,train,TCGA-CJ-4634-01A_882_TS,TCGA-CJ-4634,TCGA-CJ-4634-01A
3,train,TCGA-CJ-4635-01A_65_TS,TCGA-CJ-4635,TCGA-CJ-4635-01A
3,train,TCGA-CJ-4635-01A_814_TS,TCGA-CJ-4635,TCGA-CJ-4635-01A
3,train,TCGA-CJ-4640-01A_335_TS,TCGA-CJ-4640,TCGA-CJ-4640-01A
3,train,TCGA-CJ-4640-01A_797_TS,TCGA-CJ-4640,TCGA-CJ-4640-01A
3,train,TCGA-CJ-4640-01A_798_TS,TCGA-CJ-4640,TCGA-CJ-4640-01A
3,train,TCGA-CJ-4641-01A_215_TS,TCGA-CJ-4641,TCGA-CJ-4641-01A
3,train,TCGA-CJ-4641-01A_217_TS,TCGA-CJ-4641,TCGA-CJ-4641-01A
3,train,TCGA-CJ-4641-01A_58_TS,TCGA-CJ-4641,TCGA-CJ-4641-01A
3,train,TCGA-CJ-4644-01A_293_TS,TCGA-CJ-4644,TCGA-CJ-4644-01A
3,train,TCGA-CJ-4644-01A_423_TS,TCGA-CJ-4644,TCGA-CJ-4644-01A
3,train,TCGA-CJ-4644-01A_519_TS,TCGA-CJ-4644,TCGA-CJ-4644-01A
3,train,TCGA-CJ-4870-01A_1063_TS,TCGA-CJ-4870,TCGA-CJ-4870-01A
3,train,TCGA-CJ-4870-01A_492_TS,TCGA-CJ-4870,TCGA-CJ-4870-01A
3,train,TCGA-CJ-4871-01A_454_TS,TCGA-CJ-4871,TCGA-CJ-4871-01A
3,train,TCGA-CJ-4871-01A_946_TS,TCGA-CJ-4871,TCGA-CJ-4871-01A
3,train,TCGA-CJ-4878-01A_1053_TS,TCGA-CJ-4878,TCGA-CJ-4878-01A
3,train,TCGA-CJ-4878-01A_269_TS,TCGA-CJ-4878,TCGA-CJ-4878-01A
3,train,TCGA-CJ-4881-01A_801_TS,TCGA-CJ-4881,TCGA-CJ-4881-01A
3,train,TCGA-CJ-4881-01A_982_TS,TCGA-CJ-4881,TCGA-CJ-4881-01A
3,train,TCGA-CJ-4889-01A_545_TS,TCGA-CJ-4889,TCGA-CJ-4889-01A
3,train,TCGA-CJ-4889-01A_546_TS,TCGA-CJ-4889,TCGA-CJ-4889-01A
3,train,TCGA-CJ-4890-01A_1032_TS,TCGA-CJ-4890,TCGA-CJ-4890-01A
3,train,TCGA-CJ-4890-01A_1049_TS,TCGA-CJ-4890,TCGA-CJ-4890-01A
3,train,TCGA-CJ-4894-01A_723_TS,TCGA-CJ-4894,TCGA-CJ-4894-01A
3,train,TCGA-CJ-4894-01A_724_TS,TCGA-CJ-4894,TCGA-CJ-4894-01A
3,train,TCGA-CJ-4895-01A_592_TS,TCGA-CJ-4895,TCGA-CJ-4895-01A
3,train,TCGA-CJ-4895-01A_708_TS,TCGA-CJ-4895,TCGA-CJ-4895-01A
3,train,TCGA-CJ-4897-01A_830_TS,TCGA-CJ-4897,TCGA-CJ-4897-01A
3,train,TCGA-CJ-4902-01A_219_TS,TCGA-CJ-4902,TCGA-CJ-4902-01A
3,train,TCGA-CJ-4902-01A_359_TS,TCGA-CJ-4902,TCGA-CJ-4902-01A
3,train,TCGA-CJ-4904-01A_32_TS,TCGA-CJ-4904,TCGA-CJ-4904-01A
3,train,TCGA-CJ-4904-01A_440_TS,TCGA-CJ-4904,TCGA-CJ-4904-01A
3,train,TCGA-CJ-4908-01A_308_TS,TCGA-CJ-4908,TCGA-CJ-4908-01A
3,train,TCGA-CJ-4908-01A_763_TS,TCGA-CJ-4908,TCGA-CJ-4908-01A
3,train,TCGA-CJ-4920-01A_1056_TS,TCGA-CJ-4920,TCGA-CJ-4920-01A
3,train,TCGA-CJ-4920-01A_414_TS,TCGA-CJ-4920,TCGA-CJ-4920-01A
3,train,TCGA-CJ-5675-01A_620_TS,TCGA-CJ-5675,TCGA-CJ-5675-01A
3,train,TCGA-CJ-5675-01A_621_TS,TCGA-CJ-5675,TCGA-CJ-5675-01A
3,train,TCGA-CJ-5677-01A_630_TS,TCGA-CJ-5677,TCGA-CJ-5677-01A
3,train,TCGA-CJ-5677-01A_631_TS,TCGA-CJ-5677,TCGA-CJ-5677-01A
3,train,TCGA-CJ-5681-01A_241_TS,TCGA-CJ-5681,TCGA-CJ-5681-01A
3,train,TCGA-CJ-5681-01A_384_TS,TCGA-CJ-5681,TCGA-CJ-5681-01A
3,train,TCGA-CJ-5682-01A_1042_TS,TCGA-CJ-5682,TCGA-CJ-5682-01A
3,train,TCGA-CJ-5682-01A_859_TS,TCGA-CJ-5682,TCGA-CJ-5682-01A
3,train,TCGA-CJ-5686-01A_233_TS,TCGA-CJ-5686,TCGA-CJ-5686-01A
3,train,TCGA-CJ-5686-01A_234_TS,TCGA-CJ-5686,TCGA-CJ-5686-01A
3,train,TCGA-CJ-6027-01A_295_TS,TCGA-CJ-6027,TCGA-CJ-6027-01A
3,train,TCGA-CJ-6027-01A_4_TS,TCGA-CJ-6027,TCGA-CJ-6027-01A
3,train,TCGA-CJ-6032-01A_564_TS,TCGA-CJ-6032,TCGA-CJ-6032-01A
3,train,TCGA-CJ-6032-01A_565_TS,TCGA-CJ-6032,TCGA-CJ-6032-01A
3,train,TCGA-CJ-6033-01A_1038_TS,TCGA-CJ-6033,TCGA-CJ-6033-01A
3,train,TCGA-CJ-6033-01A_1040_TS,TCGA-CJ-6033,TCGA-CJ-6033-01A
3,train,TCGA-CW-5585-01A_464_TS,TCGA-CW-5585,TCGA-CW-5585-01A
3,train,TCGA-CW-5585-01A_835_TS,TCGA-CW-5585,TCGA-CW-5585-01A
3,train,TCGA-CW-5587-01A_136_TS,TCGA-CW-5587,TCGA-CW-5587-01A
3,train,TCGA-CW-5587-01A_271_TS,TCGA-CW-5587,TCGA-CW-5587-01A
3,train,TCGA-CW-5590-01A_521_TS,TCGA-CW-5590,TCGA-CW-5590-01A
3,train,TCGA-CW-5590-01A_891_TS,TCGA-CW-5590,TCGA-CW-5590-01A
3,train,TCGA-CW-5591-01A_533_TS,TCGA-CW-5591,TCGA-CW-5591-01A
3,train,TCGA-CW-5591-01A_534_TS,TCGA-CW-5591,TCGA-CW-5591-01A
3,train,TCGA-CW-6090-01A_1047_TS,TCGA-CW-6090,TCGA-CW-6090-01A
3,train,TCGA-CW-6090-01A_486_TS,TCGA-CW-6090,TCGA-CW-6090-01A
3,train,TCGA-CW-6093-01A_991_TS,TCGA-CW-6093,TCGA-CW-6093-01A
3,train,TCGA-CW-6093-01A_993_TS,TCGA-CW-6093,TCGA-CW-6093-01A
3,train,TCGA-CZ-4857-01A_637_TS,TCGA-CZ-4857,TCGA-CZ-4857-01A
3,train,TCGA-CZ-4857-01A_638_TS,TCGA-CZ-4857,TCGA-CZ-4857-01A
3,train,TCGA-CZ-4858-01A_774_TS,TCGA-CZ-4858,TCGA-CZ-4858-01A
3,train,TCGA-CZ-4858-01A_967_TS,TCGA-CZ-4858,TCGA-CZ-4858-01A
3,train,TCGA-CZ-4861-01A_893_TS,TCGA-CZ-4861,TCGA-CZ-4861-01A
3,train,TCGA-CZ-4861-01A_894_TS,TCGA-CZ-4861,TCGA-CZ-4861-01A
3,train,TCGA-CZ-4862-01A_779_TS,TCGA-CZ-4862,TCGA-CZ-4862-01A
3,train,TCGA-CZ-4862-01A_781_TS,TCGA-CZ-4862,TCGA-CZ-4862-01A
3,train,TCGA-CZ-4865-01A_172_TS,TCGA-CZ-4865,TCGA-CZ-4865-01A
3,train,TCGA-CZ-4865-01A_443_TS,TCGA-CZ-4865,TCGA-CZ-4865-01A
3,train,TCGA-CZ-4866-01A_965_TS,TCGA-CZ-4866,TCGA-CZ-4866-01A
3,train,TCGA-CZ-4866-01A_966_TS,TCGA-CZ-4866,TCGA-CZ-4866-01A
3,train,TCGA-CZ-5454-01A_53_TS,TCGA-CZ-5454,TCGA-CZ-5454-01A
3,train,TCGA-CZ-5454-01A_974_TS,TCGA-CZ-5454,TCGA-CZ-5454-01A
3,train,TCGA-CZ-5455-01A_272_TS,TCGA-CZ-5455,TCGA-CZ-5455-01A
3,train,TCGA-CZ-5455-01A_419_TS,TCGA-CZ-5455,TCGA-CZ-5455-01A
3,train,TCGA-CZ-5458-01A_353_TS,TCGA-CZ-5458,TCGA-CZ-5458-01A
3,train,TCGA-CZ-5458-01A_811_TS,TCGA-CZ-5458,TCGA-CZ-5458-01A
3,train,TCGA-CZ-5459-01A_80_TS,TCGA-CZ-5459,TCGA-CZ-5459-01A
3,train,TCGA-CZ-5461-01A_1039_TS,TCGA-CZ-5461,TCGA-CZ-5461-01A
3,train,TCGA-CZ-5461-01A_482_TS,TCGA-CZ-5461,TCGA-CZ-5461-01A
3,train,TCGA-CZ-5465-01A_783_TS,TCGA-CZ-5465,TCGA-CZ-5465-01A
3,train,TCGA-CZ-5465-01A_973_TS,TCGA-CZ-5465,TCGA-CZ-5465-01A
3,train,TCGA-CZ-5466-01A_125_TS,TCGA-CZ-5466,TCGA-CZ-5466-01A
3,train,TCGA-CZ-5466-01A_861_TS,TCGA-CZ-5466,TCGA-CZ-5466-01A
3,train,TCGA-CZ-5469-01A_761_TS,TCGA-CZ-5469,TCGA-CZ-5469-01A
3,train,TCGA-CZ-5469-01A_954_TS,TCGA-CZ-5469,TCGA-CZ-5469-01A
3,train,TCGA-CZ-5470-01A_319_TS,TCGA-CZ-5470,TCGA-CZ-5470-01A
3,train,TCGA-CZ-5470-01A_777_TS,TCGA-CZ-5470,TCGA-CZ-5470-01A
3,train,TCGA-CZ-5985-01A_457_TS,TCGA-CZ-5985,TCGA-CZ-5985-01A
3,train,TCGA-CZ-5985-01A_957_TS,TCGA-CZ-5985,TCGA-CZ-5985-01A
3,train,TCGA-CZ-5986-01A_1068_TS,TCGA-CZ-5986,TCGA-CZ-5986-01A
3,train,TCGA-CZ-5986-01A_884_TS,TCGA-CZ-5986,TCGA-CZ-5986-01A
3,train,TCGA-DV-5567-01A_164_TS,TCGA-DV-5567,TCGA-DV-5567-01A
3,train,TCGA-DV-5567-01A_19_TS,TCGA-DV-5567,TCGA-DV-5567-01A
3,train,TCGA-DV-5568-01A_13_TS,TCGA-DV-5568,TCGA-DV-5568-01A
3,train,TCGA-DV-5568-01A_14_TS,TCGA-DV-5568,TCGA-DV-5568-01A
3,train,TCGA-DV-5574-01A_436_TS,TCGA-DV-5574,TCGA-DV-5574-01A
3,train,TCGA-DV-5574-01A_437_TS,TCGA-DV-5574,TCGA-DV-5574-01A
3,train,TCGA-DV-5575-01A_455_TS,TCGA-DV-5575,TCGA-DV-5575-01A
3,train,TCGA-DV-5575-01A_49_TS,TCGA-DV-5575,TCGA-DV-5575-01A
3,train,TCGA-DV-A4VZ-01A_958_TS,TCGA-DV-A4VZ,TCGA-DV-A4VZ-01A
3,train,TCGA-EU-5905-01A_116_TS,TCGA-EU-5905,TCGA-EU-5905-01A
3,train,TCGA-EU-5905-01A_250_TS,TCGA-EU-5905,TCGA-EU-5905-01A
3,train,TCGA-EU-5906-01A_867_TS,TCGA-EU-5906,TCGA-EU-5906-01A
3,train,TCGA-EU-5906-01A_868_TS,TCGA-EU-5906,TCGA-EU-5906-01A
3,train,TCGA-G6-A8L8-01A_825_TS,TCGA-G6-A8L8,TCGA-G6-A8L8-01A
3,train,TCGA-GK-A6C7-01A_84_TS,TCGA-GK-A6C7,TCGA-GK-A6C7-01A
3,train,TCGA-T7-A92I-01A_658_TS,TCGA-T7-A92I,TCGA-T7-A92I-01A
3,val,TCGA-A3-3307-01A_743_TS,TCGA-A3-3307,TCGA-A3-3307-01A
3,val,TCGA-A3-3307-01A_744_TS,TCGA-A3-3307,TCGA-A3-3307-01A
3,val,TCGA-A3-3323-01A_675_TS,TCGA-A3-3323,TCGA-A3-3323-01A
3,val,TCGA-A3-3323-01A_676_TS,TCGA-A3-3323,TCGA-A3-3323-01A
3,val,TCGA-A3-3323-01A_677_TS,TCGA-A3-3323,TCGA-A3-3323-01A
3,val,TCGA-A3-3329-01A_444_TS,TCGA-A3-3329,TCGA-A3-3329-01A
3,val,TCGA-A3-3329-01A_735_TS,TCGA-A3-3329,TCGA-A3-3329-01A
3,val,TCGA-A3-3352-01A_245_TS,TCGA-A3-3352,TCGA-A3-3352-01A
3,val,TCGA-A3-3352-01A_477_TS,TCGA-A3-3352,TCGA-A3-3352-01A
3,val,TCGA-A3-3362-01A_609_TS,TCGA-A3-3362,TCGA-A3-3362-01A
3,val,TCGA-A3-3362-01A_610_TS,TCGA-A3-3362,TCGA-A3-3362-01A
3,val,TCGA-A3-3362-01A_611_TS,TCGA-A3-3362,TCGA-A3-3362-01A
3,val,TCGA-A3-3376-01A_47_TS,TCGA-A3-3376,TCGA-A3-3376-01A
3,val,TCGA-A3-3376-01A_945_TS,TCGA-A3-3376,TCGA-A3-3376-01A
3,val,TCGA-A3-3383-01A_126_TS,TCGA-A3-3383,TCGA-A3-3383-01A
3,val,TCGA-A3-3383-01A_408_TS,TCGA-A3-3383,TCGA-A3-3383-01A
3,val,TCGA-A3-3383-01A_484_TS,TCGA-A3-3383,TCGA-A3-3383-01A
3,val,TCGA-A3-A8CQ-01A_517_TS,TCGA-A3-A8CQ,TCGA-A3-A8CQ-01A
3,val,TCGA-A3-A8OX-01A_1003_TS,TCGA-A3-A8OX,TCGA-A3-A8OX-01A
3,val,TCGA-AK-3427-01A_742_TS,TCGA-AK-3427,TCGA-AK-3427-01A
3,val,TCGA-AK-3427-01A_929_TS,TCGA-AK-3427,TCGA-AK-3427-01A
3,val,TCGA-AK-3450-01A_41_TS,TCGA-AK-3450,TCGA-AK-3450-01A
3,val,TCGA-AK-3450-01A_42_TS,TCGA-AK-3450,TCGA-AK-3450-01A
3,val,TCGA-AS-3778-01A_875_TS,TCGA-AS-3778,TCGA-AS-3778-01A
3,val,TCGA-AS-3778-01A_876_TS,TCGA-AS-3778,TCGA-AS-3778-01A
3,val,TCGA-B0-4694-01A_1019_TS,TCGA-B0-4694,TCGA-B0-4694-01A
3,val,TCGA-B0-4694-01A_88_TS,TCGA-B0-4694,TCGA-B0-4694-01A
3,val,TCGA-B0-4699-01A_562_TS,TCGA-B0-4699,TCGA-B0-4699-01A
3,val,TCGA-B0-4699-01A_563_TS,TCGA-B0-4699,TCGA-B0-4699-01A
3,val,TCGA-B0-4710-01A_1045_TS,TCGA-B0-4710,TCGA-B0-4710-01A
3,val,TCGA-B0-4710-01A_862_TS,TCGA-B0-4710,TCGA-B0-4710-01A
3,val,TCGA-B0-4815-01A_714_TS,TCGA-B0-4815,TCGA-B0-4815-01A
3,val,TCGA-B0-4815-01A_715_TS,TCGA-B0-4815,TCGA-B0-4815-01A
3,val,TCGA-B0-4823-01A_352_TS,TCGA-B0-4823,TCGA-B0-4823-01A
3,val,TCGA-B0-4823-01A_64_TS,TCGA-B0-4823,TCGA-B0-4823-01A
3,val,TCGA-B0-4846-01A_647_TS,TCGA-B0-4846,TCGA-B0-4846-01A
3,val,TCGA-B0-4846-01A_648_TS,TCGA-B0-4846,TCGA-B0-4846-01A
3,val,TCGA-B0-5094-01A_145_TS,TCGA-B0-5094,TCGA-B0-5094-01A
3,val,TCGA-B0-5094-01A_504_TS,TCGA-B0-5094,TCGA-B0-5094-01A
3,val,TCGA-B0-5100-01A_1073_TS,TCGA-B0-5100,TCGA-B0-5100-01A
3,val,TCGA-B0-5100-01A_156_TS,TCGA-B0-5100,TCGA-B0-5100-01A
3,val,TCGA-B0-5110-01A_544_TS,TCGA-B0-5110,TCGA-B0-5110-01A
3,val,TCGA-B0-5110-01A_702_TS,TCGA-B0-5110,TCGA-B0-5110-01A
3,val,TCGA-B0-5120-01A_225_TS,TCGA-B0-5120,TCGA-B0-5120-01A
3,val,TCGA-B0-5120-01A_994_TS,TCGA-B0-5120,TCGA-B0-5120-01A
3,val,TCGA-B0-5690-01A_460_TS,TCGA-B0-5690,TCGA-B0-5690-01A
3,val,TCGA-B0-5690-01A_462_TS,TCGA-B0-5690,TCGA-B0-5690-01A
3,val,TCGA-B0-5695-01A_439_TS,TCGA-B0-5695,TCGA-B0-5695-01A
3,val,TCGA-B0-5695-01A_712_TS,TCGA-B0-5695,TCGA-B0-5695-01A
3,val,TCGA-B0-5699-01A_56_TS,TCGA-B0-5699,TCGA-B0-5699-01A
3,val,TCGA-B0-5699-01A_978_TS,TCGA-B0-5699,TCGA-B0-5699-01A
3,val,TCGA-B0-5705-01A_216_TS,TCGA-B0-5705,TCGA-B0-5705-01A
3,val,TCGA-B0-5705-01A_57_TS,TCGA-B0-5705,TCGA-B0-5705-01A
3,val,TCGA-B0-5710-01A_593_TS,TCGA-B0-5710,TCGA-B0-5710-01A
3,val,TCGA-B0-5710-01A_711_TS,TCGA-B0-5710,TCGA-B0-5710-01A
3,val,TCGA-B0-5812-01A_25_TS,TCGA-B0-5812,TCGA-B0-5812-01A
3,val,TCGA-B0-5812-01A_27_TS,TCGA-B0-5812,TCGA-B0-5812-01A
3,val,TCGA-B2-3924-01A_1037_TS,TCGA-B2-3924,TCGA-B2-3924-01A
3,val,TCGA-B2-3924-01A_856_TS,TCGA-B2-3924,TCGA-B2-3924-01A
3,val,TCGA-B2-3924-01A_857_TS,TCGA-B2-3924,TCGA-B2-3924-01A
3,val,TCGA-B2-5633-01A_776_TS,TCGA-B2-5633,TCGA-B2-5633-01A
3,val,TCGA-B2-5633-01A_780_TS,TCGA-B2-5633,TCGA-B2-5633-01A
3,val,TCGA-B4-5377-01A_626_TS,TCGA-B4-5377,TCGA-B4-5377-01A
3,val,TCGA-B4-5377-01A_627_TS,TCGA-B4-5377,TCGA-B4-5377-01A
3,val,TCGA-B4-5835-01A_1023_TS,TCGA-B4-5835,TCGA-B4-5835-01A
3,val,TCGA-B4-5835-01A_240_TS,TCGA-B4-5835,TCGA-B4-5835-01A
3,val,TCGA-B4-5844-01A_516_TS,TCGA-B4-5844,TCGA-B4-5844-01A
3,val,TCGA-B4-5844-01A_518_TS,TCGA-B4-5844,TCGA-B4-5844-01A
3,val,TCGA-B8-4154-01A_505_TS,TCGA-B8-4154,TCGA-B8-4154-01A
3,val,TCGA-B8-4154-01A_506_TS,TCGA-B8-4154,TCGA-B8-4154-01A
3,val,TCGA-B8-5163-01A_633_TS,TCGA-B8-5163,TCGA-B8-5163-01A
3,val,TCGA-B8-5163-01A_634_TS,TCGA-B8-5163,TCGA-B8-5163-01A
3,val,TCGA-B8-5546-01A_60_TS,TCGA-B8-5546,TCGA-B8-5546-01A
3,val,TCGA-B8-5546-01A_787_TS,TCGA-B8-5546,TCGA-B8-5546-01A
3,val,TCGA-B8-5552-01B_203_TS,TCGA-B8-5552,TCGA-B8-5552-01B
3,val,TCGA-B8-5552-01B_768_TS,TCGA-B8-5552,TCGA-B8-5552-01B
3,val,TCGA-B8-A54G-01A_694_TS,TCGA-B8-A54G,TCGA-B8-A54G-01A
3,val,TCGA-B8-A54K-01A_30_TS,TCGA-B8-A54K,TCGA-B8-A54K-01A
3,val,TCGA-BP-4162-01A_1007_TS,TCGA-BP-4162,TCGA-BP-4162-01A
3,val,TCGA-BP-4162-01A_372_TS,TCGA-BP-4162,TCGA-BP-4162-01A
3,val,TCGA-BP-4162-01A_373_TS,TCGA-BP-4162,TCGA-BP-4162-01A
3,val,TCGA-BP-4170-01A_498_TS,TCGA-BP-4170,TCGA-BP-4170-01A
3,val,TCGA-BP-4170-01A_880_TS,TCGA-BP-4170,TCGA-BP-4170-01A
3,val,TCGA-BP-4177-01A_201_TS,TCGA-BP-4177,TCGA-BP-4177-01A
3,val,TCGA-BP-4177-01A_307_TS,TCGA-BP-4177,TCGA-BP-4177-01A
3,val,TCGA-BP-4332-01A_688_TS,TCGA-BP-4332,TCGA-BP-4332-01A
3,val,TCGA-BP-4332-01A_689_TS,TCGA-BP-4332,TCGA-BP-4332-01A
3,val,TCGA-BP-4353-01A_895_TS,TCGA-BP-4353,TCGA-BP-4353-01A
3,val,TCGA-BP-4353-01A_896_TS,TCGA-BP-4353,TCGA-BP-4353-01A
3,val,TCGA-BP-4762-01A_749_TS,TCGA-BP-4762,TCGA-BP-4762-01A
3,val,TCGA-BP-4762-01A_940_TS,TCGA-BP-4762,TCGA-BP-4762-01A
3,val,TCGA-BP-4769-01A_654_TS,TCGA-BP-4769,TCGA-BP-4769-01A
3,val,TCGA-BP-4769-01A_655_TS,TCGA-BP-4769,TCGA-BP-4769-01A
3,val,TCGA-BP-4782-01A_24_TS,TCGA-BP-4782,TCGA-BP-4782-01A
3,val,TCGA-BP-4782-01A_913_TS,TCGA-BP-4782,TCGA-BP-4782-01A
3,val,TCGA-BP-4790-01A_541_TS,TCGA-BP-4790,TCGA-BP-4790-01A
3,val,TCGA-BP-4790-01A_701_TS,TCGA-BP-4790,TCGA-BP-4790-01A
3,val,TCGA-BP-4961-01A_628_TS,TCGA-BP-4961,TCGA-BP-4961-01A
3,val,TCGA-BP-4961-01A_629_TS,TCGA-BP-4961,TCGA-BP-4961-01A
3,val,TCGA-BP-4975-01A_356_TS,TCGA-BP-4975,TCGA-BP-4975-01A
3,val,TCGA-BP-4975-01A_68_TS,TCGA-BP-4975,TCGA-BP-4975-01A
3,val,TCGA-BP-4987-01A_578_TS,TCGA-BP-4987,TCGA-BP-4987-01A
3,val,TCGA-BP-4987-01A_579_TS,TCGA-BP-4987,TCGA-BP-4987-01A
3,val,TCGA-BP-5008-01A_583_TS,TCGA-BP-5008,TCGA-BP-5008-01A
3,val,TCGA-BP-5008-01A_892_TS,TCGA-BP-5008,TCGA-BP-5008-01A
3,val,TCGA-BP-5182-01A_243_TS,TCGA-BP-5182,TCGA-BP-5182-01A
3,val,TCGA-BP-5182-01A_476_TS,TCGA-BP-5182,TCGA-BP-5182-01A
3,val,TCGA-BP-5192-01A_1001_TS,TCGA-BP-5192,TCGA-BP-5192-01A
3,val,TCGA-BP-5192-01A_820_TS,TCGA-BP-5192,TCGA-BP-5192-01A
3,val,TCGA-BP-5198-01A_1077_TS,TCGA-BP-5198,TCGA-BP-5198-01A
3,val,TCGA-BP-5198-01A_287_TS,TCGA-BP-5198,TCGA-BP-5198-01A
3,val,TCGA-CJ-4637-01A_140_TS,TCGA-CJ-4637,TCGA-CJ-4637-01A
3,val,TCGA-CJ-4637-01A_141_TS,TCGA-CJ-4637,TCGA-CJ-4637-01A
3,val,TCGA-CJ-4637-01A_276_TS,TCGA-CJ-4637,TCGA-CJ-4637-01A
3,val,TCGA-CJ-4642-01B_166_TS,TCGA-CJ-4642,TCGA-CJ-4642-01B
3,val,TCGA-CJ-4642-01B_26_TS,TCGA-CJ-4642,TCGA-CJ-4642-01B
3,val,TCGA-CJ-4642-01B_728_TS,TCGA-CJ-4642,TCGA-CJ-4642-01B
3,val,TCGA-CJ-4868-01A_239_TS,TCGA-CJ-4868,TCGA-CJ-4868-01A
3,val,TCGA-CJ-4868-01A_93_TS,TCGA-CJ-4868,TCGA-CJ-4868-01A
3,val,TCGA-CJ-4874-01A_222_TS,TCGA-CJ-4874,TCGA-CJ-4874-01A
3,val,TCGA-CJ-4874-01A_817_TS,TCGA-CJ-4874,TCGA-CJ-4874-01A
3,val,TCGA-CJ-4885-01A_1017_TS,TCGA-CJ-4885,TCGA-CJ-4885-01A
3,val,TCGA-CJ-4885-01A_86_TS,TCGA-CJ-4885,TCGA-CJ-4885-01A
3,val,TCGA-CJ-4892-01A_1064_TS,TCGA-CJ-4892,TCGA-CJ-4892-01A
3,val,TCGA-CJ-4892-01A_422_TS,TCGA-CJ-4892,TCGA-CJ-4892-01A
3,val,TCGA-CJ-4899-01A_294_TS,TCGA-CJ-4899,TCGA-CJ-4899-01A
3,val,TCGA-CJ-4899-01A_426_TS,TCGA-CJ-4899,TCGA-CJ-4899-01A
3,val,TCGA-CJ-4905-01A_196_TS,TCGA-CJ-4905,TCGA-CJ-4905-01A
3,val,TCGA-CJ-4905-01A_198_TS,TCGA-CJ-4905,TCGA-CJ-4905-01A
3,val,TCGA-CJ-4923-01A_100_TS,TCGA-CJ-4923,TCGA-CJ-4923-01A
3,val,TCGA-CJ-4923-01A_387_TS,TCGA-CJ-4923,TCGA-CJ-4923-01A
3,val,TCGA-CJ-5678-01A_1060_TS,TCGA-CJ-5678,TCGA-CJ-5678-01A
3,val,TCGA-CJ-5678-01A_418_TS,TCGA-CJ-5678,TCGA-CJ-5678-01A
3,val,TCGA-CJ-5683-01A_752_TS,TCGA-CJ-5683,TCGA-CJ-5683-01A
3,val,TCGA-CJ-5683-01A_944_TS,TCGA-CJ-5683,TCGA-CJ-5683-01A
3,val,TCGA-CJ-6028-01A_807_TS,TCGA-CJ-6028,TCGA-CJ-6028-01A
3,val,TCGA-CJ-6028-01A_987_TS,TCGA-CJ-6028,TCGA-CJ-6028-01A
3,val,TCGA-CW-5580-01A_277_TS,TCGA-CW-5580,TCGA-CW-5580-01A
3,val,TCGA-CW-5580-01A_877_TS,TCGA-CW-5580,TCGA-CW-5580-01A
3,val,TCGA-CW-5581-01A_108_TS,TCGA-CW-5581,TCGA-CW-5581-01A
3,val,TCGA-CW-5588-01A_147_TS,TCGA-CW-5588,TCGA-CW-5588-01A
3,val,TCGA-CW-5588-01A_280_TS,TCGA-CW-5588,TCGA-CW-5588-01A
3,val,TCGA-CW-6087-01A_560_TS,TCGA-CW-6087,TCGA-CW-6087-01A
3,val,TCGA-CW-6087-01A_561_TS,TCGA-CW-6087,TCGA-CW-6087-01A
3,val,TCGA-CW-6097-01A_323_TS,TCGA-CW-6097,TCGA-CW-6097-01A
3,val,TCGA-CW-6097-01A_976_TS,TCGA-CW-6097,TCGA-CW-6097-01A
3,val,TCGA-CZ-4859-01A_792_TS,TCGA-CZ-4859,TCGA-CZ-4859-01A
3,val,TCGA-CZ-4859-01A_793_TS,TCGA-CZ-4859,TCGA-CZ-4859-01A
3,val,TCGA-CZ-4863-01A_1070_TS,TCGA-CZ-4863,TCGA-CZ-4863-01A
3,val,TCGA-CZ-4863-01A_151_TS,TCGA-CZ-4863,TCGA-CZ-4863-01A
3,val,TCGA-CZ-5451-01A_1080_TS,TCGA-CZ-5451,TCGA-CZ-5451-01A
3,val,TCGA-CZ-5451-01A_425_TS,TCGA-CZ-5451,TCGA-CZ-5451-01A
3,val,TCGA-CZ-5456-01A_327_TS,TCGA-CZ-5456,TCGA-CZ-5456-01A
3,val,TCGA-CZ-5456-01A_786_TS,TCGA-CZ-5456,TCGA-CZ-5456-01A
3,val,TCGA-CZ-5462-01A_343_TS,TCGA-CZ-5462,TCGA-CZ-5462-01A
3,val,TCGA-CZ-5462-01A_805_TS,TCGA-CZ-5462,TCGA-CZ-5462-01A
3,val,TCGA-CZ-5467-01A_584_TS,TCGA-CZ-5467,TCGA-CZ-5467-01A
3,val,TCGA-CZ-5467-01A_585_TS,TCGA-CZ-5467,TCGA-CZ-5467-01A
3,val,TCGA-CZ-5982-01A_1076_TS,TCGA-CZ-5982,TCGA-CZ-5982-01A
3,val,TCGA-CZ-5982-01A_510_TS,TCGA-CZ-5982,TCGA-CZ-5982-01A
3,val,TCGA-CZ-5988-01A_537_TS,TCGA-CZ-5988,TCGA-CZ-5988-01A
3,val,TCGA-CZ-5988-01A_538_TS,TCGA-CZ-5988,TCGA-CZ-5988-01A
3,val,TCGA-DV-5569-01A_447_TS,TCGA-DV-5569,TCGA-DV-5569-01A
3,val,TCGA-DV-5569-01A_449_TS,TCGA-DV-5569,TCGA-DV-5569-01A
3,val,TCGA-DV-5576-01A_739_TS,TCGA-DV-5576,TCGA-DV-5576-01A
3,val,TCGA-DV-5576-01A_925_TS,TCGA-DV-5576,TCGA-DV-5576-01A
3,val,TCGA-DV-A4W0-01A_211_TS,TCGA-DV-A4W0,TCGA-DV-A4W0-01A
3,val,TCGA-EU-5907-01A_470_TS,TCGA-EU-5907,TCGA-EU-5907-01A
3,val,TCGA-EU-5907-01A_471_TS,TCGA-EU-5907,TCGA-EU-5907-01A
3,val,TCGA-MM-A563-01A_785_TS,TCGA-MM-A563,TCGA-MM-A563-01A
