fold,split,slide,patient,sample
0,test,TCGA-05-4250-01A_462_TS,TCGA-05-4250,TCGA-05-4250-01A
0,test,TCGA-05-4250-01A_502_TS,TCGA-05-4250,TCGA-05-4250-01A
0,test,TCGA-05-4395-01A_303_TS,TCGA-05-4395,TCGA-05-4395-01A
0,test,TCGA-05-4395-01A_305_TS,TCGA-05-4395,TCGA-05-4395-01A
0,test,TCGA-05-4402-01A_146_TS,TCGA-05-4402,TCGA-05-4402-01A
0,test,TCGA-05-4402-01A_726_TS,TCGA-05-4402,TCGA-05-4402-01A
0,test,TCGA-05-4415-01A_551_TS,TCGA-05-4415,TCGA-05-4415-01A
0,test,TCGA-05-4415-01A_552_TS,TCGA-05-4415,TCGA-05-4415-01A
0,test,TCGA-05-4422-01A_369_TS,TCGA-05-4422,TCGA-05-4422-01A
0,test,TCGA-05-4422-01A_671_TS,TCGA-05-4422,TCGA-05-4422-01A
0,test,TCGA-05-4427-01A_233_TS,TCGA-05-4427,TCGA-05-4427-01A
0,test,TCGA-05-4427-01A_729_TS,TCGA-05-4427,TCGA-05-4427-01A
0,test,TCGA-05-4434-01A_140_TS,TCGA-05-4434,TCGA-05-4434-01A
0,test,TCGA-05-4434-01A_641_TS,TCGA-05-4434,TCGA-05-4434-01A
0,test,TCGA-05-5428-01A_169_TS,TCGA-05-5428,TCGA-05-5428-01A
0,test,TCGA-05-5428-01A_366_TS,TCGA-05-5428,TCGA-05-5428-01A
0,test,TCGA-35-4122-01A_168_TS,TCGA-35-4122,TCGA-35-4122-01A
0,test,TCGA-35-4122-01A_747_TS,TCGA-35-4122,TCGA-35-4122-01A
0,test,TCGA-38-4626-01A_31_TS,TCGA-38-4626,TCGA-38-4626-01A
0,test,TCGA-38-4626-01A_653_TS,TCGA-38-4626,TCGA-38-4626-01A
0,test,TCGA-38-4630-01A_125_TS,TCGA-38-4630,TCGA-38-4630-01A
0,test,TCGA-38-4630-01A_700_TS,TCGA-38-4630,TCGA-38-4630-01A
0,test,TCGA-44-2655-01A_631_TS,TCGA-44-2655,TCGA-44-2655-01A
0,test,TCGA-44-2655-01A_740_TS,TCGA-44-2655,TCGA-44-2655-01A
0,test,TCGA-44-2656-01A_173_TS,TCGA-44-2656,TCGA-44-2656-01A
0,test,TCGA-44-2656-01A_177_TS,TCGA-44-2656,TCGA-44-2656-01A
0,test,TCGA-44-2656-01A_270_TS,TCGA-44-2656,TCGA-44-2656-01A
0,test,TCGA-44-2656-01A_59_TS,TCGA-44-2656,TCGA-44-2656-01A
0,test,TCGA-44-2662-01A_538_TS,TCGA-44-2662,TCGA-44-2662-01A
0,test,TCGA-44-2662-01A_539_TS,TCGA-44-2662,TCGA-44-2662-01A
0,test,TCGA-44-3917-01A_149_TS,TCGA-44-3917,TCGA-44-3917-01A
0,test,TCGA-44-3917-01A_649_TS,TCGA-44-3917,TCGA-44-3917-01A
0,test,TCGA-44-6145-01A_676_TS,TCGA-44-6145,TCGA-44-6145-01A
0,test,TCGA-44-6145-01A_678_TS,TCGA-44-6145,TCGA-44-6145-01A
0,test,TCGA-44-6146-01A_10_TS,TCGA-44-6146,TCGA-44-6146-01A
0,test,TCGA-44-6146-01A_637_TS,TCGA-44-6146,TCGA-44-6146-01A
0,test,TCGA-44-6146-01A_640_TS,TCGA-44-6146,TCGA-44-6146-01A
0,test,TCGA-44-6778-01A_75_TS,TCGA-44-6778,TCGA-44-6778-01A
0,test,TCGA-44-6778-01A_768_TS,TCGA-44-6778,TCGA-44-6778-01A
0,test,TCGA-44-7661-01A_219_TS,TCGA-44-7661,TCGA-44-7661-01A
0,test,TCGA-44-7661-01A_632_TS,TCGA-44-7661,TCGA-44-7661-01A
0,test,TCGA-44-7667-01A_784_TS,TCGA-44-7667,TCGA-44-7667-01A
0,test,TCGA-44-7672-01A_361_TS,TCGA-44-7672,TCGA-44-7672-01A
0,test,TCGA-44-7672-01A_745_TS,TCGA-44-7672,TCGA-44-7672-01A
0,test,TCGA-44-A47A-01A_306_TS,TCGA-44-A47A,TCGA-44-A47A-01A
0,test,TCGA-44-A4SU-01A_508_TS,TCGA-44-A4SU,TCGA-44-A4SU-01A
0,test,TCGA-49-4487-01A_439_TS,TCGA-49-4487,TCGA-49-4487-01A
0,test,TCGA-49-4487-01A_506_TS,TCGA-49-4487,TCGA-49-4487-01A
0,test,TCGA-49-4501-01A_143_TS,TCGA-49-4501,TCGA-49-4501-01A
0,test,TCGA-49-4501-01A_723_TS,TCGA-49-4501,TCGA-49-4501-01A
0,test,TCGA-49-4510-01A_422_TS,TCGA-49-4510,TCGA-49-4510-01A
0,test,TCGA-49-4510-01A_431_TS,TCGA-49-4510,TCGA-49-4510-01A
0,test,TCGA-49-6745-01A_697_TS,TCGA-49-6745,TCGA-49-6745-01A
0,test,TCGA-49-6745-01A_698_TS,TCGA-49-6745,TCGA-49-6745-01A
0,test,TCGA-49-AAR3-01A_769_TS,TCGA-49-AAR3,TCGA-49-AAR3-01A
0,test,TCGA-49-AARN-01A_204_TS,TCGA-49-AARN,TCGA-49-AARN-01A
0,test,TCGA-50-5049-01A_206_TS,TCGA-50-5049,TCGA-50-5049-01A
0,test,TCGA-50-5049-01A_207_TS,TCGA-50-5049,TCGA-50-5049-01A
0,test,TCGA-50-5068-01A_178_TS,TCGA-50-5068,TCGA-50-5068-01A
0,test,TCGA-50-5068-01A_73_TS,TCGA-50-5068,TCGA-50-5068-01A
0,test,TCGA-50-5932-01A_327_TS,TCGA-50-5932,TCGA-50-5932-01A
0,test,TCGA-50-5932-01A_328_TS,TCGA-50-5932,TCGA-50-5932-01A
0,test,TCGA-50-5939-01A_133_TS,TCGA-50-5939,TCGA-50-5939-01A
0,test,TCGA-50-5939-01A_718_TS,TCGA-50-5939,TCGA-50-5939-01A
0,test,TCGA-50-5942-01A_193_TS,TCGA-50-5942,TCGA-50-5942-01A
0,test,TCGA-50-6591-01A_106_TS,TCGA-50-6591,TCGA-50-6591-01A
0,test,TCGA-50-6591-01A_316_TS,TCGA-50-6591,TCGA-50-6591-01A
0,test,TCGA-50-6595-01A_394_TS,TCGA-50-6595,TCGA-50-6595-01A
0,test,TCGA-50-6595-01A_781_TS,TCGA-50-6595,TCGA-50-6595-01A
0,test,TCGA-50-8457-01A_561_TS,TCGA-50-8457,TCGA-50-8457-01A
0,test,TCGA-50-8457-01A_562_TS,TCGA-50-8457,TCGA-50-8457-01A
0,test,TCGA-53-7626-01A_559_TS,TCGA-53-7626,TCGA-53-7626-01A
0,test,TCGA-53-7626-01A_560_TS,TCGA-53-7626,TCGA-53-7626-01A
0,test,TCGA-55-1596-01A_329_TS,TCGA-55-1596,TCGA-55-1596-01A
0,test,TCGA-55-1596-01A_331_TS,TCGA-55-1596,TCGA-55-1596-01A
0,test,TCGA-55-6969-01A_566_TS,TCGA-55-6969,TCGA-55-6969-01A
0,test,TCGA-55-6969-01A_567_TS,TCGA-55-6969,TCGA-55-6969-01A
0,test,TCGA-55-6975-01A_799_TS,TCGA-55-6975,TCGA-55-6975-01A
0,test,TCGA-55-6979-01A_225_TS,TCGA-55-6979,TCGA-55-6979-01A
0,test,TCGA-55-6979-01A_227_TS,TCGA-55-6979,TCGA-55-6979-01A
0,test,TCGA-55-6986-01A_339_TS,TCGA-55-6986,TCGA-55-6986-01A
0,test,TCGA-55-7576-01A_145_TS,TCGA-55-7576,TCGA-55-7576-01A
0,test,TCGA-55-7903-01A_388_TS,TCGA-55-7903,TCGA-55-7903-01A
0,test,TCGA-55-7994-01A_187_TS,TCGA-55-7994,TCGA-55-7994-01A
0,test,TCGA-55-7994-01A_188_TS,TCGA-55-7994,TCGA-55-7994-01A
0,test,TCGA-55-8085-01A_775_TS,TCGA-55-8085,TCGA-55-8085-01A
0,test,TCGA-55-8094-01A_189_TS,TCGA-55-8094,TCGA-55-8094-01A
0,test,TCGA-55-8204-01A_298_TS,TCGA-55-8204,TCGA-55-8204-01A
0,test,TCGA-55-8208-01A_390_TS,TCGA-55-8208,TCGA-55-8208-01A
0,test,TCGA-55-8505-01A_420_TS,TCGA-55-8505,TCGA-55-8505-01A
0,test,TCGA-55-8510-01A_788_TS,TCGA-55-8510,TCGA-55-8510-01A
0,test,TCGA-55-8514-01A_299_TS,TCGA-55-8514,TCGA-55-8514-01A
0,test,TCGA-55-8619-01A_326_TS,TCGA-55-8619,TCGA-55-8619-01A
0,test,TCGA-55-A48Y-01A_234_TS,TCGA-55-A48Y,TCGA-55-A48Y-01A
0,test,TCGA-55-A492-01A_744_TS,TCGA-55-A492,TCGA-55-A492-01A
0,test,TCGA-55-A4DG-01A_165_TS,TCGA-55-A4DG,TCGA-55-A4DG-01A
0,test,TCGA-62-8398-01A_249_TS,TCGA-62-8398,TCGA-62-8398-01A
0,test,TCGA-62-8398-01A_40_TS,TCGA-62-8398,TCGA-62-8398-01A
0,test,TCGA-62-A46O-01A_571_TS,TCGA-62-A46O,TCGA-62-A46O-01A
0,test,TCGA-62-A46V-01A_500_TS,TCGA-62-A46V,TCGA-62-A46V-01A
0,test,TCGA-62-A472-01A_484_TS,TCGA-62-A472,TCGA-62-A472-01A
0,test,TCGA-64-1679-01A_309_TS,TCGA-64-1679,TCGA-64-1679-01A
0,test,TCGA-64-1679-01A_98_TS,TCGA-64-1679,TCGA-64-1679-01A
0,test,TCGA-64-5775-01A_337_TS,TCGA-64-5775,TCGA-64-5775-01A
0,test,TCGA-64-5775-01A_719_TS,TCGA-64-5775,TCGA-64-5775-01A
0,test,TCGA-64-5815-01A_208_TS,TCGA-64-5815,TCGA-64-5815-01A
0,test,TCGA-64-5815-01A_209_TS,TCGA-64-5815,TCGA-64-5815-01A
0,test,TCGA-67-3774-01A_39_TS,TCGA-67-3774,TCGA-67-3774-01A
0,test,TCGA-67-3774-01A_664_TS,TCGA-67-3774,TCGA-67-3774-01A
0,test,TCGA-67-6217-01A_123_TS,TCGA-67-6217,TCGA-67-6217-01A
0,test,TCGA-67-6217-01A_694_TS,TCGA-67-6217,TCGA-67-6217-01A
0,test,TCGA-69-7974-01A_53_TS,TCGA-69-7974,TCGA-69-7974-01A
0,test,TCGA-69-8253-01A_368_TS,TCGA-69-8253,TCGA-69-8253-01A
0,test,TCGA-69-A59K-01A_779_TS,TCGA-69-A59K,TCGA-69-A59K-01A
0,test,TCGA-71-6725-01A_275_TS,TCGA-71-6725,TCGA-71-6725-01A
0,test,TCGA-71-6725-01A_750_TS,TCGA-71-6725,TCGA-71-6725-01A
0,test,TCGA-73-4662-01A_55_TS,TCGA-73-4662,TCGA-73-4662-01A
0,test,TCGA-73-4662-01A_666_TS,TCGA-73-4662,TCGA-73-4662-01A
0,test,TCGA-73-4675-01A_457_TS,TCGA-73-4675,TCGA-73-4675-01A
0,test,TCGA-73-4675-01A_608_TS,TCGA-73-4675,TCGA-73-4675-01A
0,test,TCGA-73-7499-01A_302_TS,TCGA-73-7499,TCGA-73-7499-01A
0,test,TCGA-73-7499-01A_680_TS,TCGA-73-7499,TCGA-73-7499-01A
0,test,TCGA-75-5146-01A_246_TS,TCGA-75-5146,TCGA-75-5146-01A
0,test,TCGA-75-5146-01A_652_TS,TCGA-75-5146,TCGA-75-5146-01A
0,test,TCGA-75-6211-01A_247_TS,TCGA-75-6211,TCGA-75-6211-01A
0,test,TCGA-75-6211-01A_655_TS,TCGA-75-6211,TCGA-75-6211-01A
0,test,TCGA-75-7025-01A_385_TS,TCGA-75-7025,TCGA-75-7025-01A
0,test,TCGA-75-7031-01A_753_TS,TCGA-75-7031,TCGA-75-7031-01A
0,test,TCGA-75-7031-01A_754_TS,TCGA-75-7031,TCGA-75-7031-01A
0,test,TCGA-78-7147-01A_487_TS,TCGA-78-7147,TCGA-78-7147-01A
0,test,TCGA-78-7147-01A_595_TS,TCGA-78-7147,TCGA-78-7147-01A
0,test,TCGA-78-7153-01A_514_TS,TCGA-78-7153,TCGA-78-7153-01A
0,test,TCGA-78-7153-01A_515_TS,TCGA-78-7153,TCGA-78-7153-01A
0,test,TCGA-78-7158-01A_282_TS,TCGA-78-7158,TCGA-78-7158-01A
0,test,TCGA-78-7158-01A_68_TS,TCGA-78-7158,TCGA-78-7158-01A
0,test,TCGA-78-7163-01A_374_TS,TCGA-78-7163,TCGA-78-7163-01A
0,test,TCGA-78-7163-01A_76_TS,TCGA-78-7163,TCGA-78-7163-01A
0,test,TCGA-78-7537-01A_185_TS,TCGA-78-7537,TCGA-78-7537-01A
0,test,TCGA-78-7537-01A_674_TS,TCGA-78-7537,TCGA-78-7537-01A
0,test,TCGA-78-8640-01A_244_TS,TCGA-78-8640,TCGA-78-8640-01A
0,test,TCGA-78-8662-01A_351_TS,TCGA-78-8662,TCGA-78-8662-01A
0,test,TCGA-78-8662-01A_732_TS,TCGA-78-8662,TCGA-78-8662-01A
0,test,TCGA-80-5611-01A_118_TS,TCGA-80-5611,TCGA-80-5611-01A
0,test,TCGA-86-7711-01A_213_TS,TCGA-86-7711,TCGA-86-7711-01A
0,test,TCGA-86-7711-01A_797_TS,TCGA-86-7711,TCGA-86-7711-01A
0,test,TCGA-86-7954-01A_648_TS,TCGA-86-7954,TCGA-86-7954-01A
0,test,TCGA-86-7954-01A_730_TS,TCGA-86-7954,TCGA-86-7954-01A
0,test,TCGA-86-8073-01A_545_TS,TCGA-86-8073,TCGA-86-8073-01A
0,test,TCGA-86-8073-01A_546_TS,TCGA-86-8073,TCGA-86-8073-01A
0,test,TCGA-86-8280-01A_574_TS,TCGA-86-8280,TCGA-86-8280-01A
0,test,TCGA-86-8280-01A_575_TS,TCGA-86-8280,TCGA-86-8280-01A
0,test,TCGA-86-8585-01A_257_TS,TCGA-86-8585,TCGA-86-8585-01A
0,test,TCGA-86-8585-01A_738_TS,TCGA-86-8585,TCGA-86-8585-01A
0,test,TCGA-86-8672-01A_511_TS,TCGA-86-8672,TCGA-86-8672-01A
0,test,TCGA-86-8673-01A_424_TS,TCGA-86-8673,TCGA-86-8673-01A
0,test,TCGA-86-8673-01A_615_TS,TCGA-86-8673,TCGA-86-8673-01A
0,test,TCGA-86-A4P7-01A_210_TS,TCGA-86-A4P7,TCGA-86-A4P7-01A
0,test,TCGA-91-6835-01A_158_TS,TCGA-91-6835,TCGA-91-6835-01A
0,test,TCGA-91-6835-01A_255_TS,TCGA-91-6835,TCGA-91-6835-01A
0,test,TCGA-91-6849-01A_102_TS,TCGA-91-6849,TCGA-91-6849-01A
0,test,TCGA-91-6849-01A_796_TS,TCGA-91-6849,TCGA-91-6849-01A
0,test,TCGA-91-8499-01A_285_TS,TCGA-91-8499,TCGA-91-8499-01A
0,test,TCGA-91-8499-01A_757_TS,TCGA-91-8499,TCGA-91-8499-01A
0,test,TCGA-91-A4BC-01A_600_TS,TCGA-91-A4BC,TCGA-91-A4BC-01A
0,test,TCGA-93-A4JN-01A_107_TS,TCGA-93-A4JN,TCGA-93-A4JN-01A
0,test,TCGA-95-7562-01A_710_TS,TCGA-95-7562,TCGA-95-7562-01A
0,test,TCGA-95-7948-01A_334_TS,TCGA-95-7948,TCGA-95-7948-01A
0,test,TCGA-95-A4VN-01A_47_TS,TCGA-95-A4VN,TCGA-95-A4VN-01A
0,test,TCGA-97-7552-01A_34_TS,TCGA-97-7552,TCGA-97-7552-01A
0,test,TCGA-97-7552-01A_735_TS,TCGA-97-7552,TCGA-97-7552-01A
0,test,TCGA-97-7937-01A_435_TS,TCGA-97-7937,TCGA-97-7937-01A
0,test,TCGA-97-8172-01A_222_TS,TCGA-97-8172,TCGA-97-8172-01A
0,test,TCGA-97-8177-01A_728_TS,TCGA-97-8177,TCGA-97-8177-01A
0,test,TCGA-97-A4LX-01A_591_TS,TCGA-97-A4LX,TCGA-97-A4LX-01A
0,test,TCGA-97-A4M3-01A_74_TS,TCGA-97-A4M3,TCGA-97-A4M3-01A
0,test,TCGA-99-8025-01A_786_TS,TCGA-99-8025,TCGA-99-8025-01A
0,test,TCGA-99-AA5R-01A_558_TS,TCGA-99-AA5R,TCGA-99-AA5R-01A
0,test,TCGA-J2-8194-01A_137_TS,TCGA-J2-8194,TCGA-J2-8194-01A
0,test,TCGA-J2-8194-01A_138_TS,TCGA-J2-8194,TCGA-J2-8194-01A
0,test,TCGA-L4-A4E6-01A_33_TS,TCGA-L4-A4E6,TCGA-L4-A4E6-01A
0,test,TCGA-L9-A5IP-01A_660_TS,TCGA-L9-A5IP,TCGA-L9-A5IP-01A
0,test,TCGA-MN-A4N1-01A_190_TS,TCGA-MN-A4N1,TCGA-MN-A4N1-01A
0,test,TCGA-MP-A4SW-01A_236_TS,TCGA-MP-A4SW,TCGA-MP-A4SW-01A
0,test,TCGA-MP-A4T7-01A_267_TS,TCGA-MP-A4T7,TCGA-MP-A4T7-01A
0,test,TCGA-MP-A4TC-01A_103_TS,TCGA-MP-A4TC,TCGA-MP-A4TC-01A
0,test,TCGA-MP-A4TH-01A_683_TS,TCGA-MP-A4TH,TCGA-MP-A4TH-01A
0,test,TCGA-MP-A5C7-01A_791_TS,TCGA-MP-A5C7,TCGA-MP-A5C7-01A
0,test,TCGA-NJ-A4YQ-01A_278_TS,TCGA-NJ-A4YQ,TCGA-NJ-A4YQ-01A
0,test,TCGA-NJ-A7XG-01A_232_TS,TCGA-NJ-A7XG,TCGA-NJ-A7XG-01A
0,train,TCGA-05-4244-01A_359_TS,TCGA-05-4244,TCGA-05-4244-01A
0,train,TCGA-05-4244-01A_48_TS,TCGA-05-4244,TCGA-05-4244-01A
0,train,TCGA-05-4382-01A_131_TS,TCGA-05-4382,TCGA-05-4382-01A
0,train,TCGA-05-4382-01A_132_TS,TCGA-05-4382,TCGA-05-4382-01A
0,train,TCGA-05-4384-01A_3_TS,TCGA-05-4384,TCGA-05-4384-01A
0,train,TCGA-05-4384-01A_707_TS,TCGA-05-4384,TCGA-05-4384-01A
0,train,TCGA-05-4390-01A_425_TS,TCGA-05-4390,TCGA-05-4390-01A
0,train,TCGA-05-4390-01A_455_TS,TCGA-05-4390,TCGA-05-4390-01A
0,train,TCGA-05-4390-01A_607_TS,TCGA-05-4390,TCGA-05-4390-01A
0,train,TCGA-05-4396-01A_224_TS,TCGA-05-4396,TCGA-05-4396-01A
0,train,TCGA-05-4396-01A_715_TS,TCGA-05-4396,TCGA-05-4396-01A
0,train,TCGA-05-4397-01A_677_TS,TCGA-05-4397,TCGA-05-4397-01A
0,train,TCGA-05-4397-01A_679_TS,TCGA-05-4397,TCGA-05-4397-01A
0,train,TCGA-05-4403-01A_548_TS,TCGA-05-4403,TCGA-05-4403-01A
0,train,TCGA-05-4403-01A_549_TS,TCGA-05-4403,TCGA-05-4403-01A
0,train,TCGA-05-4405-01A_638_TS,TCGA-05-4405,TCGA-05-4405-01A
0,train,TCGA-05-4405-01A_639_TS,TCGA-05-4405,TCGA-05-4405-01A
0,train,TCGA-05-4417-01A_319_TS,TCGA-05-4417,TCGA-05-4417-01A
0,train,TCGA-05-4417-01A_805_TS,TCGA-05-4417,TCGA-05-4417-01A
0,train,TCGA-05-4418-01A_120_TS,TCGA-05-4418,TCGA-05-4418-01A
0,train,TCGA-05-4418-01A_693_TS,TCGA-05-4418,TCGA-05-4418-01A
0,train,TCGA-05-4424-01A_378_TS,TCGA-05-4424,TCGA-05-4424-01A
0,train,TCGA-05-4424-01A_380_TS,TCGA-05-4424,TCGA-05-4424-01A
0,train,TCGA-05-4425-01A_300_TS,TCGA-05-4425,TCGA-05-4425-01A
0,train,TCGA-05-4425-01A_87_TS,TCGA-05-4425,TCGA-05-4425-01A
0,train,TCGA-05-4430-01A_358_TS,TCGA-05-4430,TCGA-05-4430-01A
0,train,TCGA-05-4430-01A_45_TS,TCGA-05-4430,TCGA-05-4430-01A
0,train,TCGA-05-4432-01A_492_TS,TCGA-05-4432,TCGA-05-4432-01A
0,train,TCGA-05-4432-01A_493_TS,TCGA-05-4432,TCGA-05-4432-01A
0,train,TCGA-05-5420-01A_11_TS,TCGA-05-5420,TCGA-05-5420-01A
0,train,TCGA-05-5420-01A_223_TS,TCGA-05-5420,TCGA-05-5420-01A
0,train,TCGA-05-5423-01A_161_TS,TCGA-05-5423,TCGA-05-5423-01A
0,train,TCGA-05-5423-01A_163_TS,TCGA-05-5423,TCGA-05-5423-01A
0,train,TCGA-05-5429-01A_179_TS,TCGA-05-5429,TCGA-05-5429-01A
0,train,TCGA-05-5429-01A_774_TS,TCGA-05-5429,TCGA-05-5429-01A
0,train,TCGA-05-5715-01A_482_TS,TCGA-05-5715,TCGA-05-5715-01A
0,train,TCGA-05-5715-01A_483_TS,TCGA-05-5715,TCGA-05-5715-01A
0,train,TCGA-35-4123-01A_184_TS,TCGA-35-4123,TCGA-35-4123-01A
0,train,TCGA-35-4123-01A_776_TS,TCGA-35-4123,TCGA-35-4123-01A
0,train,TCGA-35-5375-01A_289_TS,TCGA-35-5375,TCGA-35-5375-01A
0,train,TCGA-35-5375-01A_381_TS,TCGA-35-5375,TCGA-35-5375-01A
0,train,TCGA-38-4627-01A_466_TS,TCGA-38-4627,TCGA-38-4627-01A
0,train,TCGA-38-4627-01A_467_TS,TCGA-38-4627,TCGA-38-4627-01A
0,train,TCGA-38-4628-01A_532_TS,TCGA-38-4628,TCGA-38-4628-01A
0,train,TCGA-38-4628-01A_533_TS,TCGA-38-4628,TCGA-38-4628-01A
0,train,TCGA-38-4631-01A_128_TS,TCGA-38-4631,TCGA-38-4631-01A
0,train,TCGA-38-4631-01A_705_TS,TCGA-38-4631,TCGA-38-4631-01A
0,train,TCGA-38-4632-01A_395_TS,TCGA-38-4632,TCGA-38-4632-01A
0,train,TCGA-38-4632-01A_785_TS,TCGA-38-4632,TCGA-38-4632-01A
0,train,TCGA-38-7271-01A_626_TS,TCGA-38-7271,TCGA-38-7271-01A
0,train,TCGA-38-A44F-01A_254_TS,TCGA-38-A44F,TCGA-38-A44F-01A
0,train,TCGA-44-2657-01A_423_TS,TCGA-44-2657,TCGA-44-2657-01A
0,train,TCGA-44-2657-01A_453_TS,TCGA-44-2657,TCGA-44-2657-01A
0,train,TCGA-44-2659-01A_335_TS,TCGA-44-2659,TCGA-44-2659-01A
0,train,TCGA-44-2659-01A_628_TS,TCGA-44-2659,TCGA-44-2659-01A
0,train,TCGA-44-2665-01A_622_TS,TCGA-44-2665,TCGA-44-2665-01A
0,train,TCGA-44-2665-01A_624_TS,TCGA-44-2665,TCGA-44-2665-01A
0,train,TCGA-44-2665-01B_612_TS,TCGA-44-2665,TCGA-44-2665-01B
0,train,TCGA-44-2665-01B_621_TS,TCGA-44-2665,TCGA-44-2665-01B
0,train,TCGA-44-2668-01A_428_TS,TCGA-44-2668,TCGA-44-2668-01A
0,train,TCGA-44-2668-01A_460_TS,TCGA-44-2668,TCGA-44-2668-01A
0,train,TCGA-44-3396-01A_52_TS,TCGA-44-3396,TCGA-44-3396-01A
0,train,TCGA-44-3396-01A_665_TS,TCGA-44-3396,TCGA-44-3396-01A
0,train,TCGA-44-3918-01A_301_TS,TCGA-44-3918,TCGA-44-3918-01A
0,train,TCGA-44-3918-01A_681_TS,TCGA-44-3918,TCGA-44-3918-01A
0,train,TCGA-44-3919-01A_673_TS,TCGA-44-3919,TCGA-44-3919-01A
0,train,TCGA-44-3919-01A_80_TS,TCGA-44-3919,TCGA-44-3919-01A
0,train,TCGA-44-4112-01A_293_TS,TCGA-44-4112,TCGA-44-4112-01A
0,train,TCGA-44-4112-01A_382_TS,TCGA-44-4112,TCGA-44-4112-01A
0,train,TCGA-44-4112-01A_84_TS,TCGA-44-4112,TCGA-44-4112-01A
0,train,TCGA-44-5644-01A_248_TS,TCGA-44-5644,TCGA-44-5644-01A
0,train,TCGA-44-6148-01A_401_TS,TCGA-44-6148,TCGA-44-6148-01A
0,train,TCGA-44-6148-01A_790_TS,TCGA-44-6148,TCGA-44-6148-01A
0,train,TCGA-44-6775-01A_266_TS,TCGA-44-6775,TCGA-44-6775-01A
0,train,TCGA-44-6775-01A_269_TS,TCGA-44-6775,TCGA-44-6775-01A
0,train,TCGA-44-6775-01A_746_TS,TCGA-44-6775,TCGA-44-6775-01A
0,train,TCGA-44-6776-01A_220_TS,TCGA-44-6776,TCGA-44-6776-01A
0,train,TCGA-44-6776-01A_8_TS,TCGA-44-6776,TCGA-44-6776-01A
0,train,TCGA-44-6779-01A_528_TS,TCGA-44-6779,TCGA-44-6779-01A
0,train,TCGA-44-6779-01A_529_TS,TCGA-44-6779,TCGA-44-6779-01A
0,train,TCGA-44-7659-01A_419_TS,TCGA-44-7659,TCGA-44-7659-01A
0,train,TCGA-44-7659-01A_427_TS,TCGA-44-7659,TCGA-44-7659-01A
0,train,TCGA-44-7662-01A_115_TS,TCGA-44-7662,TCGA-44-7662-01A
0,train,TCGA-44-7662-01A_690_TS,TCGA-44-7662,TCGA-44-7662-01A
0,train,TCGA-44-7669-01A_749_TS,TCGA-44-7669,TCGA-44-7669-01A
0,train,TCGA-44-7670-01A_142_TS,TCGA-44-7670,TCGA-44-7670-01A
0,train,TCGA-44-7670-01A_722_TS,TCGA-44-7670,TCGA-44-7670-01A
0,train,TCGA-44-8117-01A_294_TS,TCGA-44-8117,TCGA-44-8117-01A
0,train,TCGA-44-8117-01A_778_TS,TCGA-44-8117,TCGA-44-8117-01A
0,train,TCGA-44-8119-01A_17_TS,TCGA-44-8119,TCGA-44-8119-01A
0,train,TCGA-44-8119-01A_720_TS,TCGA-44-8119,TCGA-44-8119-01A
0,train,TCGA-44-8120-01A_94_TS,TCGA-44-8120,TCGA-44-8120-01A
0,train,TCGA-44-A47B-01A_792_TS,TCGA-44-A47B,TCGA-44-A47B-01A
0,train,TCGA-44-A47G-01A_471_TS,TCGA-44-A47G,TCGA-44-A47G-01A
0,train,TCGA-49-4488-01A_568_TS,TCGA-49-4488,TCGA-49-4488-01A
0,train,TCGA-49-4488-01A_570_TS,TCGA-49-4488,TCGA-49-4488-01A
0,train,TCGA-49-4490-01A_290_TS,TCGA-49-4490,TCGA-49-4490-01A
0,train,TCGA-49-4490-01A_81_TS,TCGA-49-4490,TCGA-49-4490-01A
0,train,TCGA-49-4505-01A_23_TS,TCGA-49-4505,TCGA-49-4505-01A
0,train,TCGA-49-4505-01A_646_TS,TCGA-49-4505,TCGA-49-4505-01A
0,train,TCGA-49-4506-01A_496_TS,TCGA-49-4506,TCGA-49-4506-01A
0,train,TCGA-49-4506-01A_604_TS,TCGA-49-4506,TCGA-49-4506-01A
0,train,TCGA-49-6742-01A_333_TS,TCGA-49-6742,TCGA-49-6742-01A
0,train,TCGA-49-6742-01A_336_TS,TCGA-49-6742,TCGA-49-6742-01A
0,train,TCGA-49-6743-01A_114_TS,TCGA-49-6743,TCGA-49-6743-01A
0,train,TCGA-49-6743-01A_322_TS,TCGA-49-6743,TCGA-49-6743-01A
0,train,TCGA-49-6761-01A_755_TS,TCGA-49-6761,TCGA-49-6761-01A
0,train,TCGA-49-6767-01A_192_TS,TCGA-49-6767,TCGA-49-6767-01A
0,train,TCGA-49-6767-01A_386_TS,TCGA-49-6767,TCGA-49-6767-01A
0,train,TCGA-49-AAQV-01A_406_TS,TCGA-49-AAQV,TCGA-49-AAQV-01A
0,train,TCGA-49-AAR4-01A_685_TS,TCGA-49-AAR4,TCGA-49-AAR4-01A
0,train,TCGA-49-AAR9-01A_271_TS,TCGA-49-AAR9,TCGA-49-AAR9-01A
0,train,TCGA-49-AARO-01A_760_TS,TCGA-49-AARO,TCGA-49-AARO-01A
0,train,TCGA-49-AARR-01A_411_TS,TCGA-49-AARR,TCGA-49-AARR-01A
0,train,TCGA-50-5044-01A_436_TS,TCGA-50-5044,TCGA-50-5044-01A
0,train,TCGA-50-5044-01A_463_TS,TCGA-50-5044,TCGA-50-5044-01A
0,train,TCGA-50-5051-01A_144_TS,TCGA-50-5051,TCGA-50-5051-01A
0,train,TCGA-50-5051-01A_20_TS,TCGA-50-5051,TCGA-50-5051-01A
0,train,TCGA-50-5055-01A_530_TS,TCGA-50-5055,TCGA-50-5055-01A
0,train,TCGA-50-5055-01A_531_TS,TCGA-50-5055,TCGA-50-5055-01A
0,train,TCGA-50-5072-01A_129_TS,TCGA-50-5072,TCGA-50-5072-01A
0,train,TCGA-50-5072-01A_635_TS,TCGA-50-5072,TCGA-50-5072-01A
0,train,TCGA-50-5930-01A_49_TS,TCGA-50-5930,TCGA-50-5930-01A
0,train,TCGA-50-5930-01A_662_TS,TCGA-50-5930,TCGA-50-5930-01A
0,train,TCGA-50-5933-01A_196_TS,TCGA-50-5933,TCGA-50-5933-01A
0,train,TCGA-50-5933-01A_682_TS,TCGA-50-5933,TCGA-50-5933-01A
0,train,TCGA-50-5935-01A_141_TS,TCGA-50-5935,TCGA-50-5935-01A
0,train,TCGA-50-5935-01A_643_TS,TCGA-50-5935,TCGA-50-5935-01A
0,train,TCGA-50-5941-01A_461_TS,TCGA-50-5941,TCGA-50-5941-01A
0,train,TCGA-50-5941-01A_501_TS,TCGA-50-5941,TCGA-50-5941-01A
0,train,TCGA-50-5944-01A_350_TS,TCGA-50-5944,TCGA-50-5944-01A
0,train,TCGA-50-5946-01A_526_TS,TCGA-50-5946,TCGA-50-5946-01A
0,train,TCGA-50-5946-01A_527_TS,TCGA-50-5946,TCGA-50-5946-01A
0,train,TCGA-50-6592-01A_344_TS,TCGA-50-6592,TCGA-50-6592-01A
0,train,TCGA-50-6592-01A_345_TS,TCGA-50-6592,TCGA-50-6592-01A
0,train,TCGA-50-6593-01A_589_TS,TCGA-50-6593,TCGA-50-6593-01A
0,train,TCGA-50-6593-01A_590_TS,TCGA-50-6593,TCGA-50-6593-01A
0,train,TCGA-50-6597-01A_629_TS,TCGA-50-6597,TCGA-50-6597-01A
0,train,TCGA-50-6597-01A_712_TS,TCGA-50-6597,TCGA-50-6597-01A
0,train,TCGA-50-6673-01A_215_TS,TCGA-50-6673,TCGA-50-6673-01A
0,train,TCGA-50-6673-01A_414_TS,TCGA-50-6673,TCGA-50-6673-01A
0,train,TCGA-50-8459-01A_105_TS,TCGA-50-8459,TCGA-50-8459-01A
0,train,TCGA-50-8459-01A_802_TS,TCGA-50-8459,TCGA-50-8459-01A
0,train,TCGA-50-8460-01A_274_TS,TCGA-50-8460,TCGA-50-8460-01A
0,train,TCGA-50-8460-01A_276_TS,TCGA-50-8460,TCGA-50-8460-01A
0,train,TCGA-55-1592-01A_324_TS,TCGA-55-1592,TCGA-55-1592-01A
0,train,TCGA-55-1592-01A_701_TS,TCGA-55-1592,TCGA-55-1592-01A
0,train,TCGA-55-1594-01A_126_TS,TCGA-55-1594,TCGA-55-1594-01A
0,train,TCGA-55-1594-01A_325_TS,TCGA-55-1594,TCGA-55-1594-01A
0,train,TCGA-55-5899-01A_795_TS,TCGA-55-5899,TCGA-55-5899-01A
0,train,TCGA-55-6543-01A_490_TS,TCGA-55-6543,TCGA-55-6543-01A
0,train,TCGA-55-6543-01A_596_TS,TCGA-55-6543,TCGA-55-6543-01A
0,train,TCGA-55-6642-01A_170_TS,TCGA-55-6642,TCGA-55-6642-01A
0,train,TCGA-55-6642-01A_171_TS,TCGA-55-6642,TCGA-55-6642-01A
0,train,TCGA-55-6970-01A_194_TS,TCGA-55-6970,TCGA-55-6970-01A
0,train,TCGA-55-6970-01A_389_TS,TCGA-55-6970,TCGA-55-6970-01A
0,train,TCGA-55-6971-01A_100_TS,TCGA-55-6971,TCGA-55-6971-01A
0,train,TCGA-55-6971-01A_397_TS,TCGA-55-6971,TCGA-55-6971-01A
0,train,TCGA-55-6980-01A_354_TS,TCGA-55-6980,TCGA-55-6980-01A
0,train,TCGA-55-6983-01A_762_TS,TCGA-55-6983,TCGA-55-6983-01A
0,train,TCGA-55-6987-01A_157_TS,TCGA-55-6987,TCGA-55-6987-01A
0,train,TCGA-55-7281-01A_295_TS,TCGA-55-7281,TCGA-55-7281-01A
0,train,TCGA-55-7573-01A_136_TS,TCGA-55-7573,TCGA-55-7573-01A
0,train,TCGA-55-7573-01A_13_TS,TCGA-55-7573,TCGA-55-7573-01A
0,train,TCGA-55-7574-01A_212_TS,TCGA-55-7574,TCGA-55-7574-01A
0,train,TCGA-55-7574-01A_413_TS,TCGA-55-7574,TCGA-55-7574-01A
0,train,TCGA-55-7727-01A_692_TS,TCGA-55-7727,TCGA-55-7727-01A
0,train,TCGA-55-7815-01A_477_TS,TCGA-55-7815,TCGA-55-7815-01A
0,train,TCGA-55-7907-01A_509_TS,TCGA-55-7907,TCGA-55-7907-01A
0,train,TCGA-55-7911-01A_36_TS,TCGA-55-7911,TCGA-55-7911-01A
0,train,TCGA-55-7995-01A_451_TS,TCGA-55-7995,TCGA-55-7995-01A
0,train,TCGA-55-7995-01A_495_TS,TCGA-55-7995,TCGA-55-7995-01A
0,train,TCGA-55-8089-01A_239_TS,TCGA-55-8089,TCGA-55-8089-01A
0,train,TCGA-55-8090-01A_221_TS,TCGA-55-8090,TCGA-55-8090-01A
0,train,TCGA-55-8096-01A_162_TS,TCGA-55-8096,TCGA-55-8096-01A
0,train,TCGA-55-8097-01A_445_TS,TCGA-55-8097,TCGA-55-8097-01A
0,train,TCGA-55-8205-01A_801_TS,TCGA-55-8205,TCGA-55-8205-01A
0,train,TCGA-55-8206-01A_110_TS,TCGA-55-8206,TCGA-55-8206-01A
0,train,TCGA-55-8299-01A_736_TS,TCGA-55-8299,TCGA-55-8299-01A
0,train,TCGA-55-8301-01A_689_TS,TCGA-55-8301,TCGA-55-8301-01A
0,train,TCGA-55-8506-01A_268_TS,TCGA-55-8506,TCGA-55-8506-01A
0,train,TCGA-55-8507-01A_565_TS,TCGA-55-8507,TCGA-55-8507-01A
0,train,TCGA-55-8511-01A_630_TS,TCGA-55-8511,TCGA-55-8511-01A
0,train,TCGA-55-8512-01A_29_TS,TCGA-55-8512,TCGA-55-8512-01A
0,train,TCGA-55-8614-01A_465_TS,TCGA-55-8614,TCGA-55-8614-01A
0,train,TCGA-55-8615-01A_647_TS,TCGA-55-8615,TCGA-55-8615-01A
0,train,TCGA-55-8620-01A_287_TS,TCGA-55-8620,TCGA-55-8620-01A
0,train,TCGA-55-8621-01A_18_TS,TCGA-55-8621,TCGA-55-8621-01A
0,train,TCGA-55-A48Z-01A_241_TS,TCGA-55-A48Z,TCGA-55-A48Z-01A
0,train,TCGA-55-A490-01A_430_TS,TCGA-55-A490,TCGA-55-A490-01A
0,train,TCGA-55-A493-01A_486_TS,TCGA-55-A493,TCGA-55-A493-01A
0,train,TCGA-55-A494-01A_606_TS,TCGA-55-A494,TCGA-55-A494-01A
0,train,TCGA-55-A57B-01A_262_TS,TCGA-55-A57B,TCGA-55-A57B-01A
0,train,TCGA-62-8394-01A_297_TS,TCGA-62-8394,TCGA-62-8394-01A
0,train,TCGA-62-8394-01A_384_TS,TCGA-62-8394,TCGA-62-8394-01A
0,train,TCGA-62-8399-01A_772_TS,TCGA-62-8399,TCGA-62-8399-01A
0,train,TCGA-62-A46P-01A_347_TS,TCGA-62-A46P,TCGA-62-A46P-01A
0,train,TCGA-62-A46S-01A_583_TS,TCGA-62-A46S,TCGA-62-A46S-01A
0,train,TCGA-62-A46Y-01A_765_TS,TCGA-62-A46Y,TCGA-62-A46Y-01A
0,train,TCGA-62-A470-01A_593_TS,TCGA-62-A470,TCGA-62-A470-01A
0,train,TCGA-64-1676-01A_440_TS,TCGA-64-1676,TCGA-64-1676-01A
0,train,TCGA-64-1676-01A_619_TS,TCGA-64-1676,TCGA-64-1676-01A
0,train,TCGA-64-1677-01A_12_TS,TCGA-64-1677,TCGA-64-1677-01A
0,train,TCGA-64-1677-01A_135_TS,TCGA-64-1677,TCGA-64-1677-01A
0,train,TCGA-64-1680-01A_32_TS,TCGA-64-1680,TCGA-64-1680-01A
0,train,TCGA-64-1680-01A_651_TS,TCGA-64-1680,TCGA-64-1680-01A
0,train,TCGA-64-1681-01A_521_TS,TCGA-64-1681,TCGA-64-1681-01A
0,train,TCGA-64-1681-01A_522_TS,TCGA-64-1681,TCGA-64-1681-01A
0,train,TCGA-64-5778-01A_101_TS,TCGA-64-5778,TCGA-64-5778-01A
0,train,TCGA-64-5778-01A_405_TS,TCGA-64-5778,TCGA-64-5778-01A
0,train,TCGA-64-5779-01A_243_TS,TCGA-64-5779,TCGA-64-5779-01A
0,train,TCGA-64-5779-01A_245_TS,TCGA-64-5779,TCGA-64-5779-01A
0,train,TCGA-67-3770-01A_228_TS,TCGA-67-3770,TCGA-67-3770-01A
0,train,TCGA-67-3771-01A_151_TS,TCGA-67-3771,TCGA-67-3771-01A
0,train,TCGA-67-3771-01A_731_TS,TCGA-67-3771,TCGA-67-3771-01A
0,train,TCGA-67-3772-01A_181_TS,TCGA-67-3772,TCGA-67-3772-01A
0,train,TCGA-67-3772-01A_182_TS,TCGA-67-3772,TCGA-67-3772-01A
0,train,TCGA-67-4679-01B_167_TS,TCGA-67-4679,TCGA-67-4679-01B
0,train,TCGA-67-4679-01B_364_TS,TCGA-67-4679,TCGA-67-4679-01B
0,train,TCGA-67-6215-01A_472_TS,TCGA-67-6215,TCGA-67-6215-01A
0,train,TCGA-67-6215-01A_473_TS,TCGA-67-6215,TCGA-67-6215-01A
0,train,TCGA-69-7761-01A_383_TS,TCGA-69-7761,TCGA-69-7761-01A
0,train,TCGA-69-7761-01A_86_TS,TCGA-69-7761,TCGA-69-7761-01A
0,train,TCGA-69-7763-01A_27_TS,TCGA-69-7763,TCGA-69-7763-01A
0,train,TCGA-69-7763-01A_349_TS,TCGA-69-7763,TCGA-69-7763-01A
0,train,TCGA-69-7764-01A_251_TS,TCGA-69-7764,TCGA-69-7764-01A
0,train,TCGA-69-7978-01A_459_TS,TCGA-69-7978,TCGA-69-7978-01A
0,train,TCGA-69-7979-01A_807_TS,TCGA-69-7979,TCGA-69-7979-01A
0,train,TCGA-69-8254-01A_605_TS,TCGA-69-8254,TCGA-69-8254-01A
0,train,TCGA-69-8255-01A_72_TS,TCGA-69-8255,TCGA-69-8255-01A
0,train,TCGA-71-8520-01A_43_TS,TCGA-71-8520,TCGA-71-8520-01A
0,train,TCGA-71-8520-01A_741_TS,TCGA-71-8520,TCGA-71-8520-01A
0,train,TCGA-73-4658-01A_695_TS,TCGA-73-4658,TCGA-73-4658-01A
0,train,TCGA-73-4658-01A_696_TS,TCGA-73-4658,TCGA-73-4658-01A
0,train,TCGA-73-4666-01A_283_TS,TCGA-73-4666,TCGA-73-4666-01A
0,train,TCGA-73-4666-01A_752_TS,TCGA-73-4666,TCGA-73-4666-01A
0,train,TCGA-73-4668-01A_446_TS,TCGA-73-4668,TCGA-73-4668-01A
0,train,TCGA-73-4668-01A_447_TS,TCGA-73-4668,TCGA-73-4668-01A
0,train,TCGA-73-4676-01A_711_TS,TCGA-73-4676,TCGA-73-4676-01A
0,train,TCGA-73-4676-01A_7_TS,TCGA-73-4676,TCGA-73-4676-01A
0,train,TCGA-73-4677-01A_725_TS,TCGA-73-4677,TCGA-73-4677-01A
0,train,TCGA-73-4677-01A_727_TS,TCGA-73-4677,TCGA-73-4677-01A
0,train,TCGA-73-A9RS-01A_658_TS,TCGA-73-A9RS,TCGA-73-A9RS-01A
0,train,TCGA-75-5122-01A_392_TS,TCGA-75-5122,TCGA-75-5122-01A
0,train,TCGA-75-5122-01A_780_TS,TCGA-75-5122,TCGA-75-5122-01A
0,train,TCGA-75-5125-01A_30_TS,TCGA-75-5125,TCGA-75-5125-01A
0,train,TCGA-75-5125-01A_734_TS,TCGA-75-5125,TCGA-75-5125-01A
0,train,TCGA-75-5147-01A_553_TS,TCGA-75-5147,TCGA-75-5147-01A
0,train,TCGA-75-5147-01A_554_TS,TCGA-75-5147,TCGA-75-5147-01A
0,train,TCGA-75-6203-01A_418_TS,TCGA-75-6203,TCGA-75-6203-01A
0,train,TCGA-75-6203-01A_691_TS,TCGA-75-6203,TCGA-75-6203-01A
0,train,TCGA-75-6205-01A_104_TS,TCGA-75-6205,TCGA-75-6205-01A
0,train,TCGA-75-6212-01A_37_TS,TCGA-75-6212,TCGA-75-6212-01A
0,train,TCGA-75-6212-01A_38_TS,TCGA-75-6212,TCGA-75-6212-01A
0,train,TCGA-75-7027-01A_370_TS,TCGA-75-7027,TCGA-75-7027-01A
0,train,TCGA-75-7027-01A_371_TS,TCGA-75-7027,TCGA-75-7027-01A
0,train,TCGA-78-7143-01A_281_TS,TCGA-78-7143,TCGA-78-7143-01A
0,train,TCGA-78-7143-01A_284_TS,TCGA-78-7143,TCGA-78-7143-01A
0,train,TCGA-78-7145-01A_67_TS,TCGA-78-7145,TCGA-78-7145-01A
0,train,TCGA-78-7145-01A_751_TS,TCGA-78-7145,TCGA-78-7145-01A
0,train,TCGA-78-7148-01A_489_TS,TCGA-78-7148,TCGA-78-7148-01A
0,train,TCGA-78-7148-01A_597_TS,TCGA-78-7148,TCGA-78-7148-01A
0,train,TCGA-78-7149-01A_250_TS,TCGA-78-7149,TCGA-78-7149-01A
0,train,TCGA-78-7149-01A_656_TS,TCGA-78-7149,TCGA-78-7149-01A
0,train,TCGA-78-7150-01A_315_TS,TCGA-78-7150,TCGA-78-7150-01A
0,train,TCGA-78-7154-01A_555_TS,TCGA-78-7154,TCGA-78-7154-01A
0,train,TCGA-78-7154-01A_556_TS,TCGA-78-7154,TCGA-78-7154-01A
0,train,TCGA-78-7155-01A_432_TS,TCGA-78-7155,TCGA-78-7155-01A
0,train,TCGA-78-7155-01A_616_TS,TCGA-78-7155,TCGA-78-7155-01A
0,train,TCGA-78-7159-01A_176_TS,TCGA-78-7159,TCGA-78-7159-01A
0,train,TCGA-78-7159-01A_756_TS,TCGA-78-7159,TCGA-78-7159-01A
0,train,TCGA-78-7160-01A_512_TS,TCGA-78-7160,TCGA-78-7160-01A
0,train,TCGA-78-7160-01A_513_TS,TCGA-78-7160,TCGA-78-7160-01A
0,train,TCGA-78-7162-01A_240_TS,TCGA-78-7162,TCGA-78-7162-01A
0,train,TCGA-78-7167-01A_443_TS,TCGA-78-7167,TCGA-78-7167-01A
0,train,TCGA-78-7167-01A_623_TS,TCGA-78-7167,TCGA-78-7167-01A
0,train,TCGA-78-7220-01A_441_TS,TCGA-78-7220,TCGA-78-7220-01A
0,train,TCGA-78-7220-01A_620_TS,TCGA-78-7220,TCGA-78-7220-01A
0,train,TCGA-78-7539-01A_91_TS,TCGA-78-7539,TCGA-78-7539-01A
0,train,TCGA-78-7539-01A_92_TS,TCGA-78-7539,TCGA-78-7539-01A
0,train,TCGA-78-7540-01A_21_TS,TCGA-78-7540,TCGA-78-7540-01A
0,train,TCGA-78-7540-01A_340_TS,TCGA-78-7540,TCGA-78-7540-01A
0,train,TCGA-78-8648-01A_770_TS,TCGA-78-8648,TCGA-78-8648-01A
0,train,TCGA-78-8655-01A_468_TS,TCGA-78-8655,TCGA-78-8655-01A
0,train,TCGA-83-5908-01A_654_TS,TCGA-83-5908,TCGA-83-5908-01A
0,train,TCGA-86-6562-01A_475_TS,TCGA-86-6562,TCGA-86-6562-01A
0,train,TCGA-86-6562-01A_579_TS,TCGA-86-6562,TCGA-86-6562-01A
0,train,TCGA-86-6851-01A_19_TS,TCGA-86-6851,TCGA-86-6851-01A
0,train,TCGA-86-6851-01A_642_TS,TCGA-86-6851,TCGA-86-6851-01A
0,train,TCGA-86-7713-01A_534_TS,TCGA-86-7713,TCGA-86-7713-01A
0,train,TCGA-86-7713-01A_535_TS,TCGA-86-7713,TCGA-86-7713-01A
0,train,TCGA-86-7714-01A_279_TS,TCGA-86-7714,TCGA-86-7714-01A
0,train,TCGA-86-7714-01A_280_TS,TCGA-86-7714,TCGA-86-7714-01A
0,train,TCGA-86-7955-01A_147_TS,TCGA-86-7955,TCGA-86-7955-01A
0,train,TCGA-86-8054-01A_154_TS,TCGA-86-8054,TCGA-86-8054-01A
0,train,TCGA-86-8054-01A_238_TS,TCGA-86-8054,TCGA-86-8054-01A
0,train,TCGA-86-8055-01A_356_TS,TCGA-86-8055,TCGA-86-8055-01A
0,train,TCGA-86-8055-01A_739_TS,TCGA-86-8055,TCGA-86-8055-01A
0,train,TCGA-86-8074-01A_175_TS,TCGA-86-8074,TCGA-86-8074-01A
0,train,TCGA-86-8074-01A_60_TS,TCGA-86-8074,TCGA-86-8074-01A
0,train,TCGA-86-8075-01A_198_TS,TCGA-86-8075,TCGA-86-8075-01A
0,train,TCGA-86-8075-01A_312_TS,TCGA-86-8075,TCGA-86-8075-01A
0,train,TCGA-86-8281-01A_376_TS,TCGA-86-8281,TCGA-86-8281-01A
0,train,TCGA-86-8281-01A_78_TS,TCGA-86-8281,TCGA-86-8281-01A
0,train,TCGA-86-8358-01A_64_TS,TCGA-86-8358,TCGA-86-8358-01A
0,train,TCGA-86-8358-01A_65_TS,TCGA-86-8358,TCGA-86-8358-01A
0,train,TCGA-86-8668-01A_498_TS,TCGA-86-8668,TCGA-86-8668-01A
0,train,TCGA-86-8668-01A_499_TS,TCGA-86-8668,TCGA-86-8668-01A
0,train,TCGA-86-8669-01A_391_TS,TCGA-86-8669,TCGA-86-8669-01A
0,train,TCGA-86-8669-01A_90_TS,TCGA-86-8669,TCGA-86-8669-01A
0,train,TCGA-86-8674-01A_235_TS,TCGA-86-8674,TCGA-86-8674-01A
0,train,TCGA-86-A456-01A_399_TS,TCGA-86-A456,TCGA-86-A456-01A
0,train,TCGA-86-A4P8-01A_777_TS,TCGA-86-A4P8,TCGA-86-A4P8-01A
0,train,TCGA-91-6828-01A_403_TS,TCGA-91-6828,TCGA-91-6828-01A
0,train,TCGA-91-6828-01A_793_TS,TCGA-91-6828,TCGA-91-6828-01A
0,train,TCGA-91-6829-01A_650_TS,TCGA-91-6829,TCGA-91-6829-01A
0,train,TCGA-91-6830-01A_766_TS,TCGA-91-6830,TCGA-91-6830-01A
0,train,TCGA-91-6830-01A_767_TS,TCGA-91-6830,TCGA-91-6830-01A
0,train,TCGA-91-6840-01A_563_TS,TCGA-91-6840,TCGA-91-6840-01A
0,train,TCGA-91-6840-01A_564_TS,TCGA-91-6840,TCGA-91-6840-01A
0,train,TCGA-91-6847-01A_409_TS,TCGA-91-6847,TCGA-91-6847-01A
0,train,TCGA-91-6847-01A_800_TS,TCGA-91-6847,TCGA-91-6847-01A
0,train,TCGA-91-7771-01A_134_TS,TCGA-91-7771,TCGA-91-7771-01A
0,train,TCGA-91-7771-01A_717_TS,TCGA-91-7771,TCGA-91-7771-01A
0,train,TCGA-91-8496-01A_186_TS,TCGA-91-8496,TCGA-91-8496-01A
0,train,TCGA-91-8496-01A_85_TS,TCGA-91-8496,TCGA-91-8496-01A
0,train,TCGA-91-A4BD-01A_25_TS,TCGA-91-A4BD,TCGA-91-A4BD-01A
0,train,TCGA-93-7347-01A_494_TS,TCGA-93-7347,TCGA-93-7347-01A
0,train,TCGA-93-7347-01A_601_TS,TCGA-93-7347,TCGA-93-7347-01A
0,train,TCGA-93-7348-01A_594_TS,TCGA-93-7348,TCGA-93-7348-01A
0,train,TCGA-93-A4JO-01A_360_TS,TCGA-93-A4JO,TCGA-93-A4JO-01A
0,train,TCGA-93-A4JP-01A_659_TS,TCGA-93-A4JP,TCGA-93-A4JP-01A
0,train,TCGA-95-7039-01A_216_TS,TCGA-95-7039,TCGA-95-7039-01A
0,train,TCGA-95-7039-01A_415_TS,TCGA-95-7039,TCGA-95-7039-01A
0,train,TCGA-95-7567-01A_51_TS,TCGA-95-7567,TCGA-95-7567-01A
0,train,TCGA-95-7944-01A_117_TS,TCGA-95-7944,TCGA-95-7944-01A
0,train,TCGA-95-8039-01A_197_TS,TCGA-95-8039,TCGA-95-8039-01A
0,train,TCGA-95-8494-01A_304_TS,TCGA-95-8494,TCGA-95-8494-01A
0,train,TCGA-97-7546-01A_352_TS,TCGA-97-7546,TCGA-97-7546-01A
0,train,TCGA-97-7547-01A_82_TS,TCGA-97-7547,TCGA-97-7547-01A
0,train,TCGA-97-7554-01A_211_TS,TCGA-97-7554,TCGA-97-7554-01A
0,train,TCGA-97-7554-01A_412_TS,TCGA-97-7554,TCGA-97-7554-01A
0,train,TCGA-97-7938-01A_491_TS,TCGA-97-7938,TCGA-97-7938-01A
0,train,TCGA-97-7941-01A_448_TS,TCGA-97-7941,TCGA-97-7941-01A
0,train,TCGA-97-8174-01A_787_TS,TCGA-97-8174,TCGA-97-8174-01A
0,train,TCGA-97-8175-01A_454_TS,TCGA-97-8175,TCGA-97-8175-01A
0,train,TCGA-97-8179-01A_150_TS,TCGA-97-8179,TCGA-97-8179-01A
0,train,TCGA-97-8547-01A_452_TS,TCGA-97-8547,TCGA-97-8547-01A
0,train,TCGA-97-A4M0-01A_478_TS,TCGA-97-A4M0,TCGA-97-A4M0-01A
0,train,TCGA-97-A4M1-01A_510_TS,TCGA-97-A4M1,TCGA-97-A4M1-01A
0,train,TCGA-97-A4M5-01A_180_TS,TCGA-97-A4M5,TCGA-97-A4M5-01A
0,train,TCGA-97-A4M6-01A_353_TS,TCGA-97-A4M6,TCGA-97-A4M6-01A
0,train,TCGA-99-7458-01A_202_TS,TCGA-99-7458,TCGA-99-7458-01A
0,train,TCGA-99-7458-01A_404_TS,TCGA-99-7458,TCGA-99-7458-01A
0,train,TCGA-99-8028-01A_407_TS,TCGA-99-8028,TCGA-99-8028-01A
0,train,TCGA-99-8032-01A_195_TS,TCGA-99-8032,TCGA-99-8032-01A
0,train,TCGA-J2-A4AD-01A_342_TS,TCGA-J2-A4AD,TCGA-J2-A4AD-01A
0,train,TCGA-J2-A4AE-01A_485_TS,TCGA-J2-A4AE,TCGA-J2-A4AE-01A
0,train,TCGA-L9-A443-01A_663_TS,TCGA-L9-A443,TCGA-L9-A443-01A
0,train,TCGA-L9-A444-01A_66_TS,TCGA-L9-A444,TCGA-L9-A444-01A
0,train,TCGA-L9-A743-01A_810_TS,TCGA-L9-A743,TCGA-L9-A743-01A
0,train,TCGA-L9-A7SV-01A_764_TS,TCGA-L9-A7SV,TCGA-L9-A7SV-01A
0,train,TCGA-MN-A4N4-01A_550_TS,TCGA-MN-A4N4,TCGA-MN-A4N4-01A
0,train,TCGA-MN-A4N5-01A_242_TS,TCGA-MN-A4N5,TCGA-MN-A4N5-01A
0,train,TCGA-MP-A4SY-01A_310_TS,TCGA-MP-A4SY,TCGA-MP-A4SY-01A
0,train,TCGA-MP-A4T4-01A_253_TS,TCGA-MP-A4T4,TCGA-MP-A4T4-01A
0,train,TCGA-MP-A4T8-01A_95_TS,TCGA-MP-A4T8,TCGA-MP-A4T8-01A
0,train,TCGA-MP-A4T9-01A_291_TS,TCGA-MP-A4T9,TCGA-MP-A4T9-01A
0,train,TCGA-MP-A4TD-01A_46_TS,TCGA-MP-A4TD,TCGA-MP-A4TD-01A
0,train,TCGA-MP-A4TE-01A_507_TS,TCGA-MP-A4TE,TCGA-MP-A4TE-01A
0,train,TCGA-MP-A4TI-01A_611_TS,TCGA-MP-A4TI,TCGA-MP-A4TI-01A
0,train,TCGA-MP-A4TJ-01A_794_TS,TCGA-MP-A4TJ,TCGA-MP-A4TJ-01A
0,train,TCGA-NJ-A4YG-01A_308_TS,TCGA-NJ-A4YG,TCGA-NJ-A4YG-01A
0,train,TCGA-NJ-A4YI-01A_661_TS,TCGA-NJ-A4YI,TCGA-NJ-A4YI-01A
0,train,TCGA-NJ-A55A-01A_218_TS,TCGA-NJ-A55A,TCGA-NJ-A55A-01A
0,train,TCGA-NJ-A55O-01A_201_TS,TCGA-NJ-A55O,TCGA-NJ-A55O-01A
0,train,TCGA-O1-A52J-01A_365_TS,TCGA-O1-A52J,TCGA-O1-A52J-01A
0,train,TCGA-S2-AA1A-01A_355_TS,TCGA-S2-AA1A,TCGA-S2-AA1A-01A
0,val,TCGA-05-4249-01A_172_TS,TCGA-05-4249,TCGA-05-4249-01A
0,val,TCGA-05-4249-01A_367_TS,TCGA-05-4249,TCGA-05-4249-01A
0,val,TCGA-05-4389-01A_108_TS,TCGA-05-4389,TCGA-05-4389-01A
0,val,TCGA-05-4389-01A_317_TS,TCGA-05-4389,TCGA-05-4389-01A
0,val,TCGA-05-4398-01A_260_TS,TCGA-05-4398,TCGA-05-4398-01A
0,val,TCGA-05-4398-01A_44_TS,TCGA-05-4398,TCGA-05-4398-01A
0,val,TCGA-05-4410-01A_15_TS,TCGA-05-4410,TCGA-05-4410-01A
0,val,TCGA-05-4410-01A_231_TS,TCGA-05-4410,TCGA-05-4410-01A
0,val,TCGA-05-4420-01A_164_TS,TCGA-05-4420,TCGA-05-4420-01A
0,val,TCGA-05-4420-01A_50_TS,TCGA-05-4420,TCGA-05-4420-01A
0,val,TCGA-05-4426-01A_259_TS,TCGA-05-4426,TCGA-05-4426-01A
0,val,TCGA-05-4426-01A_42_TS,TCGA-05-4426,TCGA-05-4426-01A
0,val,TCGA-05-4433-01A_416_TS,TCGA-05-4433,TCGA-05-4433-01A
0,val,TCGA-05-4433-01A_806_TS,TCGA-05-4433,TCGA-05-4433-01A
0,val,TCGA-05-5425-01A_318_TS,TCGA-05-5425,TCGA-05-5425-01A
0,val,TCGA-05-5425-01A_687_TS,TCGA-05-5425,TCGA-05-5425-01A
0,val,TCGA-35-3615-01A_598_TS,TCGA-35-3615,TCGA-35-3615-01A
0,val,TCGA-35-3615-01A_599_TS,TCGA-35-3615,TCGA-35-3615-01A
0,val,TCGA-38-4625-01A_153_TS,TCGA-38-4625,TCGA-38-4625-01A
0,val,TCGA-38-4625-01A_26_TS,TCGA-38-4625,TCGA-38-4625-01A
0,val,TCGA-38-4629-01A_226_TS,TCGA-38-4629,TCGA-38-4629-01A
0,val,TCGA-38-4629-01A_636_TS,TCGA-38-4629,TCGA-38-4629-01A
0,val,TCGA-38-6178-01A_139_TS,TCGA-38-6178,TCGA-38-6178-01A
0,val,TCGA-38-6178-01A_338_TS,TCGA-38-6178,TCGA-38-6178-01A
0,val,TCGA-44-2661-01A_627_TS,TCGA-44-2661,TCGA-44-2661-01A
0,val,TCGA-44-2661-01A_702_TS,TCGA-44-2661,TCGA-44-2661-01A
0,val,TCGA-44-2666-01A_481_TS,TCGA-44-2666,TCGA-44-2666-01A
0,val,TCGA-44-2666-01A_584_TS,TCGA-44-2666,TCGA-44-2666-01A
0,val,TCGA-44-2666-01A_587_TS,TCGA-44-2666,TCGA-44-2666-01A
0,val,TCGA-44-3398-01A_438_TS,TCGA-44-3398,TCGA-44-3398-01A
0,val,TCGA-44-3398-01A_442_TS,TCGA-44-3398,TCGA-44-3398-01A
0,val,TCGA-44-5643-01A_156_TS,TCGA-44-5643,TCGA-44-5643-01A
0,val,TCGA-44-5643-01A_35_TS,TCGA-44-5643,TCGA-44-5643-01A
0,val,TCGA-44-5645-01A_474_TS,TCGA-44-5645,TCGA-44-5645-01A
0,val,TCGA-44-5645-01A_578_TS,TCGA-44-5645,TCGA-44-5645-01A
0,val,TCGA-44-5645-01A_581_TS,TCGA-44-5645,TCGA-44-5645-01A
0,val,TCGA-44-6774-01A_743_TS,TCGA-44-6774,TCGA-44-6774-01A
0,val,TCGA-44-6777-01A_159_TS,TCGA-44-6777,TCGA-44-6777-01A
0,val,TCGA-44-6777-01A_737_TS,TCGA-44-6777,TCGA-44-6777-01A
0,val,TCGA-44-7660-01A_113_TS,TCGA-44-7660,TCGA-44-7660-01A
0,val,TCGA-44-7660-01A_321_TS,TCGA-44-7660,TCGA-44-7660-01A
0,val,TCGA-44-7671-01A_363_TS,TCGA-44-7671,TCGA-44-7671-01A
0,val,TCGA-44-7671-01A_669_TS,TCGA-44-7671,TCGA-44-7671-01A
0,val,TCGA-44-A479-01A_199_TS,TCGA-44-A479,TCGA-44-A479-01A
0,val,TCGA-44-A4SS-01A_614_TS,TCGA-44-A4SS,TCGA-44-A4SS-01A
0,val,TCGA-49-4486-01A_375_TS,TCGA-49-4486,TCGA-49-4486-01A
0,val,TCGA-49-4486-01A_771_TS,TCGA-49-4486,TCGA-49-4486-01A
0,val,TCGA-49-4494-01A_524_TS,TCGA-49-4494,TCGA-49-4494-01A
0,val,TCGA-49-4494-01A_525_TS,TCGA-49-4494,TCGA-49-4494-01A
0,val,TCGA-49-4507-01A_758_TS,TCGA-49-4507,TCGA-49-4507-01A
0,val,TCGA-49-4507-01A_759_TS,TCGA-49-4507,TCGA-49-4507-01A
0,val,TCGA-49-6744-01A_28_TS,TCGA-49-6744,TCGA-49-6744-01A
0,val,TCGA-49-6744-01A_733_TS,TCGA-49-6744,TCGA-49-6744-01A
0,val,TCGA-49-AAR0-01A_261_TS,TCGA-49-AAR0,TCGA-49-AAR0-01A
0,val,TCGA-49-AARE-01A_547_TS,TCGA-49-AARE,TCGA-49-AARE-01A
0,val,TCGA-4B-A93V-01A_458_TS,TCGA-4B-A93V,TCGA-4B-A93V-01A
0,val,TCGA-50-5045-01A_320_TS,TCGA-50-5045,TCGA-50-5045-01A
0,val,TCGA-50-5045-01A_804_TS,TCGA-50-5045,TCGA-50-5045-01A
0,val,TCGA-50-5066-01A_258_TS,TCGA-50-5066,TCGA-50-5066-01A
0,val,TCGA-50-5066-01A_41_TS,TCGA-50-5066,TCGA-50-5066-01A
0,val,TCGA-50-5931-01A_155_TS,TCGA-50-5931,TCGA-50-5931-01A
0,val,TCGA-50-5931-01A_348_TS,TCGA-50-5931,TCGA-50-5931-01A
0,val,TCGA-50-5936-01A_602_TS,TCGA-50-5936,TCGA-50-5936-01A
0,val,TCGA-50-5936-01A_603_TS,TCGA-50-5936,TCGA-50-5936-01A
0,val,TCGA-50-6590-01A_148_TS,TCGA-50-6590,TCGA-50-6590-01A
0,val,TCGA-50-6590-01A_343_TS,TCGA-50-6590,TCGA-50-6590-01A
0,val,TCGA-50-6594-01A_311_TS,TCGA-50-6594,TCGA-50-6594-01A
0,val,TCGA-50-6594-01A_97_TS,TCGA-50-6594,TCGA-50-6594-01A
0,val,TCGA-50-7109-01A_307_TS,TCGA-50-7109,TCGA-50-7109-01A
0,val,TCGA-50-7109-01A_783_TS,TCGA-50-7109,TCGA-50-7109-01A
0,val,TCGA-53-7624-01A_71_TS,TCGA-53-7624,TCGA-53-7624-01A
0,val,TCGA-53-7624-01A_763_TS,TCGA-53-7624,TCGA-53-7624-01A
0,val,TCGA-55-1595-01A_122_TS,TCGA-55-1595,TCGA-55-1595-01A
0,val,TCGA-55-1595-01A_124_TS,TCGA-55-1595,TCGA-55-1595-01A
0,val,TCGA-55-6712-01A_456_TS,TCGA-55-6712,TCGA-55-6712-01A
0,val,TCGA-55-6712-01A_497_TS,TCGA-55-6712,TCGA-55-6712-01A
0,val,TCGA-55-6972-01A_520_TS,TCGA-55-6972,TCGA-55-6972-01A
0,val,TCGA-55-6978-01A_272_TS,TCGA-55-6978,TCGA-55-6978-01A
0,val,TCGA-55-6978-01A_58_TS,TCGA-55-6978,TCGA-55-6978-01A
0,val,TCGA-55-6985-01A_592_TS,TCGA-55-6985,TCGA-55-6985-01A
0,val,TCGA-55-7283-01A_542_TS,TCGA-55-7283,TCGA-55-7283-01A
0,val,TCGA-55-7816-01A_761_TS,TCGA-55-7816,TCGA-55-7816-01A
0,val,TCGA-55-7910-01A_449_TS,TCGA-55-7910,TCGA-55-7910-01A
0,val,TCGA-55-7910-01A_450_TS,TCGA-55-7910,TCGA-55-7910-01A
0,val,TCGA-55-7914-01A_121_TS,TCGA-55-7914,TCGA-55-7914-01A
0,val,TCGA-55-8091-01A_699_TS,TCGA-55-8091,TCGA-55-8091-01A
0,val,TCGA-55-8203-01A_16_TS,TCGA-55-8203,TCGA-55-8203-01A
0,val,TCGA-55-8207-01A_724_TS,TCGA-55-8207,TCGA-55-8207-01A
0,val,TCGA-55-8302-01A_396_TS,TCGA-55-8302,TCGA-55-8302-01A
0,val,TCGA-55-8508-01A_426_TS,TCGA-55-8508,TCGA-55-8508-01A
0,val,TCGA-55-8513-01A_214_TS,TCGA-55-8513,TCGA-55-8513-01A
0,val,TCGA-55-8616-01A_444_TS,TCGA-55-8616,TCGA-55-8616-01A
0,val,TCGA-55-A48X-01A_357_TS,TCGA-55-A48X,TCGA-55-A48X-01A
0,val,TCGA-55-A491-01A_112_TS,TCGA-55-A491,TCGA-55-A491-01A
0,val,TCGA-55-A4DF-01A_160_TS,TCGA-55-A4DF,TCGA-55-A4DF-01A
0,val,TCGA-62-8395-01A_379_TS,TCGA-62-8395,TCGA-62-8395-01A
0,val,TCGA-62-8395-01A_773_TS,TCGA-62-8395,TCGA-62-8395-01A
0,val,TCGA-62-8402-01A_54_TS,TCGA-62-8402,TCGA-62-8402-01A
0,val,TCGA-62-A46U-01A_782_TS,TCGA-62-A46U,TCGA-62-A46U-01A
0,val,TCGA-62-A471-01A_644_TS,TCGA-62-A471,TCGA-62-A471-01A
0,val,TCGA-64-1678-01A_433_TS,TCGA-64-1678,TCGA-64-1678-01A
0,val,TCGA-64-1678-01A_434_TS,TCGA-64-1678,TCGA-64-1678-01A
0,val,TCGA-64-5774-01A_505_TS,TCGA-64-5774,TCGA-64-5774-01A
0,val,TCGA-64-5774-01A_618_TS,TCGA-64-5774,TCGA-64-5774-01A
0,val,TCGA-64-5781-01A_166_TS,TCGA-64-5781,TCGA-64-5781-01A
0,val,TCGA-64-5781-01A_362_TS,TCGA-64-5781,TCGA-64-5781-01A
0,val,TCGA-67-3773-01A_22_TS,TCGA-67-3773,TCGA-67-3773-01A
0,val,TCGA-67-3773-01A_645_TS,TCGA-67-3773,TCGA-67-3773-01A
0,val,TCGA-67-6216-01A_540_TS,TCGA-67-6216,TCGA-67-6216-01A
0,val,TCGA-67-6216-01A_541_TS,TCGA-67-6216,TCGA-67-6216-01A
0,val,TCGA-69-7765-01A_464_TS,TCGA-69-7765,TCGA-69-7765-01A
0,val,TCGA-69-7765-01A_617_TS,TCGA-69-7765,TCGA-69-7765-01A
0,val,TCGA-69-7973-01A_577_TS,TCGA-69-7973,TCGA-69-7973-01A
0,val,TCGA-69-7980-01A_323_TS,TCGA-69-7980,TCGA-69-7980-01A
0,val,TCGA-69-8453-01A_217_TS,TCGA-69-8453,TCGA-69-8453-01A
0,val,TCGA-73-4659-01A_543_TS,TCGA-73-4659,TCGA-73-4659-01A
0,val,TCGA-73-4659-01A_544_TS,TCGA-73-4659,TCGA-73-4659-01A
0,val,TCGA-73-4670-01A_4_TS,TCGA-73-4670,TCGA-73-4670-01A
0,val,TCGA-73-4670-01A_708_TS,TCGA-73-4670,TCGA-73-4670-01A
0,val,TCGA-73-7498-01A_633_TS,TCGA-73-7498,TCGA-73-7498-01A
0,val,TCGA-73-7498-01A_634_TS,TCGA-73-7498,TCGA-73-7498-01A
0,val,TCGA-75-5126-01A_400_TS,TCGA-75-5126,TCGA-75-5126-01A
0,val,TCGA-75-5126-01A_402_TS,TCGA-75-5126,TCGA-75-5126-01A
0,val,TCGA-75-6206-01A_517_TS,TCGA-75-6206,TCGA-75-6206-01A
0,val,TCGA-75-6207-01A_377_TS,TCGA-75-6207,TCGA-75-6207-01A
0,val,TCGA-75-6207-01A_77_TS,TCGA-75-6207,TCGA-75-6207-01A
0,val,TCGA-75-7030-01A_479_TS,TCGA-75-7030,TCGA-75-7030-01A
0,val,TCGA-75-7030-01A_582_TS,TCGA-75-7030,TCGA-75-7030-01A
0,val,TCGA-78-7146-01A_437_TS,TCGA-78-7146,TCGA-78-7146-01A
0,val,TCGA-78-7146-01A_504_TS,TCGA-78-7146,TCGA-78-7146-01A
0,val,TCGA-78-7152-01A_417_TS,TCGA-78-7152,TCGA-78-7152-01A
0,val,TCGA-78-7152-01A_809_TS,TCGA-78-7152,TCGA-78-7152-01A
0,val,TCGA-78-7156-01A_684_TS,TCGA-78-7156,TCGA-78-7156-01A
0,val,TCGA-78-7156-01A_89_TS,TCGA-78-7156,TCGA-78-7156-01A
0,val,TCGA-78-7161-01A_789_TS,TCGA-78-7161,TCGA-78-7161-01A
0,val,TCGA-78-7161-01A_93_TS,TCGA-78-7161,TCGA-78-7161-01A
0,val,TCGA-78-7536-01A_469_TS,TCGA-78-7536,TCGA-78-7536-01A
0,val,TCGA-78-7536-01A_576_TS,TCGA-78-7536,TCGA-78-7536-01A
0,val,TCGA-78-7542-01A_488_TS,TCGA-78-7542,TCGA-78-7542-01A
0,val,TCGA-78-7633-01A_229_TS,TCGA-78-7633,TCGA-78-7633-01A
0,val,TCGA-78-7633-01A_230_TS,TCGA-78-7633,TCGA-78-7633-01A
0,val,TCGA-78-8660-01A_748_TS,TCGA-78-8660,TCGA-78-8660-01A
0,val,TCGA-86-7701-01A_111_TS,TCGA-86-7701,TCGA-86-7701-01A
0,val,TCGA-86-7701-01A_803_TS,TCGA-86-7701,TCGA-86-7701-01A
0,val,TCGA-86-7953-01A_69_TS,TCGA-86-7953,TCGA-86-7953-01A
0,val,TCGA-86-7953-01A_70_TS,TCGA-86-7953,TCGA-86-7953-01A
0,val,TCGA-86-8056-01A_668_TS,TCGA-86-8056,TCGA-86-8056-01A
0,val,TCGA-86-8056-01A_670_TS,TCGA-86-8056,TCGA-86-8056-01A
0,val,TCGA-86-8278-01A_116_TS,TCGA-86-8278,TCGA-86-8278-01A
0,val,TCGA-86-8278-01A_808_TS,TCGA-86-8278,TCGA-86-8278-01A
0,val,TCGA-86-8279-01A_657_TS,TCGA-86-8279,TCGA-86-8279-01A
0,val,TCGA-86-8359-01A_393_TS,TCGA-86-8359,TCGA-86-8359-01A
0,val,TCGA-86-8359-01A_686_TS,TCGA-86-8359,TCGA-86-8359-01A
0,val,TCGA-86-8671-01A_518_TS,TCGA-86-8671,TCGA-86-8671-01A
0,val,TCGA-86-8671-01A_519_TS,TCGA-86-8671,TCGA-86-8671-01A
0,val,TCGA-86-A4JF-01A_586_TS,TCGA-86-A4JF,TCGA-86-A4JF-01A
0,val,TCGA-91-6831-01A_470_TS,TCGA-91-6831,TCGA-91-6831-01A
0,val,TCGA-91-6831-01A_569_TS,TCGA-91-6831,TCGA-91-6831-01A
0,val,TCGA-91-6836-01A_714_TS,TCGA-91-6836,TCGA-91-6836-01A
0,val,TCGA-91-6848-01A_341_TS,TCGA-91-6848,TCGA-91-6848-01A
0,val,TCGA-91-6848-01A_721_TS,TCGA-91-6848,TCGA-91-6848-01A
0,val,TCGA-91-8497-01A_277_TS,TCGA-91-8497,TCGA-91-8497-01A
0,val,TCGA-91-8497-01A_373_TS,TCGA-91-8497,TCGA-91-8497-01A
0,val,TCGA-93-8067-01A_119_TS,TCGA-93-8067,TCGA-93-8067-01A
0,val,TCGA-93-A4JQ-01A_296_TS,TCGA-93-A4JQ,TCGA-93-A4JQ-01A
0,val,TCGA-95-7043-01A_703_TS,TCGA-95-7043,TCGA-95-7043-01A
0,val,TCGA-95-7043-01A_704_TS,TCGA-95-7043,TCGA-95-7043-01A
0,val,TCGA-95-7947-01A_713_TS,TCGA-95-7947,TCGA-95-7947-01A
0,val,TCGA-95-A4VK-01A_557_TS,TCGA-95-A4VK,TCGA-95-A4VK-01A
0,val,TCGA-97-7553-01A_742_TS,TCGA-97-7553,TCGA-97-7553-01A
0,val,TCGA-97-8171-01A_265_TS,TCGA-97-8171,TCGA-97-8171-01A
0,val,TCGA-97-8176-01A_237_TS,TCGA-97-8176,TCGA-97-8176-01A
0,val,TCGA-97-8552-01A_313_TS,TCGA-97-8552,TCGA-97-8552-01A
0,val,TCGA-97-A4M2-01A_263_TS,TCGA-97-A4M2,TCGA-97-A4M2-01A
0,val,TCGA-97-A4M7-01A_523_TS,TCGA-97-A4M7,TCGA-97-A4M7-01A
0,val,TCGA-99-8033-01A_798_TS,TCGA-99-8033,TCGA-99-8033-01A
0,val,TCGA-J2-8192-01A_174_TS,TCGA-J2-8192,TCGA-J2-8192-01A
0,val,TCGA-J2-8192-01A_61_TS,TCGA-J2-8192,TCGA-J2-8192-01A
0,val,TCGA-J2-A4AG-01A_588_TS,TCGA-J2-A4AG,TCGA-J2-A4AG-01A
0,val,TCGA-L9-A50W-01A_688_TS,TCGA-L9-A50W,TCGA-L9-A50W-01A
0,val,TCGA-L9-A8F4-01A_99_TS,TCGA-L9-A8F4,TCGA-L9-A8F4-01A
0,val,TCGA-MP-A4SV-01A_83_TS,TCGA-MP-A4SV,TCGA-MP-A4SV-01A
0,val,TCGA-MP-A4T6-01A_79_TS,TCGA-MP-A4T6,TCGA-MP-A4T6-01A
0,val,TCGA-MP-A4TA-01A_314_TS,TCGA-MP-A4TA,TCGA-MP-A4TA-01A
0,val,TCGA-MP-A4TF-01A_200_TS,TCGA-MP-A4TF,TCGA-MP-A4TF-01A
0,val,TCGA-MP-A4TK-01A_503_TS,TCGA-MP-A4TK,TCGA-MP-A4TK-01A
0,val,TCGA-NJ-A4YP-01A_56_TS,TCGA-NJ-A4YP,TCGA-NJ-A4YP-01A
0,val,TCGA-NJ-A55R-01A_96_TS,TCGA-NJ-A55R,TCGA-NJ-A55R-01A
1,test,TCGA-05-4382-01A_131_TS,TCGA-05-4382,TCGA-05-4382-01A
1,test,TCGA-05-4382-01A_132_TS,TCGA-05-4382,TCGA-05-4382-01A
1,test,TCGA-05-4396-01A_224_TS,TCGA-05-4396,TCGA-05-4396-01A
1,test,TCGA-05-4396-01A_715_TS,TCGA-05-4396,TCGA-05-4396-01A
1,test,TCGA-05-4403-01A_548_TS,TCGA-05-4403,TCGA-05-4403-01A
1,test,TCGA-05-4403-01A_549_TS,TCGA-05-4403,TCGA-05-4403-01A
1,test,TCGA-05-4417-01A_319_TS,TCGA-05-4417,TCGA-05-4417-01A
1,test,TCGA-05-4417-01A_805_TS,TCGA-05-4417,TCGA-05-4417-01A
1,test,TCGA-05-4424-01A_378_TS,TCGA-05-4424,TCGA-05-4424-01A
1,test,TCGA-05-4424-01A_380_TS,TCGA-05-4424,TCGA-05-4424-01A
1,test,TCGA-05-4430-01A_358_TS,TCGA-05-4430,TCGA-05-4430-01A
1,test,TCGA-05-4430-01A_45_TS,TCGA-05-4430,TCGA-05-4430-01A
1,test,TCGA-05-5420-01A_11_TS,TCGA-05-5420,TCGA-05-5420-01A
1,test,TCGA-05-5420-01A_223_TS,TCGA-05-5420,TCGA-05-5420-01A
1,test,TCGA-05-5429-01A_179_TS,TCGA-05-5429,TCGA-05-5429-01A
1,test,TCGA-05-5429-01A_774_TS,TCGA-05-5429,TCGA-05-5429-01A
1,test,TCGA-35-4123-01A_184_TS,TCGA-35-4123,TCGA-35-4123-01A
1,test,TCGA-35-4123-01A_776_TS,TCGA-35-4123,TCGA-35-4123-01A
1,test,TCGA-38-4627-01A_466_TS,TCGA-38-4627,TCGA-38-4627-01A
1,test,TCGA-38-4627-01A_467_TS,TCGA-38-4627,TCGA-38-4627-01A
1,test,TCGA-38-4631-01A_128_TS,TCGA-38-4631,TCGA-38-4631-01A
1,test,TCGA-38-4631-01A_705_TS,TCGA-38-4631,TCGA-38-4631-01A
1,test,TCGA-38-7271-01A_626_TS,TCGA-38-7271,TCGA-38-7271-01A
1,test,TCGA-38-A44F-01A_254_TS,TCGA-38-A44F,TCGA-38-A44F-01A
1,test,TCGA-44-2657-01A_423_TS,TCGA-44-2657,TCGA-44-2657-01A
1,test,TCGA-44-2657-01A_453_TS,TCGA-44-2657,TCGA-44-2657-01A
1,test,TCGA-44-2665-01A_622_TS,TCGA-44-2665,TCGA-44-2665-01A
1,test,TCGA-44-2665-01A_624_TS,TCGA-44-2665,TCGA-44-2665-01A
1,test,TCGA-44-2665-01B_612_TS,TCGA-44-2665,TCGA-44-2665-01B
1,test,TCGA-44-2665-01B_621_TS,TCGA-44-2665,TCGA-44-2665-01B
1,test,TCGA-44-2668-01A_428_TS,TCGA-44-2668,TCGA-44-2668-01A
1,test,TCGA-44-2668-01A_460_TS,TCGA-44-2668,TCGA-44-2668-01A
1,test,TCGA-44-3918-01A_301_TS,TCGA-44-3918,TCGA-44-3918-01A
1,test,TCGA-44-3918-01A_681_TS,TCGA-44-3918,TCGA-44-3918-01A
1,test,TCGA-44-6148-01A_401_TS,TCGA-44-6148,TCGA-44-6148-01A
1,test,TCGA-44-6148-01A_790_TS,TCGA-44-6148,TCGA-44-6148-01A
1,test,TCGA-44-6775-01A_266_TS,TCGA-44-6775,TCGA-44-6775-01A
1,test,TCGA-44-6775-01A_269_TS,TCGA-44-6775,TCGA-44-6775-01A
1,test,TCGA-44-6775-01A_746_TS,TCGA-44-6775,TCGA-44-6775-01A
1,test,TCGA-44-6779-01A_528_TS,TCGA-44-6779,TCGA-44-6779-01A
1,test,TCGA-44-6779-01A_529_TS,TCGA-44-6779,TCGA-44-6779-01A
1,test,TCGA-44-7662-01A_115_TS,TCGA-44-7662,TCGA-44-7662-01A
1,test,TCGA-44-7662-01A_690_TS,TCGA-44-7662,TCGA-44-7662-01A
1,test,TCGA-44-7669-01A_749_TS,TCGA-44-7669,TCGA-44-7669-01A
1,test,TCGA-44-8117-01A_294_TS,TCGA-44-8117,TCGA-44-8117-01A
1,test,TCGA-44-8117-01A_778_TS,TCGA-44-8117,TCGA-44-8117-01A
1,test,TCGA-44-A47B-01A_792_TS,TCGA-44-A47B,TCGA-44-A47B-01A
1,test,TCGA-49-4488-01A_568_TS,TCGA-49-4488,TCGA-49-4488-01A
1,test,TCGA-49-4488-01A_570_TS,TCGA-49-4488,TCGA-49-4488-01A
1,test,TCGA-49-4505-01A_23_TS,TCGA-49-4505,TCGA-49-4505-01A
1,test,TCGA-49-4505-01A_646_TS,TCGA-49-4505,TCGA-49-4505-01A
1,test,TCGA-49-6742-01A_333_TS,TCGA-49-6742,TCGA-49-6742-01A
1,test,TCGA-49-6742-01A_336_TS,TCGA-49-6742,TCGA-49-6742-01A
1,test,TCGA-49-6761-01A_755_TS,TCGA-49-6761,TCGA-49-6761-01A
1,test,TCGA-49-6767-01A_192_TS,TCGA-49-6767,TCGA-49-6767-01A
1,test,TCGA-49-6767-01A_386_TS,TCGA-49-6767,TCGA-49-6767-01A
1,test,TCGA-49-AAR4-01A_685_TS,TCGA-49-AAR4,TCGA-49-AAR4-01A
1,test,TCGA-49-AARO-01A_760_TS,TCGA-49-AARO,TCGA-49-AARO-01A
1,test,TCGA-50-5051-01A_144_TS,TCGA-50-5051,TCGA-50-5051-01A
1,test,TCGA-50-5051-01A_20_TS,TCGA-50-5051,TCGA-50-5051-01A
1,test,TCGA-50-5072-01A_129_TS,TCGA-50-5072,TCGA-50-5072-01A
1,test,TCGA-50-5072-01A_635_TS,TCGA-50-5072,TCGA-50-5072-01A
1,test,TCGA-50-5933-01A_196_TS,TCGA-50-5933,TCGA-50-5933-01A
1,test,TCGA-50-5933-01A_682_TS,TCGA-50-5933,TCGA-50-5933-01A
1,test,TCGA-50-5941-01A_461_TS,TCGA-50-5941,TCGA-50-5941-01A
1,test,TCGA-50-5941-01A_501_TS,TCGA-50-5941,TCGA-50-5941-01A
1,test,TCGA-50-5944-01A_350_TS,TCGA-50-5944,TCGA-50-5944-01A
1,test,TCGA-50-6592-01A_344_TS,TCGA-50-6592,TCGA-50-6592-01A
1,test,TCGA-50-6592-01A_345_TS,TCGA-50-6592,TCGA-50-6592-01A
1,test,TCGA-50-6597-01A_629_TS,TCGA-50-6597,TCGA-50-6597-01A
1,test,TCGA-50-6597-01A_712_TS,TCGA-50-6597,TCGA-50-6597-01A
1,test,TCGA-50-8459-01A_105_TS,TCGA-50-8459,TCGA-50-8459-01A
1,test,TCGA-50-8459-01A_802_TS,TCGA-50-8459,TCGA-50-8459-01A
1,test,TCGA-55-1592-01A_324_TS,TCGA-55-1592,TCGA-55-1592-01A
1,test,TCGA-55-1592-01A_701_TS,TCGA-55-1592,TCGA-55-1592-01A
1,test,TCGA-55-6543-01A_490_TS,TCGA-55-6543,TCGA-55-6543-01A
1,test,TCGA-55-6543-01A_596_TS,TCGA-55-6543,TCGA-55-6543-01A
1,test,TCGA-55-6970-01A_194_TS,TCGA-55-6970,TCGA-55-6970-01A
1,test,TCGA-55-6970-01A_389_TS,TCGA-55-6970,TCGA-55-6970-01A
1,test,TCGA-55-6980-01A_354_TS,TCGA-55-6980,TCGA-55-6980-01A
1,test,TCGA-55-6987-01A_157_TS,TCGA-55-6987,TCGA-55-6987-01A
1,test,TCGA-55-7573-01A_136_TS,TCGA-55-7573,TCGA-55-7573-01A
1,test,TCGA-55-7573-01A_13_TS,TCGA-55-7573,TCGA-55-7573-01A
1,test,TCGA-55-7727-01A_692_TS,TCGA-55-7727,TCGA-55-7727-01A
1,test,TCGA-55-7907-01A_509_TS,TCGA-55-7907,TCGA-55-7907-01A
1,test,TCGA-55-7995-01A_451_TS,TCGA-55-7995,TCGA-55-7995-01A
1,test,TCGA-55-7995-01A_495_TS,TCGA-55-7995,TCGA-55-7995-01A
1,test,TCGA-55-8089-01A_239_TS,TCGA-55-8089,TCGA-55-8089-01A
1,test,TCGA-55-8096-01A_162_TS,TCGA-55-8096,TCGA-55-8096-01A
1,test,TCGA-55-8205-01A_801_TS,TCGA-55-8205,TCGA-55-8205-01A
1,test,TCGA-55-8299-01A_736_TS,TCGA-55-8299,TCGA-55-8299-01A
1,test,TCGA-55-8506-01A_268_TS,TCGA-55-8506,TCGA-55-8506-01A
1,test,TCGA-55-8511-01A_630_TS,TCGA-55-8511,TCGA-55-8511-01A
1,test,TCGA-55-8614-01A_465_TS,TCGA-55-8614,TCGA-55-8614-01A
1,test,TCGA-55-8620-01A_287_TS,TCGA-55-8620,TCGA-55-8620-01A
1,test,TCGA-55-A48Z-01A_241_TS,TCGA-55-A48Z,TCGA-55-A48Z-01A
1,test,TCGA-55-A493-01A_486_TS,TCGA-55-A493,TCGA-55-A493-01A
1,test,TCGA-55-A57B-01A_262_TS,TCGA-55-A57B,TCGA-55-A57B-01A
1,test,TCGA-62-A46P-01A_347_TS,TCGA-62-A46P,TCGA-62-A46P-01A
1,test,TCGA-62-A46Y-01A_765_TS,TCGA-62-A46Y,TCGA-62-A46Y-01A
1,test,TCGA-64-1676-01A_440_TS,TCGA-64-1676,TCGA-64-1676-01A
1,test,TCGA-64-1676-01A_619_TS,TCGA-64-1676,TCGA-64-1676-01A
1,test,TCGA-64-1680-01A_32_TS,TCGA-64-1680,TCGA-64-1680-01A
1,test,TCGA-64-1680-01A_651_TS,TCGA-64-1680,TCGA-64-1680-01A
1,test,TCGA-64-5778-01A_101_TS,TCGA-64-5778,TCGA-64-5778-01A
1,test,TCGA-64-5778-01A_405_TS,TCGA-64-5778,TCGA-64-5778-01A
1,test,TCGA-67-3770-01A_228_TS,TCGA-67-3770,TCGA-67-3770-01A
1,test,TCGA-67-3771-01A_151_TS,TCGA-67-3771,TCGA-67-3771-01A
1,test,TCGA-67-3771-01A_731_TS,TCGA-67-3771,TCGA-67-3771-01A
1,test,TCGA-67-4679-01B_167_TS,TCGA-67-4679,TCGA-67-4679-01B
1,test,TCGA-67-4679-01B_364_TS,TCGA-67-4679,TCGA-67-4679-01B
1,test,TCGA-69-7761-01A_383_TS,TCGA-69-7761,TCGA-69-7761-01A
1,test,TCGA-69-7761-01A_86_TS,TCGA-69-7761,TCGA-69-7761-01A
1,test,TCGA-69-7978-01A_459_TS,TCGA-69-7978,TCGA-69-7978-01A
1,test,TCGA-69-8254-01A_605_TS,TCGA-69-8254,TCGA-69-8254-01A
1,test,TCGA-71-8520-01A_43_TS,TCGA-71-8520,TCGA-71-8520-01A
1,test,TCGA-71-8520-01A_741_TS,TCGA-71-8520,TCGA-71-8520-01A
1,test,TCGA-73-4666-01A_283_TS,TCGA-73-4666,TCGA-73-4666-01A
1,test,TCGA-73-4666-01A_752_TS,TCGA-73-4666,TCGA-73-4666-01A
1,test,TCGA-73-4676-01A_711_TS,TCGA-73-4676,TCGA-73-4676-01A
1,test,TCGA-73-4676-01A_7_TS,TCGA-73-4676,TCGA-73-4676-01A
1,test,TCGA-73-A9RS-01A_658_TS,TCGA-73-A9RS,TCGA-73-A9RS-01A
1,test,TCGA-75-5122-01A_392_TS,TCGA-75-5122,TCGA-75-5122-01A
1,test,TCGA-75-5122-01A_780_TS,TCGA-75-5122,TCGA-75-5122-01A
1,test,TCGA-75-5147-01A_553_TS,TCGA-75-5147,TCGA-75-5147-01A
1,test,TCGA-75-5147-01A_554_TS,TCGA-75-5147,TCGA-75-5147-01A
1,test,TCGA-75-6212-01A_37_TS,TCGA-75-6212,TCGA-75-6212-01A
1,test,TCGA-75-6212-01A_38_TS,TCGA-75-6212,TCGA-75-6212-01A
1,test,TCGA-78-7143-01A_281_TS,TCGA-78-7143,TCGA-78-7143-01A
1,test,TCGA-78-7143-01A_284_TS,TCGA-78-7143,TCGA-78-7143-01A
1,test,TCGA-78-7148-01A_489_TS,TCGA-78-7148,TCGA-78-7148-01A
1,test,TCGA-78-7148-01A_597_TS,TCGA-78-7148,TCGA-78-7148-01A
1,test,TCGA-78-7150-01A_315_TS,TCGA-78-7150,TCGA-78-7150-01A
1,test,TCGA-78-7154-01A_555_TS,TCGA-78-7154,TCGA-78-7154-01A
1,test,TCGA-78-7154-01A_556_TS,TCGA-78-7154,TCGA-78-7154-01A
1,test,TCGA-78-7159-01A_176_TS,TCGA-78-7159,TCGA-78-7159-01A
1,test,TCGA-78-7159-01A_756_TS,TCGA-78-7159,TCGA-78-7159-01A
1,test,TCGA-78-7167-01A_443_TS,TCGA-78-7167,TCGA-78-7167-01A
1,test,TCGA-78-7167-01A_623_TS,TCGA-78-7167,TCGA-78-7167-01A
1,test,TCGA-78-7539-01A_91_TS,TCGA-78-7539,TCGA-78-7539-01A
1,test,TCGA-78-7539-01A_92_TS,TCGA-78-7539,TCGA-78-7539-01A
1,test,TCGA-78-8648-01A_770_TS,TCGA-78-8648,TCGA-78-8648-01A
1,test,TCGA-83-5908-01A_654_TS,TCGA-83-5908,TCGA-83-5908-01A
1,test,TCGA-86-6562-01A_475_TS,TCGA-86-6562,TCGA-86-6562-01A
1,test,TCGA-86-6562-01A_579_TS,TCGA-86-6562,TCGA-86-6562-01A
1,test,TCGA-86-7713-01A_534_TS,TCGA-86-7713,TCGA-86-7713-01A
1,test,TCGA-86-7713-01A_535_TS,TCGA-86-7713,TCGA-86-7713-01A
1,test,TCGA-86-8054-01A_154_TS,TCGA-86-8054,TCGA-86-8054-01A
1,test,TCGA-86-8054-01A_238_TS,TCGA-86-8054,TCGA-86-8054-01A
1,test,TCGA-86-8074-01A_175_TS,TCGA-86-8074,TCGA-86-8074-01A
1,test,TCGA-86-8074-01A_60_TS,TCGA-86-8074,TCGA-86-8074-01A
1,test,TCGA-86-8281-01A_376_TS,TCGA-86-8281,TCGA-86-8281-01A
1,test,TCGA-86-8281-01A_78_TS,TCGA-86-8281,TCGA-86-8281-01A
1,test,TCGA-86-8668-01A_498_TS,TCGA-86-8668,TCGA-86-8668-01A
1,test,TCGA-86-8668-01A_499_TS,TCGA-86-8668,TCGA-86-8668-01A
1,test,TCGA-86-8674-01A_235_TS,TCGA-86-8674,TCGA-86-8674-01A
1,test,TCGA-86-A4P8-01A_777_TS,TCGA-86-A4P8,TCGA-86-A4P8-01A
1,test,TCGA-91-6828-01A_403_TS,TCGA-91-6828,TCGA-91-6828-01A
1,test,TCGA-91-6828-01A_793_TS,TCGA-91-6828,TCGA-91-6828-01A
1,test,TCGA-91-6840-01A_563_TS,TCGA-91-6840,TCGA-91-6840-01A
1,test,TCGA-91-6840-01A_564_TS,TCGA-91-6840,TCGA-91-6840-01A
1,test,TCGA-91-7771-01A_134_TS,TCGA-91-7771,TCGA-91-7771-01A
1,test,TCGA-91-7771-01A_717_TS,TCGA-91-7771,TCGA-91-7771-01A
1,test,TCGA-91-A4BD-01A_25_TS,TCGA-91-A4BD,TCGA-91-A4BD-01A
1,test,TCGA-93-7347-01A_494_TS,TCGA-93-7347,TCGA-93-7347-01A
1,test,TCGA-93-7347-01A_601_TS,TCGA-93-7347,TCGA-93-7347-01A
1,test,TCGA-93-A4JO-01A_360_TS,TCGA-93-A4JO,TCGA-93-A4JO-01A
1,test,TCGA-95-7567-01A_51_TS,TCGA-95-7567,TCGA-95-7567-01A
1,test,TCGA-95-8039-01A_197_TS,TCGA-95-8039,TCGA-95-8039-01A
1,test,TCGA-97-7546-01A_352_TS,TCGA-97-7546,TCGA-97-7546-01A
1,test,TCGA-97-7554-01A_211_TS,TCGA-97-7554,TCGA-97-7554-01A
1,test,TCGA-97-7554-01A_412_TS,TCGA-97-7554,TCGA-97-7554-01A
1,test,TCGA-97-7938-01A_491_TS,TCGA-97-7938,TCGA-97-7938-01A
1,test,TCGA-97-8174-01A_787_TS,TCGA-97-8174,TCGA-97-8174-01A
1,test,TCGA-97-8179-01A_150_TS,TCGA-97-8179,TCGA-97-8179-01A
1,test,TCGA-97-A4M0-01A_478_TS,TCGA-97-A4M0,TCGA-97-A4M0-01A
1,test,TCGA-97-A4M5-01A_180_TS,TCGA-97-A4M5,TCGA-97-A4M5-01A
1,test,TCGA-99-8028-01A_407_TS,TCGA-99-8028,TCGA-99-8028-01A
1,test,TCGA-J2-A4AD-01A_342_TS,TCGA-J2-A4AD,TCGA-J2-A4AD-01A
1,test,TCGA-L9-A443-01A_663_TS,TCGA-L9-A443,TCGA-L9-A443-01A
1,test,TCGA-L9-A743-01A_810_TS,TCGA-L9-A743,TCGA-L9-A743-01A
1,test,TCGA-MN-A4N4-01A_550_TS,TCGA-MN-A4N4,TCGA-MN-A4N4-01A
1,test,TCGA-MP-A4SY-01A_310_TS,TCGA-MP-A4SY,TCGA-MP-A4SY-01A
1,test,TCGA-MP-A4T8-01A_95_TS,TCGA-MP-A4T8,TCGA-MP-A4T8-01A
1,test,TCGA-MP-A4TD-01A_46_TS,TCGA-MP-A4TD,TCGA-MP-A4TD-01A
1,test,TCGA-MP-A4TI-01A_611_TS,TCGA-MP-A4TI,TCGA-MP-A4TI-01A
1,test,TCGA-NJ-A4YG-01A_308_TS,TCGA-NJ-A4YG,TCGA-NJ-A4YG-01A
1,test,TCGA-NJ-A55A-01A_218_TS,TCGA-NJ-A55A,TCGA-NJ-A55A-01A
1,test,TCGA-O1-A52J-01A_365_TS,TCGA-O1-A52J,TCGA-O1-A52J-01A
1,train,TCGA-05-4244-01A_359_TS,TCGA-05-4244,TCGA-05-4244-01A
1,train,TCGA-05-4244-01A_48_TS,TCGA-05-4244,TCGA-05-4244-01A
1,train,TCGA-05-4249-01A_172_TS,TCGA-05-4249,TCGA-05-4249-01A
1,train,TCGA-05-4249-01A_367_TS,TCGA-05-4249,TCGA-05-4249-01A
1,train,TCGA-05-4384-01A_3_TS,TCGA-05-4384,TCGA-05-4384-01A
1,train,TCGA-05-4384-01A_707_TS,TCGA-05-4384,TCGA-05-4384-01A
1,train,TCGA-05-4389-01A_108_TS,TCGA-05-4389,TCGA-05-4389-01A
1,train,TCGA-05-4389-01A_317_TS,TCGA-05-4389,TCGA-05-4389-01A
1,train,TCGA-05-4390-01A_425_TS,TCGA-05-4390,TCGA-05-4390-01A
1,train,TCGA-05-4390-01A_455_TS,TCGA-05-4390,TCGA-05-4390-01A
1,train,TCGA-05-4390-01A_607_TS,TCGA-05-4390,TCGA-05-4390-01A
1,train,TCGA-05-4397-01A_677_TS,TCGA-05-4397,TCGA-05-4397-01A
1,train,TCGA-05-4397-01A_679_TS,TCGA-05-4397,TCGA-05-4397-01A
1,train,TCGA-05-4398-01A_260_TS,TCGA-05-4398,TCGA-05-4398-01A
1,train,TCGA-05-4398-01A_44_TS,TCGA-05-4398,TCGA-05-4398-01A
1,train,TCGA-05-4405-01A_638_TS,TCGA-05-4405,TCGA-05-4405-01A
1,train,TCGA-05-4405-01A_639_TS,TCGA-05-4405,TCGA-05-4405-01A
1,train,TCGA-05-4410-01A_15_TS,TCGA-05-4410,TCGA-05-4410-01A
1,train,TCGA-05-4410-01A_231_TS,TCGA-05-4410,TCGA-05-4410-01A
1,train,TCGA-05-4418-01A_120_TS,TCGA-05-4418,TCGA-05-4418-01A
1,train,TCGA-05-4418-01A_693_TS,TCGA-05-4418,TCGA-05-4418-01A
1,train,TCGA-05-4420-01A_164_TS,TCGA-05-4420,TCGA-05-4420-01A
1,train,TCGA-05-4420-01A_50_TS,TCGA-05-4420,TCGA-05-4420-01A
1,train,TCGA-05-4425-01A_300_TS,TCGA-05-4425,TCGA-05-4425-01A
1,train,TCGA-05-4425-01A_87_TS,TCGA-05-4425,TCGA-05-4425-01A
1,train,TCGA-05-4426-01A_259_TS,TCGA-05-4426,TCGA-05-4426-01A
1,train,TCGA-05-4426-01A_42_TS,TCGA-05-4426,TCGA-05-4426-01A
1,train,TCGA-05-4432-01A_492_TS,TCGA-05-4432,TCGA-05-4432-01A
1,train,TCGA-05-4432-01A_493_TS,TCGA-05-4432,TCGA-05-4432-01A
1,train,TCGA-05-4433-01A_416_TS,TCGA-05-4433,TCGA-05-4433-01A
1,train,TCGA-05-4433-01A_806_TS,TCGA-05-4433,TCGA-05-4433-01A
1,train,TCGA-05-5423-01A_161_TS,TCGA-05-5423,TCGA-05-5423-01A
1,train,TCGA-05-5423-01A_163_TS,TCGA-05-5423,TCGA-05-5423-01A
1,train,TCGA-05-5425-01A_318_TS,TCGA-05-5425,TCGA-05-5425-01A
1,train,TCGA-05-5425-01A_687_TS,TCGA-05-5425,TCGA-05-5425-01A
1,train,TCGA-05-5715-01A_482_TS,TCGA-05-5715,TCGA-05-5715-01A
1,train,TCGA-05-5715-01A_483_TS,TCGA-05-5715,TCGA-05-5715-01A
1,train,TCGA-35-3615-01A_598_TS,TCGA-35-3615,TCGA-35-3615-01A
1,train,TCGA-35-3615-01A_599_TS,TCGA-35-3615,TCGA-35-3615-01A
1,train,TCGA-35-5375-01A_289_TS,TCGA-35-5375,TCGA-35-5375-01A
1,train,TCGA-35-5375-01A_381_TS,TCGA-35-5375,TCGA-35-5375-01A
1,train,TCGA-38-4625-01A_153_TS,TCGA-38-4625,TCGA-38-4625-01A
1,train,TCGA-38-4625-01A_26_TS,TCGA-38-4625,TCGA-38-4625-01A
1,train,TCGA-38-4628-01A_532_TS,TCGA-38-4628,TCGA-38-4628-01A
1,train,TCGA-38-4628-01A_533_TS,TCGA-38-4628,TCGA-38-4628-01A
1,train,TCGA-38-4629-01A_226_TS,TCGA-38-4629,TCGA-38-4629-01A
1,train,TCGA-38-4629-01A_636_TS,TCGA-38-4629,TCGA-38-4629-01A
1,train,TCGA-38-4632-01A_395_TS,TCGA-38-4632,TCGA-38-4632-01A
1,train,TCGA-38-4632-01A_785_TS,TCGA-38-4632,TCGA-38-4632-01A
1,train,TCGA-38-6178-01A_139_TS,TCGA-38-6178,TCGA-38-6178-01A
1,train,TCGA-38-6178-01A_338_TS,TCGA-38-6178,TCGA-38-6178-01A
1,train,TCGA-44-2659-01A_335_TS,TCGA-44-2659,TCGA-44-2659-01A
1,train,TCGA-44-2659-01A_628_TS,TCGA-44-2659,TCGA-44-2659-01A
1,train,TCGA-44-2661-01A_627_TS,TCGA-44-2661,TCGA-44-2661-01A
1,train,TCGA-44-2661-01A_702_TS,TCGA-44-2661,TCGA-44-2661-01A
1,train,TCGA-44-2666-01A_481_TS,TCGA-44-2666,TCGA-44-2666-01A
1,train,TCGA-44-2666-01A_584_TS,TCGA-44-2666,TCGA-44-2666-01A
1,train,TCGA-44-2666-01A_587_TS,TCGA-44-2666,TCGA-44-2666-01A
1,train,TCGA-44-3396-01A_52_TS,TCGA-44-3396,TCGA-44-3396-01A
1,train,TCGA-44-3396-01A_665_TS,TCGA-44-3396,TCGA-44-3396-01A
1,train,TCGA-44-3398-01A_438_TS,TCGA-44-3398,TCGA-44-3398-01A
1,train,TCGA-44-3398-01A_442_TS,TCGA-44-3398,TCGA-44-3398-01A
1,train,TCGA-44-3919-01A_673_TS,TCGA-44-3919,TCGA-44-3919-01A
1,train,TCGA-44-3919-01A_80_TS,TCGA-44-3919,TCGA-44-3919-01A
1,train,TCGA-44-4112-01A_293_TS,TCGA-44-4112,TCGA-44-4112-01A
1,train,TCGA-44-4112-01A_382_TS,TCGA-44-4112,TCGA-44-4112-01A
1,train,TCGA-44-4112-01A_84_TS,TCGA-44-4112,TCGA-44-4112-01A
1,train,TCGA-44-5643-01A_156_TS,TCGA-44-5643,TCGA-44-5643-01A
1,train,TCGA-44-5643-01A_35_TS,TCGA-44-5643,TCGA-44-5643-01A
1,train,TCGA-44-5644-01A_248_TS,TCGA-44-5644,TCGA-44-5644-01A
1,train,TCGA-44-5645-01A_474_TS,TCGA-44-5645,TCGA-44-5645-01A
1,train,TCGA-44-5645-01A_578_TS,TCGA-44-5645,TCGA-44-5645-01A
1,train,TCGA-44-5645-01A_581_TS,TCGA-44-5645,TCGA-44-5645-01A
1,train,TCGA-44-6774-01A_743_TS,TCGA-44-6774,TCGA-44-6774-01A
1,train,TCGA-44-6776-01A_220_TS,TCGA-44-6776,TCGA-44-6776-01A
1,train,TCGA-44-6776-01A_8_TS,TCGA-44-6776,TCGA-44-6776-01A
1,train,TCGA-44-6777-01A_159_TS,TCGA-44-6777,TCGA-44-6777-01A
1,train,TCGA-44-6777-01A_737_TS,TCGA-44-6777,TCGA-44-6777-01A
1,train,TCGA-44-7659-01A_419_TS,TCGA-44-7659,TCGA-44-7659-01A
1,train,TCGA-44-7659-01A_427_TS,TCGA-44-7659,TCGA-44-7659-01A
1,train,TCGA-44-7660-01A_113_TS,TCGA-44-7660,TCGA-44-7660-01A
1,train,TCGA-44-7660-01A_321_TS,TCGA-44-7660,TCGA-44-7660-01A
1,train,TCGA-44-7670-01A_142_TS,TCGA-44-7670,TCGA-44-7670-01A
1,train,TCGA-44-7670-01A_722_TS,TCGA-44-7670,TCGA-44-7670-01A
1,train,TCGA-44-7671-01A_363_TS,TCGA-44-7671,TCGA-44-7671-01A
1,train,TCGA-44-7671-01A_669_TS,TCGA-44-7671,TCGA-44-7671-01A
1,train,TCGA-44-8119-01A_17_TS,TCGA-44-8119,TCGA-44-8119-01A
1,train,TCGA-44-8119-01A_720_TS,TCGA-44-8119,TCGA-44-8119-01A
1,train,TCGA-44-8120-01A_94_TS,TCGA-44-8120,TCGA-44-8120-01A
1,train,TCGA-44-A479-01A_199_TS,TCGA-44-A479,TCGA-44-A479-01A
1,train,TCGA-44-A47G-01A_471_TS,TCGA-44-A47G,TCGA-44-A47G-01A
1,train,TCGA-44-A4SS-01A_614_TS,TCGA-44-A4SS,TCGA-44-A4SS-01A
1,train,TCGA-49-4486-01A_375_TS,TCGA-49-4486,TCGA-49-4486-01A
1,train,TCGA-49-4486-01A_771_TS,TCGA-49-4486,TCGA-49-4486-01A
1,train,TCGA-49-4490-01A_290_TS,TCGA-49-4490,TCGA-49-4490-01A
1,train,TCGA-49-4490-01A_81_TS,TCGA-49-4490,TCGA-49-4490-01A
1,train,TCGA-49-4494-01A_524_TS,TCGA-49-4494,TCGA-49-4494-01A
1,train,TCGA-49-4494-01A_525_TS,TCGA-49-4494,TCGA-49-4494-01A
1,train,TCGA-49-4506-01A_496_TS,TCGA-49-4506,TCGA-49-4506-01A
1,train,TCGA-49-4506-01A_604_TS,TCGA-49-4506,TCGA-49-4506-01A
1,train,TCGA-49-4507-01A_758_TS,TCGA-49-4507,TCGA-49-4507-01A
1,train,TCGA-49-4507-01A_759_TS,TCGA-49-4507,TCGA-49-4507-01A
1,train,TCGA-49-6743-01A_114_TS,TCGA-49-6743,TCGA-49-6743-01A
1,train,TCGA-49-6743-01A_322_TS,TCGA-49-6743,TCGA-49-6743-01A
1,train,TCGA-49-6744-01A_28_TS,TCGA-49-6744,TCGA-49-6744-01A
1,train,TCGA-49-6744-01A_733_TS,TCGA-49-6744,TCGA-49-6744-01A
1,train,TCGA-49-AAQV-01A_406_TS,TCGA-49-AAQV,TCGA-49-AAQV-01A
1,train,TCGA-49-AAR0-01A_261_TS,TCGA-49-AAR0,TCGA-49-AAR0-01A
1,train,TCGA-49-AAR9-01A_271_TS,TCGA-49-AAR9,TCGA-49-AAR9-01A
1,train,TCGA-49-AARE-01A_547_TS,TCGA-49-AARE,TCGA-49-AARE-01A
1,train,TCGA-49-AARR-01A_411_TS,TCGA-49-AARR,TCGA-49-AARR-01A
1,train,TCGA-4B-A93V-01A_458_TS,TCGA-4B-A93V,TCGA-4B-A93V-01A
1,train,TCGA-50-5044-01A_436_TS,TCGA-50-5044,TCGA-50-5044-01A
1,train,TCGA-50-5044-01A_463_TS,TCGA-50-5044,TCGA-50-5044-01A
1,train,TCGA-50-5045-01A_320_TS,TCGA-50-5045,TCGA-50-5045-01A
1,train,TCGA-50-5045-01A_804_TS,TCGA-50-5045,TCGA-50-5045-01A
1,train,TCGA-50-5055-01A_530_TS,TCGA-50-5055,TCGA-50-5055-01A
1,train,TCGA-50-5055-01A_531_TS,TCGA-50-5055,TCGA-50-5055-01A
1,train,TCGA-50-5066-01A_258_TS,TCGA-50-5066,TCGA-50-5066-01A
1,train,TCGA-50-5066-01A_41_TS,TCGA-50-5066,TCGA-50-5066-01A
1,train,TCGA-50-5930-01A_49_TS,TCGA-50-5930,TCGA-50-5930-01A
1,train,TCGA-50-5930-01A_662_TS,TCGA-50-5930,TCGA-50-5930-01A
1,train,TCGA-50-5931-01A_155_TS,TCGA-50-5931,TCGA-50-5931-01A
1,train,TCGA-50-5931-01A_348_TS,TCGA-50-5931,TCGA-50-5931-01A
1,train,TCGA-50-5935-01A_141_TS,TCGA-50-5935,TCGA-50-5935-01A
1,train,TCGA-50-5935-01A_643_TS,TCGA-50-5935,TCGA-50-5935-01A
1,train,TCGA-50-5936-01A_602_TS,TCGA-50-5936,TCGA-50-5936-01A
1,train,TCGA-50-5936-01A_603_TS,TCGA-50-5936,TCGA-50-5936-01A
1,train,TCGA-50-5946-01A_526_TS,TCGA-50-5946,TCGA-50-5946-01A
1,train,TCGA-50-5946-01A_527_TS,TCGA-50-5946,TCGA-50-5946-01A
1,train,TCGA-50-6590-01A_148_TS,TCGA-50-6590,TCGA-50-6590-01A
1,train,TCGA-50-6590-01A_343_TS,TCGA-50-6590,TCGA-50-6590-01A
1,train,TCGA-50-6593-01A_589_TS,TCGA-50-6593,TCGA-50-6593-01A
1,train,TCGA-50-6593-01A_590_TS,TCGA-50-6593,TCGA-50-6593-01A
1,train,TCGA-50-6594-01A_311_TS,TCGA-50-6594,TCGA-50-6594-01A
1,train,TCGA-50-6594-01A_97_TS,TCGA-50-6594,TCGA-50-6594-01A
1,train,TCGA-50-6673-01A_215_TS,TCGA-50-6673,TCGA-50-6673-01A
1,train,TCGA-50-6673-01A_414_TS,TCGA-50-6673,TCGA-50-6673-01A
1,train,TCGA-50-7109-01A_307_TS,TCGA-50-7109,TCGA-50-7109-01A
1,train,TCGA-50-7109-01A_783_TS,TCGA-50-7109,TCGA-50-7109-01A
1,train,TCGA-50-8460-01A_274_TS,TCGA-50-8460,TCGA-50-8460-01A
1,train,TCGA-50-8460-01A_276_TS,TCGA-50-8460,TCGA-50-8460-01A
1,train,TCGA-53-7624-01A_71_TS,TCGA-53-7624,TCGA-53-7624-01A
1,train,TCGA-53-7624-01A_763_TS,TCGA-53-7624,TCGA-53-7624-01A
1,train,TCGA-55-1594-01A_126_TS,TCGA-55-1594,TCGA-55-1594-01A
1,train,TCGA-55-1594-01A_325_TS,TCGA-55-1594,TCGA-55-1594-01A
1,train,TCGA-55-1595-01A_122_TS,TCGA-55-1595,TCGA-55-1595-01A
1,train,TCGA-55-1595-01A_124_TS,TCGA-55-1595,TCGA-55-1595-01A
1,train,TCGA-55-5899-01A_795_TS,TCGA-55-5899,TCGA-55-5899-01A
1,train,TCGA-55-6642-01A_170_TS,TCGA-55-6642,TCGA-55-6642-01A
1,train,TCGA-55-6642-01A_171_TS,TCGA-55-6642,TCGA-55-6642-01A
1,train,TCGA-55-6712-01A_456_TS,TCGA-55-6712,TCGA-55-6712-01A
1,train,TCGA-55-6712-01A_497_TS,TCGA-55-6712,TCGA-55-6712-01A
1,train,TCGA-55-6971-01A_100_TS,TCGA-55-6971,TCGA-55-6971-01A
1,train,TCGA-55-6971-01A_397_TS,TCGA-55-6971,TCGA-55-6971-01A
1,train,TCGA-55-6972-01A_520_TS,TCGA-55-6972,TCGA-55-6972-01A
1,train,TCGA-55-6978-01A_272_TS,TCGA-55-6978,TCGA-55-6978-01A
1,train,TCGA-55-6978-01A_58_TS,TCGA-55-6978,TCGA-55-6978-01A
1,train,TCGA-55-6983-01A_762_TS,TCGA-55-6983,TCGA-55-6983-01A
1,train,TCGA-55-6985-01A_592_TS,TCGA-55-6985,TCGA-55-6985-01A
1,train,TCGA-55-7281-01A_295_TS,TCGA-55-7281,TCGA-55-7281-01A
1,train,TCGA-55-7283-01A_542_TS,TCGA-55-7283,TCGA-55-7283-01A
1,train,TCGA-55-7574-01A_212_TS,TCGA-55-7574,TCGA-55-7574-01A
1,train,TCGA-55-7574-01A_413_TS,TCGA-55-7574,TCGA-55-7574-01A
1,train,TCGA-55-7815-01A_477_TS,TCGA-55-7815,TCGA-55-7815-01A
1,train,TCGA-55-7816-01A_761_TS,TCGA-55-7816,TCGA-55-7816-01A
1,train,TCGA-55-7910-01A_449_TS,TCGA-55-7910,TCGA-55-7910-01A
1,train,TCGA-55-7910-01A_450_TS,TCGA-55-7910,TCGA-55-7910-01A
1,train,TCGA-55-7911-01A_36_TS,TCGA-55-7911,TCGA-55-7911-01A
1,train,TCGA-55-7914-01A_121_TS,TCGA-55-7914,TCGA-55-7914-01A
1,train,TCGA-55-8090-01A_221_TS,TCGA-55-8090,TCGA-55-8090-01A
1,train,TCGA-55-8091-01A_699_TS,TCGA-55-8091,TCGA-55-8091-01A
1,train,TCGA-55-8097-01A_445_TS,TCGA-55-8097,TCGA-55-8097-01A
1,train,TCGA-55-8203-01A_16_TS,TCGA-55-8203,TCGA-55-8203-01A
1,train,TCGA-55-8206-01A_110_TS,TCGA-55-8206,TCGA-55-8206-01A
1,train,TCGA-55-8207-01A_724_TS,TCGA-55-8207,TCGA-55-8207-01A
1,train,TCGA-55-8301-01A_689_TS,TCGA-55-8301,TCGA-55-8301-01A
1,train,TCGA-55-8302-01A_396_TS,TCGA-55-8302,TCGA-55-8302-01A
1,train,TCGA-55-8507-01A_565_TS,TCGA-55-8507,TCGA-55-8507-01A
1,train,TCGA-55-8508-01A_426_TS,TCGA-55-8508,TCGA-55-8508-01A
1,train,TCGA-55-8512-01A_29_TS,TCGA-55-8512,TCGA-55-8512-01A
1,train,TCGA-55-8513-01A_214_TS,TCGA-55-8513,TCGA-55-8513-01A
1,train,TCGA-55-8615-01A_647_TS,TCGA-55-8615,TCGA-55-8615-01A
1,train,TCGA-55-8616-01A_444_TS,TCGA-55-8616,TCGA-55-8616-01A
1,train,TCGA-55-8621-01A_18_TS,TCGA-55-8621,TCGA-55-8621-01A
1,train,TCGA-55-A48X-01A_357_TS,TCGA-55-A48X,TCGA-55-A48X-01A
1,train,TCGA-55-A490-01A_430_TS,TCGA-55-A490,TCGA-55-A490-01A
1,train,TCGA-55-A491-01A_112_TS,TCGA-55-A491,TCGA-55-A491-01A
1,train,TCGA-55-A494-01A_606_TS,TCGA-55-A494,TCGA-55-A494-01A
1,train,TCGA-55-A4DF-01A_160_TS,TCGA-55-A4DF,TCGA-55-A4DF-01A
1,train,TCGA-62-8394-01A_297_TS,TCGA-62-8394,TCGA-62-8394-01A
1,train,TCGA-62-8394-01A_384_TS,TCGA-62-8394,TCGA-62-8394-01A
1,train,TCGA-62-8395-01A_379_TS,TCGA-62-8395,TCGA-62-8395-01A
1,train,TCGA-62-8395-01A_773_TS,TCGA-62-8395,TCGA-62-8395-01A
1,train,TCGA-62-8399-01A_772_TS,TCGA-62-8399,TCGA-62-8399-01A
1,train,TCGA-62-8402-01A_54_TS,TCGA-62-8402,TCGA-62-8402-01A
1,train,TCGA-62-A46S-01A_583_TS,TCGA-62-A46S,TCGA-62-A46S-01A
1,train,TCGA-62-A46U-01A_782_TS,TCGA-62-A46U,TCGA-62-A46U-01A
1,train,TCGA-62-A470-01A_593_TS,TCGA-62-A470,TCGA-62-A470-01A
1,train,TCGA-62-A471-01A_644_TS,TCGA-62-A471,TCGA-62-A471-01A
1,train,TCGA-64-1677-01A_12_TS,TCGA-64-1677,TCGA-64-1677-01A
1,train,TCGA-64-1677-01A_135_TS,TCGA-64-1677,TCGA-64-1677-01A
1,train,TCGA-64-1678-01A_433_TS,TCGA-64-1678,TCGA-64-1678-01A
1,train,TCGA-64-1678-01A_434_TS,TCGA-64-1678,TCGA-64-1678-01A
1,train,TCGA-64-1681-01A_521_TS,TCGA-64-1681,TCGA-64-1681-01A
1,train,TCGA-64-1681-01A_522_TS,TCGA-64-1681,TCGA-64-1681-01A
1,train,TCGA-64-5774-01A_505_TS,TCGA-64-5774,TCGA-64-5774-01A
1,train,TCGA-64-5774-01A_618_TS,TCGA-64-5774,TCGA-64-5774-01A
1,train,TCGA-64-5779-01A_243_TS,TCGA-64-5779,TCGA-64-5779-01A
1,train,TCGA-64-5779-01A_245_TS,TCGA-64-5779,TCGA-64-5779-01A
1,train,TCGA-64-5781-01A_166_TS,TCGA-64-5781,TCGA-64-5781-01A
1,train,TCGA-64-5781-01A_362_TS,TCGA-64-5781,TCGA-64-5781-01A
1,train,TCGA-67-3772-01A_181_TS,TCGA-67-3772,TCGA-67-3772-01A
1,train,TCGA-67-3772-01A_182_TS,TCGA-67-3772,TCGA-67-3772-01A
1,train,TCGA-67-3773-01A_22_TS,TCGA-67-3773,TCGA-67-3773-01A
1,train,TCGA-67-3773-01A_645_TS,TCGA-67-3773,TCGA-67-3773-01A
1,train,TCGA-67-6215-01A_472_TS,TCGA-67-6215,TCGA-67-6215-01A
1,train,TCGA-67-6215-01A_473_TS,TCGA-67-6215,TCGA-67-6215-01A
1,train,TCGA-67-6216-01A_540_TS,TCGA-67-6216,TCGA-67-6216-01A
1,train,TCGA-67-6216-01A_541_TS,TCGA-67-6216,TCGA-67-6216-01A
1,train,TCGA-69-7763-01A_27_TS,TCGA-69-7763,TCGA-69-7763-01A
1,train,TCGA-69-7763-01A_349_TS,TCGA-69-7763,TCGA-69-7763-01A
1,train,TCGA-69-7764-01A_251_TS,TCGA-69-7764,TCGA-69-7764-01A
1,train,TCGA-69-7765-01A_464_TS,TCGA-69-7765,TCGA-69-7765-01A
1,train,TCGA-69-7765-01A_617_TS,TCGA-69-7765,TCGA-69-7765-01A
1,train,TCGA-69-7973-01A_577_TS,TCGA-69-7973,TCGA-69-7973-01A
1,train,TCGA-69-7979-01A_807_TS,TCGA-69-7979,TCGA-69-7979-01A
1,train,TCGA-69-7980-01A_323_TS,TCGA-69-7980,TCGA-69-7980-01A
1,train,TCGA-69-8255-01A_72_TS,TCGA-69-8255,TCGA-69-8255-01A
1,train,TCGA-69-8453-01A_217_TS,TCGA-69-8453,TCGA-69-8453-01A
1,train,TCGA-73-4658-01A_695_TS,TCGA-73-4658,TCGA-73-4658-01A
1,train,TCGA-73-4658-01A_696_TS,TCGA-73-4658,TCGA-73-4658-01A
1,train,TCGA-73-4659-01A_543_TS,TCGA-73-4659,TCGA-73-4659-01A
1,train,TCGA-73-4659-01A_544_TS,TCGA-73-4659,TCGA-73-4659-01A
1,train,TCGA-73-4668-01A_446_TS,TCGA-73-4668,TCGA-73-4668-01A
1,train,TCGA-73-4668-01A_447_TS,TCGA-73-4668,TCGA-73-4668-01A
1,train,TCGA-73-4670-01A_4_TS,TCGA-73-4670,TCGA-73-4670-01A
1,train,TCGA-73-4670-01A_708_TS,TCGA-73-4670,TCGA-73-4670-01A
1,train,TCGA-73-4677-01A_725_TS,TCGA-73-4677,TCGA-73-4677-01A
1,train,TCGA-73-4677-01A_727_TS,TCGA-73-4677,TCGA-73-4677-01A
1,train,TCGA-73-7498-01A_633_TS,TCGA-73-7498,TCGA-73-7498-01A
1,train,TCGA-73-7498-01A_634_TS,TCGA-73-7498,TCGA-73-7498-01A
1,train,TCGA-75-5125-01A_30_TS,TCGA-75-5125,TCGA-75-5125-01A
1,train,TCGA-75-5125-01A_734_TS,TCGA-75-5125,TCGA-75-5125-01A
1,train,TCGA-75-5126-01A_400_TS,TCGA-75-5126,TCGA-75-5126-01A
1,train,TCGA-75-5126-01A_402_TS,TCGA-75-5126,TCGA-75-5126-01A
1,train,TCGA-75-6203-01A_418_TS,TCGA-75-6203,TCGA-75-6203-01A
1,train,TCGA-75-6203-01A_691_TS,TCGA-75-6203,TCGA-75-6203-01A
1,train,TCGA-75-6205-01A_104_TS,TCGA-75-6205,TCGA-75-6205-01A
1,train,TCGA-75-6206-01A_517_TS,TCGA-75-6206,TCGA-75-6206-01A
1,train,TCGA-75-6207-01A_377_TS,TCGA-75-6207,TCGA-75-6207-01A
1,train,TCGA-75-6207-01A_77_TS,TCGA-75-6207,TCGA-75-6207-01A
1,train,TCGA-75-7027-01A_370_TS,TCGA-75-7027,TCGA-75-7027-01A
1,train,TCGA-75-7027-01A_371_TS,TCGA-75-7027,TCGA-75-7027-01A
1,train,TCGA-75-7030-01A_479_TS,TCGA-75-7030,TCGA-75-7030-01A
1,train,TCGA-75-7030-01A_582_TS,TCGA-75-7030,TCGA-75-7030-01A
1,train,TCGA-78-7145-01A_67_TS,TCGA-78-7145,TCGA-78-7145-01A
1,train,TCGA-78-7145-01A_751_TS,TCGA-78-7145,TCGA-78-7145-01A
1,train,TCGA-78-7146-01A_437_TS,TCGA-78-7146,TCGA-78-7146-01A
1,train,TCGA-78-7146-01A_504_TS,TCGA-78-7146,TCGA-78-7146-01A
1,train,TCGA-78-7149-01A_250_TS,TCGA-78-7149,TCGA-78-7149-01A
1,train,TCGA-78-7149-01A_656_TS,TCGA-78-7149,TCGA-78-7149-01A
1,train,TCGA-78-7152-01A_417_TS,TCGA-78-7152,TCGA-78-7152-01A
1,train,TCGA-78-7152-01A_809_TS,TCGA-78-7152,TCGA-78-7152-01A
1,train,TCGA-78-7155-01A_432_TS,TCGA-78-7155,TCGA-78-7155-01A
1,train,TCGA-78-7155-01A_616_TS,TCGA-78-7155,TCGA-78-7155-01A
1,train,TCGA-78-7156-01A_684_TS,TCGA-78-7156,TCGA-78-7156-01A
1,train,TCGA-78-7156-01A_89_TS,TCGA-78-7156,TCGA-78-7156-01A
1,train,TCGA-78-7160-01A_512_TS,TCGA-78-7160,TCGA-78-7160-01A
1,train,TCGA-78-7160-01A_513_TS,TCGA-78-7160,TCGA-78-7160-01A
1,train,TCGA-78-7161-01A_789_TS,TCGA-78-7161,TCGA-78-7161-01A
1,train,TCGA-78-7161-01A_93_TS,TCGA-78-7161,TCGA-78-7161-01A
1,train,TCGA-78-7162-01A_240_TS,TCGA-78-7162,TCGA-78-7162-01A
1,train,TCGA-78-7220-01A_441_TS,TCGA-78-7220,TCGA-78-7220-01A
1,train,TCGA-78-7220-01A_620_TS,TCGA-78-7220,TCGA-78-7220-01A
1,train,TCGA-78-7536-01A_469_TS,TCGA-78-7536,TCGA-78-7536-01A
1,train,TCGA-78-7536-01A_576_TS,TCGA-78-7536,TCGA-78-7536-01A
1,train,TCGA-78-7540-01A_21_TS,TCGA-78-7540,TCGA-78-7540-01A
1,train,TCGA-78-7540-01A_340_TS,TCGA-78-7540,TCGA-78-7540-01A
1,train,TCGA-78-7542-01A_488_TS,TCGA-78-7542,TCGA-78-7542-01A
1,train,TCGA-78-7633-01A_229_TS,TCGA-78-7633,TCGA-78-7633-01A
1,train,TCGA-78-7633-01A_230_TS,TCGA-78-7633,TCGA-78-7633-01A
1,train,TCGA-78-8655-01A_468_TS,TCGA-78-8655,TCGA-78-8655-01A
1,train,TCGA-78-8660-01A_748_TS,TCGA-78-8660,TCGA-78-8660-01A
1,train,TCGA-86-6851-01A_19_TS,TCGA-86-6851,TCGA-86-6851-01A
1,train,TCGA-86-6851-01A_642_TS,TCGA-86-6851,TCGA-86-6851-01A
1,train,TCGA-86-7701-01A_111_TS,TCGA-86-7701,TCGA-86-7701-01A
1,train,TCGA-86-7701-01A_803_TS,TCGA-86-7701,TCGA-86-7701-01A
1,train,TCGA-86-7714-01A_279_TS,TCGA-86-7714,TCGA-86-7714-01A
1,train,TCGA-86-7714-01A_280_TS,TCGA-86-7714,TCGA-86-7714-01A
1,train,TCGA-86-7953-01A_69_TS,TCGA-86-7953,TCGA-86-7953-01A
1,train,TCGA-86-7953-01A_70_TS,TCGA-86-7953,TCGA-86-7953-01A
1,train,TCGA-86-7955-01A_147_TS,TCGA-86-7955,TCGA-86-7955-01A
1,train,TCGA-86-8055-01A_356_TS,TCGA-86-8055,TCGA-86-8055-01A
1,train,TCGA-86-8055-01A_739_TS,TCGA-86-8055,TCGA-86-8055-01A
1,train,TCGA-86-8056-01A_668_TS,TCGA-86-8056,TCGA-86-8056-01A
1,train,TCGA-86-8056-01A_670_TS,TCGA-86-8056,TCGA-86-8056-01A
1,train,TCGA-86-8075-01A_198_TS,TCGA-86-8075,TCGA-86-8075-01A
1,train,TCGA-86-8075-01A_312_TS,TCGA-86-8075,TCGA-86-8075-01A
1,train,TCGA-86-8278-01A_116_TS,TCGA-86-8278,TCGA-86-8278-01A
1,train,TCGA-86-8278-01A_808_TS,TCGA-86-8278,TCGA-86-8278-01A
1,train,TCGA-86-8279-01A_657_TS,TCGA-86-8279,TCGA-86-8279-01A
1,train,TCGA-86-8358-01A_64_TS,TCGA-86-8358,TCGA-86-8358-01A
1,train,TCGA-86-8358-01A_65_TS,TCGA-86-8358,TCGA-86-8358-01A
1,train,TCGA-86-8359-01A_393_TS,TCGA-86-8359,TCGA-86-8359-01A
1,train,TCGA-86-8359-01A_686_TS,TCGA-86-8359,TCGA-86-8359-01A
1,train,TCGA-86-8669-01A_391_TS,TCGA-86-8669,TCGA-86-8669-01A
1,train,TCGA-86-8669-01A_90_TS,TCGA-86-8669,TCGA-86-8669-01A
1,train,TCGA-86-8671-01A_518_TS,TCGA-86-8671,TCGA-86-8671-01A
1,train,TCGA-86-8671-01A_519_TS,TCGA-86-8671,TCGA-86-8671-01A
1,train,TCGA-86-A456-01A_399_TS,TCGA-86-A456,TCGA-86-A456-01A
1,train,TCGA-86-A4JF-01A_586_TS,TCGA-86-A4JF,TCGA-86-A4JF-01A
1,train,TCGA-91-6829-01A_650_TS,TCGA-91-6829,TCGA-91-6829-01A
1,train,TCGA-91-6830-01A_766_TS,TCGA-91-6830,TCGA-91-6830-01A
1,train,TCGA-91-6830-01A_767_TS,TCGA-91-6830,TCGA-91-6830-01A
1,train,TCGA-91-6831-01A_470_TS,TCGA-91-6831,TCGA-91-6831-01A
1,train,TCGA-91-6831-01A_569_TS,TCGA-91-6831,TCGA-91-6831-01A
1,train,TCGA-91-6836-01A_714_TS,TCGA-91-6836,TCGA-91-6836-01A
1,train,TCGA-91-6847-01A_409_TS,TCGA-91-6847,TCGA-91-6847-01A
1,train,TCGA-91-6847-01A_800_TS,TCGA-91-6847,TCGA-91-6847-01A
1,train,TCGA-91-6848-01A_341_TS,TCGA-91-6848,TCGA-91-6848-01A
1,train,TCGA-91-6848-01A_721_TS,TCGA-91-6848,TCGA-91-6848-01A
1,train,TCGA-91-8496-01A_186_TS,TCGA-91-8496,TCGA-91-8496-01A
1,train,TCGA-91-8496-01A_85_TS,TCGA-91-8496,TCGA-91-8496-01A
1,train,TCGA-91-8497-01A_277_TS,TCGA-91-8497,TCGA-91-8497-01A
1,train,TCGA-91-8497-01A_373_TS,TCGA-91-8497,TCGA-91-8497-01A
1,train,TCGA-93-7348-01A_594_TS,TCGA-93-7348,TCGA-93-7348-01A
1,train,TCGA-93-8067-01A_119_TS,TCGA-93-8067,TCGA-93-8067-01A
1,train,TCGA-93-A4JP-01A_659_TS,TCGA-93-A4JP,TCGA-93-A4JP-01A
1,train,TCGA-93-A4JQ-01A_296_TS,TCGA-93-A4JQ,TCGA-93-A4JQ-01A
1,train,TCGA-95-7039-01A_216_TS,TCGA-95-7039,TCGA-95-7039-01A
1,train,TCGA-95-7039-01A_415_TS,TCGA-95-7039,TCGA-95-7039-01A
1,train,TCGA-95-7043-01A_703_TS,TCGA-95-7043,TCGA-95-7043-01A
1,train,TCGA-95-7043-01A_704_TS,TCGA-95-7043,TCGA-95-7043-01A
1,train,TCGA-95-7944-01A_117_TS,TCGA-95-7944,TCGA-95-7944-01A
1,train,TCGA-95-7947-01A_713_TS,TCGA-95-7947,TCGA-95-7947-01A
1,train,TCGA-95-8494-01A_304_TS,TCGA-95-8494,TCGA-95-8494-01A
1,train,TCGA-95-A4VK-01A_557_TS,TCGA-95-A4VK,TCGA-95-A4VK-01A
1,train,TCGA-97-7547-01A_82_TS,TCGA-97-7547,TCGA-97-7547-01A
1,train,TCGA-97-7553-01A_742_TS,TCGA-97-7553,TCGA-97-7553-01A
1,train,TCGA-97-7941-01A_448_TS,TCGA-97-7941,TCGA-97-7941-01A
1,train,TCGA-97-8171-01A_265_TS,TCGA-97-8171,TCGA-97-8171-01A
1,train,TCGA-97-8175-01A_454_TS,TCGA-97-8175,TCGA-97-8175-01A
1,train,TCGA-97-8176-01A_237_TS,TCGA-97-8176,TCGA-97-8176-01A
1,train,TCGA-97-8547-01A_452_TS,TCGA-97-8547,TCGA-97-8547-01A
1,train,TCGA-97-8552-01A_313_TS,TCGA-97-8552,TCGA-97-8552-01A
1,train,TCGA-97-A4M1-01A_510_TS,TCGA-97-A4M1,TCGA-97-A4M1-01A
1,train,TCGA-97-A4M2-01A_263_TS,TCGA-97-A4M2,TCGA-97-A4M2-01A
1,train,TCGA-97-A4M6-01A_353_TS,TCGA-97-A4M6,TCGA-97-A4M6-01A
1,train,TCGA-97-A4M7-01A_523_TS,TCGA-97-A4M7,TCGA-97-A4M7-01A
1,train,TCGA-99-7458-01A_202_TS,TCGA-99-7458,TCGA-99-7458-01A
1,train,TCGA-99-7458-01A_404_TS,TCGA-99-7458,TCGA-99-7458-01A
1,train,TCGA-99-8032-01A_195_TS,TCGA-99-8032,TCGA-99-8032-01A
1,train,TCGA-99-8033-01A_798_TS,TCGA-99-8033,TCGA-99-8033-01A
1,train,TCGA-J2-8192-01A_174_TS,TCGA-J2-8192,TCGA-J2-8192-01A
1,train,TCGA-J2-8192-01A_61_TS,TCGA-J2-8192,TCGA-J2-8192-01A
1,train,TCGA-J2-A4AE-01A_485_TS,TCGA-J2-A4AE,TCGA-J2-A4AE-01A
1,train,TCGA-J2-A4AG-01A_588_TS,TCGA-J2-A4AG,TCGA-J2-A4AG-01A
1,train,TCGA-L9-A444-01A_66_TS,TCGA-L9-A444,TCGA-L9-A444-01A
1,train,TCGA-L9-A50W-01A_688_TS,TCGA-L9-A50W,TCGA-L9-A50W-01A
1,train,TCGA-L9-A7SV-01A_764_TS,TCGA-L9-A7SV,TCGA-L9-A7SV-01A
1,train,TCGA-L9-A8F4-01A_99_TS,TCGA-L9-A8F4,TCGA-L9-A8F4-01A
1,train,TCGA-MN-A4N5-01A_242_TS,TCGA-MN-A4N5,TCGA-MN-A4N5-01A
1,train,TCGA-MP-A4SV-01A_83_TS,TCGA-MP-A4SV,TCGA-MP-A4SV-01A
1,train,TCGA-MP-A4T4-01A_253_TS,TCGA-MP-A4T4,TCGA-MP-A4T4-01A
1,train,TCGA-MP-A4T6-01A_79_TS,TCGA-MP-A4T6,TCGA-MP-A4T6-01A
1,train,TCGA-MP-A4T9-01A_291_TS,TCGA-MP-A4T9,TCGA-MP-A4T9-01A
1,train,TCGA-MP-A4TA-01A_314_TS,TCGA-MP-A4TA,TCGA-MP-A4TA-01A
1,train,TCGA-MP-A4TE-01A_507_TS,TCGA-MP-A4TE,TCGA-MP-A4TE-01A
1,train,TCGA-MP-A4TF-01A_200_TS,TCGA-MP-A4TF,TCGA-MP-A4TF-01A
1,train,TCGA-MP-A4TJ-01A_794_TS,TCGA-MP-A4TJ,TCGA-MP-A4TJ-01A
1,train,TCGA-MP-A4TK-01A_503_TS,TCGA-MP-A4TK,TCGA-MP-A4TK-01A
1,train,TCGA-NJ-A4YI-01A_661_TS,TCGA-NJ-A4YI,TCGA-NJ-A4YI-01A
1,train,TCGA-NJ-A4YP-01A_56_TS,TCGA-NJ-A4YP,TCGA-NJ-A4YP-01A
1,train,TCGA-NJ-A55O-01A_201_TS,TCGA-NJ-A55O,TCGA-NJ-A55O-01A
1,train,TCGA-NJ-A55R-01A_96_TS,TCGA-NJ-A55R,TCGA-NJ-A55R-01A
1,train,TCGA-S2-AA1A-01A_355_TS,TCGA-S2-AA1A,TCGA-S2-AA1A-01A
1,val,TCGA-05-4250-01A_462_TS,TCGA-05-4250,TCGA-05-4250-01A
1,val,TCGA-05-4250-01A_502_TS,TCGA-05-4250,TCGA-05-4250-01A
1,val,TCGA-05-4395-01A_303_TS,TCGA-05-4395,TCGA-05-4395-01A
1,val,TCGA-05-4395-01A_305_TS,TCGA-05-4395,TCGA-05-4395-01A
1,val,TCGA-05-4402-01A_146_TS,TCGA-05-4402,TCGA-05-4402-01A
1,val,TCGA-05-4402-01A_726_TS,TCGA-05-4402,TCGA-05-4402-01A
1,val,TCGA-05-4415-01A_551_TS,TCGA-05-4415,TCGA-05-4415-01A
1,val,TCGA-05-4415-01A_552_TS,TCGA-05-4415,TCGA-05-4415-01A
1,val,TCGA-05-4422-01A_369_TS,TCGA-05-4422,TCGA-05-4422-01A
1,val,TCGA-05-4422-01A_671_TS,TCGA-05-4422,TCGA-05-4422-01A
1,val,TCGA-05-4427-01A_233_TS,TCGA-05-4427,TCGA-05-4427-01A
1,val,TCGA-05-4427-01A_729_TS,TCGA-05-4427,TCGA-05-4427-01A
1,val,TCGA-05-4434-01A_140_TS,TCGA-05-4434,TCGA-05-4434-01A
1,val,TCGA-05-4434-01A_641_TS,TCGA-05-4434,TCGA-05-4434-01A
1,val,TCGA-05-5428-01A_169_TS,TCGA-05-5428,TCGA-05-5428-01A
1,val,TCGA-05-5428-01A_366_TS,TCGA-05-5428,TCGA-05-5428-01A
1,val,TCGA-35-4122-01A_168_TS,TCGA-35-4122,TCGA-35-4122-01A
1,val,TCGA-35-4122-01A_747_TS,TCGA-35-4122,TCGA-35-4122-01A
1,val,TCGA-38-4626-01A_31_TS,TCGA-38-4626,TCGA-38-4626-01A
1,val,TCGA-38-4626-01A_653_TS,TCGA-38-4626,TCGA-38-4626-01A
1,val,TCGA-38-4630-01A_125_TS,TCGA-38-4630,TCGA-38-4630-01A
1,val,TCGA-38-4630-01A_700_TS,TCGA-38-4630,TCGA-38-4630-01A
1,val,TCGA-44-2655-01A_631_TS,TCGA-44-2655,TCGA-44-2655-01A
1,val,TCGA-44-2655-01A_740_TS,TCGA-44-2655,TCGA-44-2655-01A
1,val,TCGA-44-2656-01A_173_TS,TCGA-44-2656,TCGA-44-2656-01A
1,val,TCGA-44-2656-01A_177_TS,TCGA-44-2656,TCGA-44-2656-01A
1,val,TCGA-44-2656-01A_270_TS,TCGA-44-2656,TCGA-44-2656-01A
1,val,TCGA-44-2656-01A_59_TS,TCGA-44-2656,TCGA-44-2656-01A
1,val,TCGA-44-2662-01A_538_TS,TCGA-44-2662,TCGA-44-2662-01A
1,val,TCGA-44-2662-01A_539_TS,TCGA-44-2662,TCGA-44-2662-01A
1,val,TCGA-44-3917-01A_149_TS,TCGA-44-3917,TCGA-44-3917-01A
1,val,TCGA-44-3917-01A_649_TS,TCGA-44-3917,TCGA-44-3917-01A
1,val,TCGA-44-6145-01A_676_TS,TCGA-44-6145,TCGA-44-6145-01A
1,val,TCGA-44-6145-01A_678_TS,TCGA-44-6145,TCGA-44-6145-01A
1,val,TCGA-44-6146-01A_10_TS,TCGA-44-6146,TCGA-44-6146-01A
1,val,TCGA-44-6146-01A_637_TS,TCGA-44-6146,TCGA-44-6146-01A
1,val,TCGA-44-6146-01A_640_TS,TCGA-44-6146,TCGA-44-6146-01A
1,val,TCGA-44-6778-01A_75_TS,TCGA-44-6778,TCGA-44-6778-01A
1,val,TCGA-44-6778-01A_768_TS,TCGA-44-6778,TCGA-44-6778-01A
1,val,TCGA-44-7661-01A_219_TS,TCGA-44-7661,TCGA-44-7661-01A
1,val,TCGA-44-7661-01A_632_TS,TCGA-44-7661,TCGA-44-7661-01A
1,val,TCGA-44-7667-01A_784_TS,TCGA-44-7667,TCGA-44-7667-01A
1,val,TCGA-44-7672-01A_361_TS,TCGA-44-7672,TCGA-44-7672-01A
1,val,TCGA-44-7672-01A_745_TS,TCGA-44-7672,TCGA-44-7672-01A
1,val,TCGA-44-A47A-01A_306_TS,TCGA-44-A47A,TCGA-44-A47A-01A
1,val,TCGA-44-A4SU-01A_508_TS,TCGA-44-A4SU,TCGA-44-A4SU-01A
1,val,TCGA-49-4487-01A_439_TS,TCGA-49-4487,TCGA-49-4487-01A
1,val,TCGA-49-4487-01A_506_TS,TCGA-49-4487,TCGA-49-4487-01A
1,val,TCGA-49-4501-01A_143_TS,TCGA-49-4501,TCGA-49-4501-01A
1,val,TCGA-49-4501-01A_723_TS,TCGA-49-4501,TCGA-49-4501-01A
1,val,TCGA-49-4510-01A_422_TS,TCGA-49-4510,TCGA-49-4510-01A
1,val,TCGA-49-4510-01A_431_TS,TCGA-49-4510,TCGA-49-4510-01A
1,val,TCGA-49-6745-01A_697_TS,TCGA-49-6745,TCGA-49-6745-01A
1,val,TCGA-49-6745-01A_698_TS,TCGA-49-6745,TCGA-49-6745-01A
1,val,TCGA-49-AAR3-01A_769_TS,TCGA-49-AAR3,TCGA-49-AAR3-01A
1,val,TCGA-49-AARN-01A_204_TS,TCGA-49-AARN,TCGA-49-AARN-01A
1,val,TCGA-50-5049-01A_206_TS,TCGA-50-5049,TCGA-50-5049-01A
1,val,TCGA-50-5049-01A_207_TS,TCGA-50-5049,TCGA-50-5049-01A
1,val,TCGA-50-5068-01A_178_TS,TCGA-50-5068,TCGA-50-5068-01A
1,val,TCGA-50-5068-01A_73_TS,TCGA-50-5068,TCGA-50-5068-01A
1,val,TCGA-50-5932-01A_327_TS,TCGA-50-5932,TCGA-50-5932-01A
1,val,TCGA-50-5932-01A_328_TS,TCGA-50-5932,TCGA-50-5932-01A
1,val,TCGA-50-5939-01A_133_TS,TCGA-50-5939,TCGA-50-5939-01A
1,val,TCGA-50-5939-01A_718_TS,TCGA-50-5939,TCGA-50-5939-01A
1,val,TCGA-50-5942-01A_193_TS,TCGA-50-5942,TCGA-50-5942-01A
1,val,TCGA-50-6591-01A_106_TS,TCGA-50-6591,TCGA-50-6591-01A
1,val,TCGA-50-6591-01A_316_TS,TCGA-50-6591,TCGA-50-6591-01A
1,val,TCGA-50-6595-01A_394_TS,TCGA-50-6595,TCGA-50-6595-01A
1,val,TCGA-50-6595-01A_781_TS,TCGA-50-6595,TCGA-50-6595-01A
1,val,TCGA-50-8457-01A_561_TS,TCGA-50-8457,TCGA-50-8457-01A
1,val,TCGA-50-8457-01A_562_TS,TCGA-50-8457,TCGA-50-8457-01A
1,val,TCGA-53-7626-01A_559_TS,TCGA-53-7626,TCGA-53-7626-01A
1,val,TCGA-53-7626-01A_560_TS,TCGA-53-7626,TCGA-53-7626-01A
1,val,TCGA-55-1596-01A_329_TS,TCGA-55-1596,TCGA-55-1596-01A
1,val,TCGA-55-1596-01A_331_TS,TCGA-55-1596,TCGA-55-1596-01A
1,val,TCGA-55-6969-01A_566_TS,TCGA-55-6969,TCGA-55-6969-01A
1,val,TCGA-55-6969-01A_567_TS,TCGA-55-6969,TCGA-55-6969-01A
1,val,TCGA-55-6975-01A_799_TS,TCGA-55-6975,TCGA-55-6975-01A
1,val,TCGA-55-6979-01A_225_TS,TCGA-55-6979,TCGA-55-6979-01A
1,val,TCGA-55-6979-01A_227_TS,TCGA-55-6979,TCGA-55-6979-01A
1,val,TCGA-55-6986-01A_339_TS,TCGA-55-6986,TCGA-55-6986-01A
1,val,TCGA-55-7576-01A_145_TS,TCGA-55-7576,TCGA-55-7576-01A
1,val,TCGA-55-7903-01A_388_TS,TCGA-55-7903,TCGA-55-7903-01A
1,val,TCGA-55-7994-01A_187_TS,TCGA-55-7994,TCGA-55-7994-01A
1,val,TCGA-55-7994-01A_188_TS,TCGA-55-7994,TCGA-55-7994-01A
1,val,TCGA-55-8085-01A_775_TS,TCGA-55-8085,TCGA-55-8085-01A
1,val,TCGA-55-8094-01A_189_TS,TCGA-55-8094,TCGA-55-8094-01A
1,val,TCGA-55-8204-01A_298_TS,TCGA-55-8204,TCGA-55-8204-01A
1,val,TCGA-55-8208-01A_390_TS,TCGA-55-8208,TCGA-55-8208-01A
1,val,TCGA-55-8505-01A_420_TS,TCGA-55-8505,TCGA-55-8505-01A
1,val,TCGA-55-8510-01A_788_TS,TCGA-55-8510,TCGA-55-8510-01A
1,val,TCGA-55-8514-01A_299_TS,TCGA-55-8514,TCGA-55-8514-01A
1,val,TCGA-55-8619-01A_326_TS,TCGA-55-8619,TCGA-55-8619-01A
1,val,TCGA-55-A48Y-01A_234_TS,TCGA-55-A48Y,TCGA-55-A48Y-01A
1,val,TCGA-55-A492-01A_744_TS,TCGA-55-A492,TCGA-55-A492-01A
1,val,TCGA-55-A4DG-01A_165_TS,TCGA-55-A4DG,TCGA-55-A4DG-01A
1,val,TCGA-62-8398-01A_249_TS,TCGA-62-8398,TCGA-62-8398-01A
1,val,TCGA-62-8398-01A_40_TS,TCGA-62-8398,TCGA-62-8398-01A
1,val,TCGA-62-A46O-01A_571_TS,TCGA-62-A46O,TCGA-62-A46O-01A
1,val,TCGA-62-A46V-01A_500_TS,TCGA-62-A46V,TCGA-62-A46V-01A
1,val,TCGA-62-A472-01A_484_TS,TCGA-62-A472,TCGA-62-A472-01A
1,val,TCGA-64-1679-01A_309_TS,TCGA-64-1679,TCGA-64-1679-01A
1,val,TCGA-64-1679-01A_98_TS,TCGA-64-1679,TCGA-64-1679-01A
1,val,TCGA-64-5775-01A_337_TS,TCGA-64-5775,TCGA-64-5775-01A
1,val,TCGA-64-5775-01A_719_TS,TCGA-64-5775,TCGA-64-5775-01A
1,val,TCGA-64-5815-01A_208_TS,TCGA-64-5815,TCGA-64-5815-01A
1,val,TCGA-64-5815-01A_209_TS,TCGA-64-5815,TCGA-64-5815-01A
1,val,TCGA-67-3774-01A_39_TS,TCGA-67-3774,TCGA-67-3774-01A
1,val,TCGA-67-3774-01A_664_TS,TCGA-67-3774,TCGA-67-3774-01A
1,val,TCGA-67-6217-01A_123_TS,TCGA-67-6217,TCGA-67-6217-01A
1,val,TCGA-67-6217-01A_694_TS,TCGA-67-6217,TCGA-67-6217-01A
1,val,TCGA-69-7974-01A_53_TS,TCGA-69-7974,TCGA-69-7974-01A
1,val,TCGA-69-8253-01A_368_TS,TCGA-69-8253,TCGA-69-8253-01A
1,val,TCGA-69-A59K-01A_779_TS,TCGA-69-A59K,TCGA-69-A59K-01A
1,val,TCGA-71-6725-01A_275_TS,TCGA-71-6725,TCGA-71-6725-01A
1,val,TCGA-71-6725-01A_750_TS,TCGA-71-6725,TCGA-71-6725-01A
1,val,TCGA-73-4662-01A_55_TS,TCGA-73-4662,TCGA-73-4662-01A
1,val,TCGA-73-4662-01A_666_TS,TCGA-73-4662,TCGA-73-4662-01A
1,val,TCGA-73-4675-01A_457_TS,TCGA-73-4675,TCGA-73-4675-01A
1,val,TCGA-73-4675-01A_608_TS,TCGA-73-4675,TCGA-73-4675-01A
1,val,TCGA-73-7499-01A_302_TS,TCGA-73-7499,TCGA-73-7499-01A
1,val,TCGA-73-7499-01A_680_TS,TCGA-73-7499,TCGA-73-7499-01A
1,val,TCGA-75-5146-01A_246_TS,TCGA-75-5146,TCGA-75-5146-01A
1,val,TCGA-75-5146-01A_652_TS,TCGA-75-5146,TCGA-75-5146-01A
1,val,TCGA-75-6211-01A_247_TS,TCGA-75-6211,TCGA-75-6211-01A
1,val,TCGA-75-6211-01A_655_TS,TCGA-75-6211,TCGA-75-6211-01A
1,val,TCGA-75-7025-01A_385_TS,TCGA-75-7025,TCGA-75-7025-01A
1,val,TCGA-75-7031-01A_753_TS,TCGA-75-7031,TCGA-75-7031-01A
1,val,TCGA-75-7031-01A_754_TS,TCGA-75-7031,TCGA-75-7031-01A
1,val,TCGA-78-7147-01A_487_TS,TCGA-78-7147,TCGA-78-7147-01A
1,val,TCGA-78-7147-01A_595_TS,TCGA-78-7147,TCGA-78-7147-01A
1,val,TCGA-78-7153-01A_514_TS,TCGA-78-7153,TCGA-78-7153-01A
1,val,TCGA-78-7153-01A_515_TS,TCGA-78-7153,TCGA-78-7153-01A
1,val,TCGA-78-7158-01A_282_TS,TCGA-78-7158,TCGA-78-7158-01A
1,val,TCGA-78-7158-01A_68_TS,TCGA-78-7158,TCGA-78-7158-01A
1,val,TCGA-78-7163-01A_374_TS,TCGA-78-7163,TCGA-78-7163-01A
1,val,TCGA-78-7163-01A_76_TS,TCGA-78-7163,TCGA-78-7163-01A
1,val,TCGA-78-7537-01A_185_TS,TCGA-78-7537,TCGA-78-7537-01A
1,val,TCGA-78-7537-01A_674_TS,TCGA-78-7537,TCGA-78-7537-01A
1,val,TCGA-78-8640-01A_244_TS,TCGA-78-8640,TCGA-78-8640-01A
1,val,TCGA-78-8662-01A_351_TS,TCGA-78-8662,TCGA-78-8662-01A
1,val,TCGA-78-8662-01A_732_TS,TCGA-78-8662,TCGA-78-8662-01A
1,val,TCGA-80-5611-01A_118_TS,TCGA-80-5611,TCGA-80-5611-01A
1,val,TCGA-86-7711-01A_213_TS,TCGA-86-7711,TCGA-86-7711-01A
1,val,TCGA-86-7711-01A_797_TS,TCGA-86-7711,TCGA-86-7711-01A
1,val,TCGA-86-7954-01A_648_TS,TCGA-86-7954,TCGA-86-7954-01A
1,val,TCGA-86-7954-01A_730_TS,TCGA-86-7954,TCGA-86-7954-01A
1,val,TCGA-86-8073-01A_545_TS,TCGA-86-8073,TCGA-86-8073-01A
1,val,TCGA-86-8073-01A_546_TS,TCGA-86-8073,TCGA-86-8073-01A
1,val,TCGA-86-8280-01A_574_TS,TCGA-86-8280,TCGA-86-8280-01A
1,val,TCGA-86-8280-01A_575_TS,TCGA-86-8280,TCGA-86-8280-01A
1,val,TCGA-86-8585-01A_257_TS,TCGA-86-8585,TCGA-86-8585-01A
1,val,TCGA-86-8585-01A_738_TS,TCGA-86-8585,TCGA-86-8585-01A
1,val,TCGA-86-8672-01A_511_TS,TCGA-86-8672,TCGA-86-8672-01A
1,val,TCGA-86-8673-01A_424_TS,TCGA-86-8673,TCGA-86-8673-01A
1,val,TCGA-86-8673-01A_615_TS,TCGA-86-8673,TCGA-86-8673-01A
1,val,TCGA-86-A4P7-01A_210_TS,TCGA-86-A4P7,TCGA-86-A4P7-01A
1,val,TCGA-91-6835-01A_158_TS,TCGA-91-6835,TCGA-91-6835-01A
1,val,TCGA-91-6835-01A_255_TS,TCGA-91-6835,TCGA-91-6835-01A
1,val,TCGA-91-6849-01A_102_TS,TCGA-91-6849,TCGA-91-6849-01A
1,val,TCGA-91-6849-01A_796_TS,TCGA-91-6849,TCGA-91-6849-01A
1,val,TCGA-91-8499-01A_285_TS,TCGA-91-8499,TCGA-91-8499-01A
1,val,TCGA-91-8499-01A_757_TS,TCGA-91-8499,TCGA-91-8499-01A
1,val,TCGA-91-A4BC-01A_600_TS,TCGA-91-A4BC,TCGA-91-A4BC-01A
1,val,TCGA-93-A4JN-01A_107_TS,TCGA-93-A4JN,TCGA-93-A4JN-01A
1,val,TCGA-95-7562-01A_710_TS,TCGA-95-7562,TCGA-95-7562-01A
1,val,TCGA-95-7948-01A_334_TS,TCGA-95-7948,TCGA-95-7948-01A
1,val,TCGA-95-A4VN-01A_47_TS,TCGA-95-A4VN,TCGA-95-A4VN-01A
1,val,TCGA-97-7552-01A_34_TS,TCGA-97-7552,TCGA-97-7552-01A
1,val,TCGA-97-7552-01A_735_TS,TCGA-97-7552,TCGA-97-7552-01A
1,val,TCGA-97-7937-01A_435_TS,TCGA-97-7937,TCGA-97-7937-01A
1,val,TCGA-97-8172-01A_222_TS,TCGA-97-8172,TCGA-97-8172-01A
1,val,TCGA-97-8177-01A_728_TS,TCGA-97-8177,TCGA-97-8177-01A
1,val,TCGA-97-A4LX-01A_591_TS,TCGA-97-A4LX,TCGA-97-A4LX-01A
1,val,TCGA-97-A4M3-01A_74_TS,TCGA-97-A4M3,TCGA-97-A4M3-01A
1,val,TCGA-99-8025-01A_786_TS,TCGA-99-8025,TCGA-99-8025-01A
1,val,TCGA-99-AA5R-01A_558_TS,TCGA-99-AA5R,TCGA-99-AA5R-01A
1,val,TCGA-J2-8194-01A_137_TS,TCGA-J2-8194,TCGA-J2-8194-01A
1,val,TCGA-J2-8194-01A_138_TS,TCGA-J2-8194,TCGA-J2-8194-01A
1,val,TCGA-L4-A4E6-01A_33_TS,TCGA-L4-A4E6,TCGA-L4-A4E6-01A
1,val,TCGA-L9-A5IP-01A_660_TS,TCGA-L9-A5IP,TCGA-L9-A5IP-01A
1,val,TCGA-MN-A4N1-01A_190_TS,TCGA-MN-A4N1,TCGA-MN-A4N1-01A
1,val,TCGA-MP-A4SW-01A_236_TS,TCGA-MP-A4SW,TCGA-MP-A4SW-01A
1,val,TCGA-MP-A4T7-01A_267_TS,TCGA-MP-A4T7,TCGA-MP-A4T7-01A
1,val,TCGA-MP-A4TC-01A_103_TS,TCGA-MP-A4TC,TCGA-MP-A4TC-01A
1,val,TCGA-MP-A4TH-01A_683_TS,TCGA-MP-A4TH,TCGA-MP-A4TH-01A
1,val,TCGA-MP-A5C7-01A_791_TS,TCGA-MP-A5C7,TCGA-MP-A5C7-01A
1,val,TCGA-NJ-A4YQ-01A_278_TS,TCGA-NJ-A4YQ,TCGA-NJ-A4YQ-01A
1,val,TCGA-NJ-A7XG-01A_232_TS,TCGA-NJ-A7XG,TCGA-NJ-A7XG-01A
2,test,TCGA-05-4244-01A_359_TS,TCGA-05-4244,TCGA-05-4244-01A
2,test,TCGA-05-4244-01A_48_TS,TCGA-05-4244,TCGA-05-4244-01A
2,test,TCGA-05-4384-01A_3_TS,TCGA-05-4384,TCGA-05-4384-01A
2,test,TCGA-05-4384-01A_707_TS,TCGA-05-4384,TCGA-05-4384-01A
2,test,TCGA-05-4390-01A_425_TS,TCGA-05-4390,TCGA-05-4390-01A
2,test,TCGA-05-4390-01A_455_TS,TCGA-05-4390,TCGA-05-4390-01A
2,test,TCGA-05-4390-01A_607_TS,TCGA-05-4390,TCGA-05-4390-01A
2,test,TCGA-05-4397-01A_677_TS,TCGA-05-4397,TCGA-05-4397-01A
2,test,TCGA-05-4397-01A_679_TS,TCGA-05-4397,TCGA-05-4397-01A
2,test,TCGA-05-4405-01A_638_TS,TCGA-05-4405,TCGA-05-4405-01A
2,test,TCGA-05-4405-01A_639_TS,TCGA-05-4405,TCGA-05-4405-01A
2,test,TCGA-05-4418-01A_120_TS,TCGA-05-4418,TCGA-05-4418-01A
2,test,TCGA-05-4418-01A_693_TS,TCGA-05-4418,TCGA-05-4418-01A
2,test,TCGA-05-4425-01A_300_TS,TCGA-05-4425,TCGA-05-4425-01A
2,test,TCGA-05-4425-01A_87_TS,TCGA-05-4425,TCGA-05-4425-01A
2,test,TCGA-05-4432-01A_492_TS,TCGA-05-4432,TCGA-05-4432-01A
2,test,TCGA-05-4432-01A_493_TS,TCGA-05-4432,TCGA-05-4432-01A
2,test,TCGA-05-5423-01A_161_TS,TCGA-05-5423,TCGA-05-5423-01A
2,test,TCGA-05-5423-01A_163_TS,TCGA-05-5423,TCGA-05-5423-01A
2,test,TCGA-05-5715-01A_482_TS,TCGA-05-5715,TCGA-05-5715-01A
2,test,TCGA-05-5715-01A_483_TS,TCGA-05-5715,TCGA-05-5715-01A
2,test,TCGA-35-5375-01A_289_TS,TCGA-35-5375,TCGA-35-5375-01A
2,test,TCGA-35-5375-01A_381_TS,TCGA-35-5375,TCGA-35-5375-01A
2,test,TCGA-38-4628-01A_532_TS,TCGA-38-4628,TCGA-38-4628-01A
2,test,TCGA-38-4628-01A_533_TS,TCGA-38-4628,TCGA-38-4628-01A
2,test,TCGA-38-4632-01A_395_TS,TCGA-38-4632,TCGA-38-4632-01A
2,test,TCGA-38-4632-01A_785_TS,TCGA-38-4632,TCGA-38-4632-01A
2,test,TCGA-44-2659-01A_335_TS,TCGA-44-2659,TCGA-44-2659-01A
2,test,TCGA-44-2659-01A_628_TS,TCGA-44-2659,TCGA-44-2659-01A
2,test,TCGA-44-3396-01A_52_TS,TCGA-44-3396,TCGA-44-3396-01A
2,test,TCGA-44-3396-01A_665_TS,TCGA-44-3396,TCGA-44-3396-01A
2,test,TCGA-44-3919-01A_673_TS,TCGA-44-3919,TCGA-44-3919-01A
2,test,TCGA-44-3919-01A_80_TS,TCGA-44-3919,TCGA-44-3919-01A
2,test,TCGA-44-4112-01A_293_TS,TCGA-44-4112,TCGA-44-4112-01A
2,test,TCGA-44-4112-01A_382_TS,TCGA-44-4112,TCGA-44-4112-01A
2,test,TCGA-44-4112-01A_84_TS,TCGA-44-4112,TCGA-44-4112-01A
2,test,TCGA-44-5644-01A_248_TS,TCGA-44-5644,TCGA-44-5644-01A
2,test,TCGA-44-6776-01A_220_TS,TCGA-44-6776,TCGA-44-6776-01A
2,test,TCGA-44-6776-01A_8_TS,TCGA-44-6776,TCGA-44-6776-01A
2,test,TCGA-44-7659-01A_419_TS,TCGA-44-7659,TCGA-44-7659-01A
2,test,TCGA-44-7659-01A_427_TS,TCGA-44-7659,TCGA-44-7659-01A
2,test,TCGA-44-7670-01A_142_TS,TCGA-44-7670,TCGA-44-7670-01A
2,test,TCGA-44-7670-01A_722_TS,TCGA-44-7670,TCGA-44-7670-01A
2,test,TCGA-44-8119-01A_17_TS,TCGA-44-8119,TCGA-44-8119-01A
2,test,TCGA-44-8119-01A_720_TS,TCGA-44-8119,TCGA-44-8119-01A
2,test,TCGA-44-8120-01A_94_TS,TCGA-44-8120,TCGA-44-8120-01A
2,test,TCGA-44-A47G-01A_471_TS,TCGA-44-A47G,TCGA-44-A47G-01A
2,test,TCGA-49-4490-01A_290_TS,TCGA-49-4490,TCGA-49-4490-01A
2,test,TCGA-49-4490-01A_81_TS,TCGA-49-4490,TCGA-49-4490-01A
2,test,TCGA-49-4506-01A_496_TS,TCGA-49-4506,TCGA-49-4506-01A
2,test,TCGA-49-4506-01A_604_TS,TCGA-49-4506,TCGA-49-4506-01A
2,test,TCGA-49-6743-01A_114_TS,TCGA-49-6743,TCGA-49-6743-01A
2,test,TCGA-49-6743-01A_322_TS,TCGA-49-6743,TCGA-49-6743-01A
2,test,TCGA-49-AAQV-01A_406_TS,TCGA-49-AAQV,TCGA-49-AAQV-01A
2,test,TCGA-49-AAR9-01A_271_TS,TCGA-49-AAR9,TCGA-49-AAR9-01A
2,test,TCGA-49-AARR-01A_411_TS,TCGA-49-AARR,TCGA-49-AARR-01A
2,test,TCGA-50-5044-01A_436_TS,TCGA-50-5044,TCGA-50-5044-01A
2,test,TCGA-50-5044-01A_463_TS,TCGA-50-5044,TCGA-50-5044-01A
2,test,TCGA-50-5055-01A_530_TS,TCGA-50-5055,TCGA-50-5055-01A
2,test,TCGA-50-5055-01A_531_TS,TCGA-50-5055,TCGA-50-5055-01A
2,test,TCGA-50-5930-01A_49_TS,TCGA-50-5930,TCGA-50-5930-01A
2,test,TCGA-50-5930-01A_662_TS,TCGA-50-5930,TCGA-50-5930-01A
2,test,TCGA-50-5935-01A_141_TS,TCGA-50-5935,TCGA-50-5935-01A
2,test,TCGA-50-5935-01A_643_TS,TCGA-50-5935,TCGA-50-5935-01A
2,test,TCGA-50-5946-01A_526_TS,TCGA-50-5946,TCGA-50-5946-01A
2,test,TCGA-50-5946-01A_527_TS,TCGA-50-5946,TCGA-50-5946-01A
2,test,TCGA-50-6593-01A_589_TS,TCGA-50-6593,TCGA-50-6593-01A
2,test,TCGA-50-6593-01A_590_TS,TCGA-50-6593,TCGA-50-6593-01A
2,test,TCGA-50-6673-01A_215_TS,TCGA-50-6673,TCGA-50-6673-01A
2,test,TCGA-50-6673-01A_414_TS,TCGA-50-6673,TCGA-50-6673-01A
2,test,TCGA-50-8460-01A_274_TS,TCGA-50-8460,TCGA-50-8460-01A
2,test,TCGA-50-8460-01A_276_TS,TCGA-50-8460,TCGA-50-8460-01A
2,test,TCGA-55-1594-01A_126_TS,TCGA-55-1594,TCGA-55-1594-01A
2,test,TCGA-55-1594-01A_325_TS,TCGA-55-1594,TCGA-55-1594-01A
2,test,TCGA-55-5899-01A_795_TS,TCGA-55-5899,TCGA-55-5899-01A
2,test,TCGA-55-6642-01A_170_TS,TCGA-55-6642,TCGA-55-6642-01A
2,test,TCGA-55-6642-01A_171_TS,TCGA-55-6642,TCGA-55-6642-01A
2,test,TCGA-55-6971-01A_100_TS,TCGA-55-6971,TCGA-55-6971-01A
2,test,TCGA-55-6971-01A_397_TS,TCGA-55-6971,TCGA-55-6971-01A
2,test,TCGA-55-6983-01A_762_TS,TCGA-55-6983,TCGA-55-6983-01A
2,test,TCGA-55-7281-01A_295_TS,TCGA-55-7281,TCGA-55-7281-01A
2,test,TCGA-55-7574-01A_212_TS,TCGA-55-7574,TCGA-55-7574-01A
2,test,TCGA-55-7574-01A_413_TS,TCGA-55-7574,TCGA-55-7574-01A
2,test,TCGA-55-7815-01A_477_TS,TCGA-55-7815,TCGA-55-7815-01A
2,test,TCGA-55-7911-01A_36_TS,TCGA-55-7911,TCGA-55-7911-01A
2,test,TCGA-55-8090-01A_221_TS,TCGA-55-8090,TCGA-55-8090-01A
2,test,TCGA-55-8097-01A_445_TS,TCGA-55-8097,TCGA-55-8097-01A
2,test,TCGA-55-8206-01A_110_TS,TCGA-55-8206,TCGA-55-8206-01A
2,test,TCGA-55-8301-01A_689_TS,TCGA-55-8301,TCGA-55-8301-01A
2,test,TCGA-55-8507-01A_565_TS,TCGA-55-8507,TCGA-55-8507-01A
2,test,TCGA-55-8512-01A_29_TS,TCGA-55-8512,TCGA-55-8512-01A
2,test,TCGA-55-8615-01A_647_TS,TCGA-55-8615,TCGA-55-8615-01A
2,test,TCGA-55-8621-01A_18_TS,TCGA-55-8621,TCGA-55-8621-01A
2,test,TCGA-55-A490-01A_430_TS,TCGA-55-A490,TCGA-55-A490-01A
2,test,TCGA-55-A494-01A_606_TS,TCGA-55-A494,TCGA-55-A494-01A
2,test,TCGA-62-8394-01A_297_TS,TCGA-62-8394,TCGA-62-8394-01A
2,test,TCGA-62-8394-01A_384_TS,TCGA-62-8394,TCGA-62-8394-01A
2,test,TCGA-62-8399-01A_772_TS,TCGA-62-8399,TCGA-62-8399-01A
2,test,TCGA-62-A46S-01A_583_TS,TCGA-62-A46S,TCGA-62-A46S-01A
2,test,TCGA-62-A470-01A_593_TS,TCGA-62-A470,TCGA-62-A470-01A
2,test,TCGA-64-1677-01A_12_TS,TCGA-64-1677,TCGA-64-1677-01A
2,test,TCGA-64-1677-01A_135_TS,TCGA-64-1677,TCGA-64-1677-01A
2,test,TCGA-64-1681-01A_521_TS,TCGA-64-1681,TCGA-64-1681-01A
2,test,TCGA-64-1681-01A_522_TS,TCGA-64-1681,TCGA-64-1681-01A
2,test,TCGA-64-5779-01A_243_TS,TCGA-64-5779,TCGA-64-5779-01A
2,test,TCGA-64-5779-01A_245_TS,TCGA-64-5779,TCGA-64-5779-01A
2,test,TCGA-67-3772-01A_181_TS,TCGA-67-3772,TCGA-67-3772-01A
2,test,TCGA-67-3772-01A_182_TS,TCGA-67-3772,TCGA-67-3772-01A
2,test,TCGA-67-6215-01A_472_TS,TCGA-67-6215,TCGA-67-6215-01A
2,test,TCGA-67-6215-01A_473_TS,TCGA-67-6215,TCGA-67-6215-01A
2,test,TCGA-69-7763-01A_27_TS,TCGA-69-7763,TCGA-69-7763-01A
2,test,TCGA-69-7763-01A_349_TS,TCGA-69-7763,TCGA-69-7763-01A
2,test,TCGA-69-7764-01A_251_TS,TCGA-69-7764,TCGA-69-7764-01A
2,test,TCGA-69-7979-01A_807_TS,TCGA-69-7979,TCGA-69-7979-01A
2,test,TCGA-69-8255-01A_72_TS,TCGA-69-8255,TCGA-69-8255-01A
2,test,TCGA-73-4658-01A_695_TS,TCGA-73-4658,TCGA-73-4658-01A
2,test,TCGA-73-4658-01A_696_TS,TCGA-73-4658,TCGA-73-4658-01A
2,test,TCGA-73-4668-01A_446_TS,TCGA-73-4668,TCGA-73-4668-01A
2,test,TCGA-73-4668-01A_447_TS,TCGA-73-4668,TCGA-73-4668-01A
2,test,TCGA-73-4677-01A_725_TS,TCGA-73-4677,TCGA-73-4677-01A
2,test,TCGA-73-4677-01A_727_TS,TCGA-73-4677,TCGA-73-4677-01A
2,test,TCGA-75-5125-01A_30_TS,TCGA-75-5125,TCGA-75-5125-01A
2,test,TCGA-75-5125-01A_734_TS,TCGA-75-5125,TCGA-75-5125-01A
2,test,TCGA-75-6203-01A_418_TS,TCGA-75-6203,TCGA-75-6203-01A
2,test,TCGA-75-6203-01A_691_TS,TCGA-75-6203,TCGA-75-6203-01A
2,test,TCGA-75-6205-01A_104_TS,TCGA-75-6205,TCGA-75-6205-01A
2,test,TCGA-75-7027-01A_370_TS,TCGA-75-7027,TCGA-75-7027-01A
2,test,TCGA-75-7027-01A_371_TS,TCGA-75-7027,TCGA-75-7027-01A
2,test,TCGA-78-7145-01A_67_TS,TCGA-78-7145,TCGA-78-7145-01A
2,test,TCGA-78-7145-01A_751_TS,TCGA-78-7145,TCGA-78-7145-01A
2,test,TCGA-78-7149-01A_250_TS,TCGA-78-7149,TCGA-78-7149-01A
2,test,TCGA-78-7149-01A_656_TS,TCGA-78-7149,TCGA-78-7149-01A
2,test,TCGA-78-7155-01A_432_TS,TCGA-78-7155,TCGA-78-7155-01A
2,test,TCGA-78-7155-01A_616_TS,TCGA-78-7155,TCGA-78-7155-01A
2,test,TCGA-78-7160-01A_512_TS,TCGA-78-7160,TCGA-78-7160-01A
2,test,TCGA-78-7160-01A_513_TS,TCGA-78-7160,TCGA-78-7160-01A
2,test,TCGA-78-7162-01A_240_TS,TCGA-78-7162,TCGA-78-7162-01A
2,test,TCGA-78-7220-01A_441_TS,TCGA-78-7220,TCGA-78-7220-01A
2,test,TCGA-78-7220-01A_620_TS,TCGA-78-7220,TCGA-78-7220-01A
2,test,TCGA-78-7540-01A_21_TS,TCGA-78-7540,TCGA-78-7540-01A
2,test,TCGA-78-7540-01A_340_TS,TCGA-78-7540,TCGA-78-7540-01A
2,test,TCGA-78-8655-01A_468_TS,TCGA-78-8655,TCGA-78-8655-01A
2,test,TCGA-86-6851-01A_19_TS,TCGA-86-6851,TCGA-86-6851-01A
2,test,TCGA-86-6851-01A_642_TS,TCGA-86-6851,TCGA-86-6851-01A
2,test,TCGA-86-7714-01A_279_TS,TCGA-86-7714,TCGA-86-7714-01A
2,test,TCGA-86-7714-01A_280_TS,TCGA-86-7714,TCGA-86-7714-01A
2,test,TCGA-86-7955-01A_147_TS,TCGA-86-7955,TCGA-86-7955-01A
2,test,TCGA-86-8055-01A_356_TS,TCGA-86-8055,TCGA-86-8055-01A
2,test,TCGA-86-8055-01A_739_TS,TCGA-86-8055,TCGA-86-8055-01A
2,test,TCGA-86-8075-01A_198_TS,TCGA-86-8075,TCGA-86-8075-01A
2,test,TCGA-86-8075-01A_312_TS,TCGA-86-8075,TCGA-86-8075-01A
2,test,TCGA-86-8358-01A_64_TS,TCGA-86-8358,TCGA-86-8358-01A
2,test,TCGA-86-8358-01A_65_TS,TCGA-86-8358,TCGA-86-8358-01A
2,test,TCGA-86-8669-01A_391_TS,TCGA-86-8669,TCGA-86-8669-01A
2,test,TCGA-86-8669-01A_90_TS,TCGA-86-8669,TCGA-86-8669-01A
2,test,TCGA-86-A456-01A_399_TS,TCGA-86-A456,TCGA-86-A456-01A
2,test,TCGA-91-6829-01A_650_TS,TCGA-91-6829,TCGA-91-6829-01A
2,test,TCGA-91-6830-01A_766_TS,TCGA-91-6830,TCGA-91-6830-01A
2,test,TCGA-91-6830-01A_767_TS,TCGA-91-6830,TCGA-91-6830-01A
2,test,TCGA-91-6847-01A_409_TS,TCGA-91-6847,TCGA-91-6847-01A
2,test,TCGA-91-6847-01A_800_TS,TCGA-91-6847,TCGA-91-6847-01A
2,test,TCGA-91-8496-01A_186_TS,TCGA-91-8496,TCGA-91-8496-01A
2,test,TCGA-91-8496-01A_85_TS,TCGA-91-8496,TCGA-91-8496-01A
2,test,TCGA-93-7348-01A_594_TS,TCGA-93-7348,TCGA-93-7348-01A
2,test,TCGA-93-A4JP-01A_659_TS,TCGA-93-A4JP,TCGA-93-A4JP-01A
2,test,TCGA-95-7039-01A_216_TS,TCGA-95-7039,TCGA-95-7039-01A
2,test,TCGA-95-7039-01A_415_TS,TCGA-95-7039,TCGA-95-7039-01A
2,test,TCGA-95-7944-01A_117_TS,TCGA-95-7944,TCGA-95-7944-01A
2,test,TCGA-95-8494-01A_304_TS,TCGA-95-8494,TCGA-95-8494-01A
2,test,TCGA-97-7547-01A_82_TS,TCGA-97-7547,TCGA-97-7547-01A
2,test,TCGA-97-7941-01A_448_TS,TCGA-97-7941,TCGA-97-7941-01A
2,test,TCGA-97-8175-01A_454_TS,TCGA-97-8175,TCGA-97-8175-01A
2,test,TCGA-97-8547-01A_452_TS,TCGA-97-8547,TCGA-97-8547-01A
2,test,TCGA-97-A4M1-01A_510_TS,TCGA-97-A4M1,TCGA-97-A4M1-01A
2,test,TCGA-97-A4M6-01A_353_TS,TCGA-97-A4M6,TCGA-97-A4M6-01A
2,test,TCGA-99-7458-01A_202_TS,TCGA-99-7458,TCGA-99-7458-01A
2,test,TCGA-99-7458-01A_404_TS,TCGA-99-7458,TCGA-99-7458-01A
2,test,TCGA-99-8032-01A_195_TS,TCGA-99-8032,TCGA-99-8032-01A
2,test,TCGA-J2-A4AE-01A_485_TS,TCGA-J2-A4AE,TCGA-J2-A4AE-01A
2,test,TCGA-L9-A444-01A_66_TS,TCGA-L9-A444,TCGA-L9-A444-01A
2,test,TCGA-L9-A7SV-01A_764_TS,TCGA-L9-A7SV,TCGA-L9-A7SV-01A
2,test,TCGA-MN-A4N5-01A_242_TS,TCGA-MN-A4N5,TCGA-MN-A4N5-01A
2,test,TCGA-MP-A4T4-01A_253_TS,TCGA-MP-A4T4,TCGA-MP-A4T4-01A
2,test,TCGA-MP-A4T9-01A_291_TS,TCGA-MP-A4T9,TCGA-MP-A4T9-01A
2,test,TCGA-MP-A4TE-01A_507_TS,TCGA-MP-A4TE,TCGA-MP-A4TE-01A
2,test,TCGA-MP-A4TJ-01A_794_TS,TCGA-MP-A4TJ,TCGA-MP-A4TJ-01A
2,test,TCGA-NJ-A4YI-01A_661_TS,TCGA-NJ-A4YI,TCGA-NJ-A4YI-01A
2,test,TCGA-NJ-A55O-01A_201_TS,TCGA-NJ-A55O,TCGA-NJ-A55O-01A
2,test,TCGA-S2-AA1A-01A_355_TS,TCGA-S2-AA1A,TCGA-S2-AA1A-01A
2,train,TCGA-05-4249-01A_172_TS,TCGA-05-4249,TCGA-05-4249-01A
2,train,TCGA-05-4249-01A_367_TS,TCGA-05-4249,TCGA-05-4249-01A
2,train,TCGA-05-4250-01A_462_TS,TCGA-05-4250,TCGA-05-4250-01A
2,train,TCGA-05-4250-01A_502_TS,TCGA-05-4250,TCGA-05-4250-01A
2,train,TCGA-05-4389-01A_108_TS,TCGA-05-4389,TCGA-05-4389-01A
2,train,TCGA-05-4389-01A_317_TS,TCGA-05-4389,TCGA-05-4389-01A
2,train,TCGA-05-4395-01A_303_TS,TCGA-05-4395,TCGA-05-4395-01A
2,train,TCGA-05-4395-01A_305_TS,TCGA-05-4395,TCGA-05-4395-01A
2,train,TCGA-05-4398-01A_260_TS,TCGA-05-4398,TCGA-05-4398-01A
2,train,TCGA-05-4398-01A_44_TS,TCGA-05-4398,TCGA-05-4398-01A
2,train,TCGA-05-4402-01A_146_TS,TCGA-05-4402,TCGA-05-4402-01A
2,train,TCGA-05-4402-01A_726_TS,TCGA-05-4402,TCGA-05-4402-01A
2,train,TCGA-05-4410-01A_15_TS,TCGA-05-4410,TCGA-05-4410-01A
2,train,TCGA-05-4410-01A_231_TS,TCGA-05-4410,TCGA-05-4410-01A
2,train,TCGA-05-4415-01A_551_TS,TCGA-05-4415,TCGA-05-4415-01A
2,train,TCGA-05-4415-01A_552_TS,TCGA-05-4415,TCGA-05-4415-01A
2,train,TCGA-05-4420-01A_164_TS,TCGA-05-4420,TCGA-05-4420-01A
2,train,TCGA-05-4420-01A_50_TS,TCGA-05-4420,TCGA-05-4420-01A
2,train,TCGA-05-4422-01A_369_TS,TCGA-05-4422,TCGA-05-4422-01A
2,train,TCGA-05-4422-01A_671_TS,TCGA-05-4422,TCGA-05-4422-01A
2,train,TCGA-05-4426-01A_259_TS,TCGA-05-4426,TCGA-05-4426-01A
2,train,TCGA-05-4426-01A_42_TS,TCGA-05-4426,TCGA-05-4426-01A
2,train,TCGA-05-4427-01A_233_TS,TCGA-05-4427,TCGA-05-4427-01A
2,train,TCGA-05-4427-01A_729_TS,TCGA-05-4427,TCGA-05-4427-01A
2,train,TCGA-05-4433-01A_416_TS,TCGA-05-4433,TCGA-05-4433-01A
2,train,TCGA-05-4433-01A_806_TS,TCGA-05-4433,TCGA-05-4433-01A
2,train,TCGA-05-4434-01A_140_TS,TCGA-05-4434,TCGA-05-4434-01A
2,train,TCGA-05-4434-01A_641_TS,TCGA-05-4434,TCGA-05-4434-01A
2,train,TCGA-05-5425-01A_318_TS,TCGA-05-5425,TCGA-05-5425-01A
2,train,TCGA-05-5425-01A_687_TS,TCGA-05-5425,TCGA-05-5425-01A
2,train,TCGA-05-5428-01A_169_TS,TCGA-05-5428,TCGA-05-5428-01A
2,train,TCGA-05-5428-01A_366_TS,TCGA-05-5428,TCGA-05-5428-01A
2,train,TCGA-35-3615-01A_598_TS,TCGA-35-3615,TCGA-35-3615-01A
2,train,TCGA-35-3615-01A_599_TS,TCGA-35-3615,TCGA-35-3615-01A
2,train,TCGA-35-4122-01A_168_TS,TCGA-35-4122,TCGA-35-4122-01A
2,train,TCGA-35-4122-01A_747_TS,TCGA-35-4122,TCGA-35-4122-01A
2,train,TCGA-38-4625-01A_153_TS,TCGA-38-4625,TCGA-38-4625-01A
2,train,TCGA-38-4625-01A_26_TS,TCGA-38-4625,TCGA-38-4625-01A
2,train,TCGA-38-4626-01A_31_TS,TCGA-38-4626,TCGA-38-4626-01A
2,train,TCGA-38-4626-01A_653_TS,TCGA-38-4626,TCGA-38-4626-01A
2,train,TCGA-38-4629-01A_226_TS,TCGA-38-4629,TCGA-38-4629-01A
2,train,TCGA-38-4629-01A_636_TS,TCGA-38-4629,TCGA-38-4629-01A
2,train,TCGA-38-4630-01A_125_TS,TCGA-38-4630,TCGA-38-4630-01A
2,train,TCGA-38-4630-01A_700_TS,TCGA-38-4630,TCGA-38-4630-01A
2,train,TCGA-38-6178-01A_139_TS,TCGA-38-6178,TCGA-38-6178-01A
2,train,TCGA-38-6178-01A_338_TS,TCGA-38-6178,TCGA-38-6178-01A
2,train,TCGA-44-2655-01A_631_TS,TCGA-44-2655,TCGA-44-2655-01A
2,train,TCGA-44-2655-01A_740_TS,TCGA-44-2655,TCGA-44-2655-01A
2,train,TCGA-44-2656-01A_173_TS,TCGA-44-2656,TCGA-44-2656-01A
2,train,TCGA-44-2656-01A_177_TS,TCGA-44-2656,TCGA-44-2656-01A
2,train,TCGA-44-2656-01A_270_TS,TCGA-44-2656,TCGA-44-2656-01A
2,train,TCGA-44-2656-01A_59_TS,TCGA-44-2656,TCGA-44-2656-01A
2,train,TCGA-44-2661-01A_627_TS,TCGA-44-2661,TCGA-44-2661-01A
2,train,TCGA-44-2661-01A_702_TS,TCGA-44-2661,TCGA-44-2661-01A
2,train,TCGA-44-2662-01A_538_TS,TCGA-44-2662,TCGA-44-2662-01A
2,train,TCGA-44-2662-01A_539_TS,TCGA-44-2662,TCGA-44-2662-01A
2,train,TCGA-44-2666-01A_481_TS,TCGA-44-2666,TCGA-44-2666-01A
2,train,TCGA-44-2666-01A_584_TS,TCGA-44-2666,TCGA-44-2666-01A
2,train,TCGA-44-2666-01A_587_TS,TCGA-44-2666,TCGA-44-2666-01A
2,train,TCGA-44-3398-01A_438_TS,TCGA-44-3398,TCGA-44-3398-01A
2,train,TCGA-44-3398-01A_442_TS,TCGA-44-3398,TCGA-44-3398-01A
2,train,TCGA-44-3917-01A_149_TS,TCGA-44-3917,TCGA-44-3917-01A
2,train,TCGA-44-3917-01A_649_TS,TCGA-44-3917,TCGA-44-3917-01A
2,train,TCGA-44-5643-01A_156_TS,TCGA-44-5643,TCGA-44-5643-01A
2,train,TCGA-44-5643-01A_35_TS,TCGA-44-5643,TCGA-44-5643-01A
2,train,TCGA-44-5645-01A_474_TS,TCGA-44-5645,TCGA-44-5645-01A
2,train,TCGA-44-5645-01A_578_TS,TCGA-44-5645,TCGA-44-5645-01A
2,train,TCGA-44-5645-01A_581_TS,TCGA-44-5645,TCGA-44-5645-01A
2,train,TCGA-44-6145-01A_676_TS,TCGA-44-6145,TCGA-44-6145-01A
2,train,TCGA-44-6145-01A_678_TS,TCGA-44-6145,TCGA-44-6145-01A
2,train,TCGA-44-6146-01A_10_TS,TCGA-44-6146,TCGA-44-6146-01A
2,train,TCGA-44-6146-01A_637_TS,TCGA-44-6146,TCGA-44-6146-01A
2,train,TCGA-44-6146-01A_640_TS,TCGA-44-6146,TCGA-44-6146-01A
2,train,TCGA-44-6774-01A_743_TS,TCGA-44-6774,TCGA-44-6774-01A
2,train,TCGA-44-6777-01A_159_TS,TCGA-44-6777,TCGA-44-6777-01A
2,train,TCGA-44-6777-01A_737_TS,TCGA-44-6777,TCGA-44-6777-01A
2,train,TCGA-44-6778-01A_75_TS,TCGA-44-6778,TCGA-44-6778-01A
2,train,TCGA-44-6778-01A_768_TS,TCGA-44-6778,TCGA-44-6778-01A
2,train,TCGA-44-7660-01A_113_TS,TCGA-44-7660,TCGA-44-7660-01A
2,train,TCGA-44-7660-01A_321_TS,TCGA-44-7660,TCGA-44-7660-01A
2,train,TCGA-44-7661-01A_219_TS,TCGA-44-7661,TCGA-44-7661-01A
2,train,TCGA-44-7661-01A_632_TS,TCGA-44-7661,TCGA-44-7661-01A
2,train,TCGA-44-7667-01A_784_TS,TCGA-44-7667,TCGA-44-7667-01A
2,train,TCGA-44-7671-01A_363_TS,TCGA-44-7671,TCGA-44-7671-01A
2,train,TCGA-44-7671-01A_669_TS,TCGA-44-7671,TCGA-44-7671-01A
2,train,TCGA-44-7672-01A_361_TS,TCGA-44-7672,TCGA-44-7672-01A
2,train,TCGA-44-7672-01A_745_TS,TCGA-44-7672,TCGA-44-7672-01A
2,train,TCGA-44-A479-01A_199_TS,TCGA-44-A479,TCGA-44-A479-01A
2,train,TCGA-44-A47A-01A_306_TS,TCGA-44-A47A,TCGA-44-A47A-01A
2,train,TCGA-44-A4SS-01A_614_TS,TCGA-44-A4SS,TCGA-44-A4SS-01A
2,train,TCGA-44-A4SU-01A_508_TS,TCGA-44-A4SU,TCGA-44-A4SU-01A
2,train,TCGA-49-4486-01A_375_TS,TCGA-49-4486,TCGA-49-4486-01A
2,train,TCGA-49-4486-01A_771_TS,TCGA-49-4486,TCGA-49-4486-01A
2,train,TCGA-49-4487-01A_439_TS,TCGA-49-4487,TCGA-49-4487-01A
2,train,TCGA-49-4487-01A_506_TS,TCGA-49-4487,TCGA-49-4487-01A
2,train,TCGA-49-4494-01A_524_TS,TCGA-49-4494,TCGA-49-4494-01A
2,train,TCGA-49-4494-01A_525_TS,TCGA-49-4494,TCGA-49-4494-01A
2,train,TCGA-49-4501-01A_143_TS,TCGA-49-4501,TCGA-49-4501-01A
2,train,TCGA-49-4501-01A_723_TS,TCGA-49-4501,TCGA-49-4501-01A
2,train,TCGA-49-4507-01A_758_TS,TCGA-49-4507,TCGA-49-4507-01A
2,train,TCGA-49-4507-01A_759_TS,TCGA-49-4507,TCGA-49-4507-01A
2,train,TCGA-49-4510-01A_422_TS,TCGA-49-4510,TCGA-49-4510-01A
2,train,TCGA-49-4510-01A_431_TS,TCGA-49-4510,TCGA-49-4510-01A
2,train,TCGA-49-6744-01A_28_TS,TCGA-49-6744,TCGA-49-6744-01A
2,train,TCGA-49-6744-01A_733_TS,TCGA-49-6744,TCGA-49-6744-01A
2,train,TCGA-49-6745-01A_697_TS,TCGA-49-6745,TCGA-49-6745-01A
2,train,TCGA-49-6745-01A_698_TS,TCGA-49-6745,TCGA-49-6745-01A
2,train,TCGA-49-AAR0-01A_261_TS,TCGA-49-AAR0,TCGA-49-AAR0-01A
2,train,TCGA-49-AAR3-01A_769_TS,TCGA-49-AAR3,TCGA-49-AAR3-01A
2,train,TCGA-49-AARE-01A_547_TS,TCGA-49-AARE,TCGA-49-AARE-01A
2,train,TCGA-49-AARN-01A_204_TS,TCGA-49-AARN,TCGA-49-AARN-01A
2,train,TCGA-4B-A93V-01A_458_TS,TCGA-4B-A93V,TCGA-4B-A93V-01A
2,train,TCGA-50-5045-01A_320_TS,TCGA-50-5045,TCGA-50-5045-01A
2,train,TCGA-50-5045-01A_804_TS,TCGA-50-5045,TCGA-50-5045-01A
2,train,TCGA-50-5049-01A_206_TS,TCGA-50-5049,TCGA-50-5049-01A
2,train,TCGA-50-5049-01A_207_TS,TCGA-50-5049,TCGA-50-5049-01A
2,train,TCGA-50-5066-01A_258_TS,TCGA-50-5066,TCGA-50-5066-01A
2,train,TCGA-50-5066-01A_41_TS,TCGA-50-5066,TCGA-50-5066-01A
2,train,TCGA-50-5068-01A_178_TS,TCGA-50-5068,TCGA-50-5068-01A
2,train,TCGA-50-5068-01A_73_TS,TCGA-50-5068,TCGA-50-5068-01A
2,train,TCGA-50-5931-01A_155_TS,TCGA-50-5931,TCGA-50-5931-01A
2,train,TCGA-50-5931-01A_348_TS,TCGA-50-5931,TCGA-50-5931-01A
2,train,TCGA-50-5932-01A_327_TS,TCGA-50-5932,TCGA-50-5932-01A
2,train,TCGA-50-5932-01A_328_TS,TCGA-50-5932,TCGA-50-5932-01A
2,train,TCGA-50-5936-01A_602_TS,TCGA-50-5936,TCGA-50-5936-01A
2,train,TCGA-50-5936-01A_603_TS,TCGA-50-5936,TCGA-50-5936-01A
2,train,TCGA-50-5939-01A_133_TS,TCGA-50-5939,TCGA-50-5939-01A
2,train,TCGA-50-5939-01A_718_TS,TCGA-50-5939,TCGA-50-5939-01A
2,train,TCGA-50-5942-01A_193_TS,TCGA-50-5942,TCGA-50-5942-01A
2,train,TCGA-50-6590-01A_148_TS,TCGA-50-6590,TCGA-50-6590-01A
2,train,TCGA-50-6590-01A_343_TS,TCGA-50-6590,TCGA-50-6590-01A
2,train,TCGA-50-6591-01A_106_TS,TCGA-50-6591,TCGA-50-6591-01A
2,train,TCGA-50-6591-01A_316_TS,TCGA-50-6591,TCGA-50-6591-01A
2,train,TCGA-50-6594-01A_311_TS,TCGA-50-6594,TCGA-50-6594-01A
2,train,TCGA-50-6594-01A_97_TS,TCGA-50-6594,TCGA-50-6594-01A
2,train,TCGA-50-6595-01A_394_TS,TCGA-50-6595,TCGA-50-6595-01A
2,train,TCGA-50-6595-01A_781_TS,TCGA-50-6595,TCGA-50-6595-01A
2,train,TCGA-50-7109-01A_307_TS,TCGA-50-7109,TCGA-50-7109-01A
2,train,TCGA-50-7109-01A_783_TS,TCGA-50-7109,TCGA-50-7109-01A
2,train,TCGA-50-8457-01A_561_TS,TCGA-50-8457,TCGA-50-8457-01A
2,train,TCGA-50-8457-01A_562_TS,TCGA-50-8457,TCGA-50-8457-01A
2,train,TCGA-53-7624-01A_71_TS,TCGA-53-7624,TCGA-53-7624-01A
2,train,TCGA-53-7624-01A_763_TS,TCGA-53-7624,TCGA-53-7624-01A
2,train,TCGA-53-7626-01A_559_TS,TCGA-53-7626,TCGA-53-7626-01A
2,train,TCGA-53-7626-01A_560_TS,TCGA-53-7626,TCGA-53-7626-01A
2,train,TCGA-55-1595-01A_122_TS,TCGA-55-1595,TCGA-55-1595-01A
2,train,TCGA-55-1595-01A_124_TS,TCGA-55-1595,TCGA-55-1595-01A
2,train,TCGA-55-1596-01A_329_TS,TCGA-55-1596,TCGA-55-1596-01A
2,train,TCGA-55-1596-01A_331_TS,TCGA-55-1596,TCGA-55-1596-01A
2,train,TCGA-55-6712-01A_456_TS,TCGA-55-6712,TCGA-55-6712-01A
2,train,TCGA-55-6712-01A_497_TS,TCGA-55-6712,TCGA-55-6712-01A
2,train,TCGA-55-6969-01A_566_TS,TCGA-55-6969,TCGA-55-6969-01A
2,train,TCGA-55-6969-01A_567_TS,TCGA-55-6969,TCGA-55-6969-01A
2,train,TCGA-55-6972-01A_520_TS,TCGA-55-6972,TCGA-55-6972-01A
2,train,TCGA-55-6975-01A_799_TS,TCGA-55-6975,TCGA-55-6975-01A
2,train,TCGA-55-6978-01A_272_TS,TCGA-55-6978,TCGA-55-6978-01A
2,train,TCGA-55-6978-01A_58_TS,TCGA-55-6978,TCGA-55-6978-01A
2,train,TCGA-55-6979-01A_225_TS,TCGA-55-6979,TCGA-55-6979-01A
2,train,TCGA-55-6979-01A_227_TS,TCGA-55-6979,TCGA-55-6979-01A
2,train,TCGA-55-6985-01A_592_TS,TCGA-55-6985,TCGA-55-6985-01A
2,train,TCGA-55-6986-01A_339_TS,TCGA-55-6986,TCGA-55-6986-01A
2,train,TCGA-55-7283-01A_542_TS,TCGA-55-7283,TCGA-55-7283-01A
2,train,TCGA-55-7576-01A_145_TS,TCGA-55-7576,TCGA-55-7576-01A
2,train,TCGA-55-7816-01A_761_TS,TCGA-55-7816,TCGA-55-7816-01A
2,train,TCGA-55-7903-01A_388_TS,TCGA-55-7903,TCGA-55-7903-01A
2,train,TCGA-55-7910-01A_449_TS,TCGA-55-7910,TCGA-55-7910-01A
2,train,TCGA-55-7910-01A_450_TS,TCGA-55-7910,TCGA-55-7910-01A
2,train,TCGA-55-7914-01A_121_TS,TCGA-55-7914,TCGA-55-7914-01A
2,train,TCGA-55-7994-01A_187_TS,TCGA-55-7994,TCGA-55-7994-01A
2,train,TCGA-55-7994-01A_188_TS,TCGA-55-7994,TCGA-55-7994-01A
2,train,TCGA-55-8085-01A_775_TS,TCGA-55-8085,TCGA-55-8085-01A
2,train,TCGA-55-8091-01A_699_TS,TCGA-55-8091,TCGA-55-8091-01A
2,train,TCGA-55-8094-01A_189_TS,TCGA-55-8094,TCGA-55-8094-01A
2,train,TCGA-55-8203-01A_16_TS,TCGA-55-8203,TCGA-55-8203-01A
2,train,TCGA-55-8204-01A_298_TS,TCGA-55-8204,TCGA-55-8204-01A
2,train,TCGA-55-8207-01A_724_TS,TCGA-55-8207,TCGA-55-8207-01A
2,train,TCGA-55-8208-01A_390_TS,TCGA-55-8208,TCGA-55-8208-01A
2,train,TCGA-55-8302-01A_396_TS,TCGA-55-8302,TCGA-55-8302-01A
2,train,TCGA-55-8505-01A_420_TS,TCGA-55-8505,TCGA-55-8505-01A
2,train,TCGA-55-8508-01A_426_TS,TCGA-55-8508,TCGA-55-8508-01A
2,train,TCGA-55-8510-01A_788_TS,TCGA-55-8510,TCGA-55-8510-01A
2,train,TCGA-55-8513-01A_214_TS,TCGA-55-8513,TCGA-55-8513-01A
2,train,TCGA-55-8514-01A_299_TS,TCGA-55-8514,TCGA-55-8514-01A
2,train,TCGA-55-8616-01A_444_TS,TCGA-55-8616,TCGA-55-8616-01A
2,train,TCGA-55-8619-01A_326_TS,TCGA-55-8619,TCGA-55-8619-01A
2,train,TCGA-55-A48X-01A_357_TS,TCGA-55-A48X,TCGA-55-A48X-01A
2,train,TCGA-55-A48Y-01A_234_TS,TCGA-55-A48Y,TCGA-55-A48Y-01A
2,train,TCGA-55-A491-01A_112_TS,TCGA-55-A491,TCGA-55-A491-01A
2,train,TCGA-55-A492-01A_744_TS,TCGA-55-A492,TCGA-55-A492-01A
2,train,TCGA-55-A4DF-01A_160_TS,TCGA-55-A4DF,TCGA-55-A4DF-01A
2,train,TCGA-55-A4DG-01A_165_TS,TCGA-55-A4DG,TCGA-55-A4DG-01A
2,train,TCGA-62-8395-01A_379_TS,TCGA-62-8395,TCGA-62-8395-01A
2,train,TCGA-62-8395-01A_773_TS,TCGA-62-8395,TCGA-62-8395-01A
2,train,TCGA-62-8398-01A_249_TS,TCGA-62-8398,TCGA-62-8398-01A
2,train,TCGA-62-8398-01A_40_TS,TCGA-62-8398,TCGA-62-8398-01A
2,train,TCGA-62-8402-01A_54_TS,TCGA-62-8402,TCGA-62-8402-01A
2,train,TCGA-62-A46O-01A_571_TS,TCGA-62-A46O,TCGA-62-A46O-01A
2,train,TCGA-62-A46U-01A_782_TS,TCGA-62-A46U,TCGA-62-A46U-01A
2,train,TCGA-62-A46V-01A_500_TS,TCGA-62-A46V,TCGA-62-A46V-01A
2,train,TCGA-62-A471-01A_644_TS,TCGA-62-A471,TCGA-62-A471-01A
2,train,TCGA-62-A472-01A_484_TS,TCGA-62-A472,TCGA-62-A472-01A
2,train,TCGA-64-1678-01A_433_TS,TCGA-64-1678,TCGA-64-1678-01A
2,train,TCGA-64-1678-01A_434_TS,TCGA-64-1678,TCGA-64-1678-01A
2,train,TCGA-64-1679-01A_309_TS,TCGA-64-1679,TCGA-64-1679-01A
2,train,TCGA-64-1679-01A_98_TS,TCGA-64-1679,TCGA-64-1679-01A
2,train,TCGA-64-5774-01A_505_TS,TCGA-64-5774,TCGA-64-5774-01A
2,train,TCGA-64-5774-01A_618_TS,TCGA-64-5774,TCGA-64-5774-01A
2,train,TCGA-64-5775-01A_337_TS,TCGA-64-5775,TCGA-64-5775-01A
2,train,TCGA-64-5775-01A_719_TS,TCGA-64-5775,TCGA-64-5775-01A
2,train,TCGA-64-5781-01A_166_TS,TCGA-64-5781,TCGA-64-5781-01A
2,train,TCGA-64-5781-01A_362_TS,TCGA-64-5781,TCGA-64-5781-01A
2,train,TCGA-64-5815-01A_208_TS,TCGA-64-5815,TCGA-64-5815-01A
2,train,TCGA-64-5815-01A_209_TS,TCGA-64-5815,TCGA-64-5815-01A
2,train,TCGA-67-3773-01A_22_TS,TCGA-67-3773,TCGA-67-3773-01A
2,train,TCGA-67-3773-01A_645_TS,TCGA-67-3773,TCGA-67-3773-01A
2,train,TCGA-67-3774-01A_39_TS,TCGA-67-3774,TCGA-67-3774-01A
2,train,TCGA-67-3774-01A_664_TS,TCGA-67-3774,TCGA-67-3774-01A
2,train,TCGA-67-6216-01A_540_TS,TCGA-67-6216,TCGA-67-6216-01A
2,train,TCGA-67-6216-01A_541_TS,TCGA-67-6216,TCGA-67-6216-01A
2,train,TCGA-67-6217-01A_123_TS,TCGA-67-6217,TCGA-67-6217-01A
2,train,TCGA-67-6217-01A_694_TS,TCGA-67-6217,TCGA-67-6217-01A
2,train,TCGA-69-7765-01A_464_TS,TCGA-69-7765,TCGA-69-7765-01A
2,train,TCGA-69-7765-01A_617_TS,TCGA-69-7765,TCGA-69-7765-01A
2,train,TCGA-69-7973-01A_577_TS,TCGA-69-7973,TCGA-69-7973-01A
2,train,TCGA-69-7974-01A_53_TS,TCGA-69-7974,TCGA-69-7974-01A
2,train,TCGA-69-7980-01A_323_TS,TCGA-69-7980,TCGA-69-7980-01A
2,train,TCGA-69-8253-01A_368_TS,TCGA-69-8253,TCGA-69-8253-01A
2,train,TCGA-69-8453-01A_217_TS,TCGA-69-8453,TCGA-69-8453-01A
2,train,TCGA-69-A59K-01A_779_TS,TCGA-69-A59K,TCGA-69-A59K-01A
2,train,TCGA-71-6725-01A_275_TS,TCGA-71-6725,TCGA-71-6725-01A
2,train,TCGA-71-6725-01A_750_TS,TCGA-71-6725,TCGA-71-6725-01A
2,train,TCGA-73-4659-01A_543_TS,TCGA-73-4659,TCGA-73-4659-01A
2,train,TCGA-73-4659-01A_544_TS,TCGA-73-4659,TCGA-73-4659-01A
2,train,TCGA-73-4662-01A_55_TS,TCGA-73-4662,TCGA-73-4662-01A
2,train,TCGA-73-4662-01A_666_TS,TCGA-73-4662,TCGA-73-4662-01A
2,train,TCGA-73-4670-01A_4_TS,TCGA-73-4670,TCGA-73-4670-01A
2,train,TCGA-73-4670-01A_708_TS,TCGA-73-4670,TCGA-73-4670-01A
2,train,TCGA-73-4675-01A_457_TS,TCGA-73-4675,TCGA-73-4675-01A
2,train,TCGA-73-4675-01A_608_TS,TCGA-73-4675,TCGA-73-4675-01A
2,train,TCGA-73-7498-01A_633_TS,TCGA-73-7498,TCGA-73-7498-01A
2,train,TCGA-73-7498-01A_634_TS,TCGA-73-7498,TCGA-73-7498-01A
2,train,TCGA-73-7499-01A_302_TS,TCGA-73-7499,TCGA-73-7499-01A
2,train,TCGA-73-7499-01A_680_TS,TCGA-73-7499,TCGA-73-7499-01A
2,train,TCGA-75-5126-01A_400_TS,TCGA-75-5126,TCGA-75-5126-01A
2,train,TCGA-75-5126-01A_402_TS,TCGA-75-5126,TCGA-75-5126-01A
2,train,TCGA-75-5146-01A_246_TS,TCGA-75-5146,TCGA-75-5146-01A
2,train,TCGA-75-5146-01A_652_TS,TCGA-75-5146,TCGA-75-5146-01A
2,train,TCGA-75-6206-01A_517_TS,TCGA-75-6206,TCGA-75-6206-01A
2,train,TCGA-75-6207-01A_377_TS,TCGA-75-6207,TCGA-75-6207-01A
2,train,TCGA-75-6207-01A_77_TS,TCGA-75-6207,TCGA-75-6207-01A
2,train,TCGA-75-6211-01A_247_TS,TCGA-75-6211,TCGA-75-6211-01A
2,train,TCGA-75-6211-01A_655_TS,TCGA-75-6211,TCGA-75-6211-01A
2,train,TCGA-75-7025-01A_385_TS,TCGA-75-7025,TCGA-75-7025-01A
2,train,TCGA-75-7030-01A_479_TS,TCGA-75-7030,TCGA-75-7030-01A
2,train,TCGA-75-7030-01A_582_TS,TCGA-75-7030,TCGA-75-7030-01A
2,train,TCGA-75-7031-01A_753_TS,TCGA-75-7031,TCGA-75-7031-01A
2,train,TCGA-75-7031-01A_754_TS,TCGA-75-7031,TCGA-75-7031-01A
2,train,TCGA-78-7146-01A_437_TS,TCGA-78-7146,TCGA-78-7146-01A
2,train,TCGA-78-7146-01A_504_TS,TCGA-78-7146,TCGA-78-7146-01A
2,train,TCGA-78-7147-01A_487_TS,TCGA-78-7147,TCGA-78-7147-01A
2,train,TCGA-78-7147-01A_595_TS,TCGA-78-7147,TCGA-78-7147-01A
2,train,TCGA-78-7152-01A_417_TS,TCGA-78-7152,TCGA-78-7152-01A
2,train,TCGA-78-7152-01A_809_TS,TCGA-78-7152,TCGA-78-7152-01A
2,train,TCGA-78-7153-01A_514_TS,TCGA-78-7153,TCGA-78-7153-01A
2,train,TCGA-78-7153-01A_515_TS,TCGA-78-7153,TCGA-78-7153-01A
2,train,TCGA-78-7156-01A_684_TS,TCGA-78-7156,TCGA-78-7156-01A
2,train,TCGA-78-7156-01A_89_TS,TCGA-78-7156,TCGA-78-7156-01A
2,train,TCGA-78-7158-01A_282_TS,TCGA-78-7158,TCGA-78-7158-01A
2,train,TCGA-78-7158-01A_68_TS,TCGA-78-7158,TCGA-78-7158-01A
2,train,TCGA-78-7161-01A_789_TS,TCGA-78-7161,TCGA-78-7161-01A
2,train,TCGA-78-7161-01A_93_TS,TCGA-78-7161,TCGA-78-7161-01A
2,train,TCGA-78-7163-01A_374_TS,TCGA-78-7163,TCGA-78-7163-01A
2,train,TCGA-78-7163-01A_76_TS,TCGA-78-7163,TCGA-78-7163-01A
2,train,TCGA-78-7536-01A_469_TS,TCGA-78-7536,TCGA-78-7536-01A
2,train,TCGA-78-7536-01A_576_TS,TCGA-78-7536,TCGA-78-7536-01A
2,train,TCGA-78-7537-01A_185_TS,TCGA-78-7537,TCGA-78-7537-01A
2,train,TCGA-78-7537-01A_674_TS,TCGA-78-7537,TCGA-78-7537-01A
2,train,TCGA-78-7542-01A_488_TS,TCGA-78-7542,TCGA-78-7542-01A
2,train,TCGA-78-7633-01A_229_TS,TCGA-78-7633,TCGA-78-7633-01A
2,train,TCGA-78-7633-01A_230_TS,TCGA-78-7633,TCGA-78-7633-01A
2,train,TCGA-78-8640-01A_244_TS,TCGA-78-8640,TCGA-78-8640-01A
2,train,TCGA-78-8660-01A_748_TS,TCGA-78-8660,TCGA-78-8660-01A
2,train,TCGA-78-8662-01A_351_TS,TCGA-78-8662,TCGA-78-8662-01A
2,train,TCGA-78-8662-01A_732_TS,TCGA-78-8662,TCGA-78-8662-01A
2,train,TCGA-80-5611-01A_118_TS,TCGA-80-5611,TCGA-80-5611-01A
2,train,TCGA-86-7701-01A_111_TS,TCGA-86-7701,TCGA-86-7701-01A
2,train,TCGA-86-7701-01A_803_TS,TCGA-86-7701,TCGA-86-7701-01A
2,train,TCGA-86-7711-01A_213_TS,TCGA-86-7711,TCGA-86-7711-01A
2,train,TCGA-86-7711-01A_797_TS,TCGA-86-7711,TCGA-86-7711-01A
2,train,TCGA-86-7953-01A_69_TS,TCGA-86-7953,TCGA-86-7953-01A
2,train,TCGA-86-7953-01A_70_TS,TCGA-86-7953,TCGA-86-7953-01A
2,train,TCGA-86-7954-01A_648_TS,TCGA-86-7954,TCGA-86-7954-01A
2,train,TCGA-86-7954-01A_730_TS,TCGA-86-7954,TCGA-86-7954-01A
2,train,TCGA-86-8056-01A_668_TS,TCGA-86-8056,TCGA-86-8056-01A
2,train,TCGA-86-8056-01A_670_TS,TCGA-86-8056,TCGA-86-8056-01A
2,train,TCGA-86-8073-01A_545_TS,TCGA-86-8073,TCGA-86-8073-01A
2,train,TCGA-86-8073-01A_546_TS,TCGA-86-8073,TCGA-86-8073-01A
2,train,TCGA-86-8278-01A_116_TS,TCGA-86-8278,TCGA-86-8278-01A
2,train,TCGA-86-8278-01A_808_TS,TCGA-86-8278,TCGA-86-8278-01A
2,train,TCGA-86-8279-01A_657_TS,TCGA-86-8279,TCGA-86-8279-01A
2,train,TCGA-86-8280-01A_574_TS,TCGA-86-8280,TCGA-86-8280-01A
2,train,TCGA-86-8280-01A_575_TS,TCGA-86-8280,TCGA-86-8280-01A
2,train,TCGA-86-8359-01A_393_TS,TCGA-86-8359,TCGA-86-8359-01A
2,train,TCGA-86-8359-01A_686_TS,TCGA-86-8359,TCGA-86-8359-01A
2,train,TCGA-86-8585-01A_257_TS,TCGA-86-8585,TCGA-86-8585-01A
2,train,TCGA-86-8585-01A_738_TS,TCGA-86-8585,TCGA-86-8585-01A
2,train,TCGA-86-8671-01A_518_TS,TCGA-86-8671,TCGA-86-8671-01A
2,train,TCGA-86-8671-01A_519_TS,TCGA-86-8671,TCGA-86-8671-01A
2,train,TCGA-86-8672-01A_511_TS,TCGA-86-8672,TCGA-86-8672-01A
2,train,TCGA-86-8673-01A_424_TS,TCGA-86-8673,TCGA-86-8673-01A
2,train,TCGA-86-8673-01A_615_TS,TCGA-86-8673,TCGA-86-8673-01A
2,train,TCGA-86-A4JF-01A_586_TS,TCGA-86-A4JF,TCGA-86-A4JF-01A
2,train,TCGA-86-A4P7-01A_210_TS,TCGA-86-A4P7,TCGA-86-A4P7-01A
2,train,TCGA-91-6831-01A_470_TS,TCGA-91-6831,TCGA-91-6831-01A
2,train,TCGA-91-6831-01A_569_TS,TCGA-91-6831,TCGA-91-6831-01A
2,train,TCGA-91-6835-01A_158_TS,TCGA-91-6835,TCGA-91-6835-01A
2,train,TCGA-91-6835-01A_255_TS,TCGA-91-6835,TCGA-91-6835-01A
2,train,TCGA-91-6836-01A_714_TS,TCGA-91-6836,TCGA-91-6836-01A
2,train,TCGA-91-6848-01A_341_TS,TCGA-91-6848,TCGA-91-6848-01A
2,train,TCGA-91-6848-01A_721_TS,TCGA-91-6848,TCGA-91-6848-01A
2,train,TCGA-91-6849-01A_102_TS,TCGA-91-6849,TCGA-91-6849-01A
2,train,TCGA-91-6849-01A_796_TS,TCGA-91-6849,TCGA-91-6849-01A
2,train,TCGA-91-8497-01A_277_TS,TCGA-91-8497,TCGA-91-8497-01A
2,train,TCGA-91-8497-01A_373_TS,TCGA-91-8497,TCGA-91-8497-01A
2,train,TCGA-91-8499-01A_285_TS,TCGA-91-8499,TCGA-91-8499-01A
2,train,TCGA-91-8499-01A_757_TS,TCGA-91-8499,TCGA-91-8499-01A
2,train,TCGA-91-A4BC-01A_600_TS,TCGA-91-A4BC,TCGA-91-A4BC-01A
2,train,TCGA-93-8067-01A_119_TS,TCGA-93-8067,TCGA-93-8067-01A
2,train,TCGA-93-A4JN-01A_107_TS,TCGA-93-A4JN,TCGA-93-A4JN-01A
2,train,TCGA-93-A4JQ-01A_296_TS,TCGA-93-A4JQ,TCGA-93-A4JQ-01A
2,train,TCGA-95-7043-01A_703_TS,TCGA-95-7043,TCGA-95-7043-01A
2,train,TCGA-95-7043-01A_704_TS,TCGA-95-7043,TCGA-95-7043-01A
2,train,TCGA-95-7562-01A_710_TS,TCGA-95-7562,TCGA-95-7562-01A
2,train,TCGA-95-7947-01A_713_TS,TCGA-95-7947,TCGA-95-7947-01A
2,train,TCGA-95-7948-01A_334_TS,TCGA-95-7948,TCGA-95-7948-01A
2,train,TCGA-95-A4VK-01A_557_TS,TCGA-95-A4VK,TCGA-95-A4VK-01A
2,train,TCGA-95-A4VN-01A_47_TS,TCGA-95-A4VN,TCGA-95-A4VN-01A
2,train,TCGA-97-7552-01A_34_TS,TCGA-97-7552,TCGA-97-7552-01A
2,train,TCGA-97-7552-01A_735_TS,TCGA-97-7552,TCGA-97-7552-01A
2,train,TCGA-97-7553-01A_742_TS,TCGA-97-7553,TCGA-97-7553-01A
2,train,TCGA-97-7937-01A_435_TS,TCGA-97-7937,TCGA-97-7937-01A
2,train,TCGA-97-8171-01A_265_TS,TCGA-97-8171,TCGA-97-8171-01A
2,train,TCGA-97-8172-01A_222_TS,TCGA-97-8172,TCGA-97-8172-01A
2,train,TCGA-97-8176-01A_237_TS,TCGA-97-8176,TCGA-97-8176-01A
2,train,TCGA-97-8177-01A_728_TS,TCGA-97-8177,TCGA-97-8177-01A
2,train,TCGA-97-8552-01A_313_TS,TCGA-97-8552,TCGA-97-8552-01A
2,train,TCGA-97-A4LX-01A_591_TS,TCGA-97-A4LX,TCGA-97-A4LX-01A
2,train,TCGA-97-A4M2-01A_263_TS,TCGA-97-A4M2,TCGA-97-A4M2-01A
2,train,TCGA-97-A4M3-01A_74_TS,TCGA-97-A4M3,TCGA-97-A4M3-01A
2,train,TCGA-97-A4M7-01A_523_TS,TCGA-97-A4M7,TCGA-97-A4M7-01A
2,train,TCGA-99-8025-01A_786_TS,TCGA-99-8025,TCGA-99-8025-01A
2,train,TCGA-99-8033-01A_798_TS,TCGA-99-8033,TCGA-99-8033-01A
2,train,TCGA-99-AA5R-01A_558_TS,TCGA-99-AA5R,TCGA-99-AA5R-01A
2,train,TCGA-J2-8192-01A_174_TS,TCGA-J2-8192,TCGA-J2-8192-01A
2,train,TCGA-J2-8192-01A_61_TS,TCGA-J2-8192,TCGA-J2-8192-01A
2,train,TCGA-J2-8194-01A_137_TS,TCGA-J2-8194,TCGA-J2-8194-01A
2,train,TCGA-J2-8194-01A_138_TS,TCGA-J2-8194,TCGA-J2-8194-01A
2,train,TCGA-J2-A4AG-01A_588_TS,TCGA-J2-A4AG,TCGA-J2-A4AG-01A
2,train,TCGA-L4-A4E6-01A_33_TS,TCGA-L4-A4E6,TCGA-L4-A4E6-01A
2,train,TCGA-L9-A50W-01A_688_TS,TCGA-L9-A50W,TCGA-L9-A50W-01A
2,train,TCGA-L9-A5IP-01A_660_TS,TCGA-L9-A5IP,TCGA-L9-A5IP-01A
2,train,TCGA-L9-A8F4-01A_99_TS,TCGA-L9-A8F4,TCGA-L9-A8F4-01A
2,train,TCGA-MN-A4N1-01A_190_TS,TCGA-MN-A4N1,TCGA-MN-A4N1-01A
2,train,TCGA-MP-A4SV-01A_83_TS,TCGA-MP-A4SV,TCGA-MP-A4SV-01A
2,train,TCGA-MP-A4SW-01A_236_TS,TCGA-MP-A4SW,TCGA-MP-A4SW-01A
2,train,TCGA-MP-A4T6-01A_79_TS,TCGA-MP-A4T6,TCGA-MP-A4T6-01A
2,train,TCGA-MP-A4T7-01A_267_TS,TCGA-MP-A4T7,TCGA-MP-A4T7-01A
2,train,TCGA-MP-A4TA-01A_314_TS,TCGA-MP-A4TA,TCGA-MP-A4TA-01A
2,train,TCGA-MP-A4TC-01A_103_TS,TCGA-MP-A4TC,TCGA-MP-A4TC-01A
2,train,TCGA-MP-A4TF-01A_200_TS,TCGA-MP-A4TF,TCGA-MP-A4TF-01A
2,train,TCGA-MP-A4TH-01A_683_TS,TCGA-MP-A4TH,TCGA-MP-A4TH-01A
2,train,TCGA-MP-A4TK-01A_503_TS,TCGA-MP-A4TK,TCGA-MP-A4TK-01A
2,train,TCGA-MP-A5C7-01A_791_TS,TCGA-MP-A5C7,TCGA-MP-A5C7-01A
2,train,TCGA-NJ-A4YP-01A_56_TS,TCGA-NJ-A4YP,TCGA-NJ-A4YP-01A
2,train,TCGA-NJ-A4YQ-01A_278_TS,TCGA-NJ-A4YQ,TCGA-NJ-A4YQ-01A
2,train,TCGA-NJ-A55R-01A_96_TS,TCGA-NJ-A55R,TCGA-NJ-A55R-01A
2,train,TCGA-NJ-A7XG-01A_232_TS,TCGA-NJ-A7XG,TCGA-NJ-A7XG-01A
2,val,TCGA-05-4382-01A_131_TS,TCGA-05-4382,TCGA-05-4382-01A
2,val,TCGA-05-4382-01A_132_TS,TCGA-05-4382,TCGA-05-4382-01A
2,val,TCGA-05-4396-01A_224_TS,TCGA-05-4396,TCGA-05-4396-01A
2,val,TCGA-05-4396-01A_715_TS,TCGA-05-4396,TCGA-05-4396-01A
2,val,TCGA-05-4403-01A_548_TS,TCGA-05-4403,TCGA-05-4403-01A
2,val,TCGA-05-4403-01A_549_TS,TCGA-05-4403,TCGA-05-4403-01A
2,val,TCGA-05-4417-01A_319_TS,TCGA-05-4417,TCGA-05-4417-01A
2,val,TCGA-05-4417-01A_805_TS,TCGA-05-4417,TCGA-05-4417-01A
2,val,TCGA-05-4424-01A_378_TS,TCGA-05-4424,TCGA-05-4424-01A
2,val,TCGA-05-4424-01A_380_TS,TCGA-05-4424,TCGA-05-4424-01A
2,val,TCGA-05-4430-01A_358_TS,TCGA-05-4430,TCGA-05-4430-01A
2,val,TCGA-05-4430-01A_45_TS,TCGA-05-4430,TCGA-05-4430-01A
2,val,TCGA-05-5420-01A_11_TS,TCGA-05-5420,TCGA-05-5420-01A
2,val,TCGA-05-5420-01A_223_TS,TCGA-05-5420,TCGA-05-5420-01A
2,val,TCGA-05-5429-01A_179_TS,TCGA-05-5429,TCGA-05-5429-01A
2,val,TCGA-05-5429-01A_774_TS,TCGA-05-5429,TCGA-05-5429-01A
2,val,TCGA-35-4123-01A_184_TS,TCGA-35-4123,TCGA-35-4123-01A
2,val,TCGA-35-4123-01A_776_TS,TCGA-35-4123,TCGA-35-4123-01A
2,val,TCGA-38-4627-01A_466_TS,TCGA-38-4627,TCGA-38-4627-01A
2,val,TCGA-38-4627-01A_467_TS,TCGA-38-4627,TCGA-38-4627-01A
2,val,TCGA-38-4631-01A_128_TS,TCGA-38-4631,TCGA-38-4631-01A
2,val,TCGA-38-4631-01A_705_TS,TCGA-38-4631,TCGA-38-4631-01A
2,val,TCGA-38-7271-01A_626_TS,TCGA-38-7271,TCGA-38-7271-01A
2,val,TCGA-38-A44F-01A_254_TS,TCGA-38-A44F,TCGA-38-A44F-01A
2,val,TCGA-44-2657-01A_423_TS,TCGA-44-2657,TCGA-44-2657-01A
2,val,TCGA-44-2657-01A_453_TS,TCGA-44-2657,TCGA-44-2657-01A
2,val,TCGA-44-2665-01A_622_TS,TCGA-44-2665,TCGA-44-2665-01A
2,val,TCGA-44-2665-01A_624_TS,TCGA-44-2665,TCGA-44-2665-01A
2,val,TCGA-44-2665-01B_612_TS,TCGA-44-2665,TCGA-44-2665-01B
2,val,TCGA-44-2665-01B_621_TS,TCGA-44-2665,TCGA-44-2665-01B
2,val,TCGA-44-2668-01A_428_TS,TCGA-44-2668,TCGA-44-2668-01A
2,val,TCGA-44-2668-01A_460_TS,TCGA-44-2668,TCGA-44-2668-01A
2,val,TCGA-44-3918-01A_301_TS,TCGA-44-3918,TCGA-44-3918-01A
2,val,TCGA-44-3918-01A_681_TS,TCGA-44-3918,TCGA-44-3918-01A
2,val,TCGA-44-6148-01A_401_TS,TCGA-44-6148,TCGA-44-6148-01A
2,val,TCGA-44-6148-01A_790_TS,TCGA-44-6148,TCGA-44-6148-01A
2,val,TCGA-44-6775-01A_266_TS,TCGA-44-6775,TCGA-44-6775-01A
2,val,TCGA-44-6775-01A_269_TS,TCGA-44-6775,TCGA-44-6775-01A
2,val,TCGA-44-6775-01A_746_TS,TCGA-44-6775,TCGA-44-6775-01A
2,val,TCGA-44-6779-01A_528_TS,TCGA-44-6779,TCGA-44-6779-01A
2,val,TCGA-44-6779-01A_529_TS,TCGA-44-6779,TCGA-44-6779-01A
2,val,TCGA-44-7662-01A_115_TS,TCGA-44-7662,TCGA-44-7662-01A
2,val,TCGA-44-7662-01A_690_TS,TCGA-44-7662,TCGA-44-7662-01A
2,val,TCGA-44-7669-01A_749_TS,TCGA-44-7669,TCGA-44-7669-01A
2,val,TCGA-44-8117-01A_294_TS,TCGA-44-8117,TCGA-44-8117-01A
2,val,TCGA-44-8117-01A_778_TS,TCGA-44-8117,TCGA-44-8117-01A
2,val,TCGA-44-A47B-01A_792_TS,TCGA-44-A47B,TCGA-44-A47B-01A
2,val,TCGA-49-4488-01A_568_TS,TCGA-49-4488,TCGA-49-4488-01A
2,val,TCGA-49-4488-01A_570_TS,TCGA-49-4488,TCGA-49-4488-01A
2,val,TCGA-49-4505-01A_23_TS,TCGA-49-4505,TCGA-49-4505-01A
2,val,TCGA-49-4505-01A_646_TS,TCGA-49-4505,TCGA-49-4505-01A
2,val,TCGA-49-6742-01A_333_TS,TCGA-49-6742,TCGA-49-6742-01A
2,val,TCGA-49-6742-01A_336_TS,TCGA-49-6742,TCGA-49-6742-01A
2,val,TCGA-49-6761-01A_755_TS,TCGA-49-6761,TCGA-49-6761-01A
2,val,TCGA-49-6767-01A_192_TS,TCGA-49-6767,TCGA-49-6767-01A
2,val,TCGA-49-6767-01A_386_TS,TCGA-49-6767,TCGA-49-6767-01A
2,val,TCGA-49-AAR4-01A_685_TS,TCGA-49-AAR4,TCGA-49-AAR4-01A
2,val,TCGA-49-AARO-01A_760_TS,TCGA-49-AARO,TCGA-49-AARO-01A
2,val,TCGA-50-5051-01A_144_TS,TCGA-50-5051,TCGA-50-5051-01A
2,val,TCGA-50-5051-01A_20_TS,TCGA-50-5051,TCGA-50-5051-01A
2,val,TCGA-50-5072-01A_129_TS,TCGA-50-5072,TCGA-50-5072-01A
2,val,TCGA-50-5072-01A_635_TS,TCGA-50-5072,TCGA-50-5072-01A
2,val,TCGA-50-5933-01A_196_TS,TCGA-50-5933,TCGA-50-5933-01A
2,val,TCGA-50-5933-01A_682_TS,TCGA-50-5933,TCGA-50-5933-01A
2,val,TCGA-50-5941-01A_461_TS,TCGA-50-5941,TCGA-50-5941-01A
2,val,TCGA-50-5941-01A_501_TS,TCGA-50-5941,TCGA-50-5941-01A
2,val,TCGA-50-5944-01A_350_TS,TCGA-50-5944,TCGA-50-5944-01A
2,val,TCGA-50-6592-01A_344_TS,TCGA-50-6592,TCGA-50-6592-01A
2,val,TCGA-50-6592-01A_345_TS,TCGA-50-6592,TCGA-50-6592-01A
2,val,TCGA-50-6597-01A_629_TS,TCGA-50-6597,TCGA-50-6597-01A
2,val,TCGA-50-6597-01A_712_TS,TCGA-50-6597,TCGA-50-6597-01A
2,val,TCGA-50-8459-01A_105_TS,TCGA-50-8459,TCGA-50-8459-01A
2,val,TCGA-50-8459-01A_802_TS,TCGA-50-8459,TCGA-50-8459-01A
2,val,TCGA-55-1592-01A_324_TS,TCGA-55-1592,TCGA-55-1592-01A
2,val,TCGA-55-1592-01A_701_TS,TCGA-55-1592,TCGA-55-1592-01A
2,val,TCGA-55-6543-01A_490_TS,TCGA-55-6543,TCGA-55-6543-01A
2,val,TCGA-55-6543-01A_596_TS,TCGA-55-6543,TCGA-55-6543-01A
2,val,TCGA-55-6970-01A_194_TS,TCGA-55-6970,TCGA-55-6970-01A
2,val,TCGA-55-6970-01A_389_TS,TCGA-55-6970,TCGA-55-6970-01A
2,val,TCGA-55-6980-01A_354_TS,TCGA-55-6980,TCGA-55-6980-01A
2,val,TCGA-55-6987-01A_157_TS,TCGA-55-6987,TCGA-55-6987-01A
2,val,TCGA-55-7573-01A_136_TS,TCGA-55-7573,TCGA-55-7573-01A
2,val,TCGA-55-7573-01A_13_TS,TCGA-55-7573,TCGA-55-7573-01A
2,val,TCGA-55-7727-01A_692_TS,TCGA-55-7727,TCGA-55-7727-01A
2,val,TCGA-55-7907-01A_509_TS,TCGA-55-7907,TCGA-55-7907-01A
2,val,TCGA-55-7995-01A_451_TS,TCGA-55-7995,TCGA-55-7995-01A
2,val,TCGA-55-7995-01A_495_TS,TCGA-55-7995,TCGA-55-7995-01A
2,val,TCGA-55-8089-01A_239_TS,TCGA-55-8089,TCGA-55-8089-01A
2,val,TCGA-55-8096-01A_162_TS,TCGA-55-8096,TCGA-55-8096-01A
2,val,TCGA-55-8205-01A_801_TS,TCGA-55-8205,TCGA-55-8205-01A
2,val,TCGA-55-8299-01A_736_TS,TCGA-55-8299,TCGA-55-8299-01A
2,val,TCGA-55-8506-01A_268_TS,TCGA-55-8506,TCGA-55-8506-01A
2,val,TCGA-55-8511-01A_630_TS,TCGA-55-8511,TCGA-55-8511-01A
2,val,TCGA-55-8614-01A_465_TS,TCGA-55-8614,TCGA-55-8614-01A
2,val,TCGA-55-8620-01A_287_TS,TCGA-55-8620,TCGA-55-8620-01A
2,val,TCGA-55-A48Z-01A_241_TS,TCGA-55-A48Z,TCGA-55-A48Z-01A
2,val,TCGA-55-A493-01A_486_TS,TCGA-55-A493,TCGA-55-A493-01A
2,val,TCGA-55-A57B-01A_262_TS,TCGA-55-A57B,TCGA-55-A57B-01A
2,val,TCGA-62-A46P-01A_347_TS,TCGA-62-A46P,TCGA-62-A46P-01A
2,val,TCGA-62-A46Y-01A_765_TS,TCGA-62-A46Y,TCGA-62-A46Y-01A
2,val,TCGA-64-1676-01A_440_TS,TCGA-64-1676,TCGA-64-1676-01A
2,val,TCGA-64-1676-01A_619_TS,TCGA-64-1676,TCGA-64-1676-01A
2,val,TCGA-64-1680-01A_32_TS,TCGA-64-1680,TCGA-64-1680-01A
2,val,TCGA-64-1680-01A_651_TS,TCGA-64-1680,TCGA-64-1680-01A
2,val,TCGA-64-5778-01A_101_TS,TCGA-64-5778,TCGA-64-5778-01A
2,val,TCGA-64-5778-01A_405_TS,TCGA-64-5778,TCGA-64-5778-01A
2,val,TCGA-67-3770-01A_228_TS,TCGA-67-3770,TCGA-67-3770-01A
2,val,TCGA-67-3771-01A_151_TS,TCGA-67-3771,TCGA-67-3771-01A
2,val,TCGA-67-3771-01A_731_TS,TCGA-67-3771,TCGA-67-3771-01A
2,val,TCGA-67-4679-01B_167_TS,TCGA-67-4679,TCGA-67-4679-01B
2,val,TCGA-67-4679-01B_364_TS,TCGA-67-4679,TCGA-67-4679-01B
2,val,TCGA-69-7761-01A_383_TS,TCGA-69-7761,TCGA-69-7761-01A
2,val,TCGA-69-7761-01A_86_TS,TCGA-69-7761,TCGA-69-7761-01A
2,val,TCGA-69-7978-01A_459_TS,TCGA-69-7978,TCGA-69-7978-01A
2,val,TCGA-69-8254-01A_605_TS,TCGA-69-8254,TCGA-69-8254-01A
2,val,TCGA-71-8520-01A_43_TS,TCGA-71-8520,TCGA-71-8520-01A
2,val,TCGA-71-8520-01A_741_TS,TCGA-71-8520,TCGA-71-8520-01A
2,val,TCGA-73-4666-01A_283_TS,TCGA-73-4666,TCGA-73-4666-01A
2,val,TCGA-73-4666-01A_752_TS,TCGA-73-4666,TCGA-73-4666-01A
2,val,TCGA-73-4676-01A_711_TS,TCGA-73-4676,TCGA-73-4676-01A
2,val,TCGA-73-4676-01A_7_TS,TCGA-73-4676,TCGA-73-4676-01A
2,val,TCGA-73-A9RS-01A_658_TS,TCGA-73-A9RS,TCGA-73-A9RS-01A
2,val,TCGA-75-5122-01A_392_TS,TCGA-75-5122,TCGA-75-5122-01A
2,val,TCGA-75-5122-01A_780_TS,TCGA-75-5122,TCGA-75-5122-01A
2,val,TCGA-75-5147-01A_553_TS,TCGA-75-5147,TCGA-75-5147-01A
2,val,TCGA-75-5147-01A_554_TS,TCGA-75-5147,TCGA-75-5147-01A
2,val,TCGA-75-6212-01A_37_TS,TCGA-75-6212,TCGA-75-6212-01A
2,val,TCGA-75-6212-01A_38_TS,TCGA-75-6212,TCGA-75-6212-01A
2,val,TCGA-78-7143-01A_281_TS,TCGA-78-7143,TCGA-78-7143-01A
2,val,TCGA-78-7143-01A_284_TS,TCGA-78-7143,TCGA-78-7143-01A
2,val,TCGA-78-7148-01A_489_TS,TCGA-78-7148,TCGA-78-7148-01A
2,val,TCGA-78-7148-01A_597_TS,TCGA-78-7148,TCGA-78-7148-01A
2,val,TCGA-78-7150-01A_315_TS,TCGA-78-7150,TCGA-78-7150-01A
2,val,TCGA-78-7154-01A_555_TS,TCGA-78-7154,TCGA-78-7154-01A
2,val,TCGA-78-7154-01A_556_TS,TCGA-78-7154,TCGA-78-7154-01A
2,val,TCGA-78-7159-01A_176_TS,TCGA-78-7159,TCGA-78-7159-01A
2,val,TCGA-78-7159-01A_756_TS,TCGA-78-7159,TCGA-78-7159-01A
2,val,TCGA-78-7167-01A_443_TS,TCGA-78-7167,TCGA-78-7167-01A
2,val,TCGA-78-7167-01A_623_TS,TCGA-78-7167,TCGA-78-7167-01A
2,val,TCGA-78-7539-01A_91_TS,TCGA-78-7539,TCGA-78-7539-01A
2,val,TCGA-78-7539-01A_92_TS,TCGA-78-7539,TCGA-78-7539-01A
2,val,TCGA-78-8648-01A_770_TS,TCGA-78-8648,TCGA-78-8648-01A
2,val,TCGA-83-5908-01A_654_TS,TCGA-83-5908,TCGA-83-5908-01A
2,val,TCGA-86-6562-01A_475_TS,TCGA-86-6562,TCGA-86-6562-01A
2,val,TCGA-86-6562-01A_579_TS,TCGA-86-6562,TCGA-86-6562-01A
2,val,TCGA-86-7713-01A_534_TS,TCGA-86-7713,TCGA-86-7713-01A
2,val,TCGA-86-7713-01A_535_TS,TCGA-86-7713,TCGA-86-7713-01A
2,val,TCGA-86-8054-01A_154_TS,TCGA-86-8054,TCGA-86-8054-01A
2,val,TCGA-86-8054-01A_238_TS,TCGA-86-8054,TCGA-86-8054-01A
2,val,TCGA-86-8074-01A_175_TS,TCGA-86-8074,TCGA-86-8074-01A
2,val,TCGA-86-8074-01A_60_TS,TCGA-86-8074,TCGA-86-8074-01A
2,val,TCGA-86-8281-01A_376_TS,TCGA-86-8281,TCGA-86-8281-01A
2,val,TCGA-86-8281-01A_78_TS,TCGA-86-8281,TCGA-86-8281-01A
2,val,TCGA-86-8668-01A_498_TS,TCGA-86-8668,TCGA-86-8668-01A
2,val,TCGA-86-8668-01A_499_TS,TCGA-86-8668,TCGA-86-8668-01A
2,val,TCGA-86-8674-01A_235_TS,TCGA-86-8674,TCGA-86-8674-01A
2,val,TCGA-86-A4P8-01A_777_TS,TCGA-86-A4P8,TCGA-86-A4P8-01A
2,val,TCGA-91-6828-01A_403_TS,TCGA-91-6828,TCGA-91-6828-01A
2,val,TCGA-91-6828-01A_793_TS,TCGA-91-6828,TCGA-91-6828-01A
2,val,TCGA-91-6840-01A_563_TS,TCGA-91-6840,TCGA-91-6840-01A
2,val,TCGA-91-6840-01A_564_TS,TCGA-91-6840,TCGA-91-6840-01A
2,val,TCGA-91-7771-01A_134_TS,TCGA-91-7771,TCGA-91-7771-01A
2,val,TCGA-91-7771-01A_717_TS,TCGA-91-7771,TCGA-91-7771-01A
2,val,TCGA-91-A4BD-01A_25_TS,TCGA-91-A4BD,TCGA-91-A4BD-01A
2,val,TCGA-93-7347-01A_494_TS,TCGA-93-7347,TCGA-93-7347-01A
2,val,TCGA-93-7347-01A_601_TS,TCGA-93-7347,TCGA-93-7347-01A
2,val,TCGA-93-A4JO-01A_360_TS,TCGA-93-A4JO,TCGA-93-A4JO-01A
2,val,TCGA-95-7567-01A_51_TS,TCGA-95-7567,TCGA-95-7567-01A
2,val,TCGA-95-8039-01A_197_TS,TCGA-95-8039,TCGA-95-8039-01A
2,val,TCGA-97-7546-01A_352_TS,TCGA-97-7546,TCGA-97-7546-01A
2,val,TCGA-97-7554-01A_211_TS,TCGA-97-7554,TCGA-97-7554-01A
2,val,TCGA-97-7554-01A_412_TS,TCGA-97-7554,TCGA-97-7554-01A
2,val,TCGA-97-7938-01A_491_TS,TCGA-97-7938,TCGA-97-7938-01A
2,val,TCGA-97-8174-01A_787_TS,TCGA-97-8174,TCGA-97-8174-01A
2,val,TCGA-97-8179-01A_150_TS,TCGA-97-8179,TCGA-97-8179-01A
2,val,TCGA-97-A4M0-01A_478_TS,TCGA-97-A4M0,TCGA-97-A4M0-01A
2,val,TCGA-97-A4M5-01A_180_TS,TCGA-97-A4M5,TCGA-97-A4M5-01A
2,val,TCGA-99-8028-01A_407_TS,TCGA-99-8028,TCGA-99-8028-01A
2,val,TCGA-J2-A4AD-01A_342_TS,TCGA-J2-A4AD,TCGA-J2-A4AD-01A
2,val,TCGA-L9-A443-01A_663_TS,TCGA-L9-A443,TCGA-L9-A443-01A
2,val,TCGA-L9-A743-01A_810_TS,TCGA-L9-A743,TCGA-L9-A743-01A
2,val,TCGA-MN-A4N4-01A_550_TS,TCGA-MN-A4N4,TCGA-MN-A4N4-01A
2,val,TCGA-MP-A4SY-01A_310_TS,TCGA-MP-A4SY,TCGA-MP-A4SY-01A
2,val,TCGA-MP-A4T8-01A_95_TS,TCGA-MP-A4T8,TCGA-MP-A4T8-01A
2,val,TCGA-MP-A4TD-01A_46_TS,TCGA-MP-A4TD,TCGA-MP-A4TD-01A
2,val,TCGA-MP-A4TI-01A_611_TS,TCGA-MP-A4TI,TCGA-MP-A4TI-01A
2,val,TCGA-NJ-A4YG-01A_308_TS,TCGA-NJ-A4YG,TCGA-NJ-A4YG-01A
2,val,TCGA-NJ-A55A-01A_218_TS,TCGA-NJ-A55A,TCGA-NJ-A55A-01A
2,val,TCGA-O1-A52J-01A_365_TS,TCGA-O1-A52J,TCGA-O1-A52J-01A
3,test,TCGA-05-4249-01A_172_TS,TCGA-05-4249,TCGA-05-4249-01A
3,test,TCGA-05-4249-01A_367_TS,TCGA-05-4249,TCGA-05-4249-01A
3,test,TCGA-05-4389-01A_108_TS,TCGA-05-4389,TCGA-05-4389-01A
3,test,TCGA-05-4389-01A_317_TS,TCGA-05-4389,TCGA-05-4389-01A
3,test,TCGA-05-4398-01A_260_TS,TCGA-05-4398,TCGA-05-4398-01A
3,test,TCGA-05-4398-01A_44_TS,TCGA-05-4398,TCGA-05-4398-01A
3,test,TCGA-05-4410-01A_15_TS,TCGA-05-4410,TCGA-05-4410-01A
3,test,TCGA-05-4410-01A_231_TS,TCGA-05-4410,TCGA-05-4410-01A
3,test,TCGA-05-4420-01A_164_TS,TCGA-05-4420,TCGA-05-4420-01A
3,test,TCGA-05-4420-01A_50_TS,TCGA-05-4420,TCGA-05-4420-01A
3,test,TCGA-05-4426-01A_259_TS,TCGA-05-4426,TCGA-05-4426-01A
3,test,TCGA-05-4426-01A_42_TS,TCGA-05-4426,TCGA-05-4426-01A
3,test,TCGA-05-4433-01A_416_TS,TCGA-05-4433,TCGA-05-4433-01A
3,test,TCGA-05-4433-01A_806_TS,TCGA-05-4433,TCGA-05-4433-01A
3,test,TCGA-05-5425-01A_318_TS,TCGA-05-5425,TCGA-05-5425-01A
3,test,TCGA-05-5425-01A_687_TS,TCGA-05-5425,TCGA-05-5425-01A
3,test,TCGA-35-3615-01A_598_TS,TCGA-35-3615,TCGA-35-3615-01A
3,test,TCGA-35-3615-01A_599_TS,TCGA-35-3615,TCGA-35-3615-01A
3,test,TCGA-38-4625-01A_153_TS,TCGA-38-4625,TCGA-38-4625-01A
3,test,TCGA-38-4625-01A_26_TS,TCGA-38-4625,TCGA-38-4625-01A
3,test,TCGA-38-4629-01A_226_TS,TCGA-38-4629,TCGA-38-4629-01A
3,test,TCGA-38-4629-01A_636_TS,TCGA-38-4629,TCGA-38-4629-01A
3,test,TCGA-38-6178-01A_139_TS,TCGA-38-6178,TCGA-38-6178-01A
3,test,TCGA-38-6178-01A_338_TS,TCGA-38-6178,TCGA-38-6178-01A
3,test,TCGA-44-2661-01A_627_TS,TCGA-44-2661,TCGA-44-2661-01A
3,test,TCGA-44-2661-01A_702_TS,TCGA-44-2661,TCGA-44-2661-01A
3,test,TCGA-44-2666-01A_481_TS,TCGA-44-2666,TCGA-44-2666-01A
3,test,TCGA-44-2666-01A_584_TS,TCGA-44-2666,TCGA-44-2666-01A
3,test,TCGA-44-2666-01A_587_TS,TCGA-44-2666,TCGA-44-2666-01A
3,test,TCGA-44-3398-01A_438_TS,TCGA-44-3398,TCGA-44-3398-01A
3,test,TCGA-44-3398-01A_442_TS,TCGA-44-3398,TCGA-44-3398-01A
3,test,TCGA-44-5643-01A_156_TS,TCGA-44-5643,TCGA-44-5643-01A
3,test,TCGA-44-5643-01A_35_TS,TCGA-44-5643,TCGA-44-5643-01A
3,test,TCGA-44-5645-01A_474_TS,TCGA-44-5645,TCGA-44-5645-01A
3,test,TCGA-44-5645-01A_578_TS,TCGA-44-5645,TCGA-44-5645-01A
3,test,TCGA-44-5645-01A_581_TS,TCGA-44-5645,TCGA-44-5645-01A
3,test,TCGA-44-6774-01A_743_TS,TCGA-44-6774,TCGA-44-6774-01A
3,test,TCGA-44-6777-01A_159_TS,TCGA-44-6777,TCGA-44-6777-01A
3,test,TCGA-44-6777-01A_737_TS,TCGA-44-6777,TCGA-44-6777-01A
3,test,TCGA-44-7660-01A_113_TS,TCGA-44-7660,TCGA-44-7660-01A
3,test,TCGA-44-7660-01A_321_TS,TCGA-44-7660,TCGA-44-7660-01A
3,test,TCGA-44-7671-01A_363_TS,TCGA-44-7671,TCGA-44-7671-01A
3,test,TCGA-44-7671-01A_669_TS,TCGA-44-7671,TCGA-44-7671-01A
3,test,TCGA-44-A479-01A_199_TS,TCGA-44-A479,TCGA-44-A479-01A
3,test,TCGA-44-A4SS-01A_614_TS,TCGA-44-A4SS,TCGA-44-A4SS-01A
3,test,TCGA-49-4486-01A_375_TS,TCGA-49-4486,TCGA-49-4486-01A
3,test,TCGA-49-4486-01A_771_TS,TCGA-49-4486,TCGA-49-4486-01A
3,test,TCGA-49-4494-01A_524_TS,TCGA-49-4494,TCGA-49-4494-01A
3,test,TCGA-49-4494-01A_525_TS,TCGA-49-4494,TCGA-49-4494-01A
3,test,TCGA-49-4507-01A_758_TS,TCGA-49-4507,TCGA-49-4507-01A
3,test,TCGA-49-4507-01A_759_TS,TCGA-49-4507,TCGA-49-4507-01A
3,test,TCGA-49-6744-01A_28_TS,TCGA-49-6744,TCGA-49-6744-01A
3,test,TCGA-49-6744-01A_733_TS,TCGA-49-6744,TCGA-49-6744-01A
3,test,TCGA-49-AAR0-01A_261_TS,TCGA-49-AAR0,TCGA-49-AAR0-01A
3,test,TCGA-49-AARE-01A_547_TS,TCGA-49-AARE,TCGA-49-AARE-01A
3,test,TCGA-4B-A93V-01A_458_TS,TCGA-4B-A93V,TCGA-4B-A93V-01A
3,test,TCGA-50-5045-01A_320_TS,TCGA-50-5045,TCGA-50-5045-01A
3,test,TCGA-50-5045-01A_804_TS,TCGA-50-5045,TCGA-50-5045-01A
3,test,TCGA-50-5066-01A_258_TS,TCGA-50-5066,TCGA-50-5066-01A
3,test,TCGA-50-5066-01A_41_TS,TCGA-50-5066,TCGA-50-5066-01A
3,test,TCGA-50-5931-01A_155_TS,TCGA-50-5931,TCGA-50-5931-01A
3,test,TCGA-50-5931-01A_348_TS,TCGA-50-5931,TCGA-50-5931-01A
3,test,TCGA-50-5936-01A_602_TS,TCGA-50-5936,TCGA-50-5936-01A
3,test,TCGA-50-5936-01A_603_TS,TCGA-50-5936,TCGA-50-5936-01A
3,test,TCGA-50-6590-01A_148_TS,TCGA-50-6590,TCGA-50-6590-01A
3,test,TCGA-50-6590-01A_343_TS,TCGA-50-6590,TCGA-50-6590-01A
3,test,TCGA-50-6594-01A_311_TS,TCGA-50-6594,TCGA-50-6594-01A
3,test,TCGA-50-6594-01A_97_TS,TCGA-50-6594,TCGA-50-6594-01A
3,test,TCGA-50-7109-01A_307_TS,TCGA-50-7109,TCGA-50-7109-01A
3,test,TCGA-50-7109-01A_783_TS,TCGA-50-7109,TCGA-50-7109-01A
3,test,TCGA-53-7624-01A_71_TS,TCGA-53-7624,TCGA-53-7624-01A
3,test,TCGA-53-7624-01A_763_TS,TCGA-53-7624,TCGA-53-7624-01A
3,test,TCGA-55-1595-01A_122_TS,TCGA-55-1595,TCGA-55-1595-01A
3,test,TCGA-55-1595-01A_124_TS,TCGA-55-1595,TCGA-55-1595-01A
3,test,TCGA-55-6712-01A_456_TS,TCGA-55-6712,TCGA-55-6712-01A
3,test,TCGA-55-6712-01A_497_TS,TCGA-55-6712,TCGA-55-6712-01A
3,test,TCGA-55-6972-01A_520_TS,TCGA-55-6972,TCGA-55-6972-01A
3,test,TCGA-55-6978-01A_272_TS,TCGA-55-6978,TCGA-55-6978-01A
3,test,TCGA-55-6978-01A_58_TS,TCGA-55-6978,TCGA-55-6978-01A
3,test,TCGA-55-6985-01A_592_TS,TCGA-55-6985,TCGA-55-6985-01A
3,test,TCGA-55-7283-01A_542_TS,TCGA-55-7283,TCGA-55-7283-01A
3,test,TCGA-55-7816-01A_761_TS,TCGA-55-7816,TCGA-55-7816-01A
3,test,TCGA-55-7910-01A_449_TS,TCGA-55-7910,TCGA-55-7910-01A
3,test,TCGA-55-7910-01A_450_TS,TCGA-55-7910,TCGA-55-7910-01A
3,test,TCGA-55-7914-01A_121_TS,TCGA-55-7914,TCGA-55-7914-01A
3,test,TCGA-55-8091-01A_699_TS,TCGA-55-8091,TCGA-55-8091-01A
3,test,TCGA-55-8203-01A_16_TS,TCGA-55-8203,TCGA-55-8203-01A
3,test,TCGA-55-8207-01A_724_TS,TCGA-55-8207,TCGA-55-8207-01A
3,test,TCGA-55-8302-01A_396_TS,TCGA-55-8302,TCGA-55-8302-01A
3,test,TCGA-55-8508-01A_426_TS,TCGA-55-8508,TCGA-55-8508-01A
3,test,TCGA-55-8513-01A_214_TS,TCGA-55-8513,TCGA-55-8513-01A
3,test,TCGA-55-8616-01A_444_TS,TCGA-55-8616,TCGA-55-8616-01A
3,test,TCGA-55-A48X-01A_357_TS,TCGA-55-A48X,TCGA-55-A48X-01A
3,test,TCGA-55-A491-01A_112_TS,TCGA-55-A491,TCGA-55-A491-01A
3,test,TCGA-55-A4DF-01A_160_TS,TCGA-55-A4DF,TCGA-55-A4DF-01A
3,test,TCGA-62-8395-01A_379_TS,TCGA-62-8395,TCGA-62-8395-01A
3,test,TCGA-62-8395-01A_773_TS,TCGA-62-8395,TCGA-62-8395-01A
3,test,TCGA-62-8402-01A_54_TS,TCGA-62-8402,TCGA-62-8402-01A
3,test,TCGA-62-A46U-01A_782_TS,TCGA-62-A46U,TCGA-62-A46U-01A
3,test,TCGA-62-A471-01A_644_TS,TCGA-62-A471,TCGA-62-A471-01A
3,test,TCGA-64-1678-01A_433_TS,TCGA-64-1678,TCGA-64-1678-01A
3,test,TCGA-64-1678-01A_434_TS,TCGA-64-1678,TCGA-64-1678-01A
3,test,TCGA-64-5774-01A_505_TS,TCGA-64-5774,TCGA-64-5774-01A
3,test,TCGA-64-5774-01A_618_TS,TCGA-64-5774,TCGA-64-5774-01A
3,test,TCGA-64-5781-01A_166_TS,TCGA-64-5781,TCGA-64-5781-01A
3,test,TCGA-64-5781-01A_362_TS,TCGA-64-5781,TCGA-64-5781-01A
3,test,TCGA-67-3773-01A_22_TS,TCGA-67-3773,TCGA-67-3773-01A
3,test,TCGA-67-3773-01A_645_TS,TCGA-67-3773,TCGA-67-3773-01A
3,test,TCGA-67-6216-01A_540_TS,TCGA-67-6216,TCGA-67-6216-01A
3,test,TCGA-67-6216-01A_541_TS,TCGA-67-6216,TCGA-67-6216-01A
3,test,TCGA-69-7765-01A_464_TS,TCGA-69-7765,TCGA-69-7765-01A
3,test,TCGA-69-7765-01A_617_TS,TCGA-69-7765,TCGA-69-7765-01A
3,test,TCGA-69-7973-01A_577_TS,TCGA-69-7973,TCGA-69-7973-01A
3,test,TCGA-69-7980-01A_323_TS,TCGA-69-7980,TCGA-69-7980-01A
3,test,TCGA-69-8453-01A_217_TS,TCGA-69-8453,TCGA-69-8453-01A
3,test,TCGA-73-4659-01A_543_TS,TCGA-73-4659,TCGA-73-4659-01A
3,test,TCGA-73-4659-01A_544_TS,TCGA-73-4659,TCGA-73-4659-01A
3,test,TCGA-73-4670-01A_4_TS,TCGA-73-4670,TCGA-73-4670-01A
3,test,TCGA-73-4670-01A_708_TS,TCGA-73-4670,TCGA-73-4670-01A
3,test,TCGA-73-7498-01A_633_TS,TCGA-73-7498,TCGA-73-7498-01A
3,test,TCGA-73-7498-01A_634_TS,TCGA-73-7498,TCGA-73-7498-01A
3,test,TCGA-75-5126-01A_400_TS,TCGA-75-5126,TCGA-75-5126-01A
3,test,TCGA-75-5126-01A_402_TS,TCGA-75-5126,TCGA-75-5126-01A
3,test,TCGA-75-6206-01A_517_TS,TCGA-75-6206,TCGA-75-6206-01A
3,test,TCGA-75-6207-01A_377_TS,TCGA-75-6207,TCGA-75-6207-01A
3,test,TCGA-75-6207-01A_77_TS,TCGA-75-6207,TCGA-75-6207-01A
3,test,TCGA-75-7030-01A_479_TS,TCGA-75-7030,TCGA-75-7030-01A
3,test,TCGA-75-7030-01A_582_TS,TCGA-75-7030,TCGA-75-7030-01A
3,test,TCGA-78-7146-01A_437_TS,TCGA-78-7146,TCGA-78-7146-01A
3,test,TCGA-78-7146-01A_504_TS,TCGA-78-7146,TCGA-78-7146-01A
3,test,TCGA-78-7152-01A_417_TS,TCGA-78-7152,TCGA-78-7152-01A
3,test,TCGA-78-7152-01A_809_TS,TCGA-78-7152,TCGA-78-7152-01A
3,test,TCGA-78-7156-01A_684_TS,TCGA-78-7156,TCGA-78-7156-01A
3,test,TCGA-78-7156-01A_89_TS,TCGA-78-7156,TCGA-78-7156-01A
3,test,TCGA-78-7161-01A_789_TS,TCGA-78-7161,TCGA-78-7161-01A
3,test,TCGA-78-7161-01A_93_TS,TCGA-78-7161,TCGA-78-7161-01A
3,test,TCGA-78-7536-01A_469_TS,TCGA-78-7536,TCGA-78-7536-01A
3,test,TCGA-78-7536-01A_576_TS,TCGA-78-7536,TCGA-78-7536-01A
3,test,TCGA-78-7542-01A_488_TS,TCGA-78-7542,TCGA-78-7542-01A
3,test,TCGA-78-7633-01A_229_TS,TCGA-78-7633,TCGA-78-7633-01A
3,test,TCGA-78-7633-01A_230_TS,TCGA-78-7633,TCGA-78-7633-01A
3,test,TCGA-78-8660-01A_748_TS,TCGA-78-8660,TCGA-78-8660-01A
3,test,TCGA-86-7701-01A_111_TS,TCGA-86-7701,TCGA-86-7701-01A
3,test,TCGA-86-7701-01A_803_TS,TCGA-86-7701,TCGA-86-7701-01A
3,test,TCGA-86-7953-01A_69_TS,TCGA-86-7953,TCGA-86-7953-01A
3,test,TCGA-86-7953-01A_70_TS,TCGA-86-7953,TCGA-86-7953-01A
3,test,TCGA-86-8056-01A_668_TS,TCGA-86-8056,TCGA-86-8056-01A
3,test,TCGA-86-8056-01A_670_TS,TCGA-86-8056,TCGA-86-8056-01A
3,test,TCGA-86-8278-01A_116_TS,TCGA-86-8278,TCGA-86-8278-01A
3,test,TCGA-86-8278-01A_808_TS,TCGA-86-8278,TCGA-86-8278-01A
3,test,TCGA-86-8279-01A_657_TS,TCGA-86-8279,TCGA-86-8279-01A
3,test,TCGA-86-8359-01A_393_TS,TCGA-86-8359,TCGA-86-8359-01A
3,test,TCGA-86-8359-01A_686_TS,TCGA-86-8359,TCGA-86-8359-01A
3,test,TCGA-86-8671-01A_518_TS,TCGA-86-8671,TCGA-86-8671-01A
3,test,TCGA-86-8671-01A_519_TS,TCGA-86-8671,TCGA-86-8671-01A
3,test,TCGA-86-A4JF-01A_586_TS,TCGA-86-A4JF,TCGA-86-A4JF-01A
3,test,TCGA-91-6831-01A_470_TS,TCGA-91-6831,TCGA-91-6831-01A
3,test,TCGA-91-6831-01A_569_TS,TCGA-91-6831,TCGA-91-6831-01A
3,test,TCGA-91-6836-01A_714_TS,TCGA-91-6836,TCGA-91-6836-01A
3,test,TCGA-91-6848-01A_341_TS,TCGA-91-6848,TCGA-91-6848-01A
3,test,TCGA-91-6848-01A_721_TS,TCGA-91-6848,TCGA-91-6848-01A
3,test,TCGA-91-8497-01A_277_TS,TCGA-91-8497,TCGA-91-8497-01A
3,test,TCGA-91-8497-01A_373_TS,TCGA-91-8497,TCGA-91-8497-01A
3,test,TCGA-93-8067-01A_119_TS,TCGA-93-8067,TCGA-93-8067-01A
3,test,TCGA-93-A4JQ-01A_296_TS,TCGA-93-A4JQ,TCGA-93-A4JQ-01A
3,test,TCGA-95-7043-01A_703_TS,TCGA-95-7043,TCGA-95-7043-01A
3,test,TCGA-95-7043-01A_704_TS,TCGA-95-7043,TCGA-95-7043-01A
3,test,TCGA-95-7947-01A_713_TS,TCGA-95-7947,TCGA-95-7947-01A
3,test,TCGA-95-A4VK-01A_557_TS,TCGA-95-A4VK,TCGA-95-A4VK-01A
3,test,TCGA-97-7553-01A_742_TS,TCGA-97-7553,TCGA-97-7553-01A
3,test,TCGA-97-8171-01A_265_TS,TCGA-97-8171,TCGA-97-8171-01A
3,test,TCGA-97-8176-01A_237_TS,TCGA-97-8176,TCGA-97-8176-01A
3,test,TCGA-97-8552-01A_313_TS,TCGA-97-8552,TCGA-97-8552-01A
3,test,TCGA-97-A4M2-01A_263_TS,TCGA-97-A4M2,TCGA-97-A4M2-01A
3,test,TCGA-97-A4M7-01A_523_TS,TCGA-97-A4M7,TCGA-97-A4M7-01A
3,test,TCGA-99-8033-01A_798_TS,TCGA-99-8033,TCGA-99-8033-01A
3,test,TCGA-J2-8192-01A_174_TS,TCGA-J2-8192,TCGA-J2-8192-01A
3,test,TCGA-J2-8192-01A_61_TS,TCGA-J2-8192,TCGA-J2-8192-01A
3,test,TCGA-J2-A4AG-01A_588_TS,TCGA-J2-A4AG,TCGA-J2-A4AG-01A
3,test,TCGA-L9-A50W-01A_688_TS,TCGA-L9-A50W,TCGA-L9-A50W-01A
3,test,TCGA-L9-A8F4-01A_99_TS,TCGA-L9-A8F4,TCGA-L9-A8F4-01A
3,test,TCGA-MP-A4SV-01A_83_TS,TCGA-MP-A4SV,TCGA-MP-A4SV-01A
3,test,TCGA-MP-A4T6-01A_79_TS,TCGA-MP-A4T6,TCGA-MP-A4T6-01A
3,test,TCGA-MP-A4TA-01A_314_TS,TCGA-MP-A4TA,TCGA-MP-A4TA-01A
3,test,TCGA-MP-A4TF-01A_200_TS,TCGA-MP-A4TF,TCGA-MP-A4TF-01A
3,test,TCGA-MP-A4TK-01A_503_TS,TCGA-MP-A4TK,TCGA-MP-A4TK-01A
3,test,TCGA-NJ-A4YP-01A_56_TS,TCGA-NJ-A4YP,TCGA-NJ-A4YP-01A
3,test,TCGA-NJ-A55R-01A_96_TS,TCGA-NJ-A55R,TCGA-NJ-A55R-01A
3,train,TCGA-05-4250-01A_462_TS,TCGA-05-4250,TCGA-05-4250-01A
3,train,TCGA-05-4250-01A_502_TS,TCGA-05-4250,TCGA-05-4250-01A
3,train,TCGA-05-4382-01A_131_TS,TCGA-05-4382,TCGA-05-4382-01A
3,train,TCGA-05-4382-01A_132_TS,TCGA-05-4382,TCGA-05-4382-01A
3,train,TCGA-05-4395-01A_303_TS,TCGA-05-4395,TCGA-05-4395-01A
3,train,TCGA-05-4395-01A_305_TS,TCGA-05-4395,TCGA-05-4395-01A
3,train,TCGA-05-4396-01A_224_TS,TCGA-05-4396,TCGA-05-4396-01A
3,train,TCGA-05-4396-01A_715_TS,TCGA-05-4396,TCGA-05-4396-01A
3,train,TCGA-05-4402-01A_146_TS,TCGA-05-4402,TCGA-05-4402-01A
3,train,TCGA-05-4402-01A_726_TS,TCGA-05-4402,TCGA-05-4402-01A
3,train,TCGA-05-4403-01A_548_TS,TCGA-05-4403,TCGA-05-4403-01A
3,train,TCGA-05-4403-01A_549_TS,TCGA-05-4403,TCGA-05-4403-01A
3,train,TCGA-05-4415-01A_551_TS,TCGA-05-4415,TCGA-05-4415-01A
3,train,TCGA-05-4415-01A_552_TS,TCGA-05-4415,TCGA-05-4415-01A
3,train,TCGA-05-4417-01A_319_TS,TCGA-05-4417,TCGA-05-4417-01A
3,train,TCGA-05-4417-01A_805_TS,TCGA-05-4417,TCGA-05-4417-01A
3,train,TCGA-05-4422-01A_369_TS,TCGA-05-4422,TCGA-05-4422-01A
3,train,TCGA-05-4422-01A_671_TS,TCGA-05-4422,TCGA-05-4422-01A
3,train,TCGA-05-4424-01A_378_TS,TCGA-05-4424,TCGA-05-4424-01A
3,train,TCGA-05-4424-01A_380_TS,TCGA-05-4424,TCGA-05-4424-01A
3,train,TCGA-05-4427-01A_233_TS,TCGA-05-4427,TCGA-05-4427-01A
3,train,TCGA-05-4427-01A_729_TS,TCGA-05-4427,TCGA-05-4427-01A
3,train,TCGA-05-4430-01A_358_TS,TCGA-05-4430,TCGA-05-4430-01A
3,train,TCGA-05-4430-01A_45_TS,TCGA-05-4430,TCGA-05-4430-01A
3,train,TCGA-05-4434-01A_140_TS,TCGA-05-4434,TCGA-05-4434-01A
3,train,TCGA-05-4434-01A_641_TS,TCGA-05-4434,TCGA-05-4434-01A
3,train,TCGA-05-5420-01A_11_TS,TCGA-05-5420,TCGA-05-5420-01A
3,train,TCGA-05-5420-01A_223_TS,TCGA-05-5420,TCGA-05-5420-01A
3,train,TCGA-05-5428-01A_169_TS,TCGA-05-5428,TCGA-05-5428-01A
3,train,TCGA-05-5428-01A_366_TS,TCGA-05-5428,TCGA-05-5428-01A
3,train,TCGA-05-5429-01A_179_TS,TCGA-05-5429,TCGA-05-5429-01A
3,train,TCGA-05-5429-01A_774_TS,TCGA-05-5429,TCGA-05-5429-01A
3,train,TCGA-35-4122-01A_168_TS,TCGA-35-4122,TCGA-35-4122-01A
3,train,TCGA-35-4122-01A_747_TS,TCGA-35-4122,TCGA-35-4122-01A
3,train,TCGA-35-4123-01A_184_TS,TCGA-35-4123,TCGA-35-4123-01A
3,train,TCGA-35-4123-01A_776_TS,TCGA-35-4123,TCGA-35-4123-01A
3,train,TCGA-38-4626-01A_31_TS,TCGA-38-4626,TCGA-38-4626-01A
3,train,TCGA-38-4626-01A_653_TS,TCGA-38-4626,TCGA-38-4626-01A
3,train,TCGA-38-4627-01A_466_TS,TCGA-38-4627,TCGA-38-4627-01A
3,train,TCGA-38-4627-01A_467_TS,TCGA-38-4627,TCGA-38-4627-01A
3,train,TCGA-38-4630-01A_125_TS,TCGA-38-4630,TCGA-38-4630-01A
3,train,TCGA-38-4630-01A_700_TS,TCGA-38-4630,TCGA-38-4630-01A
3,train,TCGA-38-4631-01A_128_TS,TCGA-38-4631,TCGA-38-4631-01A
3,train,TCGA-38-4631-01A_705_TS,TCGA-38-4631,TCGA-38-4631-01A
3,train,TCGA-38-7271-01A_626_TS,TCGA-38-7271,TCGA-38-7271-01A
3,train,TCGA-38-A44F-01A_254_TS,TCGA-38-A44F,TCGA-38-A44F-01A
3,train,TCGA-44-2655-01A_631_TS,TCGA-44-2655,TCGA-44-2655-01A
3,train,TCGA-44-2655-01A_740_TS,TCGA-44-2655,TCGA-44-2655-01A
3,train,TCGA-44-2656-01A_173_TS,TCGA-44-2656,TCGA-44-2656-01A
3,train,TCGA-44-2656-01A_177_TS,TCGA-44-2656,TCGA-44-2656-01A
3,train,TCGA-44-2656-01A_270_TS,TCGA-44-2656,TCGA-44-2656-01A
3,train,TCGA-44-2656-01A_59_TS,TCGA-44-2656,TCGA-44-2656-01A
3,train,TCGA-44-2657-01A_423_TS,TCGA-44-2657,TCGA-44-2657-01A
3,train,TCGA-44-2657-01A_453_TS,TCGA-44-2657,TCGA-44-2657-01A
3,train,TCGA-44-2662-01A_538_TS,TCGA-44-2662,TCGA-44-2662-01A
3,train,TCGA-44-2662-01A_539_TS,TCGA-44-2662,TCGA-44-2662-01A
3,train,TCGA-44-2665-01A_622_TS,TCGA-44-2665,TCGA-44-2665-01A
3,train,TCGA-44-2665-01A_624_TS,TCGA-44-2665,TCGA-44-2665-01A
3,train,TCGA-44-2665-01B_612_TS,TCGA-44-2665,TCGA-44-2665-01B
3,train,TCGA-44-2665-01B_621_TS,TCGA-44-2665,TCGA-44-2665-01B
3,train,TCGA-44-2668-01A_428_TS,TCGA-44-2668,TCGA-44-2668-01A
3,train,TCGA-44-2668-01A_460_TS,TCGA-44-2668,TCGA-44-2668-01A
3,train,TCGA-44-3917-01A_149_TS,TCGA-44-3917,TCGA-44-3917-01A
3,train,TCGA-44-3917-01A_649_TS,TCGA-44-3917,TCGA-44-3917-01A
3,train,TCGA-44-3918-01A_301_TS,TCGA-44-3918,TCGA-44-3918-01A
3,train,TCGA-44-3918-01A_681_TS,TCGA-44-3918,TCGA-44-3918-01A
3,train,TCGA-44-6145-01A_676_TS,TCGA-44-6145,TCGA-44-6145-01A
3,train,TCGA-44-6145-01A_678_TS,TCGA-44-6145,TCGA-44-6145-01A
3,train,TCGA-44-6146-01A_10_TS,TCGA-44-6146,TCGA-44-6146-01A
3,train,TCGA-44-6146-01A_637_TS,TCGA-44-6146,TCGA-44-6146-01A
3,train,TCGA-44-6146-01A_640_TS,TCGA-44-6146,TCGA-44-6146-01A
3,train,TCGA-44-6148-01A_401_TS,TCGA-44-6148,TCGA-44-6148-01A
3,train,TCGA-44-6148-01A_790_TS,TCGA-44-6148,TCGA-44-6148-01A
3,train,TCGA-44-6775-01A_266_TS,TCGA-44-6775,TCGA-44-6775-01A
3,train,TCGA-44-6775-01A_269_TS,TCGA-44-6775,TCGA-44-6775-01A
3,train,TCGA-44-6775-01A_746_TS,TCGA-44-6775,TCGA-44-6775-01A
3,train,TCGA-44-6778-01A_75_TS,TCGA-44-6778,TCGA-44-6778-01A
3,train,TCGA-44-6778-01A_768_TS,TCGA-44-6778,TCGA-44-6778-01A
3,train,TCGA-44-6779-01A_528_TS,TCGA-44-6779,TCGA-44-6779-01A
3,train,TCGA-44-6779-01A_529_TS,TCGA-44-6779,TCGA-44-6779-01A
3,train,TCGA-44-7661-01A_219_TS,TCGA-44-7661,TCGA-44-7661-01A
3,train,TCGA-44-7661-01A_632_TS,TCGA-44-7661,TCGA-44-7661-01A
3,train,TCGA-44-7662-01A_115_TS,TCGA-44-7662,TCGA-44-7662-01A
3,train,TCGA-44-7662-01A_690_TS,TCGA-44-7662,TCGA-44-7662-01A
3,train,TCGA-44-7667-01A_784_TS,TCGA-44-7667,TCGA-44-7667-01A
3,train,TCGA-44-7669-01A_749_TS,TCGA-44-7669,TCGA-44-7669-01A
3,train,TCGA-44-7672-01A_361_TS,TCGA-44-7672,TCGA-44-7672-01A
3,train,TCGA-44-7672-01A_745_TS,TCGA-44-7672,TCGA-44-7672-01A
3,train,TCGA-44-8117-01A_294_TS,TCGA-44-8117,TCGA-44-8117-01A
3,train,TCGA-44-8117-01A_778_TS,TCGA-44-8117,TCGA-44-8117-01A
3,train,TCGA-44-A47A-01A_306_TS,TCGA-44-A47A,TCGA-44-A47A-01A
3,train,TCGA-44-A47B-01A_792_TS,TCGA-44-A47B,TCGA-44-A47B-01A
3,train,TCGA-44-A4SU-01A_508_TS,TCGA-44-A4SU,TCGA-44-A4SU-01A
3,train,TCGA-49-4487-01A_439_TS,TCGA-49-4487,TCGA-49-4487-01A
3,train,TCGA-49-4487-01A_506_TS,TCGA-49-4487,TCGA-49-4487-01A
3,train,TCGA-49-4488-01A_568_TS,TCGA-49-4488,TCGA-49-4488-01A
3,train,TCGA-49-4488-01A_570_TS,TCGA-49-4488,TCGA-49-4488-01A
3,train,TCGA-49-4501-01A_143_TS,TCGA-49-4501,TCGA-49-4501-01A
3,train,TCGA-49-4501-01A_723_TS,TCGA-49-4501,TCGA-49-4501-01A
3,train,TCGA-49-4505-01A_23_TS,TCGA-49-4505,TCGA-49-4505-01A
3,train,TCGA-49-4505-01A_646_TS,TCGA-49-4505,TCGA-49-4505-01A
3,train,TCGA-49-4510-01A_422_TS,TCGA-49-4510,TCGA-49-4510-01A
3,train,TCGA-49-4510-01A_431_TS,TCGA-49-4510,TCGA-49-4510-01A
3,train,TCGA-49-6742-01A_333_TS,TCGA-49-6742,TCGA-49-6742-01A
3,train,TCGA-49-6742-01A_336_TS,TCGA-49-6742,TCGA-49-6742-01A
3,train,TCGA-49-6745-01A_697_TS,TCGA-49-6745,TCGA-49-6745-01A
3,train,TCGA-49-6745-01A_698_TS,TCGA-49-6745,TCGA-49-6745-01A
3,train,TCGA-49-6761-01A_755_TS,TCGA-49-6761,TCGA-49-6761-01A
3,train,TCGA-49-6767-01A_192_TS,TCGA-49-6767,TCGA-49-6767-01A
3,train,TCGA-49-6767-01A_386_TS,TCGA-49-6767,TCGA-49-6767-01A
3,train,TCGA-49-AAR3-01A_769_TS,TCGA-49-AAR3,TCGA-49-AAR3-01A
3,train,TCGA-49-AAR4-01A_685_TS,TCGA-49-AAR4,TCGA-49-AAR4-01A
3,train,TCGA-49-AARN-01A_204_TS,TCGA-49-AARN,TCGA-49-AARN-01A
3,train,TCGA-49-AARO-01A_760_TS,TCGA-49-AARO,TCGA-49-AARO-01A
3,train,TCGA-50-5049-01A_206_TS,TCGA-50-5049,TCGA-50-5049-01A
3,train,TCGA-50-5049-01A_207_TS,TCGA-50-5049,TCGA-50-5049-01A
3,train,TCGA-50-5051-01A_144_TS,TCGA-50-5051,TCGA-50-5051-01A
3,train,TCGA-50-5051-01A_20_TS,TCGA-50-5051,TCGA-50-5051-01A
3,train,TCGA-50-5068-01A_178_TS,TCGA-50-5068,TCGA-50-5068-01A
3,train,TCGA-50-5068-01A_73_TS,TCGA-50-5068,TCGA-50-5068-01A
3,train,TCGA-50-5072-01A_129_TS,TCGA-50-5072,TCGA-50-5072-01A
3,train,TCGA-50-5072-01A_635_TS,TCGA-50-5072,TCGA-50-5072-01A
3,train,TCGA-50-5932-01A_327_TS,TCGA-50-5932,TCGA-50-5932-01A
3,train,TCGA-50-5932-01A_328_TS,TCGA-50-5932,TCGA-50-5932-01A
3,train,TCGA-50-5933-01A_196_TS,TCGA-50-5933,TCGA-50-5933-01A
3,train,TCGA-50-5933-01A_682_TS,TCGA-50-5933,TCGA-50-5933-01A
3,train,TCGA-50-5939-01A_133_TS,TCGA-50-5939,TCGA-50-5939-01A
3,train,TCGA-50-5939-01A_718_TS,TCGA-50-5939,TCGA-50-5939-01A
3,train,TCGA-50-5941-01A_461_TS,TCGA-50-5941,TCGA-50-5941-01A
3,train,TCGA-50-5941-01A_501_TS,TCGA-50-5941,TCGA-50-5941-01A
3,train,TCGA-50-5942-01A_193_TS,TCGA-50-5942,TCGA-50-5942-01A
3,train,TCGA-50-5944-01A_350_TS,TCGA-50-5944,TCGA-50-5944-01A
3,train,TCGA-50-6591-01A_106_TS,TCGA-50-6591,TCGA-50-6591-01A
3,train,TCGA-50-6591-01A_316_TS,TCGA-50-6591,TCGA-50-6591-01A
3,train,TCGA-50-6592-01A_344_TS,TCGA-50-6592,TCGA-50-6592-01A
3,train,TCGA-50-6592-01A_345_TS,TCGA-50-6592,TCGA-50-6592-01A
3,train,TCGA-50-6595-01A_394_TS,TCGA-50-6595,TCGA-50-6595-01A
3,train,TCGA-50-6595-01A_781_TS,TCGA-50-6595,TCGA-50-6595-01A
3,train,TCGA-50-6597-01A_629_TS,TCGA-50-6597,TCGA-50-6597-01A
3,train,TCGA-50-6597-01A_712_TS,TCGA-50-6597,TCGA-50-6597-01A
3,train,TCGA-50-8457-01A_561_TS,TCGA-50-8457,TCGA-50-8457-01A
3,train,TCGA-50-8457-01A_562_TS,TCGA-50-8457,TCGA-50-8457-01A
3,train,TCGA-50-8459-01A_105_TS,TCGA-50-8459,TCGA-50-8459-01A
3,train,TCGA-50-8459-01A_802_TS,TCGA-50-8459,TCGA-50-8459-01A
3,train,TCGA-53-7626-01A_559_TS,TCGA-53-7626,TCGA-53-7626-01A
3,train,TCGA-53-7626-01A_560_TS,TCGA-53-7626,TCGA-53-7626-01A
3,train,TCGA-55-1592-01A_324_TS,TCGA-55-1592,TCGA-55-1592-01A
3,train,TCGA-55-1592-01A_701_TS,TCGA-55-1592,TCGA-55-1592-01A
3,train,TCGA-55-1596-01A_329_TS,TCGA-55-1596,TCGA-55-1596-01A
3,train,TCGA-55-1596-01A_331_TS,TCGA-55-1596,TCGA-55-1596-01A
3,train,TCGA-55-6543-01A_490_TS,TCGA-55-6543,TCGA-55-6543-01A
3,train,TCGA-55-6543-01A_596_TS,TCGA-55-6543,TCGA-55-6543-01A
3,train,TCGA-55-6969-01A_566_TS,TCGA-55-6969,TCGA-55-6969-01A
3,train,TCGA-55-6969-01A_567_TS,TCGA-55-6969,TCGA-55-6969-01A
3,train,TCGA-55-6970-01A_194_TS,TCGA-55-6970,TCGA-55-6970-01A
3,train,TCGA-55-6970-01A_389_TS,TCGA-55-6970,TCGA-55-6970-01A
3,train,TCGA-55-6975-01A_799_TS,TCGA-55-6975,TCGA-55-6975-01A
3,train,TCGA-55-6979-01A_225_TS,TCGA-55-6979,TCGA-55-6979-01A
3,train,TCGA-55-6979-01A_227_TS,TCGA-55-6979,TCGA-55-6979-01A
3,train,TCGA-55-6980-01A_354_TS,TCGA-55-6980,TCGA-55-6980-01A
3,train,TCGA-55-6986-01A_339_TS,TCGA-55-6986,TCGA-55-6986-01A
3,train,TCGA-55-6987-01A_157_TS,TCGA-55-6987,TCGA-55-6987-01A
3,train,TCGA-55-7573-01A_136_TS,TCGA-55-7573,TCGA-55-7573-01A
3,train,TCGA-55-7573-01A_13_TS,TCGA-55-7573,TCGA-55-7573-01A
3,train,TCGA-55-7576-01A_145_TS,TCGA-55-7576,TCGA-55-7576-01A
3,train,TCGA-55-7727-01A_692_TS,TCGA-55-7727,TCGA-55-7727-01A
3,train,TCGA-55-7903-01A_388_TS,TCGA-55-7903,TCGA-55-7903-01A
3,train,TCGA-55-7907-01A_509_TS,TCGA-55-7907,TCGA-55-7907-01A
3,train,TCGA-55-7994-01A_187_TS,TCGA-55-7994,TCGA-55-7994-01A
3,train,TCGA-55-7994-01A_188_TS,TCGA-55-7994,TCGA-55-7994-01A
3,train,TCGA-55-7995-01A_451_TS,TCGA-55-7995,TCGA-55-7995-01A
3,train,TCGA-55-7995-01A_495_TS,TCGA-55-7995,TCGA-55-7995-01A
3,train,TCGA-55-8085-01A_775_TS,TCGA-55-8085,TCGA-55-8085-01A
3,train,TCGA-55-8089-01A_239_TS,TCGA-55-8089,TCGA-55-8089-01A
3,train,TCGA-55-8094-01A_189_TS,TCGA-55-8094,TCGA-55-8094-01A
3,train,TCGA-55-8096-01A_162_TS,TCGA-55-8096,TCGA-55-8096-01A
3,train,TCGA-55-8204-01A_298_TS,TCGA-55-8204,TCGA-55-8204-01A
3,train,TCGA-55-8205-01A_801_TS,TCGA-55-8205,TCGA-55-8205-01A
3,train,TCGA-55-8208-01A_390_TS,TCGA-55-8208,TCGA-55-8208-01A
3,train,TCGA-55-8299-01A_736_TS,TCGA-55-8299,TCGA-55-8299-01A
3,train,TCGA-55-8505-01A_420_TS,TCGA-55-8505,TCGA-55-8505-01A
3,train,TCGA-55-8506-01A_268_TS,TCGA-55-8506,TCGA-55-8506-01A
3,train,TCGA-55-8510-01A_788_TS,TCGA-55-8510,TCGA-55-8510-01A
3,train,TCGA-55-8511-01A_630_TS,TCGA-55-8511,TCGA-55-8511-01A
3,train,TCGA-55-8514-01A_299_TS,TCGA-55-8514,TCGA-55-8514-01A
3,train,TCGA-55-8614-01A_465_TS,TCGA-55-8614,TCGA-55-8614-01A
3,train,TCGA-55-8619-01A_326_TS,TCGA-55-8619,TCGA-55-8619-01A
3,train,TCGA-55-8620-01A_287_TS,TCGA-55-8620,TCGA-55-8620-01A
3,train,TCGA-55-A48Y-01A_234_TS,TCGA-55-A48Y,TCGA-55-A48Y-01A
3,train,TCGA-55-A48Z-01A_241_TS,TCGA-55-A48Z,TCGA-55-A48Z-01A
3,train,TCGA-55-A492-01A_744_TS,TCGA-55-A492,TCGA-55-A492-01A
3,train,TCGA-55-A493-01A_486_TS,TCGA-55-A493,TCGA-55-A493-01A
3,train,TCGA-55-A4DG-01A_165_TS,TCGA-55-A4DG,TCGA-55-A4DG-01A
3,train,TCGA-55-A57B-01A_262_TS,TCGA-55-A57B,TCGA-55-A57B-01A
3,train,TCGA-62-8398-01A_249_TS,TCGA-62-8398,TCGA-62-8398-01A
3,train,TCGA-62-8398-01A_40_TS,TCGA-62-8398,TCGA-62-8398-01A
3,train,TCGA-62-A46O-01A_571_TS,TCGA-62-A46O,TCGA-62-A46O-01A
3,train,TCGA-62-A46P-01A_347_TS,TCGA-62-A46P,TCGA-62-A46P-01A
3,train,TCGA-62-A46V-01A_500_TS,TCGA-62-A46V,TCGA-62-A46V-01A
3,train,TCGA-62-A46Y-01A_765_TS,TCGA-62-A46Y,TCGA-62-A46Y-01A
3,train,TCGA-62-A472-01A_484_TS,TCGA-62-A472,TCGA-62-A472-01A
3,train,TCGA-64-1676-01A_440_TS,TCGA-64-1676,TCGA-64-1676-01A
3,train,TCGA-64-1676-01A_619_TS,TCGA-64-1676,TCGA-64-1676-01A
3,train,TCGA-64-1679-01A_309_TS,TCGA-64-1679,TCGA-64-1679-01A
3,train,TCGA-64-1679-01A_98_TS,TCGA-64-1679,TCGA-64-1679-01A
3,train,TCGA-64-1680-01A_32_TS,TCGA-64-1680,TCGA-64-1680-01A
3,train,TCGA-64-1680-01A_651_TS,TCGA-64-1680,TCGA-64-1680-01A
3,train,TCGA-64-5775-01A_337_TS,TCGA-64-5775,TCGA-64-5775-01A
3,train,TCGA-64-5775-01A_719_TS,TCGA-64-5775,TCGA-64-5775-01A
3,train,TCGA-64-5778-01A_101_TS,TCGA-64-5778,TCGA-64-5778-01A
3,train,TCGA-64-5778-01A_405_TS,TCGA-64-5778,TCGA-64-5778-01A
3,train,TCGA-64-5815-01A_208_TS,TCGA-64-5815,TCGA-64-5815-01A
3,train,TCGA-64-5815-01A_209_TS,TCGA-64-5815,TCGA-64-5815-01A
3,train,TCGA-67-3770-01A_228_TS,TCGA-67-3770,TCGA-67-3770-01A
3,train,TCGA-67-3771-01A_151_TS,TCGA-67-3771,TCGA-67-3771-01A
3,train,TCGA-67-3771-01A_731_TS,TCGA-67-3771,TCGA-67-3771-01A
3,train,TCGA-67-3774-01A_39_TS,TCGA-67-3774,TCGA-67-3774-01A
3,train,TCGA-67-3774-01A_664_TS,TCGA-67-3774,TCGA-67-3774-01A
3,train,TCGA-67-4679-01B_167_TS,TCGA-67-4679,TCGA-67-4679-01B
3,train,TCGA-67-4679-01B_364_TS,TCGA-67-4679,TCGA-67-4679-01B
3,train,TCGA-67-6217-01A_123_TS,TCGA-67-6217,TCGA-67-6217-01A
3,train,TCGA-67-6217-01A_694_TS,TCGA-67-6217,TCGA-67-6217-01A
3,train,TCGA-69-7761-01A_383_TS,TCGA-69-7761,TCGA-69-7761-01A
3,train,TCGA-69-7761-01A_86_TS,TCGA-69-7761,TCGA-69-7761-01A
3,train,TCGA-69-7974-01A_53_TS,TCGA-69-7974,TCGA-69-7974-01A
3,train,TCGA-69-7978-01A_459_TS,TCGA-69-7978,TCGA-69-7978-01A
3,train,TCGA-69-8253-01A_368_TS,TCGA-69-8253,TCGA-69-8253-01A
3,train,TCGA-69-8254-01A_605_TS,TCGA-69-8254,TCGA-69-8254-01A
3,train,TCGA-69-A59K-01A_779_TS,TCGA-69-A59K,TCGA-69-A59K-01A
3,train,TCGA-71-6725-01A_275_TS,TCGA-71-6725,TCGA-71-6725-01A
3,train,TCGA-71-6725-01A_750_TS,TCGA-71-6725,TCGA-71-6725-01A
3,train,TCGA-71-8520-01A_43_TS,TCGA-71-8520,TCGA-71-8520-01A
3,train,TCGA-71-8520-01A_741_TS,TCGA-71-8520,TCGA-71-8520-01A
3,train,TCGA-73-4662-01A_55_TS,TCGA-73-4662,TCGA-73-4662-01A
3,train,TCGA-73-4662-01A_666_TS,TCGA-73-4662,TCGA-73-4662-01A
3,train,TCGA-73-4666-01A_283_TS,TCGA-73-4666,TCGA-73-4666-01A
3,train,TCGA-73-4666-01A_752_TS,TCGA-73-4666,TCGA-73-4666-01A
3,train,TCGA-73-4675-01A_457_TS,TCGA-73-4675,TCGA-73-4675-01A
3,train,TCGA-73-4675-01A_608_TS,TCGA-73-4675,TCGA-73-4675-01A
3,train,TCGA-73-4676-01A_711_TS,TCGA-73-4676,TCGA-73-4676-01A
3,train,TCGA-73-4676-01A_7_TS,TCGA-73-4676,TCGA-73-4676-01A
3,train,TCGA-73-7499-01A_302_TS,TCGA-73-7499,TCGA-73-7499-01A
3,train,TCGA-73-7499-01A_680_TS,TCGA-73-7499,TCGA-73-7499-01A
3,train,TCGA-73-A9RS-01A_658_TS,TCGA-73-A9RS,TCGA-73-A9RS-01A
3,train,TCGA-75-5122-01A_392_TS,TCGA-75-5122,TCGA-75-5122-01A
3,train,TCGA-75-5122-01A_780_TS,TCGA-75-5122,TCGA-75-5122-01A
3,train,TCGA-75-5146-01A_246_TS,TCGA-75-5146,TCGA-75-5146-01A
3,train,TCGA-75-5146-01A_652_TS,TCGA-75-5146,TCGA-75-5146-01A
3,train,TCGA-75-5147-01A_553_TS,TCGA-75-5147,TCGA-75-5147-01A
3,train,TCGA-75-5147-01A_554_TS,TCGA-75-5147,TCGA-75-5147-01A
3,train,TCGA-75-6211-01A_247_TS,TCGA-75-6211,TCGA-75-6211-01A
3,train,TCGA-75-6211-01A_655_TS,TCGA-75-6211,TCGA-75-6211-01A
3,train,TCGA-75-6212-01A_37_TS,TCGA-75-6212,TCGA-75-6212-01A
3,train,TCGA-75-6212-01A_38_TS,TCGA-75-6212,TCGA-75-6212-01A
3,train,TCGA-75-7025-01A_385_TS,TCGA-75-7025,TCGA-75-7025-01A
3,train,TCGA-75-7031-01A_753_TS,TCGA-75-7031,TCGA-75-7031-01A
3,train,TCGA-75-7031-01A_754_TS,TCGA-75-7031,TCGA-75-7031-01A
3,train,TCGA-78-7143-01A_281_TS,TCGA-78-7143,TCGA-78-7143-01A
3,train,TCGA-78-7143-01A_284_TS,TCGA-78-7143,TCGA-78-7143-01A
3,train,TCGA-78-7147-01A_487_TS,TCGA-78-7147,TCGA-78-7147-01A
3,train,TCGA-78-7147-01A_595_TS,TCGA-78-7147,TCGA-78-7147-01A
3,train,TCGA-78-7148-01A_489_TS,TCGA-78-7148,TCGA-78-7148-01A
3,train,TCGA-78-7148-01A_597_TS,TCGA-78-7148,TCGA-78-7148-01A
3,train,TCGA-78-7150-01A_315_TS,TCGA-78-7150,TCGA-78-7150-01A
3,train,TCGA-78-7153-01A_514_TS,TCGA-78-7153,TCGA-78-7153-01A
3,train,TCGA-78-7153-01A_515_TS,TCGA-78-7153,TCGA-78-7153-01A
3,train,TCGA-78-7154-01A_555_TS,TCGA-78-7154,TCGA-78-7154-01A
3,train,TCGA-78-7154-01A_556_TS,TCGA-78-7154,TCGA-78-7154-01A
3,train,TCGA-78-7158-01A_282_TS,TCGA-78-7158,TCGA-78-7158-01A
3,train,TCGA-78-7158-01A_68_TS,TCGA-78-7158,TCGA-78-7158-01A
3,train,TCGA-78-7159-01A_176_TS,TCGA-78-7159,TCGA-78-7159-01A
3,train,TCGA-78-7159-01A_756_TS,TCGA-78-7159,TCGA-78-7159-01A
3,train,TCGA-78-7163-01A_374_TS,TCGA-78-7163,TCGA-78-7163-01A
3,train,TCGA-78-7163-01A_76_TS,TCGA-78-7163,TCGA-78-7163-01A
3,train,TCGA-78-7167-01A_443_TS,TCGA-78-7167,TCGA-78-7167-01A
3,train,TCGA-78-7167-01A_623_TS,TCGA-78-7167,TCGA-78-7167-01A
3,train,TCGA-78-7537-01A_185_TS,TCGA-78-7537,TCGA-78-7537-01A
3,train,TCGA-78-7537-01A_674_TS,TCGA-78-7537,TCGA-78-7537-01A
3,train,TCGA-78-7539-01A_91_TS,TCGA-78-7539,TCGA-78-7539-01A
3,train,TCGA-78-7539-01A_92_TS,TCGA-78-7539,TCGA-78-7539-01A
3,train,TCGA-78-8640-01A_244_TS,TCGA-78-8640,TCGA-78-8640-01A
3,train,TCGA-78-8648-01A_770_TS,TCGA-78-8648,TCGA-78-8648-01A
3,train,TCGA-78-8662-01A_351_TS,TCGA-78-8662,TCGA-78-8662-01A
3,train,TCGA-78-8662-01A_732_TS,TCGA-78-8662,TCGA-78-8662-01A
3,train,TCGA-80-5611-01A_118_TS,TCGA-80-5611,TCGA-80-5611-01A
3,train,TCGA-83-5908-01A_654_TS,TCGA-83-5908,TCGA-83-5908-01A
3,train,TCGA-86-6562-01A_475_TS,TCGA-86-6562,TCGA-86-6562-01A
3,train,TCGA-86-6562-01A_579_TS,TCGA-86-6562,TCGA-86-6562-01A
3,train,TCGA-86-7711-01A_213_TS,TCGA-86-7711,TCGA-86-7711-01A
3,train,TCGA-86-7711-01A_797_TS,TCGA-86-7711,TCGA-86-7711-01A
3,train,TCGA-86-7713-01A_534_TS,TCGA-86-7713,TCGA-86-7713-01A
3,train,TCGA-86-7713-01A_535_TS,TCGA-86-7713,TCGA-86-7713-01A
3,train,TCGA-86-7954-01A_648_TS,TCGA-86-7954,TCGA-86-7954-01A
3,train,TCGA-86-7954-01A_730_TS,TCGA-86-7954,TCGA-86-7954-01A
3,train,TCGA-86-8054-01A_154_TS,TCGA-86-8054,TCGA-86-8054-01A
3,train,TCGA-86-8054-01A_238_TS,TCGA-86-8054,TCGA-86-8054-01A
3,train,TCGA-86-8073-01A_545_TS,TCGA-86-8073,TCGA-86-8073-01A
3,train,TCGA-86-8073-01A_546_TS,TCGA-86-8073,TCGA-86-8073-01A
3,train,TCGA-86-8074-01A_175_TS,TCGA-86-8074,TCGA-86-8074-01A
3,train,TCGA-86-8074-01A_60_TS,TCGA-86-8074,TCGA-86-8074-01A
3,train,TCGA-86-8280-01A_574_TS,TCGA-86-8280,TCGA-86-8280-01A
3,train,TCGA-86-8280-01A_575_TS,TCGA-86-8280,TCGA-86-8280-01A
3,train,TCGA-86-8281-01A_376_TS,TCGA-86-8281,TCGA-86-8281-01A
3,train,TCGA-86-8281-01A_78_TS,TCGA-86-8281,TCGA-86-8281-01A
3,train,TCGA-86-8585-01A_257_TS,TCGA-86-8585,TCGA-86-8585-01A
3,train,TCGA-86-8585-01A_738_TS,TCGA-86-8585,TCGA-86-8585-01A
3,train,TCGA-86-8668-01A_498_TS,TCGA-86-8668,TCGA-86-8668-01A
3,train,TCGA-86-8668-01A_499_TS,TCGA-86-8668,TCGA-86-8668-01A
3,train,TCGA-86-8672-01A_511_TS,TCGA-86-8672,TCGA-86-8672-01A
3,train,TCGA-86-8673-01A_424_TS,TCGA-86-8673,TCGA-86-8673-01A
3,train,TCGA-86-8673-01A_615_TS,TCGA-86-8673,TCGA-86-8673-01A
3,train,TCGA-86-8674-01A_235_TS,TCGA-86-8674,TCGA-86-8674-01A
3,train,TCGA-86-A4P7-01A_210_TS,TCGA-86-A4P7,TCGA-86-A4P7-01A
3,train,TCGA-86-A4P8-01A_777_TS,TCGA-86-A4P8,TCGA-86-A4P8-01A
3,train,TCGA-91-6828-01A_403_TS,TCGA-91-6828,TCGA-91-6828-01A
3,train,TCGA-91-6828-01A_793_TS,TCGA-91-6828,TCGA-91-6828-01A
3,train,TCGA-91-6835-01A_158_TS,TCGA-91-6835,TCGA-91-6835-01A
3,train,TCGA-91-6835-01A_255_TS,TCGA-91-6835,TCGA-91-6835-01A
3,train,TCGA-91-6840-01A_563_TS,TCGA-91-6840,TCGA-91-6840-01A
3,train,TCGA-91-6840-01A_564_TS,TCGA-91-6840,TCGA-91-6840-01A
3,train,TCGA-91-6849-01A_102_TS,TCGA-91-6849,TCGA-91-6849-01A
3,train,TCGA-91-6849-01A_796_TS,TCGA-91-6849,TCGA-91-6849-01A
3,train,TCGA-91-7771-01A_134_TS,TCGA-91-7771,TCGA-91-7771-01A
3,train,TCGA-91-7771-01A_717_TS,TCGA-91-7771,TCGA-91-7771-01A
3,train,TCGA-91-8499-01A_285_TS,TCGA-91-8499,TCGA-91-8499-01A
3,train,TCGA-91-8499-01A_757_TS,TCGA-91-8499,TCGA-91-8499-01A
3,train,TCGA-91-A4BC-01A_600_TS,TCGA-91-A4BC,TCGA-91-A4BC-01A
3,train,TCGA-91-A4BD-01A_25_TS,TCGA-91-A4BD,TCGA-91-A4BD-01A
3,train,TCGA-93-7347-01A_494_TS,TCGA-93-7347,TCGA-93-7347-01A
3,train,TCGA-93-7347-01A_601_TS,TCGA-93-7347,TCGA-93-7347-01A
3,train,TCGA-93-A4JN-01A_107_TS,TCGA-93-A4JN,TCGA-93-A4JN-01A
3,train,TCGA-93-A4JO-01A_360_TS,TCGA-93-A4JO,TCGA-93-A4JO-01A
3,train,TCGA-95-7562-01A_710_TS,TCGA-95-7562,TCGA-95-7562-01A
3,train,TCGA-95-7567-01A_51_TS,TCGA-95-7567,TCGA-95-7567-01A
3,train,TCGA-95-7948-01A_334_TS,TCGA-95-7948,TCGA-95-7948-01A
3,train,TCGA-95-8039-01A_197_TS,TCGA-95-8039,TCGA-95-8039-01A
3,train,TCGA-95-A4VN-01A_47_TS,TCGA-95-A4VN,TCGA-95-A4VN-01A
3,train,TCGA-97-7546-01A_352_TS,TCGA-97-7546,TCGA-97-7546-01A
3,train,TCGA-97-7552-01A_34_TS,TCGA-97-7552,TCGA-97-7552-01A
3,train,TCGA-97-7552-01A_735_TS,TCGA-97-7552,TCGA-97-7552-01A
3,train,TCGA-97-7554-01A_211_TS,TCGA-97-7554,TCGA-97-7554-01A
3,train,TCGA-97-7554-01A_412_TS,TCGA-97-7554,TCGA-97-7554-01A
3,train,TCGA-97-7937-01A_435_TS,TCGA-97-7937,TCGA-97-7937-01A
3,train,TCGA-97-7938-01A_491_TS,TCGA-97-7938,TCGA-97-7938-01A
3,train,TCGA-97-8172-01A_222_TS,TCGA-97-8172,TCGA-97-8172-01A
3,train,TCGA-97-8174-01A_787_TS,TCGA-97-8174,TCGA-97-8174-01A
3,train,TCGA-97-8177-01A_728_TS,TCGA-97-8177,TCGA-97-8177-01A
3,train,TCGA-97-8179-01A_150_TS,TCGA-97-8179,TCGA-97-8179-01A
3,train,TCGA-97-A4LX-01A_591_TS,TCGA-97-A4LX,TCGA-97-A4LX-01A
3,train,TCGA-97-A4M0-01A_478_TS,TCGA-97-A4M0,TCGA-97-A4M0-01A
3,train,TCGA-97-A4M3-01A_74_TS,TCGA-97-A4M3,TCGA-97-A4M3-01A
3,train,TCGA-97-A4M5-01A_180_TS,TCGA-97-A4M5,TCGA-97-A4M5-01A
3,train,TCGA-99-8025-01A_786_TS,TCGA-99-8025,TCGA-99-8025-01A
3,train,TCGA-99-8028-01A_407_TS,TCGA-99-8028,TCGA-99-8028-01A
3,train,TCGA-99-AA5R-01A_558_TS,TCGA-99-AA5R,TCGA-99-AA5R-01A
3,train,TCGA-J2-8194-01A_137_TS,TCGA-J2-8194,TCGA-J2-8194-01A
3,train,TCGA-J2-8194-01A_138_TS,TCGA-J2-8194,TCGA-J2-8194-01A
3,train,TCGA-J2-A4AD-01A_342_TS,TCGA-J2-A4AD,TCGA-J2-A4AD-01A
3,train,TCGA-L4-A4E6-01A_33_TS,TCGA-L4-A4E6,TCGA-L4-A4E6-01A
3,train,TCGA-L9-A443-01A_663_TS,TCGA-L9-A443,TCGA-L9-A443-01A
3,train,TCGA-L9-A5IP-01A_660_TS,TCGA-L9-A5IP,TCGA-L9-A5IP-01A
3,train,TCGA-L9-A743-01A_810_TS,TCGA-L9-A743,TCGA-L9-A743-01A
3,train,TCGA-MN-A4N1-01A_190_TS,TCGA-MN-A4N1,TCGA-MN-A4N1-01A
3,train,TCGA-MN-A4N4-01A_550_TS,TCGA-MN-A4N4,TCGA-MN-A4N4-01A
3,train,TCGA-MP-A4SW-01A_236_TS,TCGA-MP-A4SW,TCGA-MP-A4SW-01A
3,train,TCGA-MP-A4SY-01A_310_TS,TCGA-MP-A4SY,TCGA-MP-A4SY-01A
3,train,TCGA-MP-A4T7-01A_267_TS,TCGA-MP-A4T7,TCGA-MP-A4T7-01A
3,train,TCGA-MP-A4T8-01A_95_TS,TCGA-MP-A4T8,TCGA-MP-A4T8-01A
3,train,TCGA-MP-A4TC-01A_103_TS,TCGA-MP-A4TC,TCGA-MP-A4TC-01A
3,train,TCGA-MP-A4TD-01A_46_TS,TCGA-MP-A4TD,TCGA-MP-A4TD-01A
3,train,TCGA-MP-A4TH-01A_683_TS,TCGA-MP-A4TH,TCGA-MP-A4TH-01A
3,train,TCGA-MP-A4TI-01A_611_TS,TCGA-MP-A4TI,TCGA-MP-A4TI-01A
3,train,TCGA-MP-A5C7-01A_791_TS,TCGA-MP-A5C7,TCGA-MP-A5C7-01A
3,train,TCGA-NJ-A4YG-01A_308_TS,TCGA-NJ-A4YG,TCGA-NJ-A4YG-01A
3,train,TCGA-NJ-A4YQ-01A_278_TS,TCGA-NJ-A4YQ,TCGA-NJ-A4YQ-01A
3,train,TCGA-NJ-A55A-01A_218_TS,TCGA-NJ-A55A,TCGA-NJ-A55A-01A
3,train,TCGA-NJ-A7XG-01A_232_TS,TCGA-NJ-A7XG,TCGA-NJ-A7XG-01A
3,train,TCGA-O1-A52J-01A_365_TS,TCGA-O1-A52J,TCGA-O1-A52J-01A
3,val,TCGA-05-4244-01A_359_TS,TCGA-05-4244,TCGA-05-4244-01A
3,val,TCGA-05-4244-01A_48_TS,TCGA-05-4244,TCGA-05-4244-01A
3,val,TCGA-05-4384-01A_3_TS,TCGA-05-4384,TCGA-05-4384-01A
3,val,TCGA-05-4384-01A_707_TS,TCGA-05-4384,TCGA-05-4384-01A
3,val,TCGA-05-4390-01A_425_TS,TCGA-05-4390,TCGA-05-4390-01A
3,val,TCGA-05-4390-01A_455_TS,TCGA-05-4390,TCGA-05-4390-01A
3,val,TCGA-05-4390-01A_607_TS,TCGA-05-4390,TCGA-05-4390-01A
3,val,TCGA-05-4397-01A_677_TS,TCGA-05-4397,TCGA-05-4397-01A
3,val,TCGA-05-4397-01A_679_TS,TCGA-05-4397,TCGA-05-4397-01A
3,val,TCGA-05-4405-01A_638_TS,TCGA-05-4405,TCGA-05-4405-01A
3,val,TCGA-05-4405-01A_639_TS,TCGA-05-4405,TCGA-05-4405-01A
3,val,TCGA-05-4418-01A_120_TS,TCGA-05-4418,TCGA-05-4418-01A
3,val,TCGA-05-4418-01A_693_TS,TCGA-05-4418,TCGA-05-4418-01A
3,val,TCGA-05-4425-01A_300_TS,TCGA-05-4425,TCGA-05-4425-01A
3,val,TCGA-05-4425-01A_87_TS,TCGA-05-4425,TCGA-05-4425-01A
3,val,TCGA-05-4432-01A_492_TS,TCGA-05-4432,TCGA-05-4432-01A
3,val,TCGA-05-4432-01A_493_TS,TCGA-05-4432,TCGA-05-4432-01A
3,val,TCGA-05-5423-01A_161_TS,TCGA-05-5423,TCGA-05-5423-01A
3,val,TCGA-05-5423-01A_163_TS,TCGA-05-5423,TCGA-05-5423-01A
3,val,TCGA-05-5715-01A_482_TS,TCGA-05-5715,TCGA-05-5715-01A
3,val,TCGA-05-5715-01A_483_TS,TCGA-05-5715,TCGA-05-5715-01A
3,val,TCGA-35-5375-01A_289_TS,TCGA-35-5375,TCGA-35-5375-01A
3,val,TCGA-35-5375-01A_381_TS,TCGA-35-5375,TCGA-35-5375-01A
3,val,TCGA-38-4628-01A_532_TS,TCGA-38-4628,TCGA-38-4628-01A
3,val,TCGA-38-4628-01A_533_TS,TCGA-38-4628,TCGA-38-4628-01A
3,val,TCGA-38-4632-01A_395_TS,TCGA-38-4632,TCGA-38-4632-01A
3,val,TCGA-38-4632-01A_785_TS,TCGA-38-4632,TCGA-38-4632-01A
3,val,TCGA-44-2659-01A_335_TS,TCGA-44-2659,TCGA-44-2659-01A
3,val,TCGA-44-2659-01A_628_TS,TCGA-44-2659,TCGA-44-2659-01A
3,val,TCGA-44-3396-01A_52_TS,TCGA-44-3396,TCGA-44-3396-01A
3,val,TCGA-44-3396-01A_665_TS,TCGA-44-3396,TCGA-44-3396-01A
3,val,TCGA-44-3919-01A_673_TS,TCGA-44-3919,TCGA-44-3919-01A
3,val,TCGA-44-3919-01A_80_TS,TCGA-44-3919,TCGA-44-3919-01A
3,val,TCGA-44-4112-01A_293_TS,TCGA-44-4112,TCGA-44-4112-01A
3,val,TCGA-44-4112-01A_382_TS,TCGA-44-4112,TCGA-44-4112-01A
3,val,TCGA-44-4112-01A_84_TS,TCGA-44-4112,TCGA-44-4112-01A
3,val,TCGA-44-5644-01A_248_TS,TCGA-44-5644,TCGA-44-5644-01A
3,val,TCGA-44-6776-01A_220_TS,TCGA-44-6776,TCGA-44-6776-01A
3,val,TCGA-44-6776-01A_8_TS,TCGA-44-6776,TCGA-44-6776-01A
3,val,TCGA-44-7659-01A_419_TS,TCGA-44-7659,TCGA-44-7659-01A
3,val,TCGA-44-7659-01A_427_TS,TCGA-44-7659,TCGA-44-7659-01A
3,val,TCGA-44-7670-01A_142_TS,TCGA-44-7670,TCGA-44-7670-01A
3,val,TCGA-44-7670-01A_722_TS,TCGA-44-7670,TCGA-44-7670-01A
3,val,TCGA-44-8119-01A_17_TS,TCGA-44-8119,TCGA-44-8119-01A
3,val,TCGA-44-8119-01A_720_TS,TCGA-44-8119,TCGA-44-8119-01A
3,val,TCGA-44-8120-01A_94_TS,TCGA-44-8120,TCGA-44-8120-01A
3,val,TCGA-44-A47G-01A_471_TS,TCGA-44-A47G,TCGA-44-A47G-01A
3,val,TCGA-49-4490-01A_290_TS,TCGA-49-4490,TCGA-49-4490-01A
3,val,TCGA-49-4490-01A_81_TS,TCGA-49-4490,TCGA-49-4490-01A
3,val,TCGA-49-4506-01A_496_TS,TCGA-49-4506,TCGA-49-4506-01A
3,val,TCGA-49-4506-01A_604_TS,TCGA-49-4506,TCGA-49-4506-01A
3,val,TCGA-49-6743-01A_114_TS,TCGA-49-6743,TCGA-49-6743-01A
3,val,TCGA-49-6743-01A_322_TS,TCGA-49-6743,TCGA-49-6743-01A
3,val,TCGA-49-AAQV-01A_406_TS,TCGA-49-AAQV,TCGA-49-AAQV-01A
3,val,TCGA-49-AAR9-01A_271_TS,TCGA-49-AAR9,TCGA-49-AAR9-01A
3,val,TCGA-49-AARR-01A_411_TS,TCGA-49-AARR,TCGA-49-AARR-01A
3,val,TCGA-50-5044-01A_436_TS,TCGA-50-5044,TCGA-50-5044-01A
3,val,TCGA-50-5044-01A_463_TS,TCGA-50-5044,TCGA-50-5044-01A
3,val,TCGA-50-5055-01A_530_TS,TCGA-50-5055,TCGA-50-5055-01A
3,val,TCGA-50-5055-01A_531_TS,TCGA-50-5055,TCGA-50-5055-01A
3,val,TCGA-50-5930-01A_49_TS,TCGA-50-5930,TCGA-50-5930-01A
3,val,TCGA-50-5930-01A_662_TS,TCGA-50-5930,TCGA-50-5930-01A
3,val,TCGA-50-5935-01A_141_TS,TCGA-50-5935,TCGA-50-5935-01A
3,val,TCGA-50-5935-01A_643_TS,TCGA-50-5935,TCGA-50-5935-01A
3,val,TCGA-50-5946-01A_526_TS,TCGA-50-5946,TCGA-50-5946-01A
3,val,TCGA-50-5946-01A_527_TS,TCGA-50-5946,TCGA-50-5946-01A
3,val,TCGA-50-6593-01A_589_TS,TCGA-50-6593,TCGA-50-6593-01A
3,val,TCGA-50-6593-01A_590_TS,TCGA-50-6593,TCGA-50-6593-01A
3,val,TCGA-50-6673-01A_215_TS,TCGA-50-6673,TCGA-50-6673-01A
3,val,TCGA-50-6673-01A_414_TS,TCGA-50-6673,TCGA-50-6673-01A
3,val,TCGA-50-8460-01A_274_TS,TCGA-50-8460,TCGA-50-8460-01A
3,val,TCGA-50-8460-01A_276_TS,TCGA-50-8460,TCGA-50-8460-01A
3,val,TCGA-55-1594-01A_126_TS,TCGA-55-1594,TCGA-55-1594-01A
3,val,TCGA-55-1594-01A_325_TS,TCGA-55-1594,TCGA-55-1594-01A
3,val,TCGA-55-5899-01A_795_TS,TCGA-55-5899,TCGA-55-5899-01A
3,val,TCGA-55-6642-01A_170_TS,TCGA-55-6642,TCGA-55-6642-01A
3,val,TCGA-55-6642-01A_171_TS,TCGA-55-6642,TCGA-55-6642-01A
3,val,TCGA-55-6971-01A_100_TS,TCGA-55-6971,TCGA-55-6971-01A
3,val,TCGA-55-6971-01A_397_TS,TCGA-55-6971,TCGA-55-6971-01A
3,val,TCGA-55-6983-01A_762_TS,TCGA-55-6983,TCGA-55-6983-01A
3,val,TCGA-55-7281-01A_295_TS,TCGA-55-7281,TCGA-55-7281-01A
3,val,TCGA-55-7574-01A_212_TS,TCGA-55-7574,TCGA-55-7574-01A
3,val,TCGA-55-7574-01A_413_TS,TCGA-55-7574,TCGA-55-7574-01A
3,val,TCGA-55-7815-01A_477_TS,TCGA-55-7815,TCGA-55-7815-01A
3,val,TCGA-55-7911-01A_36_TS,TCGA-55-7911,TCGA-55-7911-01A
3,val,TCGA-55-8090-01A_221_TS,TCGA-55-8090,TCGA-55-8090-01A
3,val,TCGA-55-8097-01A_445_TS,TCGA-55-8097,TCGA-55-8097-01A
3,val,TCGA-55-8206-01A_110_TS,TCGA-55-8206,TCGA-55-8206-01A
3,val,TCGA-55-8301-01A_689_TS,TCGA-55-8301,TCGA-55-8301-01A
3,val,TCGA-55-8507-01A_565_TS,TCGA-55-8507,TCGA-55-8507-01A
3,val,TCGA-55-8512-01A_29_TS,TCGA-55-8512,TCGA-55-8512-01A
3,val,TCGA-55-8615-01A_647_TS,TCGA-55-8615,TCGA-55-8615-01A
3,val,TCGA-55-8621-01A_18_TS,TCGA-55-8621,TCGA-55-8621-01A
3,val,TCGA-55-A490-01A_430_TS,TCGA-55-A490,TCGA-55-A490-01A
3,val,TCGA-55-A494-01A_606_TS,TCGA-55-A494,TCGA-55-A494-01A
3,val,TCGA-62-8394-01A_297_TS,TCGA-62-8394,TCGA-62-8394-01A
3,val,TCGA-62-8394-01A_384_TS,TCGA-62-8394,TCGA-62-8394-01A
3,val,TCGA-62-8399-01A_772_TS,TCGA-62-8399,TCGA-62-8399-01A
3,val,TCGA-62-A46S-01A_583_TS,TCGA-62-A46S,TCGA-62-A46S-01A
3,val,TCGA-62-A470-01A_593_TS,TCGA-62-A470,TCGA-62-A470-01A
3,val,TCGA-64-1677-01A_12_TS,TCGA-64-1677,TCGA-64-1677-01A
3,val,TCGA-64-1677-01A_135_TS,TCGA-64-1677,TCGA-64-1677-01A
3,val,TCGA-64-1681-01A_521_TS,TCGA-64-1681,TCGA-64-1681-01A
3,val,TCGA-64-1681-01A_522_TS,TCGA-64-1681,TCGA-64-1681-01A
3,val,TCGA-64-5779-01A_243_TS,TCGA-64-5779,TCGA-64-5779-01A
3,val,TCGA-64-5779-01A_245_TS,TCGA-64-5779,TCGA-64-5779-01A
3,val,TCGA-67-3772-01A_181_TS,TCGA-67-3772,TCGA-67-3772-01A
3,val,TCGA-67-3772-01A_182_TS,TCGA-67-3772,TCGA-67-3772-01A
3,val,TCGA-67-6215-01A_472_TS,TCGA-67-6215,TCGA-67-6215-01A
3,val,TCGA-67-6215-01A_473_TS,TCGA-67-6215,TCGA-67-6215-01A
3,val,TCGA-69-7763-01A_27_TS,TCGA-69-7763,TCGA-69-7763-01A
3,val,TCGA-69-7763-01A_349_TS,TCGA-69-7763,TCGA-69-7763-01A
3,val,TCGA-69-7764-01A_251_TS,TCGA-69-7764,TCGA-69-7764-01A
3,val,TCGA-69-7979-01A_807_TS,TCGA-69-7979,TCGA-69-7979-01A
3,val,TCGA-69-8255-01A_72_TS,TCGA-69-8255,TCGA-69-8255-01A
3,val,TCGA-73-4658-01A_695_TS,TCGA-73-4658,TCGA-73-4658-01A
3,val,TCGA-73-4658-01A_696_TS,TCGA-73-4658,TCGA-73-4658-01A
3,val,TCGA-73-4668-01A_446_TS,TCGA-73-4668,TCGA-73-4668-01A
3,val,TCGA-73-4668-01A_447_TS,TCGA-73-4668,TCGA-73-4668-01A
3,val,TCGA-73-4677-01A_725_TS,TCGA-73-4677,TCGA-73-4677-01A
3,val,TCGA-73-4677-01A_727_TS,TCGA-73-4677,TCGA-73-4677-01A
3,val,TCGA-75-5125-01A_30_TS,TCGA-75-5125,TCGA-75-5125-01A
3,val,TCGA-75-5125-01A_734_TS,TCGA-75-5125,TCGA-75-5125-01A
3,val,TCGA-75-6203-01A_418_TS,TCGA-75-6203,TCGA-75-6203-01A
3,val,TCGA-75-6203-01A_691_TS,TCGA-75-6203,TCGA-75-6203-01A
3,val,TCGA-75-6205-01A_104_TS,TCGA-75-6205,TCGA-75-6205-01A
3,val,TCGA-75-7027-01A_370_TS,TCGA-75-7027,TCGA-75-7027-01A
3,val,TCGA-75-7027-01A_371_TS,TCGA-75-7027,TCGA-75-7027-01A
3,val,TCGA-78-7145-01A_67_TS,TCGA-78-7145,TCGA-78-7145-01A
3,val,TCGA-78-7145-01A_751_TS,TCGA-78-7145,TCGA-78-7145-01A
3,val,TCGA-78-7149-01A_250_TS,TCGA-78-7149,TCGA-78-7149-01A
3,val,TCGA-78-7149-01A_656_TS,TCGA-78-7149,TCGA-78-7149-01A
3,val,TCGA-78-7155-01A_432_TS,TCGA-78-7155,TCGA-78-7155-01A
3,val,TCGA-78-7155-01A_616_TS,TCGA-78-7155,TCGA-78-7155-01A
3,val,TCGA-78-7160-01A_512_TS,TCGA-78-7160,TCGA-78-7160-01A
3,val,TCGA-78-7160-01A_513_TS,TCGA-78-7160,TCGA-78-7160-01A
3,val,TCGA-78-7162-01A_240_TS,TCGA-78-7162,TCGA-78-7162-01A
3,val,TCGA-78-7220-01A_441_TS,TCGA-78-7220,TCGA-78-7220-01A
3,val,TCGA-78-7220-01A_620_TS,TCGA-78-7220,TCGA-78-7220-01A
3,val,TCGA-78-7540-01A_21_TS,TCGA-78-7540,TCGA-78-7540-01A
3,val,TCGA-78-7540-01A_340_TS,TCGA-78-7540,TCGA-78-7540-01A
3,val,TCGA-78-8655-01A_468_TS,TCGA-78-8655,TCGA-78-8655-01A
3,val,TCGA-86-6851-01A_19_TS,TCGA-86-6851,TCGA-86-6851-01A
3,val,TCGA-86-6851-01A_642_TS,TCGA-86-6851,TCGA-86-6851-01A
3,val,TCGA-86-7714-01A_279_TS,TCGA-86-7714,TCGA-86-7714-01A
3,val,TCGA-86-7714-01A_280_TS,TCGA-86-7714,TCGA-86-7714-01A
3,val,TCGA-86-7955-01A_147_TS,TCGA-86-7955,TCGA-86-7955-01A
3,val,TCGA-86-8055-01A_356_TS,TCGA-86-8055,TCGA-86-8055-01A
3,val,TCGA-86-8055-01A_739_TS,TCGA-86-8055,TCGA-86-8055-01A
3,val,TCGA-86-8075-01A_198_TS,TCGA-86-8075,TCGA-86-8075-01A
3,val,TCGA-86-8075-01A_312_TS,TCGA-86-8075,TCGA-86-8075-01A
3,val,TCGA-86-8358-01A_64_TS,TCGA-86-8358,TCGA-86-8358-01A
3,val,TCGA-86-8358-01A_65_TS,TCGA-86-8358,TCGA-86-8358-01A
3,val,TCGA-86-8669-01A_391_TS,TCGA-86-8669,TCGA-86-8669-01A
3,val,TCGA-86-8669-01A_90_TS,TCGA-86-8669,TCGA-86-8669-01A
3,val,TCGA-86-A456-01A_399_TS,TCGA-86-A456,TCGA-86-A456-01A
3,val,TCGA-91-6829-01A_650_TS,TCGA-91-6829,TCGA-91-6829-01A
3,val,TCGA-91-6830-01A_766_TS,TCGA-91-6830,TCGA-91-6830-01A
3,val,TCGA-91-6830-01A_767_TS,TCGA-91-6830,TCGA-91-6830-01A
3,val,TCGA-91-6847-01A_409_TS,TCGA-91-6847,TCGA-91-6847-01A
3,val,TCGA-91-6847-01A_800_TS,TCGA-91-6847,TCGA-91-6847-01A
3,val,TCGA-91-8496-01A_186_TS,TCGA-91-8496,TCGA-91-8496-01A
3,val,TCGA-91-8496-01A_85_TS,TCGA-91-8496,TCGA-91-8496-01A
3,val,TCGA-93-7348-01A_594_TS,TCGA-93-7348,TCGA-93-7348-01A
3,val,TCGA-93-A4JP-01A_659_TS,TCGA-93-A4JP,TCGA-93-A4JP-01A
3,val,TCGA-95-7039-01A_216_TS,TCGA-95-7039,TCGA-95-7039-01A
3,val,TCGA-95-7039-01A_415_TS,TCGA-95-7039,TCGA-95-7039-01A
3,val,TCGA-95-7944-01A_117_TS,TCGA-95-7944,TCGA-95-7944-01A
3,val,TCGA-95-8494-01A_304_TS,TCGA-95-8494,TCGA-95-8494-01A
3,val,TCGA-97-7547-01A_82_TS,TCGA-97-7547,TCGA-97-7547-01A
3,val,TCGA-97-7941-01A_448_TS,TCGA-97-7941,TCGA-97-7941-01A
3,val,TCGA-97-8175-01A_454_TS,TCGA-97-8175,TCGA-97-8175-01A
3,val,TCGA-97-8547-01A_452_TS,TCGA-97-8547,TCGA-97-8547-01A
3,val,TCGA-97-A4M1-01A_510_TS,TCGA-97-A4M1,TCGA-97-A4M1-01A
3,val,TCGA-97-A4M6-01A_353_TS,TCGA-97-A4M6,TCGA-97-A4M6-01A
3,val,TCGA-99-7458-01A_202_TS,TCGA-99-7458,TCGA-99-7458-01A
3,val,TCGA-99-7458-01A_404_TS,TCGA-99-7458,TCGA-99-7458-01A
3,val,TCGA-99-8032-01A_195_TS,TCGA-99-8032,TCGA-99-8032-01A
3,val,TCGA-J2-A4AE-01A_485_TS,TCGA-J2-A4AE,TCGA-J2-A4AE-01A
3,val,TCGA-L9-A444-01A_66_TS,TCGA-L9-A444,TCGA-L9-A444-01A
3,val,TCGA-L9-A7SV-01A_764_TS,TCGA-L9-A7SV,TCGA-L9-A7SV-01A
3,val,TCGA-MN-A4N5-01A_242_TS,TCGA-MN-A4N5,TCGA-MN-A4N5-01A
3,val,TCGA-MP-A4T4-01A_253_TS,TCGA-MP-A4T4,TCGA-MP-A4T4-01A
3,val,TCGA-MP-A4T9-01A_291_TS,TCGA-MP-A4T9,TCGA-MP-A4T9-01A
3,val,TCGA-MP-A4TE-01A_507_TS,TCGA-MP-A4TE,TCGA-MP-A4TE-01A
3,val,TCGA-MP-A4TJ-01A_794_TS,TCGA-MP-A4TJ,TCGA-MP-A4TJ-01A
3,val,TCGA-NJ-A4YI-01A_661_TS,TCGA-NJ-A4YI,TCGA-NJ-A4YI-01A
3,val,TCGA-NJ-A55O-01A_201_TS,TCGA-NJ-A55O,TCGA-NJ-A55O-01A
3,val,TCGA-S2-AA1A-01A_355_TS,TCGA-S2-AA1A,TCGA-S2-AA1A-01A
