fold,split,slide,patient,sample
0,test,TCGA-3C-AAAU-01A_23_TS,TCGA-3C-AAAU,TCGA-3C-AAAU-01A
0,test,TCGA-3C-AALJ-01A_1030_TS,TCGA-3C-AALJ,TCGA-3C-AALJ-01A
0,test,TCGA-5L-AAT1-01A_908_TS,TCGA-5L-AAT1,TCGA-5L-AAT1-01A
0,test,TCGA-A1-A0SH-01A_45_TS,TCGA-A1-A0SH,TCGA-A1-A0SH-01A
0,test,TCGA-A1-A0SH-01A_941_TS,TCGA-A1-A0SH,TCGA-A1-A0SH-01A
0,test,TCGA-A1-A0SM-01A_359_TS,TCGA-A1-A0SM,TCGA-A1-A0SM-01A
0,test,TCGA-A1-A0SM-01A_526_TS,TCGA-A1-A0SM,TCGA-A1-A0SM-01A
0,test,TCGA-A1-A0SQ-01A_1356_TS,TCGA-A1-A0SQ,TCGA-A1-A0SQ-01A
0,test,TCGA-A1-A0SQ-01A_639_TS,TCGA-A1-A0SQ,TCGA-A1-A0SQ-01A
0,test,TCGA-A2-A04T-01A_1518_TS,TCGA-A2-A04T,TCGA-A2-A04T-01A
0,test,TCGA-A2-A04T-01A_1566_TS,TCGA-A2-A04T,TCGA-A2-A04T-01A
0,test,TCGA-A2-A0CK-01A_202_TS,TCGA-A2-A0CK,TCGA-A2-A0CK-01A
0,test,TCGA-A2-A0CK-01A_206_TS,TCGA-A2-A0CK,TCGA-A2-A0CK-01A
0,test,TCGA-A2-A0CP-01A_326_TS,TCGA-A2-A0CP,TCGA-A2-A0CP-01A
0,test,TCGA-A2-A0CP-01A_582_TS,TCGA-A2-A0CP,TCGA-A2-A0CP-01A
0,test,TCGA-A2-A0CT-01A_478_TS,TCGA-A2-A0CT,TCGA-A2-A0CT-01A
0,test,TCGA-A2-A0CT-01A_566_TS,TCGA-A2-A0CT,TCGA-A2-A0CT-01A
0,test,TCGA-A2-A0CX-01A_731_TS,TCGA-A2-A0CX,TCGA-A2-A0CX-01A
0,test,TCGA-A2-A0CX-01A_732_TS,TCGA-A2-A0CX,TCGA-A2-A0CX-01A
0,test,TCGA-A2-A0D2-01A_1178_TS,TCGA-A2-A0D2,TCGA-A2-A0D2-01A
0,test,TCGA-A2-A0D2-01A_896_TS,TCGA-A2-A0D2,TCGA-A2-A0D2-01A
0,test,TCGA-A2-A0EN-01A_120_TS,TCGA-A2-A0EN,TCGA-A2-A0EN-01A
0,test,TCGA-A2-A0EN-01A_455_TS,TCGA-A2-A0EN,TCGA-A2-A0EN-01A
0,test,TCGA-A2-A0ES-01A_1348_TS,TCGA-A2-A0ES,TCGA-A2-A0ES-01A
0,test,TCGA-A2-A0ES-01A_1362_TS,TCGA-A2-A0ES,TCGA-A2-A0ES-01A
0,test,TCGA-A2-A0EW-01A_1375_TS,TCGA-A2-A0EW,TCGA-A2-A0EW-01A
0,test,TCGA-A2-A0EW-01A_1426_TS,TCGA-A2-A0EW,TCGA-A2-A0EW-01A
0,test,TCGA-A2-A0SU-01A_1452_TS,TCGA-A2-A0SU,TCGA-A2-A0SU-01A
0,test,TCGA-A2-A0SU-01A_1481_TS,TCGA-A2-A0SU,TCGA-A2-A0SU-01A
0,test,TCGA-A2-A0SY-01A_880_TS,TCGA-A2-A0SY,TCGA-A2-A0SY-01A
0,test,TCGA-A2-A0SY-01A_882_TS,TCGA-A2-A0SY,TCGA-A2-A0SY-01A
0,test,TCGA-A2-A0T3-01A_624_TS,TCGA-A2-A0T3,TCGA-A2-A0T3-01A
0,test,TCGA-A2-A0T3-01A_625_TS,TCGA-A2-A0T3,TCGA-A2-A0T3-01A
0,test,TCGA-A2-A0T7-01A_277_TS,TCGA-A2-A0T7,TCGA-A2-A0T7-01A
0,test,TCGA-A2-A0T7-01A_533_TS,TCGA-A2-A0T7,TCGA-A2-A0T7-01A
0,test,TCGA-A2-A0YF-01A_676_TS,TCGA-A2-A0YF,TCGA-A2-A0YF-01A
0,test,TCGA-A2-A0YF-01A_677_TS,TCGA-A2-A0YF,TCGA-A2-A0YF-01A
0,test,TCGA-A2-A0YJ-01A_105_TS,TCGA-A2-A0YJ,TCGA-A2-A0YJ-01A
0,test,TCGA-A2-A0YJ-01A_268_TS,TCGA-A2-A0YJ,TCGA-A2-A0YJ-01A
0,test,TCGA-A2-A0YT-01A_1066_TS,TCGA-A2-A0YT,TCGA-A2-A0YT-01A
0,test,TCGA-A2-A0YT-01A_779_TS,TCGA-A2-A0YT,TCGA-A2-A0YT-01A
0,test,TCGA-A2-A1FX-01A_672_TS,TCGA-A2-A1FX,TCGA-A2-A1FX-01A
0,test,TCGA-A2-A1G4-01A_1530_TS,TCGA-A2-A1G4,TCGA-A2-A1G4-01A
0,test,TCGA-A2-A25B-01A_1130_TS,TCGA-A2-A25B,TCGA-A2-A25B-01A
0,test,TCGA-A2-A25F-01A_1455_TS,TCGA-A2-A25F,TCGA-A2-A25F-01A
0,test,TCGA-A2-A3XT-01A_50_TS,TCGA-A2-A3XT,TCGA-A2-A3XT-01A
0,test,TCGA-A2-A3XX-01A_762_TS,TCGA-A2-A3XX,TCGA-A2-A3XX-01A
0,test,TCGA-A2-A4RW-01A_1116_TS,TCGA-A2-A4RW,TCGA-A2-A4RW-01A
0,test,TCGA-A2-A4S1-01A_329_TS,TCGA-A2-A4S1,TCGA-A2-A4S1-01A
0,test,TCGA-A7-A0CH-01A_1001_TS,TCGA-A7-A0CH,TCGA-A7-A0CH-01A
0,test,TCGA-A7-A0CH-01A_1002_TS,TCGA-A7-A0CH,TCGA-A7-A0CH-01A
0,test,TCGA-A7-A13E-01A_372_TS,TCGA-A7-A13E,TCGA-A7-A13E-01A
0,test,TCGA-A7-A13E-01A_457_TS,TCGA-A7-A13E,TCGA-A7-A13E-01A
0,test,TCGA-A7-A26E-01A_634_TS,TCGA-A7-A26E,TCGA-A7-A26E-01A
0,test,TCGA-A7-A26E-01B_1009_TS,TCGA-A7-A26E,TCGA-A7-A26E-01B
0,test,TCGA-A7-A26E-01B_1190_TS,TCGA-A7-A26E,TCGA-A7-A26E-01B
0,test,TCGA-A7-A26E-01B_1289_TS,TCGA-A7-A26E,TCGA-A7-A26E-01B
0,test,TCGA-A7-A26E-01B_810_TS,TCGA-A7-A26E,TCGA-A7-A26E-01B
0,test,TCGA-A7-A26G-01A_1061_TS,TCGA-A7-A26G,TCGA-A7-A26G-01A
0,test,TCGA-A7-A3IY-01A_88_TS,TCGA-A7-A3IY,TCGA-A7-A3IY-01A
0,test,TCGA-A7-A3RF-01A_894_TS,TCGA-A7-A3RF,TCGA-A7-A3RF-01A
0,test,TCGA-A7-A4SB-01A_1118_TS,TCGA-A7-A4SB,TCGA-A7-A4SB-01A
0,test,TCGA-A7-A4SF-01A_788_TS,TCGA-A7-A4SF,TCGA-A7-A4SF-01A
0,test,TCGA-A7-A5ZX-01A_349_TS,TCGA-A7-A5ZX,TCGA-A7-A5ZX-01A
0,test,TCGA-A7-A6VY-01A_735_TS,TCGA-A7-A6VY,TCGA-A7-A6VY-01A
0,test,TCGA-A8-A06O-01A_900_TS,TCGA-A8-A06O,TCGA-A8-A06O-01A
0,test,TCGA-A8-A06O-01A_901_TS,TCGA-A8-A06O,TCGA-A8-A06O-01A
0,test,TCGA-A8-A06X-01A_1169_TS,TCGA-A8-A06X,TCGA-A8-A06X-01A
0,test,TCGA-A8-A06X-01A_1172_TS,TCGA-A8-A06X,TCGA-A8-A06X-01A
0,test,TCGA-A8-A076-01A_1339_TS,TCGA-A8-A076,TCGA-A8-A076-01A
0,test,TCGA-A8-A076-01A_1351_TS,TCGA-A8-A076,TCGA-A8-A076-01A
0,test,TCGA-A8-A07E-01A_907_TS,TCGA-A8-A07E,TCGA-A8-A07E-01A
0,test,TCGA-A8-A07E-01A_916_TS,TCGA-A8-A07E,TCGA-A8-A07E-01A
0,test,TCGA-A8-A07L-01A_1544_TS,TCGA-A8-A07L,TCGA-A8-A07L-01A
0,test,TCGA-A8-A07L-01A_702_TS,TCGA-A8-A07L,TCGA-A8-A07L-01A
0,test,TCGA-A8-A07S-01A_1023_TS,TCGA-A8-A07S,TCGA-A8-A07S-01A
0,test,TCGA-A8-A07S-01A_1122_TS,TCGA-A8-A07S,TCGA-A8-A07S-01A
0,test,TCGA-A8-A081-01A_1062_TS,TCGA-A8-A081,TCGA-A8-A081-01A
0,test,TCGA-A8-A081-01A_973_TS,TCGA-A8-A081,TCGA-A8-A081-01A
0,test,TCGA-A8-A085-01A_657_TS,TCGA-A8-A085,TCGA-A8-A085-01A
0,test,TCGA-A8-A085-01A_658_TS,TCGA-A8-A085,TCGA-A8-A085-01A
0,test,TCGA-A8-A08C-01A_438_TS,TCGA-A8-A08C,TCGA-A8-A08C-01A
0,test,TCGA-A8-A08C-01A_521_TS,TCGA-A8-A08C,TCGA-A8-A08C-01A
0,test,TCGA-A8-A08J-01A_1039_TS,TCGA-A8-A08J,TCGA-A8-A08J-01A
0,test,TCGA-A8-A08J-01A_53_TS,TCGA-A8-A08J,TCGA-A8-A08J-01A
0,test,TCGA-A8-A08R-01A_231_TS,TCGA-A8-A08R,TCGA-A8-A08R-01A
0,test,TCGA-A8-A08R-01A_307_TS,TCGA-A8-A08R,TCGA-A8-A08R-01A
0,test,TCGA-A8-A08Z-01A_1215_TS,TCGA-A8-A08Z,TCGA-A8-A08Z-01A
0,test,TCGA-A8-A08Z-01A_1262_TS,TCGA-A8-A08Z,TCGA-A8-A08Z-01A
0,test,TCGA-A8-A093-01A_875_TS,TCGA-A8-A093,TCGA-A8-A093-01A
0,test,TCGA-A8-A093-01A_975_TS,TCGA-A8-A093,TCGA-A8-A093-01A
0,test,TCGA-A8-A097-01A_260_TS,TCGA-A8-A097,TCGA-A8-A097-01A
0,test,TCGA-A8-A097-01A_430_TS,TCGA-A8-A097,TCGA-A8-A097-01A
0,test,TCGA-A8-A09D-01A_218_TS,TCGA-A8-A09D,TCGA-A8-A09D-01A
0,test,TCGA-A8-A09D-01A_297_TS,TCGA-A8-A09D,TCGA-A8-A09D-01A
0,test,TCGA-A8-A09K-01A_1108_TS,TCGA-A8-A09K,TCGA-A8-A09K-01A
0,test,TCGA-A8-A09K-01A_910_TS,TCGA-A8-A09K,TCGA-A8-A09K-01A
0,test,TCGA-A8-A09R-01A_175_TS,TCGA-A8-A09R,TCGA-A8-A09R-01A
0,test,TCGA-A8-A09R-01A_423_TS,TCGA-A8-A09R,TCGA-A8-A09R-01A
0,test,TCGA-A8-A09X-01A_263_TS,TCGA-A8-A09X,TCGA-A8-A09X-01A
0,test,TCGA-A8-A09X-01A_517_TS,TCGA-A8-A09X,TCGA-A8-A09X-01A
0,test,TCGA-A8-A0A6-01A_250_TS,TCGA-A8-A0A6,TCGA-A8-A0A6-01A
0,test,TCGA-A8-A0A6-01A_252_TS,TCGA-A8-A0A6,TCGA-A8-A0A6-01A
0,test,TCGA-A8-A0AD-01A_682_TS,TCGA-A8-A0AD,TCGA-A8-A0AD-01A
0,test,TCGA-A8-A0AD-01A_683_TS,TCGA-A8-A0AD,TCGA-A8-A0AD-01A
0,test,TCGA-AC-A23G-01A_1476_TS,TCGA-AC-A23G,TCGA-AC-A23G-01A
0,test,TCGA-AC-A2BM-01A_1146_TS,TCGA-AC-A2BM,TCGA-AC-A2BM-01A
0,test,TCGA-AC-A2FG-01A_39_TS,TCGA-AC-A2FG,TCGA-AC-A2FG-01A
0,test,TCGA-AC-A2QI-01A_1524_TS,TCGA-AC-A2QI,TCGA-AC-A2QI-01A
0,test,TCGA-AC-A3HN-01A_64_TS,TCGA-AC-A3HN,TCGA-AC-A3HN-01A
0,test,TCGA-AC-A3W5-01A_505_TS,TCGA-AC-A3W5,TCGA-AC-A3W5-01A
0,test,TCGA-AC-A3YJ-01A_424_TS,TCGA-AC-A3YJ,TCGA-AC-A3YJ-01A
0,test,TCGA-AC-A5XU-01A_221_TS,TCGA-AC-A5XU,TCGA-AC-A5XU-01A
0,test,TCGA-AC-A6IV-01A_1165_TS,TCGA-AC-A6IV,TCGA-AC-A6IV-01A
0,test,TCGA-AC-A7VB-01A_1425_TS,TCGA-AC-A7VB,TCGA-AC-A7VB-01A
0,test,TCGA-AC-A8OR-01A_119_TS,TCGA-AC-A8OR,TCGA-AC-A8OR-01A
0,test,TCGA-AN-A03Y-01A_1399_TS,TCGA-AN-A03Y,TCGA-AN-A03Y-01A
0,test,TCGA-AN-A03Y-01A_1505_TS,TCGA-AN-A03Y,TCGA-AN-A03Y-01A
0,test,TCGA-AN-A04A-01A_1512_TS,TCGA-AN-A04A,TCGA-AN-A04A-01A
0,test,TCGA-AN-A04A-01A_696_TS,TCGA-AN-A04A,TCGA-AN-A04A-01A
0,test,TCGA-AN-A0AK-01A_32_TS,TCGA-AN-A0AK,TCGA-AN-A0AK-01A
0,test,TCGA-AN-A0AK-01A_746_TS,TCGA-AN-A0AK,TCGA-AN-A0AK-01A
0,test,TCGA-AN-A0AS-01A_273_TS,TCGA-AN-A0AS,TCGA-AN-A0AS-01A
0,test,TCGA-AN-A0AS-01A_274_TS,TCGA-AN-A0AS,TCGA-AN-A0AS-01A
0,test,TCGA-AN-A0FJ-01A_1206_TS,TCGA-AN-A0FJ,TCGA-AN-A0FJ-01A
0,test,TCGA-AN-A0FJ-01A_1418_TS,TCGA-AN-A0FJ,TCGA-AN-A0FJ-01A
0,test,TCGA-AN-A0FS-01A_1189_TS,TCGA-AN-A0FS,TCGA-AN-A0FS-01A
0,test,TCGA-AN-A0FS-01A_90_TS,TCGA-AN-A0FS,TCGA-AN-A0FS-01A
0,test,TCGA-AN-A0FY-01A_1367_TS,TCGA-AN-A0FY,TCGA-AN-A0FY-01A
0,test,TCGA-AN-A0FY-01A_646_TS,TCGA-AN-A0FY,TCGA-AN-A0FY-01A
0,test,TCGA-AN-A0XN-01A_1504_TS,TCGA-AN-A0XN,TCGA-AN-A0XN-01A
0,test,TCGA-AN-A0XN-01A_1527_TS,TCGA-AN-A0XN,TCGA-AN-A0XN-01A
0,test,TCGA-AN-A0XS-01A_303_TS,TCGA-AN-A0XS,TCGA-AN-A0XS-01A
0,test,TCGA-AN-A0XS-01A_391_TS,TCGA-AN-A0XS,TCGA-AN-A0XS-01A
0,test,TCGA-AN-A0XW-01A_20_TS,TCGA-AN-A0XW,TCGA-AN-A0XW-01A
0,test,TCGA-AN-A0XW-01A_741_TS,TCGA-AN-A0XW,TCGA-AN-A0XW-01A
0,test,TCGA-AO-A03P-01A_1529_TS,TCGA-AO-A03P,TCGA-AO-A03P-01A
0,test,TCGA-AO-A03P-01A_724_TS,TCGA-AO-A03P,TCGA-AO-A03P-01A
0,test,TCGA-AO-A0J4-01A_1568_TS,TCGA-AO-A0J4,TCGA-AO-A0J4-01A
0,test,TCGA-AO-A0J4-01A_704_TS,TCGA-AO-A0J4,TCGA-AO-A0J4-01A
0,test,TCGA-AO-A0J8-01A_1148_TS,TCGA-AO-A0J8,TCGA-AO-A0J8-01A
0,test,TCGA-AO-A0J8-01A_958_TS,TCGA-AO-A0J8,TCGA-AO-A0J8-01A
0,test,TCGA-AO-A0JE-01A_135_TS,TCGA-AO-A0JE,TCGA-AO-A0JE-01A
0,test,TCGA-AO-A0JE-01A_387_TS,TCGA-AO-A0JE,TCGA-AO-A0JE-01A
0,test,TCGA-AO-A0JJ-01A_159_TS,TCGA-AO-A0JJ,TCGA-AO-A0JJ-01A
0,test,TCGA-AO-A0JJ-01A_246_TS,TCGA-AO-A0JJ,TCGA-AO-A0JJ-01A
0,test,TCGA-AO-A126-01A_589_TS,TCGA-AO-A126,TCGA-AO-A126-01A
0,test,TCGA-AO-A126-01A_590_TS,TCGA-AO-A126,TCGA-AO-A126-01A
0,test,TCGA-AO-A12B-01A_1560_TS,TCGA-AO-A12B,TCGA-AO-A12B-01A
0,test,TCGA-AO-A12B-01A_703_TS,TCGA-AO-A12B,TCGA-AO-A12B-01A
0,test,TCGA-AO-A12F-01A_554_TS,TCGA-AO-A12F,TCGA-AO-A12F-01A
0,test,TCGA-AO-A12F-01A_556_TS,TCGA-AO-A12F,TCGA-AO-A12F-01A
0,test,TCGA-AO-A1KQ-01A_1014_TS,TCGA-AO-A1KQ,TCGA-AO-A1KQ-01A
0,test,TCGA-AQ-A04L-01B_360_TS,TCGA-AQ-A04L,TCGA-AQ-A04L-01B
0,test,TCGA-AQ-A04L-01B_444_TS,TCGA-AQ-A04L,TCGA-AQ-A04L-01B
0,test,TCGA-AQ-A1H3-01A_576_TS,TCGA-AQ-A1H3,TCGA-AQ-A1H3-01A
0,test,TCGA-AR-A0TR-01A_1477_TS,TCGA-AR-A0TR,TCGA-AR-A0TR-01A
0,test,TCGA-AR-A0TR-01A_1478_TS,TCGA-AR-A0TR,TCGA-AR-A0TR-01A
0,test,TCGA-AR-A0TV-01A_146_TS,TCGA-AR-A0TV,TCGA-AR-A0TV-01A
0,test,TCGA-AR-A0TV-01A_315_TS,TCGA-AR-A0TV,TCGA-AR-A0TV-01A
0,test,TCGA-AR-A0TZ-01A_1404_TS,TCGA-AR-A0TZ,TCGA-AR-A0TZ-01A
0,test,TCGA-AR-A0TZ-01A_726_TS,TCGA-AR-A0TZ,TCGA-AR-A0TZ-01A
0,test,TCGA-AR-A0U4-01A_993_TS,TCGA-AR-A0U4,TCGA-AR-A0U4-01A
0,test,TCGA-AR-A0U4-01A_996_TS,TCGA-AR-A0U4,TCGA-AR-A0U4-01A
0,test,TCGA-AR-A1AH-01A_443_TS,TCGA-AR-A1AH,TCGA-AR-A1AH-01A
0,test,TCGA-AR-A1AM-01A_709_TS,TCGA-AR-A1AM,TCGA-AR-A1AM-01A
0,test,TCGA-AR-A1AQ-01A_240_TS,TCGA-AR-A1AQ,TCGA-AR-A1AQ-01A
0,test,TCGA-AR-A1AU-01A_394_TS,TCGA-AR-A1AU,TCGA-AR-A1AU-01A
0,test,TCGA-AR-A1AY-01A_311_TS,TCGA-AR-A1AY,TCGA-AR-A1AY-01A
0,test,TCGA-AR-A24M-01A_840_TS,TCGA-AR-A24M,TCGA-AR-A24M-01A
0,test,TCGA-AR-A24Q-01A_920_TS,TCGA-AR-A24Q,TCGA-AR-A24Q-01A
0,test,TCGA-AR-A24U-01A_651_TS,TCGA-AR-A24U,TCGA-AR-A24U-01A
0,test,TCGA-AR-A24Z-01A_1281_TS,TCGA-AR-A24Z,TCGA-AR-A24Z-01A
0,test,TCGA-AR-A254-01A_397_TS,TCGA-AR-A254,TCGA-AR-A254-01A
0,test,TCGA-AR-A2LJ-01A_1049_TS,TCGA-AR-A2LJ,TCGA-AR-A2LJ-01A
0,test,TCGA-AR-A2LN-01A_769_TS,TCGA-AR-A2LN,TCGA-AR-A2LN-01A
0,test,TCGA-AR-A5QM-01A_1000_TS,TCGA-AR-A5QM,TCGA-AR-A5QM-01A
0,test,TCGA-B6-A0I8-01A_613_TS,TCGA-B6-A0I8,TCGA-B6-A0I8-01A
0,test,TCGA-B6-A0I8-01A_614_TS,TCGA-B6-A0I8,TCGA-B6-A0I8-01A
0,test,TCGA-B6-A0IC-01A_790_TS,TCGA-B6-A0IC,TCGA-B6-A0IC-01A
0,test,TCGA-B6-A0IC-01A_793_TS,TCGA-B6-A0IC,TCGA-B6-A0IC-01A
0,test,TCGA-B6-A0IJ-01A_1321_TS,TCGA-B6-A0IJ,TCGA-B6-A0IJ-01A
0,test,TCGA-B6-A0IJ-01A_1363_TS,TCGA-B6-A0IJ,TCGA-B6-A0IJ-01A
0,test,TCGA-B6-A0IP-01A_932_TS,TCGA-B6-A0IP,TCGA-B6-A0IP-01A
0,test,TCGA-B6-A0IP-01A_934_TS,TCGA-B6-A0IP,TCGA-B6-A0IP-01A
0,test,TCGA-B6-A0RH-01A_720_TS,TCGA-B6-A0RH,TCGA-B6-A0RH-01A
0,test,TCGA-B6-A0RH-01A_721_TS,TCGA-B6-A0RH,TCGA-B6-A0RH-01A
0,test,TCGA-B6-A0RN-01A_1338_TS,TCGA-B6-A0RN,TCGA-B6-A0RN-01A
0,test,TCGA-B6-A0RN-01A_641_TS,TCGA-B6-A0RN,TCGA-B6-A0RN-01A
0,test,TCGA-B6-A0RS-01A_472_TS,TCGA-B6-A0RS,TCGA-B6-A0RS-01A
0,test,TCGA-B6-A0RS-01A_558_TS,TCGA-B6-A0RS,TCGA-B6-A0RS-01A
0,test,TCGA-B6-A0WS-01A_1201_TS,TCGA-B6-A0WS,TCGA-B6-A0WS-01A
0,test,TCGA-B6-A0WS-01A_1231_TS,TCGA-B6-A0WS,TCGA-B6-A0WS-01A
0,test,TCGA-B6-A0WX-01A_59_TS,TCGA-B6-A0WX,TCGA-B6-A0WX-01A
0,test,TCGA-B6-A0WX-01A_770_TS,TCGA-B6-A0WX,TCGA-B6-A0WX-01A
0,test,TCGA-B6-A0X1-01A_1200_TS,TCGA-B6-A0X1,TCGA-B6-A0X1-01A
0,test,TCGA-B6-A0X1-01A_1274_TS,TCGA-B6-A0X1,TCGA-B6-A0X1-01A
0,test,TCGA-B6-A0X5-01A_828_TS,TCGA-B6-A0X5,TCGA-B6-A0X5-01A
0,test,TCGA-B6-A2IU-01A_318_TS,TCGA-B6-A2IU,TCGA-B6-A2IU-01A
0,test,TCGA-B6-A402-01A_196_TS,TCGA-B6-A402,TCGA-B6-A402-01A
0,test,TCGA-B6-A40C-01A_579_TS,TCGA-B6-A40C,TCGA-B6-A40C-01A
0,test,TCGA-BH-A0AV-01A_354_TS,TCGA-BH-A0AV,TCGA-BH-A0AV-01A
0,test,TCGA-BH-A0AV-01A_439_TS,TCGA-BH-A0AV,TCGA-BH-A0AV-01A
0,test,TCGA-BH-A0B1-01A_1117_TS,TCGA-BH-A0B1,TCGA-BH-A0B1-01A
0,test,TCGA-BH-A0B1-01A_919_TS,TCGA-BH-A0B1,TCGA-BH-A0B1-01A
0,test,TCGA-BH-A0B6-01A_871_TS,TCGA-BH-A0B6,TCGA-BH-A0B6-01A
0,test,TCGA-BH-A0B6-01A_872_TS,TCGA-BH-A0B6,TCGA-BH-A0B6-01A
0,test,TCGA-BH-A0BA-01A_160_TS,TCGA-BH-A0BA,TCGA-BH-A0BA-01A
0,test,TCGA-BH-A0BA-01A_577_TS,TCGA-BH-A0BA,TCGA-BH-A0BA-01A
0,test,TCGA-BH-A0BG-01A_1221_TS,TCGA-BH-A0BG,TCGA-BH-A0BG-01A
0,test,TCGA-BH-A0BG-01A_1223_TS,TCGA-BH-A0BG,TCGA-BH-A0BG-01A
0,test,TCGA-BH-A0BO-01A_101_TS,TCGA-BH-A0BO,TCGA-BH-A0BO-01A
0,test,TCGA-BH-A0BO-01A_186_TS,TCGA-BH-A0BO,TCGA-BH-A0BO-01A
0,test,TCGA-BH-A0BS-01A_35_TS,TCGA-BH-A0BS,TCGA-BH-A0BS-01A
0,test,TCGA-BH-A0BS-01A_751_TS,TCGA-BH-A0BS,TCGA-BH-A0BS-01A
0,test,TCGA-BH-A0BZ-01A_760_TS,TCGA-BH-A0BZ,TCGA-BH-A0BZ-01A
0,test,TCGA-BH-A0BZ-01A_845_TS,TCGA-BH-A0BZ,TCGA-BH-A0BZ-01A
0,test,TCGA-BH-A0C7-01B_290_TS,TCGA-BH-A0C7,TCGA-BH-A0C7-01B
0,test,TCGA-BH-A0C7-01B_464_TS,TCGA-BH-A0C7,TCGA-BH-A0C7-01B
0,test,TCGA-BH-A0DI-01A_34_TS,TCGA-BH-A0DI,TCGA-BH-A0DI-01A
0,test,TCGA-BH-A0DI-01A_929_TS,TCGA-BH-A0DI,TCGA-BH-A0DI-01A
0,test,TCGA-BH-A0DP-01A_1055_TS,TCGA-BH-A0DP,TCGA-BH-A0DP-01A
0,test,TCGA-BH-A0DP-01A_1152_TS,TCGA-BH-A0DP,TCGA-BH-A0DP-01A
0,test,TCGA-BH-A0DV-01A_129_TS,TCGA-BH-A0DV,TCGA-BH-A0DV-01A
0,test,TCGA-BH-A0DV-01A_298_TS,TCGA-BH-A0DV,TCGA-BH-A0DV-01A
0,test,TCGA-BH-A0E2-01A_592_TS,TCGA-BH-A0E2,TCGA-BH-A0E2-01A
0,test,TCGA-BH-A0E2-01A_593_TS,TCGA-BH-A0E2,TCGA-BH-A0E2-01A
0,test,TCGA-BH-A0EA-01A_1310_TS,TCGA-BH-A0EA,TCGA-BH-A0EA-01A
0,test,TCGA-BH-A0EA-01A_650_TS,TCGA-BH-A0EA,TCGA-BH-A0EA-01A
0,test,TCGA-BH-A0GY-01A_198_TS,TCGA-BH-A0GY,TCGA-BH-A0GY-01A
0,test,TCGA-BH-A0GY-01A_441_TS,TCGA-BH-A0GY,TCGA-BH-A0GY-01A
0,test,TCGA-BH-A0H7-01A_1318_TS,TCGA-BH-A0H7,TCGA-BH-A0H7-01A
0,test,TCGA-BH-A0H7-01A_1346_TS,TCGA-BH-A0H7,TCGA-BH-A0H7-01A
0,test,TCGA-BH-A0HF-01A_1195_TS,TCGA-BH-A0HF,TCGA-BH-A0HF-01A
0,test,TCGA-BH-A0HF-01A_1248_TS,TCGA-BH-A0HF,TCGA-BH-A0HF-01A
0,test,TCGA-BH-A0HP-01A_161_TS,TCGA-BH-A0HP,TCGA-BH-A0HP-01A
0,test,TCGA-BH-A0HP-01A_414_TS,TCGA-BH-A0HP,TCGA-BH-A0HP-01A
0,test,TCGA-BH-A0HX-01A_1460_TS,TCGA-BH-A0HX,TCGA-BH-A0HX-01A
0,test,TCGA-BH-A0HX-01A_707_TS,TCGA-BH-A0HX,TCGA-BH-A0HX-01A
0,test,TCGA-BH-A0W4-01A_630_TS,TCGA-BH-A0W4,TCGA-BH-A0W4-01A
0,test,TCGA-BH-A0W4-01A_631_TS,TCGA-BH-A0W4,TCGA-BH-A0W4-01A
0,test,TCGA-BH-A18G-01A_987_TS,TCGA-BH-A18G,TCGA-BH-A18G-01A
0,test,TCGA-BH-A18K-01A_1227_TS,TCGA-BH-A18K,TCGA-BH-A18K-01A
0,test,TCGA-BH-A18P-01A_1282_TS,TCGA-BH-A18P,TCGA-BH-A18P-01A
0,test,TCGA-BH-A18T-01A_62_TS,TCGA-BH-A18T,TCGA-BH-A18T-01A
0,test,TCGA-BH-A1EO-01A_449_TS,TCGA-BH-A1EO,TCGA-BH-A1EO-01A
0,test,TCGA-BH-A1EV-01A_312_TS,TCGA-BH-A1EV,TCGA-BH-A1EV-01A
0,test,TCGA-BH-A1F0-01A_645_TS,TCGA-BH-A1F0,TCGA-BH-A1F0-01A
0,test,TCGA-BH-A1F8-01A_52_TS,TCGA-BH-A1F8,TCGA-BH-A1F8-01A
0,test,TCGA-BH-A1FE-01A_755_TS,TCGA-BH-A1FE,TCGA-BH-A1FE-01A
0,test,TCGA-BH-A1FN-01A_100_TS,TCGA-BH-A1FN,TCGA-BH-A1FN-01A
0,test,TCGA-BH-A202-01A_1514_TS,TCGA-BH-A202,TCGA-BH-A202-01A
0,test,TCGA-BH-A209-01A_68_TS,TCGA-BH-A209,TCGA-BH-A209-01A
0,test,TCGA-BH-A42T-01A_1184_TS,TCGA-BH-A42T,TCGA-BH-A42T-01A
0,test,TCGA-BH-A5J0-01A_766_TS,TCGA-BH-A5J0,TCGA-BH-A5J0-01A
0,test,TCGA-BH-A8FZ-01A_1208_TS,TCGA-BH-A8FZ,TCGA-BH-A8FZ-01A
0,test,TCGA-C8-A12K-01A_1103_TS,TCGA-C8-A12K,TCGA-C8-A12K-01A
0,test,TCGA-C8-A12K-01A_1179_TS,TCGA-C8-A12K,TCGA-C8-A12K-01A
0,test,TCGA-C8-A12O-01A_581_TS,TCGA-C8-A12O,TCGA-C8-A12O-01A
0,test,TCGA-C8-A12O-01A_583_TS,TCGA-C8-A12O,TCGA-C8-A12O-01A
0,test,TCGA-C8-A12U-01A_147_TS,TCGA-C8-A12U,TCGA-C8-A12U-01A
0,test,TCGA-C8-A12U-01A_234_TS,TCGA-C8-A12U,TCGA-C8-A12U-01A
0,test,TCGA-C8-A12Y-01A_1141_TS,TCGA-C8-A12Y,TCGA-C8-A12Y-01A
0,test,TCGA-C8-A12Y-01A_947_TS,TCGA-C8-A12Y,TCGA-C8-A12Y-01A
0,test,TCGA-C8-A132-01A_339_TS,TCGA-C8-A132,TCGA-C8-A132-01A
0,test,TCGA-C8-A132-01A_511_TS,TCGA-C8-A132,TCGA-C8-A132-01A
0,test,TCGA-C8-A137-01A_1334_TS,TCGA-C8-A137,TCGA-C8-A137-01A
0,test,TCGA-C8-A137-01A_637_TS,TCGA-C8-A137,TCGA-C8-A137-01A
0,test,TCGA-C8-A1HF-01A_1355_TS,TCGA-C8-A1HF,TCGA-C8-A1HF-01A
0,test,TCGA-C8-A1HL-01A_600_TS,TCGA-C8-A1HL,TCGA-C8-A1HL-01A
0,test,TCGA-C8-A26V-01A_700_TS,TCGA-C8-A26V,TCGA-C8-A26V-01A
0,test,TCGA-C8-A26Z-01A_1429_TS,TCGA-C8-A26Z,TCGA-C8-A26Z-01A
0,test,TCGA-C8-A278-01A_1149_TS,TCGA-C8-A278,TCGA-C8-A278-01A
0,test,TCGA-C8-A8HP-01A_1244_TS,TCGA-C8-A8HP,TCGA-C8-A8HP-01A
0,test,TCGA-D8-A141-01A_197_TS,TCGA-D8-A141,TCGA-D8-A141-01A
0,test,TCGA-D8-A141-01A_362_TS,TCGA-D8-A141,TCGA-D8-A141-01A
0,test,TCGA-D8-A147-01A_323_TS,TCGA-D8-A147,TCGA-D8-A147-01A
0,test,TCGA-D8-A147-01A_325_TS,TCGA-D8-A147,TCGA-D8-A147-01A
0,test,TCGA-D8-A1J8-01A_227_TS,TCGA-D8-A1J8,TCGA-D8-A1J8-01A
0,test,TCGA-D8-A1JC-01A_1329_TS,TCGA-D8-A1JC,TCGA-D8-A1JC-01A
0,test,TCGA-D8-A1JG-01B_43_TS,TCGA-D8-A1JG,TCGA-D8-A1JG-01B
0,test,TCGA-D8-A1JK-01A_1238_TS,TCGA-D8-A1JK,TCGA-D8-A1JK-01A
0,test,TCGA-D8-A1JP-01A_745_TS,TCGA-D8-A1JP,TCGA-D8-A1JP-01A
0,test,TCGA-D8-A1X5-01A_1393_TS,TCGA-D8-A1X5,TCGA-D8-A1X5-01A
0,test,TCGA-D8-A1X9-01A_133_TS,TCGA-D8-A1X9,TCGA-D8-A1X9-01A
0,test,TCGA-D8-A1XD-01A_767_TS,TCGA-D8-A1XD,TCGA-D8-A1XD-01A
0,test,TCGA-D8-A1XK-01A_302_TS,TCGA-D8-A1XK,TCGA-D8-A1XK-01A
0,test,TCGA-D8-A1XQ-01A_139_TS,TCGA-D8-A1XQ,TCGA-D8-A1XQ-01A
0,test,TCGA-D8-A1XU-01A_21_TS,TCGA-D8-A1XU,TCGA-D8-A1XU-01A
0,test,TCGA-D8-A1XZ-01A_1324_TS,TCGA-D8-A1XZ,TCGA-D8-A1XZ-01A
0,test,TCGA-D8-A1Y3-01A_951_TS,TCGA-D8-A1Y3,TCGA-D8-A1Y3-01A
0,test,TCGA-D8-A27H-01A_180_TS,TCGA-D8-A27H,TCGA-D8-A27H-01A
0,test,TCGA-D8-A27M-01A_675_TS,TCGA-D8-A27M,TCGA-D8-A27M-01A
0,test,TCGA-D8-A27T-01A_350_TS,TCGA-D8-A27T,TCGA-D8-A27T-01A
0,test,TCGA-D8-A3Z6-01A_106_TS,TCGA-D8-A3Z6,TCGA-D8-A3Z6-01A
0,test,TCGA-D8-A73X-01A_692_TS,TCGA-D8-A73X,TCGA-D8-A73X-01A
0,test,TCGA-E2-A108-01A_765_TS,TCGA-E2-A108,TCGA-E2-A108-01A
0,test,TCGA-E2-A108-01A_967_TS,TCGA-E2-A108,TCGA-E2-A108-01A
0,test,TCGA-E2-A10C-01A_1084_TS,TCGA-E2-A10C,TCGA-E2-A10C-01A
0,test,TCGA-E2-A10C-01A_804_TS,TCGA-E2-A10C,TCGA-E2-A10C-01A
0,test,TCGA-E2-A14Q-01A_586_TS,TCGA-E2-A14Q,TCGA-E2-A14Q-01A
0,test,TCGA-E2-A14U-01A_1325_TS,TCGA-E2-A14U,TCGA-E2-A14U-01A
0,test,TCGA-E2-A14Y-01A_1234_TS,TCGA-E2-A14Y,TCGA-E2-A14Y-01A
0,test,TCGA-E2-A153-01A_436_TS,TCGA-E2-A153,TCGA-E2-A153-01A
0,test,TCGA-E2-A158-01A_1520_TS,TCGA-E2-A158,TCGA-E2-A158-01A
0,test,TCGA-E2-A15D-01A_1457_TS,TCGA-E2-A15D,TCGA-E2-A15D-01A
0,test,TCGA-E2-A15H-01A_1236_TS,TCGA-E2-A15H,TCGA-E2-A15H-01A
0,test,TCGA-E2-A15L-01A_756_TS,TCGA-E2-A15L,TCGA-E2-A15L-01A
0,test,TCGA-E2-A15R-01A_749_TS,TCGA-E2-A15R,TCGA-E2-A15R-01A
0,test,TCGA-E2-A1B0-01A_893_TS,TCGA-E2-A1B0,TCGA-E2-A1B0-01A
0,test,TCGA-E2-A1B6-01A_125_TS,TCGA-E2-A1B6,TCGA-E2-A1B6-01A
0,test,TCGA-E2-A1IF-01A_799_TS,TCGA-E2-A1IF,TCGA-E2-A1IF-01A
0,test,TCGA-E2-A1IJ-01A_778_TS,TCGA-E2-A1IJ,TCGA-E2-A1IJ-01A
0,test,TCGA-E2-A1IO-01A_930_TS,TCGA-E2-A1IO,TCGA-E2-A1IO-01A
0,test,TCGA-E2-A1L8-01A_1487_TS,TCGA-E2-A1L8,TCGA-E2-A1L8-01A
0,test,TCGA-E2-A1LE-01A_1120_TS,TCGA-E2-A1LE,TCGA-E2-A1LE-01A
0,test,TCGA-E2-A1LL-01A_1320_TS,TCGA-E2-A1LL,TCGA-E2-A1LL-01A
0,test,TCGA-E2-A56Z-01A_121_TS,TCGA-E2-A56Z,TCGA-E2-A56Z-01A
0,test,TCGA-E2-A574-01A_1154_TS,TCGA-E2-A574,TCGA-E2-A574-01A
0,test,TCGA-E9-A1N4-01A_1094_TS,TCGA-E9-A1N4,TCGA-E9-A1N4-01A
0,test,TCGA-E9-A1N9-01A_400_TS,TCGA-E9-A1N9,TCGA-E9-A1N9-01A
0,test,TCGA-E9-A1NF-01A_1040_TS,TCGA-E9-A1NF,TCGA-E9-A1NF-01A
0,test,TCGA-E9-A1QZ-01A_861_TS,TCGA-E9-A1QZ,TCGA-E9-A1QZ-01A
0,test,TCGA-E9-A1R4-01A_822_TS,TCGA-E9-A1R4,TCGA-E9-A1R4-01A
0,test,TCGA-E9-A1RA-01A_168_TS,TCGA-E9-A1RA,TCGA-E9-A1RA-01A
0,test,TCGA-E9-A1RE-01A_1342_TS,TCGA-E9-A1RE,TCGA-E9-A1RE-01A
0,test,TCGA-E9-A1RI-01A_65_TS,TCGA-E9-A1RI,TCGA-E9-A1RI-01A
0,test,TCGA-E9-A229-01A_122_TS,TCGA-E9-A229,TCGA-E9-A229-01A
0,test,TCGA-E9-A22E-01A_1198_TS,TCGA-E9-A22E,TCGA-E9-A22E-01A
0,test,TCGA-E9-A244-01A_1279_TS,TCGA-E9-A244,TCGA-E9-A244-01A
0,test,TCGA-E9-A24A-01A_806_TS,TCGA-E9-A24A,TCGA-E9-A24A-01A
0,test,TCGA-E9-A3Q9-01A_1397_TS,TCGA-E9-A3Q9,TCGA-E9-A3Q9-01A
0,test,TCGA-E9-A5FK-01A_1552_TS,TCGA-E9-A5FK,TCGA-E9-A5FK-01A
0,test,TCGA-EW-A1IW-01A_368_TS,TCGA-EW-A1IW,TCGA-EW-A1IW-01A
0,test,TCGA-EW-A1J1-01A_1496_TS,TCGA-EW-A1J1,TCGA-EW-A1J1-01A
0,test,TCGA-EW-A1OV-01A_671_TS,TCGA-EW-A1OV,TCGA-EW-A1OV-01A
0,test,TCGA-EW-A1OZ-01A_373_TS,TCGA-EW-A1OZ,TCGA-EW-A1OZ-01A
0,test,TCGA-EW-A1P4-01A_1406_TS,TCGA-EW-A1P4,TCGA-EW-A1P4-01A
0,test,TCGA-EW-A1P8-01A_970_TS,TCGA-EW-A1P8,TCGA-EW-A1P8-01A
0,test,TCGA-EW-A1PD-01A_1448_TS,TCGA-EW-A1PD,TCGA-EW-A1PD-01A
0,test,TCGA-EW-A1PH-01A_1048_TS,TCGA-EW-A1PH,TCGA-EW-A1PH-01A
0,test,TCGA-EW-A2FW-01A_821_TS,TCGA-EW-A2FW,TCGA-EW-A2FW-01A
0,test,TCGA-EW-A424-01A_874_TS,TCGA-EW-A424,TCGA-EW-A424-01A
0,test,TCGA-EW-A6SC-01A_477_TS,TCGA-EW-A6SC,TCGA-EW-A6SC-01A
0,test,TCGA-GM-A2D9-01A_594_TS,TCGA-GM-A2D9,TCGA-GM-A2D9-01A
0,test,TCGA-GM-A2DL-01A_1499_TS,TCGA-GM-A2DL,TCGA-GM-A2DL-01A
0,test,TCGA-GM-A3NW-01A_184_TS,TCGA-GM-A3NW,TCGA-GM-A3NW-01A
0,test,TCGA-GM-A3XN-01A_1343_TS,TCGA-GM-A3XN,TCGA-GM-A3XN-01A
0,test,TCGA-HN-A2OB-01A_223_TS,TCGA-HN-A2OB,TCGA-HN-A2OB-01A
0,test,TCGA-LD-A74U-01A_392_TS,TCGA-LD-A74U,TCGA-LD-A74U-01A
0,test,TCGA-LL-A440-01A_87_TS,TCGA-LL-A440,TCGA-LL-A440-01A
0,test,TCGA-LL-A5YL-01A_1366_TS,TCGA-LL-A5YL,TCGA-LL-A5YL-01A
0,test,TCGA-LL-A5YP-01A_898_TS,TCGA-LL-A5YP,TCGA-LL-A5YP-01A
0,test,TCGA-LL-A73Y-01A_1467_TS,TCGA-LL-A73Y,TCGA-LL-A73Y-01A
0,test,TCGA-LL-A7T0-01A_1240_TS,TCGA-LL-A7T0,TCGA-LL-A7T0-01A
0,test,TCGA-MS-A51U-01A_465_TS,TCGA-MS-A51U,TCGA-MS-A51U-01A
0,test,TCGA-OL-A5D8-01A_341_TS,TCGA-OL-A5D8,TCGA-OL-A5D8-01A
0,test,TCGA-OL-A5RW-01A_1364_TS,TCGA-OL-A5RW,TCGA-OL-A5RW-01A
0,test,TCGA-OL-A5S0-01A_453_TS,TCGA-OL-A5S0,TCGA-OL-A5S0-01A
0,test,TCGA-OL-A66K-01A_757_TS,TCGA-OL-A66K,TCGA-OL-A66K-01A
0,test,TCGA-OL-A66P-01A_487_TS,TCGA-OL-A66P,TCGA-OL-A66P-01A
0,test,TCGA-OL-A97C-01A_81_TS,TCGA-OL-A97C,TCGA-OL-A97C-01A
0,test,TCGA-S3-A6ZF-01A_408_TS,TCGA-S3-A6ZF,TCGA-S3-A6ZF-01A
0,test,TCGA-S3-AA10-01A_643_TS,TCGA-S3-AA10,TCGA-S3-AA10-01A
0,test,TCGA-S3-AA15-01A_157_TS,TCGA-S3-AA15,TCGA-S3-AA15-01A
0,test,TCGA-V7-A7HQ-01A_1287_TS,TCGA-V7-A7HQ,TCGA-V7-A7HQ-01A
0,test,TCGA-XX-A89A-01A_783_TS,TCGA-XX-A89A,TCGA-XX-A89A-01A
0,train,TCGA-3C-AALI-01A_1280_TS,TCGA-3C-AALI,TCGA-3C-AALI-01A
0,train,TCGA-3C-AALK-01A_1057_TS,TCGA-3C-AALK,TCGA-3C-AALK-01A
0,train,TCGA-4H-AAAK-01A_1006_TS,TCGA-4H-AAAK,TCGA-4H-AAAK-01A
0,train,TCGA-5T-A9QA-01A_1551_TS,TCGA-5T-A9QA,TCGA-5T-A9QA-01A
0,train,TCGA-A1-A0SE-01A_1506_TS,TCGA-A1-A0SE,TCGA-A1-A0SE-01A
0,train,TCGA-A1-A0SE-01A_725_TS,TCGA-A1-A0SE,TCGA-A1-A0SE-01A
0,train,TCGA-A1-A0SF-01A_500_TS,TCGA-A1-A0SF,TCGA-A1-A0SF-01A
0,train,TCGA-A1-A0SF-01A_504_TS,TCGA-A1-A0SF,TCGA-A1-A0SF-01A
0,train,TCGA-A1-A0SI-01A_1193_TS,TCGA-A1-A0SI,TCGA-A1-A0SI-01A
0,train,TCGA-A1-A0SI-01A_1411_TS,TCGA-A1-A0SI,TCGA-A1-A0SI-01A
0,train,TCGA-A1-A0SJ-01A_1266_TS,TCGA-A1-A0SJ,TCGA-A1-A0SJ-01A
0,train,TCGA-A1-A0SJ-01A_1409_TS,TCGA-A1-A0SJ,TCGA-A1-A0SJ-01A
0,train,TCGA-A1-A0SN-01A_750_TS,TCGA-A1-A0SN,TCGA-A1-A0SN-01A
0,train,TCGA-A1-A0SN-01A_752_TS,TCGA-A1-A0SN,TCGA-A1-A0SN-01A
0,train,TCGA-A1-A0SO-01A_1100_TS,TCGA-A1-A0SO,TCGA-A1-A0SO-01A
0,train,TCGA-A1-A0SO-01A_1176_TS,TCGA-A1-A0SO,TCGA-A1-A0SO-01A
0,train,TCGA-A2-A04N-01A_1250_TS,TCGA-A2-A04N,TCGA-A2-A04N-01A
0,train,TCGA-A2-A04N-01A_1251_TS,TCGA-A2-A04N,TCGA-A2-A04N-01A
0,train,TCGA-A2-A04Q-01A_77_TS,TCGA-A2-A04Q,TCGA-A2-A04Q-01A
0,train,TCGA-A2-A04Q-01A_888_TS,TCGA-A2-A04Q,TCGA-A2-A04Q-01A
0,train,TCGA-A2-A04U-01A_418_TS,TCGA-A2-A04U,TCGA-A2-A04U-01A
0,train,TCGA-A2-A04U-01A_506_TS,TCGA-A2-A04U,TCGA-A2-A04U-01A
0,train,TCGA-A2-A04W-01A_1296_TS,TCGA-A2-A04W,TCGA-A2-A04W-01A
0,train,TCGA-A2-A04W-01A_1336_TS,TCGA-A2-A04W,TCGA-A2-A04W-01A
0,train,TCGA-A2-A0CL-01A_61_TS,TCGA-A2-A0CL,TCGA-A2-A0CL-01A
0,train,TCGA-A2-A0CL-01A_772_TS,TCGA-A2-A0CL,TCGA-A2-A0CL-01A
0,train,TCGA-A2-A0CM-01A_1443_TS,TCGA-A2-A0CM,TCGA-A2-A0CM-01A
0,train,TCGA-A2-A0CM-01A_1495_TS,TCGA-A2-A0CM,TCGA-A2-A0CM-01A
0,train,TCGA-A2-A0CQ-01A_58_TS,TCGA-A2-A0CQ,TCGA-A2-A0CQ-01A
0,train,TCGA-A2-A0CQ-01A_768_TS,TCGA-A2-A0CQ,TCGA-A2-A0CQ-01A
0,train,TCGA-A2-A0CR-01A_41_TS,TCGA-A2-A0CR,TCGA-A2-A0CR-01A
0,train,TCGA-A2-A0CR-01A_839_TS,TCGA-A2-A0CR,TCGA-A2-A0CR-01A
0,train,TCGA-A2-A0CU-01A_141_TS,TCGA-A2-A0CU,TCGA-A2-A0CU-01A
0,train,TCGA-A2-A0CU-01A_559_TS,TCGA-A2-A0CU,TCGA-A2-A0CU-01A
0,train,TCGA-A2-A0CV-01A_1168_TS,TCGA-A2-A0CV,TCGA-A2-A0CV-01A
0,train,TCGA-A2-A0CV-01A_791_TS,TCGA-A2-A0CV,TCGA-A2-A0CV-01A
0,train,TCGA-A2-A0CZ-01A_1207_TS,TCGA-A2-A0CZ,TCGA-A2-A0CZ-01A
0,train,TCGA-A2-A0CZ-01A_1420_TS,TCGA-A2-A0CZ,TCGA-A2-A0CZ-01A
0,train,TCGA-A2-A0D0-01A_163_TS,TCGA-A2-A0D0,TCGA-A2-A0D0-01A
0,train,TCGA-A2-A0D0-01A_580_TS,TCGA-A2-A0D0,TCGA-A2-A0D0-01A
0,train,TCGA-A2-A0D3-01A_493_TS,TCGA-A2-A0D3,TCGA-A2-A0D3-01A
0,train,TCGA-A2-A0D3-01A_497_TS,TCGA-A2-A0D3,TCGA-A2-A0D3-01A
0,train,TCGA-A2-A0D4-01A_1112_TS,TCGA-A2-A0D4,TCGA-A2-A0D4-01A
0,train,TCGA-A2-A0D4-01A_819_TS,TCGA-A2-A0D4,TCGA-A2-A0D4-01A
0,train,TCGA-A2-A0EO-01A_1140_TS,TCGA-A2-A0EO,TCGA-A2-A0EO-01A
0,train,TCGA-A2-A0EO-01A_946_TS,TCGA-A2-A0EO,TCGA-A2-A0EO-01A
0,train,TCGA-A2-A0EP-01A_826_TS,TCGA-A2-A0EP,TCGA-A2-A0EP-01A
0,train,TCGA-A2-A0EQ-01A_60_TS,TCGA-A2-A0EQ,TCGA-A2-A0EQ-01A
0,train,TCGA-A2-A0EQ-01A_960_TS,TCGA-A2-A0EQ,TCGA-A2-A0EQ-01A
0,train,TCGA-A2-A0ET-01A_1136_TS,TCGA-A2-A0ET,TCGA-A2-A0ET-01A
0,train,TCGA-A2-A0ET-01A_850_TS,TCGA-A2-A0ET,TCGA-A2-A0ET-01A
0,train,TCGA-A2-A0EU-01A_406_TS,TCGA-A2-A0EU,TCGA-A2-A0EU-01A
0,train,TCGA-A2-A0EU-01A_407_TS,TCGA-A2-A0EU,TCGA-A2-A0EU-01A
0,train,TCGA-A2-A0EX-01A_1007_TS,TCGA-A2-A0EX,TCGA-A2-A0EX-01A
0,train,TCGA-A2-A0EX-01A_902_TS,TCGA-A2-A0EX,TCGA-A2-A0EX-01A
0,train,TCGA-A2-A0EY-01A_1071_TS,TCGA-A2-A0EY,TCGA-A2-A0EY-01A
0,train,TCGA-A2-A0EY-01A_787_TS,TCGA-A2-A0EY,TCGA-A2-A0EY-01A
0,train,TCGA-A2-A0SV-01A_1024_TS,TCGA-A2-A0SV,TCGA-A2-A0SV-01A
0,train,TCGA-A2-A0SV-01A_924_TS,TCGA-A2-A0SV,TCGA-A2-A0SV-01A
0,train,TCGA-A2-A0SW-01A_144_TS,TCGA-A2-A0SW,TCGA-A2-A0SW-01A
0,train,TCGA-A2-A0SW-01A_232_TS,TCGA-A2-A0SW,TCGA-A2-A0SW-01A
0,train,TCGA-A2-A0T0-01A_220_TS,TCGA-A2-A0T0,TCGA-A2-A0T0-01A
0,train,TCGA-A2-A0T0-01A_300_TS,TCGA-A2-A0T0,TCGA-A2-A0T0-01A
0,train,TCGA-A2-A0T1-01A_1286_TS,TCGA-A2-A0T1,TCGA-A2-A0T1-01A
0,train,TCGA-A2-A0T1-01A_1288_TS,TCGA-A2-A0T1,TCGA-A2-A0T1-01A
0,train,TCGA-A2-A0T4-01A_688_TS,TCGA-A2-A0T4,TCGA-A2-A0T4-01A
0,train,TCGA-A2-A0T4-01A_689_TS,TCGA-A2-A0T4,TCGA-A2-A0T4-01A
0,train,TCGA-A2-A0T5-01A_131_TS,TCGA-A2-A0T5,TCGA-A2-A0T5-01A
0,train,TCGA-A2-A0T5-01A_561_TS,TCGA-A2-A0T5,TCGA-A2-A0T5-01A
0,train,TCGA-A2-A0YC-01A_616_TS,TCGA-A2-A0YC,TCGA-A2-A0YC-01A
0,train,TCGA-A2-A0YC-01A_617_TS,TCGA-A2-A0YC,TCGA-A2-A0YC-01A
0,train,TCGA-A2-A0YD-01A_1300_TS,TCGA-A2-A0YD,TCGA-A2-A0YD-01A
0,train,TCGA-A2-A0YD-01A_1359_TS,TCGA-A2-A0YD,TCGA-A2-A0YD-01A
0,train,TCGA-A2-A0YG-01A_1398_TS,TCGA-A2-A0YG,TCGA-A2-A0YG-01A
0,train,TCGA-A2-A0YG-01A_1482_TS,TCGA-A2-A0YG,TCGA-A2-A0YG-01A
0,train,TCGA-A2-A0YH-01A_440_TS,TCGA-A2-A0YH,TCGA-A2-A0YH-01A
0,train,TCGA-A2-A0YH-01A_523_TS,TCGA-A2-A0YH,TCGA-A2-A0YH-01A
0,train,TCGA-A2-A0YK-01A_470_TS,TCGA-A2-A0YK,TCGA-A2-A0YK-01A
0,train,TCGA-A2-A0YK-01A_471_TS,TCGA-A2-A0YK,TCGA-A2-A0YK-01A
0,train,TCGA-A2-A0YL-01A_1510_TS,TCGA-A2-A0YL,TCGA-A2-A0YL-01A
0,train,TCGA-A2-A0YL-01A_694_TS,TCGA-A2-A0YL,TCGA-A2-A0YL-01A
0,train,TCGA-A2-A1FZ-01A_152_TS,TCGA-A2-A1FZ,TCGA-A2-A1FZ-01A
0,train,TCGA-A2-A1G0-01A_1037_TS,TCGA-A2-A1G0,TCGA-A2-A1G0-01A
0,train,TCGA-A2-A1G6-01A_267_TS,TCGA-A2-A1G6,TCGA-A2-A1G6-01A
0,train,TCGA-A2-A259-01A_33_TS,TCGA-A2-A259,TCGA-A2-A259-01A
0,train,TCGA-A2-A25C-01A_195_TS,TCGA-A2-A25C,TCGA-A2-A25C-01A
0,train,TCGA-A2-A25D-01A_655_TS,TCGA-A2-A25D,TCGA-A2-A25D-01A
0,train,TCGA-A2-A3KC-01A_1361_TS,TCGA-A2-A3KC,TCGA-A2-A3KC-01A
0,train,TCGA-A2-A3KD-01A_69_TS,TCGA-A2-A3KD,TCGA-A2-A3KD-01A
0,train,TCGA-A2-A3XU-01A_602_TS,TCGA-A2-A3XU,TCGA-A2-A3XU-01A
0,train,TCGA-A2-A3XV-01A_1230_TS,TCGA-A2-A3XV,TCGA-A2-A3XV-01A
0,train,TCGA-A2-A3XY-01A_1308_TS,TCGA-A2-A3XY,TCGA-A2-A3XY-01A
0,train,TCGA-A2-A3XZ-01A_244_TS,TCGA-A2-A3XZ,TCGA-A2-A3XZ-01A
0,train,TCGA-A2-A4RX-01A_1519_TS,TCGA-A2-A4RX,TCGA-A2-A4RX-01A
0,train,TCGA-A2-A4RY-01A_535_TS,TCGA-A2-A4RY,TCGA-A2-A4RY-01A
0,train,TCGA-A2-A4S2-01A_802_TS,TCGA-A2-A4S2,TCGA-A2-A4S2-01A
0,train,TCGA-A2-A4S3-01A_314_TS,TCGA-A2-A4S3,TCGA-A2-A4S3-01A
0,train,TCGA-A7-A0CD-01A_10_TS,TCGA-A7-A0CD,TCGA-A7-A0CD-01A
0,train,TCGA-A7-A0CD-01A_8_TS,TCGA-A7-A0CD,TCGA-A7-A0CD-01A
0,train,TCGA-A7-A0CE-01A_1089_TS,TCGA-A7-A0CE,TCGA-A7-A0CE-01A
0,train,TCGA-A7-A0CE-01A_999_TS,TCGA-A7-A0CE,TCGA-A7-A0CE-01A
0,train,TCGA-A7-A0CJ-01A_187_TS,TCGA-A7-A0CJ,TCGA-A7-A0CJ-01A
0,train,TCGA-A7-A0CJ-01A_258_TS,TCGA-A7-A0CJ,TCGA-A7-A0CJ-01A
0,train,TCGA-A7-A0D9-01A_1233_TS,TCGA-A7-A0D9,TCGA-A7-A0D9-01A
0,train,TCGA-A7-A0D9-01A_1252_TS,TCGA-A7-A0D9,TCGA-A7-A0D9-01A
0,train,TCGA-A7-A0DB-01A_1441_TS,TCGA-A7-A0DB,TCGA-A7-A0DB-01A
0,train,TCGA-A7-A0DB-01A_1494_TS,TCGA-A7-A0DB,TCGA-A7-A0DB-01A
0,train,TCGA-A7-A0DB-01C_714_TS,TCGA-A7-A0DB,TCGA-A7-A0DB-01C
0,train,TCGA-A7-A0DB-01C_715_TS,TCGA-A7-A0DB,TCGA-A7-A0DB-01C
0,train,TCGA-A7-A13F-01A_1370_TS,TCGA-A7-A13F,TCGA-A7-A13F-01A
0,train,TCGA-A7-A13F-01A_649_TS,TCGA-A7-A13F,TCGA-A7-A13F-01A
0,train,TCGA-A7-A13H-01A_249_TS,TCGA-A7-A13H,TCGA-A7-A13H-01A
0,train,TCGA-A7-A13H-01A_328_TS,TCGA-A7-A13H,TCGA-A7-A13H-01A
0,train,TCGA-A7-A26H-01A_351_TS,TCGA-A7-A26H,TCGA-A7-A26H-01A
0,train,TCGA-A7-A26J-01A_1004_TS,TCGA-A7-A26J,TCGA-A7-A26J-01A
0,train,TCGA-A7-A3IZ-01A_1275_TS,TCGA-A7-A3IZ,TCGA-A7-A3IZ-01A
0,train,TCGA-A7-A3J0-01A_179_TS,TCGA-A7-A3J0,TCGA-A7-A3J0-01A
0,train,TCGA-A7-A425-01A_512_TS,TCGA-A7-A425,TCGA-A7-A425-01A
0,train,TCGA-A7-A426-01A_1283_TS,TCGA-A7-A426,TCGA-A7-A426-01A
0,train,TCGA-A7-A4SC-01A_1386_TS,TCGA-A7-A4SC,TCGA-A7-A4SC-01A
0,train,TCGA-A7-A4SD-01A_585_TS,TCGA-A7-A4SD,TCGA-A7-A4SD-01A
0,train,TCGA-A7-A56D-01A_1436_TS,TCGA-A7-A56D,TCGA-A7-A56D-01A
0,train,TCGA-A7-A5ZV-01A_96_TS,TCGA-A7-A5ZV,TCGA-A7-A5ZV-01A
0,train,TCGA-A7-A6VV-01A_47_TS,TCGA-A7-A6VV,TCGA-A7-A6VV-01A
0,train,TCGA-A7-A6VW-01A_241_TS,TCGA-A7-A6VW,TCGA-A7-A6VW-01A
0,train,TCGA-A8-A06P-01A_30_TS,TCGA-A8-A06P,TCGA-A8-A06P-01A
0,train,TCGA-A8-A06P-01A_744_TS,TCGA-A8-A06P,TCGA-A8-A06P-01A
0,train,TCGA-A8-A06R-01A_1394_TS,TCGA-A8-A06R,TCGA-A8-A06R-01A
0,train,TCGA-A8-A06R-01A_1498_TS,TCGA-A8-A06R,TCGA-A8-A06R-01A
0,train,TCGA-A8-A06U-01A_812_TS,TCGA-A8-A06U,TCGA-A8-A06U-01A
0,train,TCGA-A8-A06Y-01A_1228_TS,TCGA-A8-A06Y,TCGA-A8-A06Y-01A
0,train,TCGA-A8-A06Y-01A_1412_TS,TCGA-A8-A06Y,TCGA-A8-A06Y-01A
0,train,TCGA-A8-A06Z-01A_1303_TS,TCGA-A8-A06Z,TCGA-A8-A06Z-01A
0,train,TCGA-A8-A06Z-01A_1323_TS,TCGA-A8-A06Z,TCGA-A8-A06Z-01A
0,train,TCGA-A8-A079-01A_248_TS,TCGA-A8-A079,TCGA-A8-A079-01A
0,train,TCGA-A8-A079-01A_413_TS,TCGA-A8-A079,TCGA-A8-A079-01A
0,train,TCGA-A8-A07B-01A_1517_TS,TCGA-A8-A07B,TCGA-A8-A07B-01A
0,train,TCGA-A8-A07B-01A_1565_TS,TCGA-A8-A07B,TCGA-A8-A07B-01A
0,train,TCGA-A8-A07F-01A_1139_TS,TCGA-A8-A07F,TCGA-A8-A07F-01A
0,train,TCGA-A8-A07F-01A_945_TS,TCGA-A8-A07F,TCGA-A8-A07F-01A
0,train,TCGA-A8-A07G-01A_17_TS,TCGA-A8-A07G,TCGA-A8-A07G-01A
0,train,TCGA-A8-A07G-01A_737_TS,TCGA-A8-A07G,TCGA-A8-A07G-01A
0,train,TCGA-A8-A07J-01A_74_TS,TCGA-A8-A07J,TCGA-A8-A07J-01A
0,train,TCGA-A8-A07J-01A_75_TS,TCGA-A8-A07J,TCGA-A8-A07J-01A
0,train,TCGA-A8-A07J-01A_792_TS,TCGA-A8-A07J,TCGA-A8-A07J-01A
0,train,TCGA-A8-A07O-01A_463_TS,TCGA-A8-A07O,TCGA-A8-A07O-01A
0,train,TCGA-A8-A07O-01A_553_TS,TCGA-A8-A07O,TCGA-A8-A07O-01A
0,train,TCGA-A8-A07P-01A_203_TS,TCGA-A8-A07P,TCGA-A8-A07P-01A
0,train,TCGA-A8-A07P-01A_542_TS,TCGA-A8-A07P,TCGA-A8-A07P-01A
0,train,TCGA-A8-A07U-01A_994_TS,TCGA-A8-A07U,TCGA-A8-A07U-01A
0,train,TCGA-A8-A07U-01A_995_TS,TCGA-A8-A07U,TCGA-A8-A07U-01A
0,train,TCGA-A8-A07W-01A_1293_TS,TCGA-A8-A07W,TCGA-A8-A07W-01A
0,train,TCGA-A8-A07W-01A_1333_TS,TCGA-A8-A07W,TCGA-A8-A07W-01A
0,train,TCGA-A8-A082-01A_541_TS,TCGA-A8-A082,TCGA-A8-A082-01A
0,train,TCGA-A8-A082-01A_543_TS,TCGA-A8-A082,TCGA-A8-A082-01A
0,train,TCGA-A8-A083-01A_1053_TS,TCGA-A8-A083,TCGA-A8-A083-01A
0,train,TCGA-A8-A083-01A_1054_TS,TCGA-A8-A083,TCGA-A8-A083-01A
0,train,TCGA-A8-A086-01A_321_TS,TCGA-A8-A086,TCGA-A8-A086-01A
0,train,TCGA-A8-A086-01A_410_TS,TCGA-A8-A086,TCGA-A8-A086-01A
0,train,TCGA-A8-A08A-01A_148_TS,TCGA-A8-A08A,TCGA-A8-A08A-01A
0,train,TCGA-A8-A08A-01A_484_TS,TCGA-A8-A08A,TCGA-A8-A08A-01A
0,train,TCGA-A8-A08F-01A_1104_TS,TCGA-A8-A08F,TCGA-A8-A08F-01A
0,train,TCGA-A8-A08F-01A_5_TS,TCGA-A8-A08F,TCGA-A8-A08F-01A
0,train,TCGA-A8-A08H-01A_343_TS,TCGA-A8-A08H,TCGA-A8-A08H-01A
0,train,TCGA-A8-A08H-01A_345_TS,TCGA-A8-A08H,TCGA-A8-A08H-01A
0,train,TCGA-A8-A08L-01A_332_TS,TCGA-A8-A08L,TCGA-A8-A08L-01A
0,train,TCGA-A8-A08L-01A_584_TS,TCGA-A8-A08L,TCGA-A8-A08L-01A
0,train,TCGA-A8-A08O-01A_452_TS,TCGA-A8-A08O,TCGA-A8-A08O-01A
0,train,TCGA-A8-A08O-01A_536_TS,TCGA-A8-A08O,TCGA-A8-A08O-01A
0,train,TCGA-A8-A08S-01A_775_TS,TCGA-A8-A08S,TCGA-A8-A08S-01A
0,train,TCGA-A8-A08S-01A_776_TS,TCGA-A8-A08S,TCGA-A8-A08S-01A
0,train,TCGA-A8-A08T-01A_170_TS,TCGA-A8-A08T,TCGA-A8-A08T-01A
0,train,TCGA-A8-A08T-01A_253_TS,TCGA-A8-A08T,TCGA-A8-A08T-01A
0,train,TCGA-A8-A090-01A_1537_TS,TCGA-A8-A090,TCGA-A8-A090-01A
0,train,TCGA-A8-A090-01A_1546_TS,TCGA-A8-A090,TCGA-A8-A090-01A
0,train,TCGA-A8-A091-01A_1106_TS,TCGA-A8-A091,TCGA-A8-A091-01A
0,train,TCGA-A8-A091-01A_909_TS,TCGA-A8-A091,TCGA-A8-A091-01A
0,train,TCGA-A8-A094-01A_233_TS,TCGA-A8-A094,TCGA-A8-A094-01A
0,train,TCGA-A8-A094-01A_399_TS,TCGA-A8-A094,TCGA-A8-A094-01A
0,train,TCGA-A8-A095-01A_764_TS,TCGA-A8-A095,TCGA-A8-A095-01A
0,train,TCGA-A8-A095-01A_846_TS,TCGA-A8-A095,TCGA-A8-A095-01A
0,train,TCGA-A8-A099-01A_1489_TS,TCGA-A8-A099,TCGA-A8-A099-01A
0,train,TCGA-A8-A099-01A_710_TS,TCGA-A8-A099,TCGA-A8-A099-01A
0,train,TCGA-A8-A09A-01A_1507_TS,TCGA-A8-A09A,TCGA-A8-A09A-01A
0,train,TCGA-A8-A09A-01A_1508_TS,TCGA-A8-A09A,TCGA-A8-A09A-01A
0,train,TCGA-A8-A09E-01A_0_TS,TCGA-A8-A09E,TCGA-A8-A09E-01A
0,train,TCGA-A8-A09E-01A_1159_TS,TCGA-A8-A09E,TCGA-A8-A09E-01A
0,train,TCGA-A8-A09G-01A_301_TS,TCGA-A8-A09G,TCGA-A8-A09G-01A
0,train,TCGA-A8-A09G-01A_389_TS,TCGA-A8-A09G,TCGA-A8-A09G-01A
0,train,TCGA-A8-A09M-01A_304_TS,TCGA-A8-A09M,TCGA-A8-A09M-01A
0,train,TCGA-A8-A09M-01A_568_TS,TCGA-A8-A09M,TCGA-A8-A09M-01A
0,train,TCGA-A8-A09N-01A_473_TS,TCGA-A8-A09N,TCGA-A8-A09N-01A
0,train,TCGA-A8-A09N-01A_560_TS,TCGA-A8-A09N,TCGA-A8-A09N-01A
0,train,TCGA-A8-A09T-01A_1026_TS,TCGA-A8-A09T,TCGA-A8-A09T-01A
0,train,TCGA-A8-A09T-01A_831_TS,TCGA-A8-A09T,TCGA-A8-A09T-01A
0,train,TCGA-A8-A09V-01A_691_TS,TCGA-A8-A09V,TCGA-A8-A09V-01A
0,train,TCGA-A8-A09V-01A_693_TS,TCGA-A8-A09V,TCGA-A8-A09V-01A
0,train,TCGA-A8-A09Z-01A_316_TS,TCGA-A8-A09Z,TCGA-A8-A09Z-01A
0,train,TCGA-A8-A09Z-01A_485_TS,TCGA-A8-A09Z,TCGA-A8-A09Z-01A
0,train,TCGA-A8-A0A1-01A_480_TS,TCGA-A8-A0A1,TCGA-A8-A0A1-01A
0,train,TCGA-A8-A0A1-01A_570_TS,TCGA-A8-A0A1,TCGA-A8-A0A1-01A
0,train,TCGA-A8-A0A7-01A_317_TS,TCGA-A8-A0A7,TCGA-A8-A0A7-01A
0,train,TCGA-A8-A0A7-01A_402_TS,TCGA-A8-A0A7,TCGA-A8-A0A7-01A
0,train,TCGA-A8-A0A9-01A_1081_TS,TCGA-A8-A0A9,TCGA-A8-A0A9-01A
0,train,TCGA-A8-A0A9-01A_889_TS,TCGA-A8-A0A9,TCGA-A8-A0A9-01A
0,train,TCGA-AC-A23C-01A_665_TS,TCGA-AC-A23C,TCGA-AC-A23C-01A
0,train,TCGA-AC-A23H-01A_525_TS,TCGA-AC-A23H,TCGA-AC-A23H-01A
0,train,TCGA-AC-A2B8-01A_612_TS,TCGA-AC-A2B8,TCGA-AC-A2B8-01A
0,train,TCGA-AC-A2FB-01A_89_TS,TCGA-AC-A2FB,TCGA-AC-A2FB-01A
0,train,TCGA-AC-A2FE-01A_1433_TS,TCGA-AC-A2FE,TCGA-AC-A2FE-01A
0,train,TCGA-AC-A2FK-01A_1068_TS,TCGA-AC-A2FK,TCGA-AC-A2FK-01A
0,train,TCGA-AC-A2FM-01A_1545_TS,TCGA-AC-A2FM,TCGA-AC-A2FM-01A
0,train,TCGA-AC-A2QH-01B_14_TS,TCGA-AC-A2QH,TCGA-AC-A2QH-01B
0,train,TCGA-AC-A2QH-01B_820_TS,TCGA-AC-A2QH,TCGA-AC-A2QH-01B
0,train,TCGA-AC-A2QJ-01A_1264_TS,TCGA-AC-A2QJ,TCGA-AC-A2QJ-01A
0,train,TCGA-AC-A3BB-01A_636_TS,TCGA-AC-A3BB,TCGA-AC-A3BB-01A
0,train,TCGA-AC-A3OD-01B_1469_TS,TCGA-AC-A3OD,TCGA-AC-A3OD-01B
0,train,TCGA-AC-A3OD-01B_1470_TS,TCGA-AC-A3OD,TCGA-AC-A3OD-01B
0,train,TCGA-AC-A3QP-01A_115_TS,TCGA-AC-A3QP,TCGA-AC-A3QP-01A
0,train,TCGA-AC-A3TM-01A_805_TS,TCGA-AC-A3TM,TCGA-AC-A3TM-01A
0,train,TCGA-AC-A3W6-01A_591_TS,TCGA-AC-A3W6,TCGA-AC-A3W6-01A
0,train,TCGA-AC-A3W7-01A_858_TS,TCGA-AC-A3W7,TCGA-AC-A3W7-01A
0,train,TCGA-AC-A4ZE-01A_838_TS,TCGA-AC-A4ZE,TCGA-AC-A4ZE-01A
0,train,TCGA-AC-A5EH-01A_1446_TS,TCGA-AC-A5EH,TCGA-AC-A5EH-01A
0,train,TCGA-AC-A62V-01A_1012_TS,TCGA-AC-A62V,TCGA-AC-A62V-01A
0,train,TCGA-AC-A62X-01A_67_TS,TCGA-AC-A62X,TCGA-AC-A62X-01A
0,train,TCGA-AC-A6IW-01A_573_TS,TCGA-AC-A6IW,TCGA-AC-A6IW-01A
0,train,TCGA-AC-A6IX-01A_1088_TS,TCGA-AC-A6IX,TCGA-AC-A6IX-01A
0,train,TCGA-AC-A7VC-01A_642_TS,TCGA-AC-A7VC,TCGA-AC-A7VC-01A
0,train,TCGA-AC-A8OP-01A_1018_TS,TCGA-AC-A8OP,TCGA-AC-A8OP-01A
0,train,TCGA-AC-A8OS-01A_1285_TS,TCGA-AC-A8OS,TCGA-AC-A8OS-01A
0,train,TCGA-AN-A041-01A_251_TS,TCGA-AN-A041,TCGA-AN-A041-01A
0,train,TCGA-AN-A041-01A_417_TS,TCGA-AN-A041,TCGA-AN-A041-01A
0,train,TCGA-AN-A046-01A_782_TS,TCGA-AN-A046,TCGA-AN-A046-01A
0,train,TCGA-AN-A046-01A_877_TS,TCGA-AN-A046,TCGA-AN-A046-01A
0,train,TCGA-AN-A04C-01A_1097_TS,TCGA-AN-A04C,TCGA-AN-A04C-01A
0,train,TCGA-AN-A04C-01A_86_TS,TCGA-AN-A04C,TCGA-AN-A04C-01A
0,train,TCGA-AN-A04D-01A_174_TS,TCGA-AN-A04D,TCGA-AN-A04D-01A
0,train,TCGA-AN-A04D-01A_336_TS,TCGA-AN-A04D,TCGA-AN-A04D-01A
0,train,TCGA-AN-A0AL-01A_608_TS,TCGA-AN-A0AL,TCGA-AN-A0AL-01A
0,train,TCGA-AN-A0AL-01A_609_TS,TCGA-AN-A0AL,TCGA-AN-A0AL-01A
0,train,TCGA-AN-A0AM-01A_1297_TS,TCGA-AN-A0AM,TCGA-AN-A0AM-01A
0,train,TCGA-AN-A0AM-01A_1357_TS,TCGA-AN-A0AM,TCGA-AN-A0AM-01A
0,train,TCGA-AN-A0AT-01A_622_TS,TCGA-AN-A0AT,TCGA-AN-A0AT-01A
0,train,TCGA-AN-A0AT-01A_623_TS,TCGA-AN-A0AT,TCGA-AN-A0AT-01A
0,train,TCGA-AN-A0FD-01A_748_TS,TCGA-AN-A0FD,TCGA-AN-A0FD-01A
0,train,TCGA-AN-A0FD-01A_830_TS,TCGA-AN-A0FD,TCGA-AN-A0FD-01A
0,train,TCGA-AN-A0FK-01A_178_TS,TCGA-AN-A0FK,TCGA-AN-A0FK-01A
0,train,TCGA-AN-A0FK-01A_588_TS,TCGA-AN-A0FK,TCGA-AN-A0FK-01A
0,train,TCGA-AN-A0FL-01A_49_TS,TCGA-AN-A0FL,TCGA-AN-A0FL-01A
0,train,TCGA-AN-A0FL-01A_851_TS,TCGA-AN-A0FL,TCGA-AN-A0FL-01A
0,train,TCGA-AN-A0FV-01A_177_TS,TCGA-AN-A0FV,TCGA-AN-A0FV-01A
0,train,TCGA-AN-A0FV-01A_256_TS,TCGA-AN-A0FV,TCGA-AN-A0FV-01A
0,train,TCGA-AN-A0FW-01A_291_TS,TCGA-AN-A0FW,TCGA-AN-A0FW-01A
0,train,TCGA-AN-A0FW-01A_555_TS,TCGA-AN-A0FW,TCGA-AN-A0FW-01A
0,train,TCGA-AN-A0FZ-01A_44_TS,TCGA-AN-A0FZ,TCGA-AN-A0FZ-01A
0,train,TCGA-AN-A0FZ-01A_843_TS,TCGA-AN-A0FZ,TCGA-AN-A0FZ-01A
0,train,TCGA-AN-A0G0-01A_305_TS,TCGA-AN-A0G0,TCGA-AN-A0G0-01A
0,train,TCGA-AN-A0G0-01A_479_TS,TCGA-AN-A0G0,TCGA-AN-A0G0-01A
0,train,TCGA-AN-A0XO-01A_1229_TS,TCGA-AN-A0XO,TCGA-AN-A0XO-01A
0,train,TCGA-AN-A0XO-01A_1255_TS,TCGA-AN-A0XO,TCGA-AN-A0XO-01A
0,train,TCGA-AN-A0XP-01A_786_TS,TCGA-AN-A0XP,TCGA-AN-A0XP-01A
0,train,TCGA-AN-A0XP-01A_982_TS,TCGA-AN-A0XP,TCGA-AN-A0XP-01A
0,train,TCGA-AN-A0XT-01A_604_TS,TCGA-AN-A0XT,TCGA-AN-A0XT-01A
0,train,TCGA-AN-A0XT-01A_605_TS,TCGA-AN-A0XT,TCGA-AN-A0XT-01A
0,train,TCGA-AN-A0XU-01A_618_TS,TCGA-AN-A0XU,TCGA-AN-A0XU-01A
0,train,TCGA-AN-A0XU-01A_619_TS,TCGA-AN-A0XU,TCGA-AN-A0XU-01A
0,train,TCGA-AO-A03L-01A_1101_TS,TCGA-AO-A03L,TCGA-AO-A03L-01A
0,train,TCGA-AO-A03L-01A_596_TS,TCGA-AO-A03L,TCGA-AO-A03L-01A
0,train,TCGA-AO-A03M-01B_1070_TS,TCGA-AO-A03M,TCGA-AO-A03M-01B
0,train,TCGA-AO-A03M-01B_789_TS,TCGA-AO-A03M,TCGA-AO-A03M-01B
0,train,TCGA-AO-A03U-01B_627_TS,TCGA-AO-A03U,TCGA-AO-A03U-01B
0,train,TCGA-AO-A03U-01B_628_TS,TCGA-AO-A03U,TCGA-AO-A03U-01B
0,train,TCGA-AO-A03V-01A_193_TS,TCGA-AO-A03V,TCGA-AO-A03V-01A
0,train,TCGA-AO-A03V-01A_356_TS,TCGA-AO-A03V,TCGA-AO-A03V-01A
0,train,TCGA-AO-A0J5-01A_1109_TS,TCGA-AO-A0J5,TCGA-AO-A0J5-01A
0,train,TCGA-AO-A0J5-01A_814_TS,TCGA-AO-A0J5,TCGA-AO-A0J5-01A
0,train,TCGA-AO-A0J6-01A_1437_TS,TCGA-AO-A0J6,TCGA-AO-A0J6-01A
0,train,TCGA-AO-A0J6-01A_1466_TS,TCGA-AO-A0J6,TCGA-AO-A0J6-01A
0,train,TCGA-AO-A0JA-01A_1513_TS,TCGA-AO-A0JA,TCGA-AO-A0JA-01A
0,train,TCGA-AO-A0JA-01A_1553_TS,TCGA-AO-A0JA,TCGA-AO-A0JA-01A
0,train,TCGA-AO-A0JC-01A_1313_TS,TCGA-AO-A0JC,TCGA-AO-A0JC-01A
0,train,TCGA-AO-A0JC-01A_1314_TS,TCGA-AO-A0JC,TCGA-AO-A0JC-01A
0,train,TCGA-AO-A0JF-01A_1380_TS,TCGA-AO-A0JF,TCGA-AO-A0JF-01A
0,train,TCGA-AO-A0JF-01A_1434_TS,TCGA-AO-A0JF,TCGA-AO-A0JF-01A
0,train,TCGA-AO-A0JG-01A_118_TS,TCGA-AO-A0JG,TCGA-AO-A0JG-01A
0,train,TCGA-AO-A0JG-01A_370_TS,TCGA-AO-A0JG,TCGA-AO-A0JG-01A
0,train,TCGA-AO-A0JM-01A_282_TS,TCGA-AO-A0JM,TCGA-AO-A0JM-01A
0,train,TCGA-AO-A0JM-01A_454_TS,TCGA-AO-A0JM,TCGA-AO-A0JM-01A
0,train,TCGA-AO-A124-01A_1033_TS,TCGA-AO-A124,TCGA-AO-A124-01A
0,train,TCGA-AO-A124-01A_1134_TS,TCGA-AO-A124,TCGA-AO-A124-01A
0,train,TCGA-AO-A128-01A_1032_TS,TCGA-AO-A128,TCGA-AO-A128-01A
0,train,TCGA-AO-A128-01A_1135_TS,TCGA-AO-A128,TCGA-AO-A128-01A
0,train,TCGA-AO-A129-01A_1484_TS,TCGA-AO-A129,TCGA-AO-A129-01A
0,train,TCGA-AO-A129-01A_729_TS,TCGA-AO-A129,TCGA-AO-A129-01A
0,train,TCGA-AO-A12C-01A_79_TS,TCGA-AO-A12C,TCGA-AO-A12C-01A
0,train,TCGA-AO-A12C-01A_989_TS,TCGA-AO-A12C,TCGA-AO-A12C-01A
0,train,TCGA-AO-A12D-01A_167_TS,TCGA-AO-A12D,TCGA-AO-A12D-01A
0,train,TCGA-AO-A12D-01A_169_TS,TCGA-AO-A12D,TCGA-AO-A12D-01A
0,train,TCGA-AO-A12H-01A_1073_TS,TCGA-AO-A12H,TCGA-AO-A12H-01A
0,train,TCGA-AO-A12H-01A_1163_TS,TCGA-AO-A12H,TCGA-AO-A12H-01A
0,train,TCGA-AO-A1KO-01A_1485_TS,TCGA-AO-A1KO,TCGA-AO-A1KO-01A
0,train,TCGA-AO-A1KS-01A_1058_TS,TCGA-AO-A1KS,TCGA-AO-A1KS-01A
0,train,TCGA-AO-A1KT-01A_1246_TS,TCGA-AO-A1KT,TCGA-AO-A1KT-01A
0,train,TCGA-AQ-A04H-01B_165_TS,TCGA-AQ-A04H,TCGA-AQ-A04H-01B
0,train,TCGA-AQ-A04H-01B_501_TS,TCGA-AQ-A04H,TCGA-AQ-A04H-01B
0,train,TCGA-AQ-A0Y5-01A_6_TS,TCGA-AQ-A0Y5,TCGA-AQ-A0Y5-01A
0,train,TCGA-AQ-A0Y5-01A_7_TS,TCGA-AQ-A0Y5,TCGA-AQ-A0Y5-01A
0,train,TCGA-AQ-A54N-01A_281_TS,TCGA-AQ-A54N,TCGA-AQ-A54N-01A
0,train,TCGA-AQ-A54O-01A_138_TS,TCGA-AQ-A54O,TCGA-AQ-A54O-01A
0,train,TCGA-AR-A0TP-01A_1462_TS,TCGA-AR-A0TP,TCGA-AR-A0TP-01A
0,train,TCGA-AR-A0TP-01A_1543_TS,TCGA-AR-A0TP,TCGA-AR-A0TP-01A
0,train,TCGA-AR-A0TS-01A_931_TS,TCGA-AR-A0TS,TCGA-AR-A0TS-01A
0,train,TCGA-AR-A0TS-01A_933_TS,TCGA-AR-A0TS,TCGA-AR-A0TS-01A
0,train,TCGA-AR-A0TT-01A_1224_TS,TCGA-AR-A0TT,TCGA-AR-A0TT-01A
0,train,TCGA-AR-A0TT-01A_1410_TS,TCGA-AR-A0TT,TCGA-AR-A0TT-01A
0,train,TCGA-AR-A0TW-01A_1029_TS,TCGA-AR-A0TW,TCGA-AR-A0TW-01A
0,train,TCGA-AR-A0TW-01A_42_TS,TCGA-AR-A0TW,TCGA-AR-A0TW-01A
0,train,TCGA-AR-A0TX-01A_1480_TS,TCGA-AR-A0TX,TCGA-AR-A0TX-01A
0,train,TCGA-AR-A0TX-01A_723_TS,TCGA-AR-A0TX,TCGA-AR-A0TX-01A
0,train,TCGA-AR-A0U0-01A_736_TS,TCGA-AR-A0U0,TCGA-AR-A0U0-01A
0,train,TCGA-AR-A0U0-01A_816_TS,TCGA-AR-A0U0,TCGA-AR-A0U0-01A
0,train,TCGA-AR-A0U2-01A_971_TS,TCGA-AR-A0U2,TCGA-AR-A0U2-01A
0,train,TCGA-AR-A0U2-01A_972_TS,TCGA-AR-A0U2,TCGA-AR-A0U2-01A
0,train,TCGA-AR-A1AJ-01A_1309_TS,TCGA-AR-A1AJ,TCGA-AR-A1AJ-01A
0,train,TCGA-AR-A1AK-01A_563_TS,TCGA-AR-A1AK,TCGA-AR-A1AK-01A
0,train,TCGA-AR-A1AN-01A_110_TS,TCGA-AR-A1AN,TCGA-AR-A1AN-01A
0,train,TCGA-AR-A1AO-01A_225_TS,TCGA-AR-A1AO,TCGA-AR-A1AO-01A
0,train,TCGA-AR-A1AR-01A_1463_TS,TCGA-AR-A1AR,TCGA-AR-A1AR-01A
0,train,TCGA-AR-A1AS-01A_862_TS,TCGA-AR-A1AS,TCGA-AR-A1AS-01A
0,train,TCGA-AR-A1AV-01A_1242_TS,TCGA-AR-A1AV,TCGA-AR-A1AV-01A
0,train,TCGA-AR-A1AW-01A_1422_TS,TCGA-AR-A1AW,TCGA-AR-A1AW-01A
0,train,TCGA-AR-A24H-01A_72_TS,TCGA-AR-A24H,TCGA-AR-A24H-01A
0,train,TCGA-AR-A24K-01A_964_TS,TCGA-AR-A24K,TCGA-AR-A24K-01A
0,train,TCGA-AR-A24N-01A_172_TS,TCGA-AR-A24N,TCGA-AR-A24N-01A
0,train,TCGA-AR-A24O-01A_1008_TS,TCGA-AR-A24O,TCGA-AR-A24O-01A
0,train,TCGA-AR-A24R-01A_342_TS,TCGA-AR-A24R,TCGA-AR-A24R-01A
0,train,TCGA-AR-A24S-01A_80_TS,TCGA-AR-A24S,TCGA-AR-A24S-01A
0,train,TCGA-AR-A24V-01A_662_TS,TCGA-AR-A24V,TCGA-AR-A24V-01A
0,train,TCGA-AR-A24W-01A_1090_TS,TCGA-AR-A24W,TCGA-AR-A24W-01A
0,train,TCGA-AR-A250-01A_1371_TS,TCGA-AR-A250,TCGA-AR-A250-01A
0,train,TCGA-AR-A251-01A_205_TS,TCGA-AR-A251,TCGA-AR-A251-01A
0,train,TCGA-AR-A255-01A_957_TS,TCGA-AR-A255,TCGA-AR-A255-01A
0,train,TCGA-AR-A256-01A_1243_TS,TCGA-AR-A256,TCGA-AR-A256-01A
0,train,TCGA-AR-A2LK-01A_1509_TS,TCGA-AR-A2LK,TCGA-AR-A2LK-01A
0,train,TCGA-AR-A2LL-01A_19_TS,TCGA-AR-A2LL,TCGA-AR-A2LL-01A
0,train,TCGA-AR-A2LO-01A_673_TS,TCGA-AR-A2LO,TCGA-AR-A2LO-01A
0,train,TCGA-AR-A2LQ-01A_238_TS,TCGA-AR-A2LQ,TCGA-AR-A2LQ-01A
0,train,TCGA-AR-A5QN-01A_1311_TS,TCGA-AR-A5QN,TCGA-AR-A5QN-01A
0,train,TCGA-AR-A5QP-01A_659_TS,TCGA-AR-A5QP,TCGA-AR-A5QP-01A
0,train,TCGA-B6-A0I1-01A_114_TS,TCGA-B6-A0I1,TCGA-B6-A0I1-01A
0,train,TCGA-B6-A0I1-01A_201_TS,TCGA-B6-A0I1,TCGA-B6-A0I1-01A
0,train,TCGA-B6-A0I2-01A_166_TS,TCGA-B6-A0I2,TCGA-B6-A0I2-01A
0,train,TCGA-B6-A0I2-01A_334_TS,TCGA-B6-A0I2,TCGA-B6-A0I2-01A
0,train,TCGA-B6-A0I9-01A_113_TS,TCGA-B6-A0I9,TCGA-B6-A0I9-01A
0,train,TCGA-B6-A0I9-01A_367_TS,TCGA-B6-A0I9,TCGA-B6-A0I9-01A
0,train,TCGA-B6-A0IA-01A_48_TS,TCGA-B6-A0IA,TCGA-B6-A0IA-01A
0,train,TCGA-B6-A0IA-01A_761_TS,TCGA-B6-A0IA,TCGA-B6-A0IA-01A
0,train,TCGA-B6-A0IE-01A_859_TS,TCGA-B6-A0IE,TCGA-B6-A0IE-01A
0,train,TCGA-B6-A0IE-01A_860_TS,TCGA-B6-A0IE,TCGA-B6-A0IE-01A
0,train,TCGA-B6-A0IG-01A_388_TS,TCGA-B6-A0IG,TCGA-B6-A0IG-01A
0,train,TCGA-B6-A0IG-01A_565_TS,TCGA-B6-A0IG,TCGA-B6-A0IG-01A
0,train,TCGA-B6-A0IK-01A_18_TS,TCGA-B6-A0IK,TCGA-B6-A0IK-01A
0,train,TCGA-B6-A0IK-01A_915_TS,TCGA-B6-A0IK,TCGA-B6-A0IK-01A
0,train,TCGA-B6-A0IM-01A_836_TS,TCGA-B6-A0IM,TCGA-B6-A0IM-01A
0,train,TCGA-B6-A0IM-01A_938_TS,TCGA-B6-A0IM,TCGA-B6-A0IM-01A
0,train,TCGA-B6-A0IQ-01A_1188_TS,TCGA-B6-A0IQ,TCGA-B6-A0IQ-01A
0,train,TCGA-B6-A0IQ-01A_1360_TS,TCGA-B6-A0IQ,TCGA-B6-A0IQ-01A
0,train,TCGA-B6-A0RE-01A_1317_TS,TCGA-B6-A0RE,TCGA-B6-A0RE-01A
0,train,TCGA-B6-A0RE-01A_1345_TS,TCGA-B6-A0RE,TCGA-B6-A0RE-01A
0,train,TCGA-B6-A0RI-01A_164_TS,TCGA-B6-A0RI,TCGA-B6-A0RI-01A
0,train,TCGA-B6-A0RI-01A_327_TS,TCGA-B6-A0RI,TCGA-B6-A0RI-01A
0,train,TCGA-B6-A0RL-01A_1372_TS,TCGA-B6-A0RL,TCGA-B6-A0RL-01A
0,train,TCGA-B6-A0RL-01A_1421_TS,TCGA-B6-A0RL,TCGA-B6-A0RL-01A
0,train,TCGA-B6-A0RO-01A_1072_TS,TCGA-B6-A0RO,TCGA-B6-A0RO-01A
0,train,TCGA-B6-A0RO-01A_1074_TS,TCGA-B6-A0RO,TCGA-B6-A0RO-01A
0,train,TCGA-B6-A0RP-01A_276_TS,TCGA-B6-A0RP,TCGA-B6-A0RP-01A
0,train,TCGA-B6-A0RP-01A_532_TS,TCGA-B6-A0RP,TCGA-B6-A0RP-01A
0,train,TCGA-B6-A0RT-01A_948_TS,TCGA-B6-A0RT,TCGA-B6-A0RT-01A
0,train,TCGA-B6-A0RT-01A_949_TS,TCGA-B6-A0RT,TCGA-B6-A0RT-01A
0,train,TCGA-B6-A0RU-01A_1091_TS,TCGA-B6-A0RU,TCGA-B6-A0RU-01A
0,train,TCGA-B6-A0RU-01A_1092_TS,TCGA-B6-A0RU,TCGA-B6-A0RU-01A
0,train,TCGA-B6-A0WT-01A_1143_TS,TCGA-B6-A0WT,TCGA-B6-A0WT-01A
0,train,TCGA-B6-A0WT-01A_853_TS,TCGA-B6-A0WT,TCGA-B6-A0WT-01A
0,train,TCGA-B6-A0WV-01A_825_TS,TCGA-B6-A0WV,TCGA-B6-A0WV-01A
0,train,TCGA-B6-A0WV-01A_923_TS,TCGA-B6-A0WV,TCGA-B6-A0WV-01A
0,train,TCGA-B6-A0WY-01A_1075_TS,TCGA-B6-A0WY,TCGA-B6-A0WY-01A
0,train,TCGA-B6-A0WY-01A_1078_TS,TCGA-B6-A0WY,TCGA-B6-A0WY-01A
0,train,TCGA-B6-A0WZ-01A_1294_TS,TCGA-B6-A0WZ,TCGA-B6-A0WZ-01A
0,train,TCGA-B6-A0WZ-01A_635_TS,TCGA-B6-A0WZ,TCGA-B6-A0WZ-01A
0,train,TCGA-B6-A0X4-01A_419_TS,TCGA-B6-A0X4,TCGA-B6-A0X4-01A
0,train,TCGA-B6-A0X4-01A_508_TS,TCGA-B6-A0X4,TCGA-B6-A0X4-01A
0,train,TCGA-B6-A0X7-01A_371_TS,TCGA-B6-A0X7,TCGA-B6-A0X7-01A
0,train,TCGA-B6-A0X7-01A_530_TS,TCGA-B6-A0X7,TCGA-B6-A0X7-01A
0,train,TCGA-B6-A1KF-01A_1561_TS,TCGA-B6-A1KF,TCGA-B6-A1KF-01A
0,train,TCGA-B6-A1KI-01A_37_TS,TCGA-B6-A1KI,TCGA-B6-A1KI-01A
0,train,TCGA-B6-A3ZX-01A_475_TS,TCGA-B6-A3ZX,TCGA-B6-A3ZX-01A
0,train,TCGA-B6-A400-01A_1214_TS,TCGA-B6-A400,TCGA-B6-A400-01A
0,train,TCGA-B6-A408-01A_992_TS,TCGA-B6-A408,TCGA-B6-A408-01A
0,train,TCGA-B6-A409-01A_1267_TS,TCGA-B6-A409,TCGA-B6-A409-01A
0,train,TCGA-BH-A0AW-01A_1526_TS,TCGA-BH-A0AW,TCGA-BH-A0AW-01A
0,train,TCGA-BH-A0AW-01A_1528_TS,TCGA-BH-A0AW,TCGA-BH-A0AW-01A
0,train,TCGA-BH-A0AZ-01A_1352_TS,TCGA-BH-A0AZ,TCGA-BH-A0AZ-01A
0,train,TCGA-BH-A0AZ-01A_1405_TS,TCGA-BH-A0AZ,TCGA-BH-A0AZ-01A
0,train,TCGA-BH-A0B2-01A_1114_TS,TCGA-BH-A0B2,TCGA-BH-A0B2-01A
0,train,TCGA-BH-A0B2-01A_773_TS,TCGA-BH-A0B2,TCGA-BH-A0B2-01A
0,train,TCGA-BH-A0B3-01A_1254_TS,TCGA-BH-A0B3,TCGA-BH-A0B3-01A
0,train,TCGA-BH-A0B3-01A_1277_TS,TCGA-BH-A0B3,TCGA-BH-A0B3-01A
0,train,TCGA-BH-A0B7-01A_1302_TS,TCGA-BH-A0B7,TCGA-BH-A0B7-01A
0,train,TCGA-BH-A0B7-01A_1349_TS,TCGA-BH-A0B7,TCGA-BH-A0B7-01A
0,train,TCGA-BH-A0B8-01A_1210_TS,TCGA-BH-A0B8,TCGA-BH-A0B8-01A
0,train,TCGA-BH-A0B8-01A_1257_TS,TCGA-BH-A0B8,TCGA-BH-A0B8-01A
0,train,TCGA-BH-A0BC-01A_330_TS,TCGA-BH-A0BC,TCGA-BH-A0BC-01A
0,train,TCGA-BH-A0BC-01A_499_TS,TCGA-BH-A0BC,TCGA-BH-A0BC-01A
0,train,TCGA-BH-A0BD-01A_1016_TS,TCGA-BH-A0BD,TCGA-BH-A0BD-01A
0,train,TCGA-BH-A0BD-01A_1017_TS,TCGA-BH-A0BD,TCGA-BH-A0BD-01A
0,train,TCGA-BH-A0BJ-01A_1256_TS,TCGA-BH-A0BJ,TCGA-BH-A0BJ-01A
0,train,TCGA-BH-A0BJ-01A_432_TS,TCGA-BH-A0BJ,TCGA-BH-A0BJ-01A
0,train,TCGA-BH-A0BL-01A_1069_TS,TCGA-BH-A0BL,TCGA-BH-A0BL-01A
0,train,TCGA-BH-A0BL-01A_784_TS,TCGA-BH-A0BL,TCGA-BH-A0BL-01A
0,train,TCGA-BH-A0BP-01A_1491_TS,TCGA-BH-A0BP,TCGA-BH-A0BP-01A
0,train,TCGA-BH-A0BP-01A_711_TS,TCGA-BH-A0BP,TCGA-BH-A0BP-01A
0,train,TCGA-BH-A0BQ-01A_1046_TS,TCGA-BH-A0BQ,TCGA-BH-A0BQ-01A
0,train,TCGA-BH-A0BQ-01A_966_TS,TCGA-BH-A0BQ,TCGA-BH-A0BQ-01A
0,train,TCGA-BH-A0BT-01A_1350_TS,TCGA-BH-A0BT,TCGA-BH-A0BT-01A
0,train,TCGA-BH-A0BT-01A_1365_TS,TCGA-BH-A0BT,TCGA-BH-A0BT-01A
0,train,TCGA-BH-A0BV-01A_1171_TS,TCGA-BH-A0BV,TCGA-BH-A0BV-01A
0,train,TCGA-BH-A0BV-01A_884_TS,TCGA-BH-A0BV,TCGA-BH-A0BV-01A
0,train,TCGA-BH-A0C0-01A_1011_TS,TCGA-BH-A0C0,TCGA-BH-A0C0-01A
0,train,TCGA-BH-A0C0-01A_1113_TS,TCGA-BH-A0C0,TCGA-BH-A0C0-01A
0,train,TCGA-BH-A0C1-01B_1456_TS,TCGA-BH-A0C1,TCGA-BH-A0C1-01B
0,train,TCGA-BH-A0C1-01B_1531_TS,TCGA-BH-A0C1,TCGA-BH-A0C1-01B
0,train,TCGA-BH-A0DD-01A_259_TS,TCGA-BH-A0DD,TCGA-BH-A0DD-01A
0,train,TCGA-BH-A0DD-01A_514_TS,TCGA-BH-A0DD,TCGA-BH-A0DD-01A
0,train,TCGA-BH-A0DG-01A_427_TS,TCGA-BH-A0DG,TCGA-BH-A0DG-01A
0,train,TCGA-BH-A0DG-01A_97_TS,TCGA-BH-A0DG,TCGA-BH-A0DG-01A
0,train,TCGA-BH-A0DK-01A_1389_TS,TCGA-BH-A0DK,TCGA-BH-A0DK-01A
0,train,TCGA-BH-A0DK-01A_1442_TS,TCGA-BH-A0DK,TCGA-BH-A0DK-01A
0,train,TCGA-BH-A0DL-01A_262_TS,TCGA-BH-A0DL,TCGA-BH-A0DL-01A
0,train,TCGA-BH-A0DL-01A_434_TS,TCGA-BH-A0DL,TCGA-BH-A0DL-01A
0,train,TCGA-BH-A0DQ-01A_597_TS,TCGA-BH-A0DQ,TCGA-BH-A0DQ-01A
0,train,TCGA-BH-A0DQ-01A_598_TS,TCGA-BH-A0DQ,TCGA-BH-A0DQ-01A
0,train,TCGA-BH-A0DS-01A_156_TS,TCGA-BH-A0DS,TCGA-BH-A0DS-01A
0,train,TCGA-BH-A0DS-01A_490_TS,TCGA-BH-A0DS,TCGA-BH-A0DS-01A
0,train,TCGA-BH-A0DX-01A_1291_TS,TCGA-BH-A0DX,TCGA-BH-A0DX-01A
0,train,TCGA-BH-A0DX-01A_1332_TS,TCGA-BH-A0DX,TCGA-BH-A0DX-01A
0,train,TCGA-BH-A0DZ-01A_124_TS,TCGA-BH-A0DZ,TCGA-BH-A0DZ-01A
0,train,TCGA-BH-A0DZ-01A_461_TS,TCGA-BH-A0DZ,TCGA-BH-A0DZ-01A
0,train,TCGA-BH-A0E6-01A_1095_TS,TCGA-BH-A0E6,TCGA-BH-A0E6-01A
0,train,TCGA-BH-A0E6-01A_85_TS,TCGA-BH-A0E6,TCGA-BH-A0E6-01A
0,train,TCGA-BH-A0E7-01A_1212_TS,TCGA-BH-A0E7,TCGA-BH-A0E7-01A
0,train,TCGA-BH-A0E7-01A_1376_TS,TCGA-BH-A0E7,TCGA-BH-A0E7-01A
0,train,TCGA-BH-A0EB-01A_1390_TS,TCGA-BH-A0EB,TCGA-BH-A0EB-01A
0,train,TCGA-BH-A0EB-01A_1474_TS,TCGA-BH-A0EB,TCGA-BH-A0EB-01A
0,train,TCGA-BH-A0EE-01A_1402_TS,TCGA-BH-A0EE,TCGA-BH-A0EE-01A
0,train,TCGA-BH-A0EE-01A_1403_TS,TCGA-BH-A0EE,TCGA-BH-A0EE-01A
0,train,TCGA-BH-A0H0-01A_1045_TS,TCGA-BH-A0H0,TCGA-BH-A0H0-01A
0,train,TCGA-BH-A0H3-01A_1180_TS,TCGA-BH-A0H3,TCGA-BH-A0H3-01A
0,train,TCGA-BH-A0H3-01A_1331_TS,TCGA-BH-A0H3,TCGA-BH-A0H3-01A
0,train,TCGA-BH-A0H5-01A_509_TS,TCGA-BH-A0H5,TCGA-BH-A0H5-01A
0,train,TCGA-BH-A0H5-01A_510_TS,TCGA-BH-A0H5,TCGA-BH-A0H5-01A
0,train,TCGA-BH-A0H9-01A_1151_TS,TCGA-BH-A0H9,TCGA-BH-A0H9-01A
0,train,TCGA-BH-A0H9-01A_968_TS,TCGA-BH-A0H9,TCGA-BH-A0H9-01A
0,train,TCGA-BH-A0HA-01A_1125_TS,TCGA-BH-A0HA,TCGA-BH-A0HA-01A
0,train,TCGA-BH-A0HA-01A_31_TS,TCGA-BH-A0HA,TCGA-BH-A0HA-01A
0,train,TCGA-BH-A0HI-01A_211_TS,TCGA-BH-A0HI,TCGA-BH-A0HI-01A
0,train,TCGA-BH-A0HL-01A_855_TS,TCGA-BH-A0HL,TCGA-BH-A0HL-01A
0,train,TCGA-BH-A0HL-01A_956_TS,TCGA-BH-A0HL,TCGA-BH-A0HL-01A
0,train,TCGA-BH-A0HN-01A_864_TS,TCGA-BH-A0HN,TCGA-BH-A0HN-01A
0,train,TCGA-BH-A0HN-01A_959_TS,TCGA-BH-A0HN,TCGA-BH-A0HN-01A
0,train,TCGA-BH-A0HQ-01A_1431_TS,TCGA-BH-A0HQ,TCGA-BH-A0HQ-01A
0,train,TCGA-BH-A0HQ-01A_1432_TS,TCGA-BH-A0HQ,TCGA-BH-A0HQ-01A
0,train,TCGA-BH-A0HU-01A_182_TS,TCGA-BH-A0HU,TCGA-BH-A0HU-01A
0,train,TCGA-BH-A0HU-01A_183_TS,TCGA-BH-A0HU,TCGA-BH-A0HU-01A
0,train,TCGA-BH-A0HY-01A_155_TS,TCGA-BH-A0HY,TCGA-BH-A0HY-01A
0,train,TCGA-BH-A0HY-01A_489_TS,TCGA-BH-A0HY,TCGA-BH-A0HY-01A
0,train,TCGA-BH-A0RX-01A_1536_TS,TCGA-BH-A0RX,TCGA-BH-A0RX-01A
0,train,TCGA-BH-A0RX-01A_699_TS,TCGA-BH-A0RX,TCGA-BH-A0RX-01A
0,train,TCGA-BH-A0W5-01A_832_TS,TCGA-BH-A0W5,TCGA-BH-A0W5-01A
0,train,TCGA-BH-A0W5-01A_935_TS,TCGA-BH-A0W5,TCGA-BH-A0W5-01A
0,train,TCGA-BH-A0W7-01A_771_TS,TCGA-BH-A0W7,TCGA-BH-A0W7-01A
0,train,TCGA-BH-A0W7-01A_863_TS,TCGA-BH-A0W7,TCGA-BH-A0W7-01A
0,train,TCGA-BH-A18H-01A_695_TS,TCGA-BH-A18H,TCGA-BH-A18H-01A
0,train,TCGA-BH-A18I-01A_998_TS,TCGA-BH-A18I,TCGA-BH-A18I-01A
0,train,TCGA-BH-A18L-01A_1119_TS,TCGA-BH-A18L,TCGA-BH-A18L-01A
0,train,TCGA-BH-A18M-01A_1396_TS,TCGA-BH-A18M,TCGA-BH-A18M-01A
0,train,TCGA-BH-A18Q-01A_1430_TS,TCGA-BH-A18Q,TCGA-BH-A18Q-01A
0,train,TCGA-BH-A18R-01A_1559_TS,TCGA-BH-A18R,TCGA-BH-A18R-01A
0,train,TCGA-BH-A18U-01A_1301_TS,TCGA-BH-A18U,TCGA-BH-A18U-01A
0,train,TCGA-BH-A18V-01A_1093_TS,TCGA-BH-A18V,TCGA-BH-A18V-01A
0,train,TCGA-BH-A1ES-01A_886_TS,TCGA-BH-A1ES,TCGA-BH-A1ES-01A
0,train,TCGA-BH-A1ET-01A_335_TS,TCGA-BH-A1ET,TCGA-BH-A1ET-01A
0,train,TCGA-BH-A1EW-01A_1098_TS,TCGA-BH-A1EW,TCGA-BH-A1EW-01A
0,train,TCGA-BH-A1EX-01A_528_TS,TCGA-BH-A1EX,TCGA-BH-A1EX-01A
0,train,TCGA-BH-A1F2-01A_1099_TS,TCGA-BH-A1F2,TCGA-BH-A1F2-01A
0,train,TCGA-BH-A1F5-01A_777_TS,TCGA-BH-A1F5,TCGA-BH-A1F5-01A
0,train,TCGA-BH-A1FB-01A_1036_TS,TCGA-BH-A1FB,TCGA-BH-A1FB-01A
0,train,TCGA-BH-A1FC-01A_398_TS,TCGA-BH-A1FC,TCGA-BH-A1FC-01A
0,train,TCGA-BH-A1FH-01A_1273_TS,TCGA-BH-A1FH,TCGA-BH-A1FH-01A
0,train,TCGA-BH-A1FJ-01A_1557_TS,TCGA-BH-A1FJ,TCGA-BH-A1FJ-01A
0,train,TCGA-BH-A1FR-01A_494_TS,TCGA-BH-A1FR,TCGA-BH-A1FR-01A
0,train,TCGA-BH-A1FU-01A_1502_TS,TCGA-BH-A1FU,TCGA-BH-A1FU-01A
0,train,TCGA-BH-A203-01A_697_TS,TCGA-BH-A203,TCGA-BH-A203-01A
0,train,TCGA-BH-A204-01A_621_TS,TCGA-BH-A204,TCGA-BH-A204-01A
0,train,TCGA-BH-A28O-01A_818_TS,TCGA-BH-A28O,TCGA-BH-A28O-01A
0,train,TCGA-BH-A28Q-01A_747_TS,TCGA-BH-A28Q,TCGA-BH-A28Q-01A
0,train,TCGA-BH-A42U-01A_495_TS,TCGA-BH-A42U,TCGA-BH-A42U-01A
0,train,TCGA-BH-A42V-01A_539_TS,TCGA-BH-A42V,TCGA-BH-A42V-01A
0,train,TCGA-BH-A6R8-01A_963_TS,TCGA-BH-A6R8,TCGA-BH-A6R8-01A
0,train,TCGA-BH-A6R9-01A_531_TS,TCGA-BH-A6R9,TCGA-BH-A6R9-01A
0,train,TCGA-BH-A8G0-01A_199_TS,TCGA-BH-A8G0,TCGA-BH-A8G0-01A
0,train,TCGA-BH-AB28-01A_1344_TS,TCGA-BH-AB28,TCGA-BH-AB28-01A
0,train,TCGA-C8-A12L-01A_111_TS,TCGA-C8-A12L,TCGA-C8-A12L-01A
0,train,TCGA-C8-A12L-01A_534_TS,TCGA-C8-A12L,TCGA-C8-A12L-01A
0,train,TCGA-C8-A12M-01A_57_TS,TCGA-C8-A12M,TCGA-C8-A12M-01A
0,train,TCGA-C8-A12M-01A_857_TS,TCGA-C8-A12M,TCGA-C8-A12M-01A
0,train,TCGA-C8-A12P-01A_666_TS,TCGA-C8-A12P,TCGA-C8-A12P-01A
0,train,TCGA-C8-A12P-01A_667_TS,TCGA-C8-A12P,TCGA-C8-A12P-01A
0,train,TCGA-C8-A12Q-01A_980_TS,TCGA-C8-A12Q,TCGA-C8-A12Q-01A
0,train,TCGA-C8-A12Q-01A_981_TS,TCGA-C8-A12Q,TCGA-C8-A12Q-01A
0,train,TCGA-C8-A12V-01A_848_TS,TCGA-C8-A12V,TCGA-C8-A12V-01A
0,train,TCGA-C8-A12V-01A_943_TS,TCGA-C8-A12V,TCGA-C8-A12V-01A
0,train,TCGA-C8-A12W-01A_1185_TS,TCGA-C8-A12W,TCGA-C8-A12W-01A
0,train,TCGA-C8-A12W-01A_905_TS,TCGA-C8-A12W,TCGA-C8-A12W-01A
0,train,TCGA-C8-A12Z-01A_149_TS,TCGA-C8-A12Z,TCGA-C8-A12Z-01A
0,train,TCGA-C8-A12Z-01A_153_TS,TCGA-C8-A12Z,TCGA-C8-A12Z-01A
0,train,TCGA-C8-A130-01A_1211_TS,TCGA-C8-A130,TCGA-C8-A130-01A
0,train,TCGA-C8-A130-01A_1374_TS,TCGA-C8-A130,TCGA-C8-A130-01A
0,train,TCGA-C8-A133-01A_403_TS,TCGA-C8-A133,TCGA-C8-A133-01A
0,train,TCGA-C8-A133-01A_572_TS,TCGA-C8-A133,TCGA-C8-A133-01A
0,train,TCGA-C8-A134-01A_1124_TS,TCGA-C8-A134,TCGA-C8-A134-01A
0,train,TCGA-C8-A134-01A_927_TS,TCGA-C8-A134,TCGA-C8-A134-01A
0,train,TCGA-C8-A1HG-01A_185_TS,TCGA-C8-A1HG,TCGA-C8-A1HG-01A
0,train,TCGA-C8-A1HI-01A_1010_TS,TCGA-C8-A1HI,TCGA-C8-A1HI-01A
0,train,TCGA-C8-A1HM-01A_503_TS,TCGA-C8-A1HM,TCGA-C8-A1HM-01A
0,train,TCGA-C8-A1HN-01A_1034_TS,TCGA-C8-A1HN,TCGA-C8-A1HN-01A
0,train,TCGA-C8-A26W-01A_491_TS,TCGA-C8-A26W,TCGA-C8-A26W-01A
0,train,TCGA-C8-A26X-01A_883_TS,TCGA-C8-A26X,TCGA-C8-A26X-01A
0,train,TCGA-C8-A273-01A_117_TS,TCGA-C8-A273,TCGA-C8-A273-01A
0,train,TCGA-C8-A274-01A_739_TS,TCGA-C8-A274,TCGA-C8-A274-01A
0,train,TCGA-C8-A27A-01A_654_TS,TCGA-C8-A27A,TCGA-C8-A27A-01A
0,train,TCGA-C8-A27B-01A_1472_TS,TCGA-C8-A27B,TCGA-C8-A27B-01A
0,train,TCGA-C8-A8HQ-01A_903_TS,TCGA-C8-A8HQ,TCGA-C8-A8HQ-01A
0,train,TCGA-C8-A8HR-01A_346_TS,TCGA-C8-A8HR,TCGA-C8-A8HR-01A
0,train,TCGA-D8-A13Y-01A_1197_TS,TCGA-D8-A13Y,TCGA-D8-A13Y-01A
0,train,TCGA-D8-A13Y-01A_1249_TS,TCGA-D8-A13Y,TCGA-D8-A13Y-01A
0,train,TCGA-D8-A13Z-01A_112_TS,TCGA-D8-A13Z,TCGA-D8-A13Z-01A
0,train,TCGA-D8-A13Z-01A_200_TS,TCGA-D8-A13Z,TCGA-D8-A13Z-01A
0,train,TCGA-D8-A142-01A_294_TS,TCGA-D8-A142,TCGA-D8-A142-01A
0,train,TCGA-D8-A142-01A_379_TS,TCGA-D8-A142,TCGA-D8-A142-01A
0,train,TCGA-D8-A143-01A_823_TS,TCGA-D8-A143,TCGA-D8-A143-01A
0,train,TCGA-D8-A143-01A_918_TS,TCGA-D8-A143,TCGA-D8-A143-01A
0,train,TCGA-D8-A1J9-01A_513_TS,TCGA-D8-A1J9,TCGA-D8-A1J9-01A
0,train,TCGA-D8-A1JA-01A_1096_TS,TCGA-D8-A1JA,TCGA-D8-A1JA-01A
0,train,TCGA-D8-A1JD-01A_1408_TS,TCGA-D8-A1JD,TCGA-D8-A1JD-01A
0,train,TCGA-D8-A1JE-01A_595_TS,TCGA-D8-A1JE,TCGA-D8-A1JE-01A
0,train,TCGA-D8-A1JH-01A_722_TS,TCGA-D8-A1JH,TCGA-D8-A1JH-01A
0,train,TCGA-D8-A1JI-01A_192_TS,TCGA-D8-A1JI,TCGA-D8-A1JI-01A
0,train,TCGA-D8-A1JL-01A_705_TS,TCGA-D8-A1JL,TCGA-D8-A1JL-01A
0,train,TCGA-D8-A1JM-01A_607_TS,TCGA-D8-A1JM,TCGA-D8-A1JM-01A
0,train,TCGA-D8-A1JS-01A_516_TS,TCGA-D8-A1JS,TCGA-D8-A1JS-01A
0,train,TCGA-D8-A1JT-01A_374_TS,TCGA-D8-A1JT,TCGA-D8-A1JT-01A
0,train,TCGA-D8-A1X6-01A_977_TS,TCGA-D8-A1X6,TCGA-D8-A1X6-01A
0,train,TCGA-D8-A1X7-01A_466_TS,TCGA-D8-A1X7,TCGA-D8-A1X7-01A
0,train,TCGA-D8-A1XA-01A_797_TS,TCGA-D8-A1XA,TCGA-D8-A1XA-01A
0,train,TCGA-D8-A1XB-01A_742_TS,TCGA-D8-A1XB,TCGA-D8-A1XB-01A
0,train,TCGA-D8-A1XF-01A_369_TS,TCGA-D8-A1XF,TCGA-D8-A1XF-01A
0,train,TCGA-D8-A1XG-01A_1322_TS,TCGA-D8-A1XG,TCGA-D8-A1XG-01A
0,train,TCGA-D8-A1XL-01A_1027_TS,TCGA-D8-A1XL,TCGA-D8-A1XL-01A
0,train,TCGA-D8-A1XM-01A_295_TS,TCGA-D8-A1XM,TCGA-D8-A1XM-01A
0,train,TCGA-D8-A1XR-01A_26_TS,TCGA-D8-A1XR,TCGA-D8-A1XR-01A
0,train,TCGA-D8-A1XS-01A_1182_TS,TCGA-D8-A1XS,TCGA-D8-A1XS-01A
0,train,TCGA-D8-A1XV-01A_24_TS,TCGA-D8-A1XV,TCGA-D8-A1XV-01A
0,train,TCGA-D8-A1XW-01A_1562_TS,TCGA-D8-A1XW,TCGA-D8-A1XW-01A
0,train,TCGA-D8-A1Y0-01A_462_TS,TCGA-D8-A1Y0,TCGA-D8-A1Y0-01A
0,train,TCGA-D8-A1Y1-01A_228_TS,TCGA-D8-A1Y1,TCGA-D8-A1Y1-01A
0,train,TCGA-D8-A27E-01A_1005_TS,TCGA-D8-A27E,TCGA-D8-A27E-01A
0,train,TCGA-D8-A27F-01A_1271_TS,TCGA-D8-A27F,TCGA-D8-A27F-01A
0,train,TCGA-D8-A27I-01A_1080_TS,TCGA-D8-A27I,TCGA-D8-A27I-01A
0,train,TCGA-D8-A27K-01A_1047_TS,TCGA-D8-A27K,TCGA-D8-A27K-01A
0,train,TCGA-D8-A27N-01A_1241_TS,TCGA-D8-A27N,TCGA-D8-A27N-01A
0,train,TCGA-D8-A27P-01A_719_TS,TCGA-D8-A27P,TCGA-D8-A27P-01A
0,train,TCGA-D8-A27V-01A_674_TS,TCGA-D8-A27V,TCGA-D8-A27V-01A
0,train,TCGA-D8-A27W-01A_865_TS,TCGA-D8-A27W,TCGA-D8-A27W-01A
0,train,TCGA-D8-A4Z1-01A_150_TS,TCGA-D8-A4Z1,TCGA-D8-A4Z1-01A
0,train,TCGA-D8-A73U-01A_385_TS,TCGA-D8-A73U,TCGA-D8-A73U-01A
0,train,TCGA-E2-A105-01A_686_TS,TCGA-E2-A105,TCGA-E2-A105-01A
0,train,TCGA-E2-A105-01A_687_TS,TCGA-E2-A105,TCGA-E2-A105-01A
0,train,TCGA-E2-A106-01A_1521_TS,TCGA-E2-A106,TCGA-E2-A106-01A
0,train,TCGA-E2-A106-01A_717_TS,TCGA-E2-A106,TCGA-E2-A106-01A
0,train,TCGA-E2-A109-01A_1385_TS,TCGA-E2-A109,TCGA-E2-A109-01A
0,train,TCGA-E2-A109-01A_1492_TS,TCGA-E2-A109,TCGA-E2-A109-01A
0,train,TCGA-E2-A10A-01A_357_TS,TCGA-E2-A10A,TCGA-E2-A10A-01A
0,train,TCGA-E2-A10A-01A_524_TS,TCGA-E2-A10A,TCGA-E2-A10A-01A
0,train,TCGA-E2-A10E-01A_181_TS,TCGA-E2-A10E,TCGA-E2-A10E-01A
0,train,TCGA-E2-A10E-01A_98_TS,TCGA-E2-A10E,TCGA-E2-A10E-01A
0,train,TCGA-E2-A10F-01A_217_TS,TCGA-E2-A10F,TCGA-E2-A10F-01A
0,train,TCGA-E2-A10F-01A_380_TS,TCGA-E2-A10F,TCGA-E2-A10F-01A
0,train,TCGA-E2-A14N-01A_891_TS,TCGA-E2-A14N,TCGA-E2-A14N-01A
0,train,TCGA-E2-A14O-01A_488_TS,TCGA-E2-A14O,TCGA-E2-A14O-01A
0,train,TCGA-E2-A14R-01A_1268_TS,TCGA-E2-A14R,TCGA-E2-A14R-01A
0,train,TCGA-E2-A14S-01A_1044_TS,TCGA-E2-A14S,TCGA-E2-A14S-01A
0,train,TCGA-E2-A14V-01A_942_TS,TCGA-E2-A14V,TCGA-E2-A14V-01A
0,train,TCGA-E2-A14W-01A_1471_TS,TCGA-E2-A14W,TCGA-E2-A14W-01A
0,train,TCGA-E2-A14Z-01A_1377_TS,TCGA-E2-A14Z,TCGA-E2-A14Z-01A
0,train,TCGA-E2-A150-01A_502_TS,TCGA-E2-A150,TCGA-E2-A150-01A
0,train,TCGA-E2-A154-01A_420_TS,TCGA-E2-A154,TCGA-E2-A154-01A
0,train,TCGA-E2-A155-01A_1121_TS,TCGA-E2-A155,TCGA-E2-A155-01A
0,train,TCGA-E2-A159-01A_1261_TS,TCGA-E2-A159,TCGA-E2-A159-01A
0,train,TCGA-E2-A15A-01A_991_TS,TCGA-E2-A15A,TCGA-E2-A15A-01A
0,train,TCGA-E2-A15E-01A_640_TS,TCGA-E2-A15E,TCGA-E2-A15E-01A
0,train,TCGA-E2-A15F-01A_716_TS,TCGA-E2-A15F,TCGA-E2-A15F-01A
0,train,TCGA-E2-A15I-01A_1167_TS,TCGA-E2-A15I,TCGA-E2-A15I-01A
0,train,TCGA-E2-A15J-01A_1340_TS,TCGA-E2-A15J,TCGA-E2-A15J-01A
0,train,TCGA-E2-A15M-01A_448_TS,TCGA-E2-A15M,TCGA-E2-A15M-01A
0,train,TCGA-E2-A15O-01A_1387_TS,TCGA-E2-A15O,TCGA-E2-A15O-01A
0,train,TCGA-E2-A15S-01A_785_TS,TCGA-E2-A15S,TCGA-E2-A15S-01A
0,train,TCGA-E2-A15T-01A_758_TS,TCGA-E2-A15T,TCGA-E2-A15T-01A
0,train,TCGA-E2-A1B1-01A_955_TS,TCGA-E2-A1B1,TCGA-E2-A1B1-01A
0,train,TCGA-E2-A1B4-01A_431_TS,TCGA-E2-A1B4,TCGA-E2-A1B4-01A
0,train,TCGA-E2-A1BC-01A_99_TS,TCGA-E2-A1BC,TCGA-E2-A1BC-01A
0,train,TCGA-E2-A1BD-01A_95_TS,TCGA-E2-A1BD,TCGA-E2-A1BD-01A
0,train,TCGA-E2-A1IG-01A_827_TS,TCGA-E2-A1IG,TCGA-E2-A1IG-01A
0,train,TCGA-E2-A1IH-01A_1490_TS,TCGA-E2-A1IH,TCGA-E2-A1IH-01A
0,train,TCGA-E2-A1IK-01A_437_TS,TCGA-E2-A1IK,TCGA-E2-A1IK-01A
0,train,TCGA-E2-A1IL-01A_1563_TS,TCGA-E2-A1IL,TCGA-E2-A1IL-01A
0,train,TCGA-E2-A1IU-01A_1292_TS,TCGA-E2-A1IU,TCGA-E2-A1IU-01A
0,train,TCGA-E2-A1L6-01A_73_TS,TCGA-E2-A1L6,TCGA-E2-A1L6-01A
0,train,TCGA-E2-A1L9-01A_456_TS,TCGA-E2-A1L9,TCGA-E2-A1L9-01A
0,train,TCGA-E2-A1LA-01A_285_TS,TCGA-E2-A1LA,TCGA-E2-A1LA-01A
0,train,TCGA-E2-A1LG-01A_712_TS,TCGA-E2-A1LG,TCGA-E2-A1LG-01A
0,train,TCGA-E2-A1LI-01A_1021_TS,TCGA-E2-A1LI,TCGA-E2-A1LI-01A
0,train,TCGA-E2-A2P5-01A_1388_TS,TCGA-E2-A2P5,TCGA-E2-A2P5-01A
0,train,TCGA-E2-A2P6-01A_405_TS,TCGA-E2-A2P6,TCGA-E2-A2P6-01A
0,train,TCGA-E2-A570-01A_216_TS,TCGA-E2-A570,TCGA-E2-A570-01A
0,train,TCGA-E2-A572-01A_1128_TS,TCGA-E2-A572,TCGA-E2-A572-01A
0,train,TCGA-E2-A576-01A_1445_TS,TCGA-E2-A576,TCGA-E2-A576-01A
0,train,TCGA-E2-A9RU-01A_538_TS,TCGA-E2-A9RU,TCGA-E2-A9RU-01A
0,train,TCGA-E9-A1N5-01A_158_TS,TCGA-E9-A1N5,TCGA-E9-A1N5-01A
0,train,TCGA-E9-A1N6-01A_1077_TS,TCGA-E9-A1N6,TCGA-E9-A1N6-01A
0,train,TCGA-E9-A1NA-01A_36_TS,TCGA-E9-A1NA,TCGA-E9-A1NA-01A
0,train,TCGA-E9-A1ND-01A_1488_TS,TCGA-E9-A1ND,TCGA-E9-A1ND-01A
0,train,TCGA-E9-A1NG-01A_1202_TS,TCGA-E9-A1NG,TCGA-E9-A1NG-01A
0,train,TCGA-E9-A1NH-01A_1550_TS,TCGA-E9-A1NH,TCGA-E9-A1NH-01A
0,train,TCGA-E9-A1R0-01A_1444_TS,TCGA-E9-A1R0,TCGA-E9-A1R0-01A
0,train,TCGA-E9-A1R2-01A_917_TS,TCGA-E9-A1R2,TCGA-E9-A1R2-01A
0,train,TCGA-E9-A1R5-01A_1160_TS,TCGA-E9-A1R5,TCGA-E9-A1R5-01A
0,train,TCGA-E9-A1R6-01A_288_TS,TCGA-E9-A1R6,TCGA-E9-A1R6-01A
0,train,TCGA-E9-A1RB-01A_564_TS,TCGA-E9-A1RB,TCGA-E9-A1RB-01A
0,train,TCGA-E9-A1RC-01A_363_TS,TCGA-E9-A1RC,TCGA-E9-A1RC-01A
0,train,TCGA-E9-A1RF-01A_1401_TS,TCGA-E9-A1RF,TCGA-E9-A1RF-01A
0,train,TCGA-E9-A1RG-01A_340_TS,TCGA-E9-A1RG,TCGA-E9-A1RG-01A
0,train,TCGA-E9-A226-01A_264_TS,TCGA-E9-A226,TCGA-E9-A226-01A
0,train,TCGA-E9-A227-01A_422_TS,TCGA-E9-A227,TCGA-E9-A227-01A
0,train,TCGA-E9-A22A-01A_847_TS,TCGA-E9-A22A,TCGA-E9-A22A-01A
0,train,TCGA-E9-A22B-01A_395_TS,TCGA-E9-A22B,TCGA-E9-A22B-01A
0,train,TCGA-E9-A22G-01A_925_TS,TCGA-E9-A22G,TCGA-E9-A22G-01A
0,train,TCGA-E9-A22H-01A_1276_TS,TCGA-E9-A22H,TCGA-E9-A22H-01A
0,train,TCGA-E9-A247-01A_817_TS,TCGA-E9-A247,TCGA-E9-A247-01A
0,train,TCGA-E9-A248-01A_1270_TS,TCGA-E9-A248,TCGA-E9-A248-01A
0,train,TCGA-E9-A295-01A_245_TS,TCGA-E9-A295,TCGA-E9-A295-01A
0,train,TCGA-E9-A2JS-01A_416_TS,TCGA-E9-A2JS,TCGA-E9-A2JS-01A
0,train,TCGA-E9-A3QA-01A_1395_TS,TCGA-E9-A3QA,TCGA-E9-A3QA-01A
0,train,TCGA-E9-A3X8-01A_384_TS,TCGA-E9-A3X8,TCGA-E9-A3X8-01A
0,train,TCGA-E9-A5UO-01A_979_TS,TCGA-E9-A5UO,TCGA-E9-A5UO-01A
0,train,TCGA-E9-A5UP-01A_1038_TS,TCGA-E9-A5UP,TCGA-E9-A5UP-01A
0,train,TCGA-EW-A1IX-01A_1161_TS,TCGA-EW-A1IX,TCGA-EW-A1IX-01A
0,train,TCGA-EW-A1IY-01A_309_TS,TCGA-EW-A1IY,TCGA-EW-A1IY-01A
0,train,TCGA-EW-A1J2-01A_961_TS,TCGA-EW-A1J2,TCGA-EW-A1J2-01A
0,train,TCGA-EW-A1J3-01A_527_TS,TCGA-EW-A1J3,TCGA-EW-A1J3-01A
0,train,TCGA-EW-A1OW-01A_1503_TS,TCGA-EW-A1OW,TCGA-EW-A1OW-01A
0,train,TCGA-EW-A1OX-01A_308_TS,TCGA-EW-A1OX,TCGA-EW-A1OX-01A
0,train,TCGA-EW-A1P0-01A_320_TS,TCGA-EW-A1P0,TCGA-EW-A1P0-01A
0,train,TCGA-EW-A1P1-01A_1392_TS,TCGA-EW-A1P1,TCGA-EW-A1P1-01A
0,train,TCGA-EW-A1P5-01A_1416_TS,TCGA-EW-A1P5,TCGA-EW-A1P5-01A
0,train,TCGA-EW-A1P6-01A_1465_TS,TCGA-EW-A1P6,TCGA-EW-A1P6-01A
0,train,TCGA-EW-A1PA-01A_507_TS,TCGA-EW-A1PA,TCGA-EW-A1PA-01A
0,train,TCGA-EW-A1PB-01A_1516_TS,TCGA-EW-A1PB,TCGA-EW-A1PB-01A
0,train,TCGA-EW-A1PE-01A_1383_TS,TCGA-EW-A1PE,TCGA-EW-A1PE-01A
0,train,TCGA-EW-A1PF-01A_409_TS,TCGA-EW-A1PF,TCGA-EW-A1PF-01A
0,train,TCGA-EW-A2FR-01A_684_TS,TCGA-EW-A2FR,TCGA-EW-A2FR-01A
0,train,TCGA-EW-A2FS-01A_1239_TS,TCGA-EW-A2FS,TCGA-EW-A2FS-01A
0,train,TCGA-EW-A3E8-01B_1170_TS,TCGA-EW-A3E8,TCGA-EW-A3E8-01B
0,train,TCGA-EW-A3U0-01A_1428_TS,TCGA-EW-A3U0,TCGA-EW-A3U0-01A
0,train,TCGA-EW-A6S9-01A_986_TS,TCGA-EW-A6S9,TCGA-EW-A6S9-01A
0,train,TCGA-EW-A6SA-01A_1564_TS,TCGA-EW-A6SA,TCGA-EW-A6SA-01A
0,train,TCGA-EW-A6SD-01A_1015_TS,TCGA-EW-A6SD,TCGA-EW-A6SD-01A
0,train,TCGA-GI-A2C8-01A_811_TS,TCGA-GI-A2C8,TCGA-GI-A2C8-01A
0,train,TCGA-GM-A2DF-01A_46_TS,TCGA-GM-A2DF,TCGA-GM-A2DF-01A
0,train,TCGA-GM-A2DH-01A_537_TS,TCGA-GM-A2DH,TCGA-GM-A2DH-01A
0,train,TCGA-GM-A2DM-01A_442_TS,TCGA-GM-A2DM,TCGA-GM-A2DM-01A
0,train,TCGA-GM-A2DN-01A_365_TS,TCGA-GM-A2DN,TCGA-GM-A2DN-01A
0,train,TCGA-GM-A3NY-01A_348_TS,TCGA-GM-A3NY,TCGA-GM-A3NY-01A
0,train,TCGA-GM-A3XG-01A_990_TS,TCGA-GM-A3XG,TCGA-GM-A3XG-01A
0,train,TCGA-GM-A5PV-01A_56_TS,TCGA-GM-A5PV,TCGA-GM-A5PV-01A
0,train,TCGA-GM-A5PX-01A_1459_TS,TCGA-GM-A5PX,TCGA-GM-A5PX-01A
0,train,TCGA-JL-A3YW-01A_620_TS,TCGA-JL-A3YW,TCGA-JL-A3YW-01A
0,train,TCGA-JL-A3YX-01A_435_TS,TCGA-JL-A3YX,TCGA-JL-A3YX-01A
0,train,TCGA-LD-A7W5-01A_1204_TS,TCGA-LD-A7W5,TCGA-LD-A7W5-01A
0,train,TCGA-LD-A7W6-01A_93_TS,TCGA-LD-A7W6,TCGA-LD-A7W6-01A
0,train,TCGA-LL-A441-01A_807_TS,TCGA-LL-A441,TCGA-LL-A441-01A
0,train,TCGA-LL-A442-01A_27_TS,TCGA-LL-A442,TCGA-LL-A442-01A
0,train,TCGA-LL-A5YM-01A_1384_TS,TCGA-LL-A5YM,TCGA-LL-A5YM-01A
0,train,TCGA-LL-A5YN-01A_1468_TS,TCGA-LL-A5YN,TCGA-LL-A5YN-01A
0,train,TCGA-LL-A6FP-01A_9_TS,TCGA-LL-A6FP,TCGA-LL-A6FP-01A
0,train,TCGA-LL-A6FQ-01A_468_TS,TCGA-LL-A6FQ,TCGA-LL-A6FQ-01A
0,train,TCGA-LL-A73Z-01A_606_TS,TCGA-LL-A73Z,TCGA-LL-A73Z-01A
0,train,TCGA-LL-A740-01A_1162_TS,TCGA-LL-A740,TCGA-LL-A740-01A
0,train,TCGA-LL-A8F5-01A_215_TS,TCGA-LL-A8F5,TCGA-LL-A8F5-01A
0,train,TCGA-LL-A9Q3-01A_921_TS,TCGA-LL-A9Q3,TCGA-LL-A9Q3-01A
0,train,TCGA-OK-A5Q2-01A_289_TS,TCGA-OK-A5Q2,TCGA-OK-A5Q2-01A
0,train,TCGA-OL-A5D6-01A_1483_TS,TCGA-OL-A5D6,TCGA-OL-A5D6-01A
0,train,TCGA-OL-A5DA-01A_337_TS,TCGA-OL-A5DA,TCGA-OL-A5DA-01A
0,train,TCGA-OL-A5RU-01A_319_TS,TCGA-OL-A5RU,TCGA-OL-A5RU-01A
0,train,TCGA-OL-A5RX-01A_109_TS,TCGA-OL-A5RX,TCGA-OL-A5RX-01A
0,train,TCGA-OL-A5RY-01A_1022_TS,TCGA-OL-A5RY,TCGA-OL-A5RY-01A
0,train,TCGA-OL-A66H-01A_104_TS,TCGA-OL-A66H,TCGA-OL-A66H-01A
0,train,TCGA-OL-A66I-01A_224_TS,TCGA-OL-A66I,TCGA-OL-A66I-01A
0,train,TCGA-OL-A66L-01A_680_TS,TCGA-OL-A66L,TCGA-OL-A66L-01A
0,train,TCGA-OL-A66N-01A_1486_TS,TCGA-OL-A66N,TCGA-OL-A66N-01A
0,train,TCGA-OL-A6VO-01A_567_TS,TCGA-OL-A6VO,TCGA-OL-A6VO-01A
0,train,TCGA-OL-A6VQ-01A_1020_TS,TCGA-OL-A6VQ,TCGA-OL-A6VQ-01A
0,train,TCGA-PE-A5DC-01A_928_TS,TCGA-PE-A5DC,TCGA-PE-A5DC-01A
0,train,TCGA-PE-A5DD-01A_685_TS,TCGA-PE-A5DD,TCGA-PE-A5DD-01A
0,train,TCGA-S3-A6ZG-01A_1417_TS,TCGA-S3-A6ZG,TCGA-S3-A6ZG-01A
0,train,TCGA-S3-A6ZH-01A_1473_TS,TCGA-S3-A6ZH,TCGA-S3-A6ZH-01A
0,train,TCGA-S3-AA11-01A_38_TS,TCGA-S3-AA11,TCGA-S3-AA11-01A
0,train,TCGA-S3-AA12-01A_1304_TS,TCGA-S3-AA12,TCGA-S3-AA12-01A
0,train,TCGA-S3-AA17-01A_324_TS,TCGA-S3-AA17,TCGA-S3-AA17-01A
0,train,TCGA-UL-AAZ6-01A_962_TS,TCGA-UL-AAZ6,TCGA-UL-AAZ6-01A
0,train,TCGA-W8-A86G-01A_1153_TS,TCGA-W8-A86G,TCGA-W8-A86G-01A
0,train,TCGA-WT-AB41-01A_1542_TS,TCGA-WT-AB41,TCGA-WT-AB41-01A
0,train,TCGA-Z7-A8R5-01A_82_TS,TCGA-Z7-A8R5,TCGA-Z7-A8R5-01A
0,train,TCGA-Z7-A8R6-01A_690_TS,TCGA-Z7-A8R6,TCGA-Z7-A8R6-01A
0,val,TCGA-5L-AAT0-01A_176_TS,TCGA-5L-AAT0,TCGA-5L-AAT0-01A
0,val,TCGA-A1-A0SB-01A_833_TS,TCGA-A1-A0SB,TCGA-A1-A0SB-01A
0,val,TCGA-A1-A0SB-01A_936_TS,TCGA-A1-A0SB,TCGA-A1-A0SB-01A
0,val,TCGA-A1-A0SD-01A_727_TS,TCGA-A1-A0SD,TCGA-A1-A0SD-01A
0,val,TCGA-A1-A0SD-01A_728_TS,TCGA-A1-A0SD,TCGA-A1-A0SD-01A
0,val,TCGA-A1-A0SG-01A_1060_TS,TCGA-A1-A0SG,TCGA-A1-A0SG-01A
0,val,TCGA-A1-A0SG-01A_1064_TS,TCGA-A1-A0SG,TCGA-A1-A0SG-01A
0,val,TCGA-A1-A0SK-01A_1056_TS,TCGA-A1-A0SK,TCGA-A1-A0SK-01A
0,val,TCGA-A1-A0SK-01A_866_TS,TCGA-A1-A0SK,TCGA-A1-A0SK-01A
0,val,TCGA-A1-A0SP-01A_51_TS,TCGA-A1-A0SP,TCGA-A1-A0SP-01A
0,val,TCGA-A1-A0SP-01A_950_TS,TCGA-A1-A0SP,TCGA-A1-A0SP-01A
0,val,TCGA-A2-A04R-01A_1435_TS,TCGA-A2-A04R,TCGA-A2-A04R-01A
0,val,TCGA-A2-A04R-01A_706_TS,TCGA-A2-A04R,TCGA-A2-A04R-01A
0,val,TCGA-A2-A04X-01A_1173_TS,TCGA-A2-A04X,TCGA-A2-A04X-01A
0,val,TCGA-A2-A04X-01A_890_TS,TCGA-A2-A04X,TCGA-A2-A04X-01A
0,val,TCGA-A2-A0CO-01A_1123_TS,TCGA-A2-A0CO,TCGA-A2-A0CO-01A
0,val,TCGA-A2-A0CO-01A_926_TS,TCGA-A2-A0CO,TCGA-A2-A0CO-01A
0,val,TCGA-A2-A0CS-01A_127_TS,TCGA-A2-A0CS,TCGA-A2-A0CS-01A
0,val,TCGA-A2-A0CS-01A_377_TS,TCGA-A2-A0CS,TCGA-A2-A0CS-01A
0,val,TCGA-A2-A0CW-01A_171_TS,TCGA-A2-A0CW,TCGA-A2-A0CW-01A
0,val,TCGA-A2-A0CW-01A_421_TS,TCGA-A2-A0CW,TCGA-A2-A0CW-01A
0,val,TCGA-A2-A0D1-01A_1330_TS,TCGA-A2-A0D1,TCGA-A2-A0D1-01A
0,val,TCGA-A2-A0D1-01A_633_TS,TCGA-A2-A0D1,TCGA-A2-A0D1-01A
0,val,TCGA-A2-A0EM-01A_331_TS,TCGA-A2-A0EM,TCGA-A2-A0EM-01A
0,val,TCGA-A2-A0EM-01A_333_TS,TCGA-A2-A0EM,TCGA-A2-A0EM-01A
0,val,TCGA-A2-A0ER-01A_801_TS,TCGA-A2-A0ER,TCGA-A2-A0ER-01A
0,val,TCGA-A2-A0ER-01A_83_TS,TCGA-A2-A0ER,TCGA-A2-A0ER-01A
0,val,TCGA-A2-A0EV-01A_1174_TS,TCGA-A2-A0EV,TCGA-A2-A0EV-01A
0,val,TCGA-A2-A0EV-01A_1175_TS,TCGA-A2-A0EV,TCGA-A2-A0EV-01A
0,val,TCGA-A2-A0ST-01A_1194_TS,TCGA-A2-A0ST,TCGA-A2-A0ST-01A
0,val,TCGA-A2-A0ST-01A_1226_TS,TCGA-A2-A0ST,TCGA-A2-A0ST-01A
0,val,TCGA-A2-A0SX-01A_1232_TS,TCGA-A2-A0SX,TCGA-A2-A0SX-01A
0,val,TCGA-A2-A0SX-01A_1415_TS,TCGA-A2-A0SX,TCGA-A2-A0SX-01A
0,val,TCGA-A2-A0T2-01A_1076_TS,TCGA-A2-A0T2,TCGA-A2-A0T2-01A
0,val,TCGA-A2-A0T2-01A_879_TS,TCGA-A2-A0T2,TCGA-A2-A0T2-01A
0,val,TCGA-A2-A0T6-01A_1312_TS,TCGA-A2-A0T6,TCGA-A2-A0T6-01A
0,val,TCGA-A2-A0T6-01A_1328_TS,TCGA-A2-A0T6,TCGA-A2-A0T6-01A
0,val,TCGA-A2-A0YE-01A_322_TS,TCGA-A2-A0YE,TCGA-A2-A0YE-01A
0,val,TCGA-A2-A0YE-01A_575_TS,TCGA-A2-A0YE,TCGA-A2-A0YE-01A
0,val,TCGA-A2-A0YI-01A_76_TS,TCGA-A2-A0YI,TCGA-A2-A0YI-01A
0,val,TCGA-A2-A0YI-01A_885_TS,TCGA-A2-A0YI,TCGA-A2-A0YI-01A
0,val,TCGA-A2-A0YM-01A_22_TS,TCGA-A2-A0YM,TCGA-A2-A0YM-01A
0,val,TCGA-A2-A0YM-01A_824_TS,TCGA-A2-A0YM,TCGA-A2-A0YM-01A
0,val,TCGA-A2-A1FW-01A_63_TS,TCGA-A2-A1FW,TCGA-A2-A1FW-01A
0,val,TCGA-A2-A1G1-01A_190_TS,TCGA-A2-A1G1,TCGA-A2-A1G1-01A
0,val,TCGA-A2-A25A-01A_1461_TS,TCGA-A2-A25A,TCGA-A2-A25A-01A
0,val,TCGA-A2-A25E-01A_519_TS,TCGA-A2-A25E,TCGA-A2-A25E-01A
0,val,TCGA-A2-A3XS-01A_1475_TS,TCGA-A2-A3XS,TCGA-A2-A3XS-01A
0,val,TCGA-A2-A3XW-01A_852_TS,TCGA-A2-A3XW,TCGA-A2-A3XW-01A
0,val,TCGA-A2-A3Y0-01A_1196_TS,TCGA-A2-A3Y0,TCGA-A2-A3Y0-01A
0,val,TCGA-A2-A4S0-01A_355_TS,TCGA-A2-A4S0,TCGA-A2-A4S0-01A
0,val,TCGA-A7-A0CG-01A_84_TS,TCGA-A7-A0CG,TCGA-A7-A0CG-01A
0,val,TCGA-A7-A0CG-01A_897_TS,TCGA-A7-A0CG,TCGA-A7-A0CG-01A
0,val,TCGA-A7-A0DA-01A_1013_TS,TCGA-A7-A0DA,TCGA-A7-A0DA-01A
0,val,TCGA-A7-A13D-01A_1532_TS,TCGA-A7-A13D,TCGA-A7-A13D-01A
0,val,TCGA-A7-A13D-01A_1548_TS,TCGA-A7-A13D,TCGA-A7-A13D-01A
0,val,TCGA-A7-A2KD-01A_214_TS,TCGA-A7-A2KD,TCGA-A7-A2KD-01A
0,val,TCGA-A7-A3J1-01A_375_TS,TCGA-A7-A3J1,TCGA-A7-A3J1-01A
0,val,TCGA-A7-A4SA-01A_1222_TS,TCGA-A7-A4SA,TCGA-A7-A4SA-01A
0,val,TCGA-A7-A4SE-01A_102_TS,TCGA-A7-A4SE,TCGA-A7-A4SE-01A
0,val,TCGA-A7-A5ZW-01A_1407_TS,TCGA-A7-A5ZW,TCGA-A7-A5ZW-01A
0,val,TCGA-A7-A6VX-01A_1150_TS,TCGA-A7-A6VX,TCGA-A7-A6VX-01A
0,val,TCGA-A8-A06N-01A_1156_TS,TCGA-A8-A06N,TCGA-A8-A06N-01A
0,val,TCGA-A8-A06N-01A_876_TS,TCGA-A8-A06N,TCGA-A8-A06N-01A
0,val,TCGA-A8-A06T-01A_1105_TS,TCGA-A8-A06T,TCGA-A8-A06T-01A
0,val,TCGA-A8-A06T-01A_1107_TS,TCGA-A8-A06T,TCGA-A8-A06T-01A
0,val,TCGA-A8-A075-01A_271_TS,TCGA-A8-A075,TCGA-A8-A075-01A
0,val,TCGA-A8-A075-01A_446_TS,TCGA-A8-A075,TCGA-A8-A075-01A
0,val,TCGA-A8-A07C-01A_1555_TS,TCGA-A8-A07C,TCGA-A8-A07C-01A
0,val,TCGA-A8-A07C-01A_1556_TS,TCGA-A8-A07C,TCGA-A8-A07C-01A
0,val,TCGA-A8-A07I-01A_16_TS,TCGA-A8-A07I,TCGA-A8-A07I-01A
0,val,TCGA-A8-A07I-01A_913_TS,TCGA-A8-A07I,TCGA-A8-A07I-01A
0,val,TCGA-A8-A07R-01A_1164_TS,TCGA-A8-A07R,TCGA-A8-A07R-01A
0,val,TCGA-A8-A07R-01A_985_TS,TCGA-A8-A07R,TCGA-A8-A07R-01A
0,val,TCGA-A8-A07Z-01A_1319_TS,TCGA-A8-A07Z,TCGA-A8-A07Z-01A
0,val,TCGA-A8-A07Z-01A_1347_TS,TCGA-A8-A07Z,TCGA-A8-A07Z-01A
0,val,TCGA-A8-A084-01A_1157_TS,TCGA-A8-A084,TCGA-A8-A084-01A
0,val,TCGA-A8-A084-01A_1158_TS,TCGA-A8-A084,TCGA-A8-A084-01A
0,val,TCGA-A8-A08B-01A_1131_TS,TCGA-A8-A08B,TCGA-A8-A08B-01A
0,val,TCGA-A8-A08B-01A_40_TS,TCGA-A8-A08B,TCGA-A8-A08B-01A
0,val,TCGA-A8-A08I-01A_952_TS,TCGA-A8-A08I,TCGA-A8-A08I-01A
0,val,TCGA-A8-A08I-01A_953_TS,TCGA-A8-A08I,TCGA-A8-A08I-01A
0,val,TCGA-A8-A08P-01A_1042_TS,TCGA-A8-A08P,TCGA-A8-A08P-01A
0,val,TCGA-A8-A08P-01A_856_TS,TCGA-A8-A08P,TCGA-A8-A08P-01A
0,val,TCGA-A8-A08X-01A_1525_TS,TCGA-A8-A08X,TCGA-A8-A08X-01A
0,val,TCGA-A8-A08X-01A_718_TS,TCGA-A8-A08X,TCGA-A8-A08X-01A
0,val,TCGA-A8-A092-01A_219_TS,TCGA-A8-A092,TCGA-A8-A092-01A
0,val,TCGA-A8-A092-01A_299_TS,TCGA-A8-A092,TCGA-A8-A092-01A
0,val,TCGA-A8-A096-01A_1263_TS,TCGA-A8-A096,TCGA-A8-A096-01A
0,val,TCGA-A8-A096-01A_1427_TS,TCGA-A8-A096,TCGA-A8-A096-01A
0,val,TCGA-A8-A09B-01A_1052_TS,TCGA-A8-A09B,TCGA-A8-A09B-01A
0,val,TCGA-A8-A09B-01A_969_TS,TCGA-A8-A09B,TCGA-A8-A09B-01A
0,val,TCGA-A8-A09I-01A_815_TS,TCGA-A8-A09I,TCGA-A8-A09I-01A
0,val,TCGA-A8-A09I-01A_911_TS,TCGA-A8-A09I,TCGA-A8-A09I-01A
0,val,TCGA-A8-A09Q-01A_1335_TS,TCGA-A8-A09Q,TCGA-A8-A09Q-01A
0,val,TCGA-A8-A09Q-01A_638_TS,TCGA-A8-A09Q,TCGA-A8-A09Q-01A
0,val,TCGA-A8-A09W-01A_207_TS,TCGA-A8-A09W,TCGA-A8-A09W-01A
0,val,TCGA-A8-A09W-01A_284_TS,TCGA-A8-A09W,TCGA-A8-A09W-01A
0,val,TCGA-A8-A0A2-01A_759_TS,TCGA-A8-A0A2,TCGA-A8-A0A2-01A
0,val,TCGA-A8-A0A2-01A_844_TS,TCGA-A8-A0A2,TCGA-A8-A0A2-01A
0,val,TCGA-A8-A0AB-01A_1327_TS,TCGA-A8-A0AB,TCGA-A8-A0AB-01A
0,val,TCGA-A8-A0AB-01A_1369_TS,TCGA-A8-A0AB,TCGA-A8-A0AB-01A
0,val,TCGA-AC-A23E-01A_965_TS,TCGA-AC-A23E,TCGA-AC-A23E-01A
0,val,TCGA-AC-A2BK-01A_1082_TS,TCGA-AC-A2BK,TCGA-AC-A2BK-01A
0,val,TCGA-AC-A2FF-01A_835_TS,TCGA-AC-A2FF,TCGA-AC-A2FF-01A
0,val,TCGA-AC-A2FO-01A_1451_TS,TCGA-AC-A2FO,TCGA-AC-A2FO-01A
0,val,TCGA-AC-A3EH-01A_411_TS,TCGA-AC-A3EH,TCGA-AC-A3EH-01A
0,val,TCGA-AC-A3TN-01A_154_TS,TCGA-AC-A3TN,TCGA-AC-A3TN-01A
0,val,TCGA-AC-A3YI-01A_1341_TS,TCGA-AC-A3YI,TCGA-AC-A3YI-01A
0,val,TCGA-AC-A5XS-01A_1258_TS,TCGA-AC-A5XS,TCGA-AC-A5XS-01A
0,val,TCGA-AC-A62Y-01A_626_TS,TCGA-AC-A62Y,TCGA-AC-A62Y-01A
0,val,TCGA-AC-A6NO-01A_1218_TS,TCGA-AC-A6NO,TCGA-AC-A6NO-01A
0,val,TCGA-AC-A8OQ-01A_664_TS,TCGA-AC-A8OQ,TCGA-AC-A8OQ-01A
0,val,TCGA-AN-A03X-01A_1534_TS,TCGA-AN-A03X,TCGA-AN-A03X-01A
0,val,TCGA-AN-A03X-01A_698_TS,TCGA-AN-A03X,TCGA-AN-A03X-01A
0,val,TCGA-AN-A049-01A_162_TS,TCGA-AN-A049,TCGA-AN-A049-01A
0,val,TCGA-AN-A049-01A_498_TS,TCGA-AN-A049,TCGA-AN-A049-01A
0,val,TCGA-AN-A0AJ-01A_382_TS,TCGA-AN-A0AJ,TCGA-AN-A0AJ-01A
0,val,TCGA-AN-A0AJ-01A_383_TS,TCGA-AN-A0AJ,TCGA-AN-A0AJ-01A
0,val,TCGA-AN-A0AR-01A_1464_TS,TCGA-AN-A0AR,TCGA-AN-A0AR-01A
0,val,TCGA-AN-A0AR-01A_708_TS,TCGA-AN-A0AR,TCGA-AN-A0AR-01A
0,val,TCGA-AN-A0FF-01A_1137_TS,TCGA-AN-A0FF,TCGA-AN-A0FF-01A
0,val,TCGA-AN-A0FF-01A_763_TS,TCGA-AN-A0FF,TCGA-AN-A0FF-01A
0,val,TCGA-AN-A0FN-01A_1447_TS,TCGA-AN-A0FN,TCGA-AN-A0FN-01A
0,val,TCGA-AN-A0FN-01A_1523_TS,TCGA-AN-A0FN,TCGA-AN-A0FN-01A
0,val,TCGA-AN-A0FX-01A_1192_TS,TCGA-AN-A0FX,TCGA-AN-A0FX-01A
0,val,TCGA-AN-A0FX-01A_1219_TS,TCGA-AN-A0FX,TCGA-AN-A0FX-01A
0,val,TCGA-AN-A0XL-01A_459_TS,TCGA-AN-A0XL,TCGA-AN-A0XL-01A
0,val,TCGA-AN-A0XL-01A_547_TS,TCGA-AN-A0XL,TCGA-AN-A0XL-01A
0,val,TCGA-AN-A0XR-01A_1500_TS,TCGA-AN-A0XR,TCGA-AN-A0XR-01A
0,val,TCGA-AN-A0XR-01A_1501_TS,TCGA-AN-A0XR,TCGA-AN-A0XR-01A
0,val,TCGA-AN-A0XV-01A_669_TS,TCGA-AN-A0XV,TCGA-AN-A0XV-01A
0,val,TCGA-AN-A0XV-01A_670_TS,TCGA-AN-A0XV,TCGA-AN-A0XV-01A
0,val,TCGA-AO-A03O-01A_1028_TS,TCGA-AO-A03O,TCGA-AO-A03O-01A
0,val,TCGA-AO-A03O-01A_1126_TS,TCGA-AO-A03O,TCGA-AO-A03O-01A
0,val,TCGA-AO-A0J2-01A_1209_TS,TCGA-AO-A0J2,TCGA-AO-A0J2-01A
0,val,TCGA-AO-A0J2-01A_1237_TS,TCGA-AO-A0J2,TCGA-AO-A0J2-01A
0,val,TCGA-AO-A0J7-01A_296_TS,TCGA-AO-A0J7,TCGA-AO-A0J7-01A
0,val,TCGA-AO-A0J7-01A_474_TS,TCGA-AO-A0J7,TCGA-AO-A0J7-01A
0,val,TCGA-AO-A0JD-01A_1133_TS,TCGA-AO-A0JD,TCGA-AO-A0JD-01A
0,val,TCGA-AO-A0JD-01A_939_TS,TCGA-AO-A0JD,TCGA-AO-A0JD-01A
0,val,TCGA-AO-A0JI-01A_1110_TS,TCGA-AO-A0JI,TCGA-AO-A0JI-01A
0,val,TCGA-AO-A0JI-01A_914_TS,TCGA-AO-A0JI,TCGA-AO-A0JI-01A
0,val,TCGA-AO-A125-01A_247_TS,TCGA-AO-A125,TCGA-AO-A125-01A
0,val,TCGA-AO-A125-01A_578_TS,TCGA-AO-A125,TCGA-AO-A125-01A
0,val,TCGA-AO-A12A-01A_1086_TS,TCGA-AO-A12A,TCGA-AO-A12A-01A
0,val,TCGA-AO-A12A-01A_800_TS,TCGA-AO-A12A,TCGA-AO-A12A-01A
0,val,TCGA-AO-A12E-01A_1368_TS,TCGA-AO-A12E,TCGA-AO-A12E-01A
0,val,TCGA-AO-A12E-01A_647_TS,TCGA-AO-A12E,TCGA-AO-A12E-01A
0,val,TCGA-AO-A1KP-01A_229_TS,TCGA-AO-A1KP,TCGA-AO-A1KP-01A
0,val,TCGA-AQ-A04J-01A_313_TS,TCGA-AQ-A04J,TCGA-AQ-A04J-01A
0,val,TCGA-AQ-A04J-01A_482_TS,TCGA-AQ-A04J,TCGA-AQ-A04J-01A
0,val,TCGA-AQ-A1H2-01A_1449_TS,TCGA-AQ-A1H2,TCGA-AQ-A1H2-01A
0,val,TCGA-AQ-A7U7-01A_1129_TS,TCGA-AQ-A7U7,TCGA-AQ-A7U7-01A
0,val,TCGA-AR-A0TQ-01A_279_TS,TCGA-AR-A0TQ,TCGA-AR-A0TQ-01A
0,val,TCGA-AR-A0TQ-01A_364_TS,TCGA-AR-A0TQ,TCGA-AR-A0TQ-01A
0,val,TCGA-AR-A0TU-01A_209_TS,TCGA-AR-A0TU,TCGA-AR-A0TU-01A
0,val,TCGA-AR-A0TU-01A_381_TS,TCGA-AR-A0TU,TCGA-AR-A0TU-01A
0,val,TCGA-AR-A0TY-01A_1379_TS,TCGA-AR-A0TY,TCGA-AR-A0TY-01A
0,val,TCGA-AR-A0TY-01A_91_TS,TCGA-AR-A0TY,TCGA-AR-A0TY-01A
0,val,TCGA-AR-A0U3-01A_1145_TS,TCGA-AR-A0U3,TCGA-AR-A0U3-01A
0,val,TCGA-AR-A0U3-01A_1147_TS,TCGA-AR-A0U3,TCGA-AR-A0U3-01A
0,val,TCGA-AR-A1AL-01A_974_TS,TCGA-AR-A1AL,TCGA-AR-A1AL-01A
0,val,TCGA-AR-A1AP-01A_130_TS,TCGA-AR-A1AP,TCGA-AR-A1AP-01A
0,val,TCGA-AR-A1AT-01A_1479_TS,TCGA-AR-A1AT,TCGA-AR-A1AT-01A
0,val,TCGA-AR-A1AX-01A_1382_TS,TCGA-AR-A1AX,TCGA-AR-A1AX-01A
0,val,TCGA-AR-A24L-01A_1305_TS,TCGA-AR-A24L,TCGA-AR-A24L-01A
0,val,TCGA-AR-A24P-01A_1205_TS,TCGA-AR-A24P,TCGA-AR-A24P-01A
0,val,TCGA-AR-A24T-01A_937_TS,TCGA-AR-A24T,TCGA-AR-A24T-01A
0,val,TCGA-AR-A24X-01A_460_TS,TCGA-AR-A24X,TCGA-AR-A24X-01A
0,val,TCGA-AR-A252-01A_829_TS,TCGA-AR-A252,TCGA-AR-A252-01A
0,val,TCGA-AR-A2LH-01A_222_TS,TCGA-AR-A2LH,TCGA-AR-A2LH-01A
0,val,TCGA-AR-A2LM-01A_29_TS,TCGA-AR-A2LM,TCGA-AR-A2LM-01A
0,val,TCGA-AR-A2LR-01A_11_TS,TCGA-AR-A2LR,TCGA-AR-A2LR-01A
0,val,TCGA-AR-A5QQ-01A_1381_TS,TCGA-AR-A5QQ,TCGA-AR-A5QQ-01A
0,val,TCGA-B6-A0I6-01A_1290_TS,TCGA-B6-A0I6,TCGA-B6-A0I6-01A
0,val,TCGA-B6-A0I6-01A_632_TS,TCGA-B6-A0I6,TCGA-B6-A0I6-01A
0,val,TCGA-B6-A0IB-01A_1272_TS,TCGA-B6-A0IB,TCGA-B6-A0IB-01A
0,val,TCGA-B6-A0IB-01A_1413_TS,TCGA-B6-A0IB,TCGA-B6-A0IB-01A
0,val,TCGA-B6-A0IH-01A_1065_TS,TCGA-B6-A0IH,TCGA-B6-A0IH-01A
0,val,TCGA-B6-A0IH-01A_870_TS,TCGA-B6-A0IH,TCGA-B6-A0IH-01A
0,val,TCGA-B6-A0IO-01A_1353_TS,TCGA-B6-A0IO,TCGA-B6-A0IO-01A
0,val,TCGA-B6-A0IO-01A_1354_TS,TCGA-B6-A0IO,TCGA-B6-A0IO-01A
0,val,TCGA-B6-A0RG-01A_1085_TS,TCGA-B6-A0RG,TCGA-B6-A0RG-01A
0,val,TCGA-B6-A0RG-01A_895_TS,TCGA-B6-A0RG,TCGA-B6-A0RG-01A
0,val,TCGA-B6-A0RM-01A_841_TS,TCGA-B6-A0RM,TCGA-B6-A0RM-01A
0,val,TCGA-B6-A0RM-01A_940_TS,TCGA-B6-A0RM,TCGA-B6-A0RM-01A
0,val,TCGA-B6-A0RQ-01A_733_TS,TCGA-B6-A0RQ,TCGA-B6-A0RQ-01A
0,val,TCGA-B6-A0RQ-01A_734_TS,TCGA-B6-A0RQ,TCGA-B6-A0RQ-01A
0,val,TCGA-B6-A0RV-01A_123_TS,TCGA-B6-A0RV,TCGA-B6-A0RV-01A
0,val,TCGA-B6-A0RV-01A_549_TS,TCGA-B6-A0RV,TCGA-B6-A0RV-01A
0,val,TCGA-B6-A0WW-01A_1391_TS,TCGA-B6-A0WW,TCGA-B6-A0WW-01A
0,val,TCGA-B6-A0WW-01A_713_TS,TCGA-B6-A0WW,TCGA-B6-A0WW-01A
0,val,TCGA-B6-A0X0-01A_1306_TS,TCGA-B6-A0X0,TCGA-B6-A0X0-01A
0,val,TCGA-B6-A0X0-01A_648_TS,TCGA-B6-A0X0,TCGA-B6-A0X0-01A
0,val,TCGA-B6-A1KN-01A_347_TS,TCGA-B6-A1KN,TCGA-B6-A1KN-01A
0,val,TCGA-B6-A401-01A_551_TS,TCGA-B6-A401,TCGA-B6-A401-01A
0,val,TCGA-B6-A40B-01A_492_TS,TCGA-B6-A40B,TCGA-B6-A40B-01A
0,val,TCGA-BH-A0AU-01A_140_TS,TCGA-BH-A0AU,TCGA-BH-A0AU-01A
0,val,TCGA-BH-A0AU-01A_143_TS,TCGA-BH-A0AU,TCGA-BH-A0AU-01A
0,val,TCGA-BH-A0B0-01A_1031_TS,TCGA-BH-A0B0,TCGA-BH-A0B0-01A
0,val,TCGA-BH-A0B0-01A_1132_TS,TCGA-BH-A0B0,TCGA-BH-A0B0-01A
0,val,TCGA-BH-A0B5-01A_71_TS,TCGA-BH-A0B5,TCGA-BH-A0B5-01A
0,val,TCGA-BH-A0B5-01A_781_TS,TCGA-BH-A0B5,TCGA-BH-A0B5-01A
0,val,TCGA-BH-A0B9-01A_280_TS,TCGA-BH-A0B9,TCGA-BH-A0B9-01A
0,val,TCGA-BH-A0B9-01A_540_TS,TCGA-BH-A0B9,TCGA-BH-A0B9-01A
0,val,TCGA-BH-A0BF-01A_1051_TS,TCGA-BH-A0BF,TCGA-BH-A0BF-01A
0,val,TCGA-BH-A0BF-01A_66_TS,TCGA-BH-A0BF,TCGA-BH-A0BF-01A
0,val,TCGA-BH-A0BM-01A_754_TS,TCGA-BH-A0BM,TCGA-BH-A0BM-01A
0,val,TCGA-BH-A0BM-01A_842_TS,TCGA-BH-A0BM,TCGA-BH-A0BM-01A
0,val,TCGA-BH-A0BR-01A_306_TS,TCGA-BH-A0BR,TCGA-BH-A0BR-01A
0,val,TCGA-BH-A0BR-01A_393_TS,TCGA-BH-A0BR,TCGA-BH-A0BR-01A
0,val,TCGA-BH-A0BW-01A_1138_TS,TCGA-BH-A0BW,TCGA-BH-A0BW-01A
0,val,TCGA-BH-A0BW-01A_944_TS,TCGA-BH-A0BW,TCGA-BH-A0BW-01A
0,val,TCGA-BH-A0C3-01A_107_TS,TCGA-BH-A0C3,TCGA-BH-A0C3-01A
0,val,TCGA-BH-A0C3-01A_108_TS,TCGA-BH-A0C3,TCGA-BH-A0C3-01A
0,val,TCGA-BH-A0DH-01A_210_TS,TCGA-BH-A0DH,TCGA-BH-A0DH-01A
0,val,TCGA-BH-A0DH-01A_548_TS,TCGA-BH-A0DH,TCGA-BH-A0DH-01A
0,val,TCGA-BH-A0DO-01B_1216_TS,TCGA-BH-A0DO,TCGA-BH-A0DO-01B
0,val,TCGA-BH-A0DO-01B_1217_TS,TCGA-BH-A0DO,TCGA-BH-A0DO-01B
0,val,TCGA-BH-A0DT-01A_796_TS,TCGA-BH-A0DT,TCGA-BH-A0DT-01A
0,val,TCGA-BH-A0DT-01A_988_TS,TCGA-BH-A0DT,TCGA-BH-A0DT-01A
0,val,TCGA-BH-A0E1-01A_236_TS,TCGA-BH-A0E1,TCGA-BH-A0E1-01A
0,val,TCGA-BH-A0E1-01A_237_TS,TCGA-BH-A0E1,TCGA-BH-A0E1-01A
0,val,TCGA-BH-A0E9-01B_103_TS,TCGA-BH-A0E9,TCGA-BH-A0E9-01B
0,val,TCGA-BH-A0E9-01B_352_TS,TCGA-BH-A0E9,TCGA-BH-A0E9-01B
0,val,TCGA-BH-A0EI-01A_1127_TS,TCGA-BH-A0EI,TCGA-BH-A0EI-01A
0,val,TCGA-BH-A0EI-01A_834_TS,TCGA-BH-A0EI,TCGA-BH-A0EI-01A
0,val,TCGA-BH-A0H6-01A_678_TS,TCGA-BH-A0H6,TCGA-BH-A0H6-01A
0,val,TCGA-BH-A0H6-01A_679_TS,TCGA-BH-A0H6,TCGA-BH-A0H6-01A
0,val,TCGA-BH-A0HB-01A_344_TS,TCGA-BH-A0HB,TCGA-BH-A0HB-01A
0,val,TCGA-BH-A0HB-01A_428_TS,TCGA-BH-A0HB,TCGA-BH-A0HB-01A
0,val,TCGA-BH-A0HO-01A_412_TS,TCGA-BH-A0HO,TCGA-BH-A0HO-01A
0,val,TCGA-BH-A0HO-01A_496_TS,TCGA-BH-A0HO,TCGA-BH-A0HO-01A
0,val,TCGA-BH-A0HW-01A_189_TS,TCGA-BH-A0HW,TCGA-BH-A0HW-01A
0,val,TCGA-BH-A0HW-01A_261_TS,TCGA-BH-A0HW,TCGA-BH-A0HW-01A
0,val,TCGA-BH-A0W3-01A_660_TS,TCGA-BH-A0W3,TCGA-BH-A0W3-01A
0,val,TCGA-BH-A0W3-01A_661_TS,TCGA-BH-A0W3,TCGA-BH-A0W3-01A
0,val,TCGA-BH-A0WA-01A_272_TS,TCGA-BH-A0WA,TCGA-BH-A0WA-01A
0,val,TCGA-BH-A0WA-01A_361_TS,TCGA-BH-A0WA,TCGA-BH-A0WA-01A
0,val,TCGA-BH-A18F-01A_415_TS,TCGA-BH-A18F,TCGA-BH-A18F-01A
0,val,TCGA-BH-A18J-01A_425_TS,TCGA-BH-A18J,TCGA-BH-A18J-01A
0,val,TCGA-BH-A18N-01A_997_TS,TCGA-BH-A18N,TCGA-BH-A18N-01A
0,val,TCGA-BH-A18S-01A_366_TS,TCGA-BH-A18S,TCGA-BH-A18S-01A
0,val,TCGA-BH-A1EN-01A_849_TS,TCGA-BH-A1EN,TCGA-BH-A1EN-01A
0,val,TCGA-BH-A1EU-01A_1419_TS,TCGA-BH-A1EU,TCGA-BH-A1EU-01A
0,val,TCGA-BH-A1EY-01A_629_TS,TCGA-BH-A1EY,TCGA-BH-A1EY-01A
0,val,TCGA-BH-A1F6-01A_873_TS,TCGA-BH-A1F6,TCGA-BH-A1F6-01A
0,val,TCGA-BH-A1FD-01A_922_TS,TCGA-BH-A1FD,TCGA-BH-A1FD-01A
0,val,TCGA-BH-A1FL-01A_1269_TS,TCGA-BH-A1FL,TCGA-BH-A1FL-01A
0,val,TCGA-BH-A201-01A_656_TS,TCGA-BH-A201,TCGA-BH-A201-01A
0,val,TCGA-BH-A208-01A_266_TS,TCGA-BH-A208,TCGA-BH-A208-01A
0,val,TCGA-BH-A2L8-01A_522_TS,TCGA-BH-A2L8,TCGA-BH-A2L8-01A
0,val,TCGA-BH-A5IZ-01A_601_TS,TCGA-BH-A5IZ,TCGA-BH-A5IZ-01A
0,val,TCGA-BH-A8FY-01A_278_TS,TCGA-BH-A8FY,TCGA-BH-A8FY-01A
0,val,TCGA-C8-A12N-01A_145_TS,TCGA-C8-A12N,TCGA-C8-A12N-01A
0,val,TCGA-C8-A12N-01A_481_TS,TCGA-C8-A12N,TCGA-C8-A12N-01A
0,val,TCGA-C8-A12T-01A_795_TS,TCGA-C8-A12T,TCGA-C8-A12T-01A
0,val,TCGA-C8-A12T-01A_887_TS,TCGA-C8-A12T,TCGA-C8-A12T-01A
0,val,TCGA-C8-A12X-01A_78_TS,TCGA-C8-A12X,TCGA-C8-A12X-01A
0,val,TCGA-C8-A12X-01A_798_TS,TCGA-C8-A12X,TCGA-C8-A12X-01A
0,val,TCGA-C8-A131-01A_1050_TS,TCGA-C8-A131,TCGA-C8-A131-01A
0,val,TCGA-C8-A131-01A_976_TS,TCGA-C8-A131,TCGA-C8-A131-01A
0,val,TCGA-C8-A135-01A_132_TS,TCGA-C8-A135,TCGA-C8-A135-01A
0,val,TCGA-C8-A135-01A_476_TS,TCGA-C8-A135,TCGA-C8-A135-01A
0,val,TCGA-C8-A1HE-01A_1540_TS,TCGA-C8-A1HE,TCGA-C8-A1HE-01A
0,val,TCGA-C8-A1HK-01A_1063_TS,TCGA-C8-A1HK,TCGA-C8-A1HK-01A
0,val,TCGA-C8-A1HO-01A_738_TS,TCGA-C8-A1HO,TCGA-C8-A1HO-01A
0,val,TCGA-C8-A26Y-01A_353_TS,TCGA-C8-A26Y,TCGA-C8-A26Y-01A
0,val,TCGA-C8-A275-01A_378_TS,TCGA-C8-A275,TCGA-C8-A275-01A
0,val,TCGA-C8-A3M7-01A_386_TS,TCGA-C8-A3M7,TCGA-C8-A3M7-01A
0,val,TCGA-D8-A140-01A_1538_TS,TCGA-D8-A140,TCGA-D8-A140-01A
0,val,TCGA-D8-A140-01A_1567_TS,TCGA-D8-A140,TCGA-D8-A140-01A
0,val,TCGA-D8-A145-01A_376_TS,TCGA-D8-A145,TCGA-D8-A145-01A
0,val,TCGA-D8-A145-01A_552_TS,TCGA-D8-A145,TCGA-D8-A145-01A
0,val,TCGA-D8-A146-01A_740_TS,TCGA-D8-A146,TCGA-D8-A146-01A
0,val,TCGA-D8-A1JB-01A_265_TS,TCGA-D8-A1JB,TCGA-D8-A1JB-01A
0,val,TCGA-D8-A1JF-01A_429_TS,TCGA-D8-A1JF,TCGA-D8-A1JF-01A
0,val,TCGA-D8-A1JJ-01A_1025_TS,TCGA-D8-A1JJ,TCGA-D8-A1JJ-01A
0,val,TCGA-D8-A1JN-01A_520_TS,TCGA-D8-A1JN,TCGA-D8-A1JN-01A
0,val,TCGA-D8-A1JU-01A_681_TS,TCGA-D8-A1JU,TCGA-D8-A1JU-01A
0,val,TCGA-D8-A1X8-01A_1547_TS,TCGA-D8-A1X8,TCGA-D8-A1X8-01A
0,val,TCGA-D8-A1XC-01A_70_TS,TCGA-D8-A1XC,TCGA-D8-A1XC-01A
0,val,TCGA-D8-A1XJ-01A_469_TS,TCGA-D8-A1XJ,TCGA-D8-A1XJ-01A
0,val,TCGA-D8-A1XO-01A_808_TS,TCGA-D8-A1XO,TCGA-D8-A1XO-01A
0,val,TCGA-D8-A1XT-01A_1259_TS,TCGA-D8-A1XT,TCGA-D8-A1XT-01A
0,val,TCGA-D8-A1XY-01A_1295_TS,TCGA-D8-A1XY,TCGA-D8-A1XY-01A
0,val,TCGA-D8-A1Y2-01A_1035_TS,TCGA-D8-A1Y2,TCGA-D8-A1Y2-01A
0,val,TCGA-D8-A27G-01A_1142_TS,TCGA-D8-A27G,TCGA-D8-A27G-01A
0,val,TCGA-D8-A27L-01A_483_TS,TCGA-D8-A27L,TCGA-D8-A27L-01A
0,val,TCGA-D8-A27R-01A_28_TS,TCGA-D8-A27R,TCGA-D8-A27R-01A
0,val,TCGA-D8-A3Z5-01A_269_TS,TCGA-D8-A3Z5,TCGA-D8-A3Z5-01A
0,val,TCGA-D8-A73W-01A_1438_TS,TCGA-D8-A73W,TCGA-D8-A73W-01A
0,val,TCGA-E2-A107-01A_1440_TS,TCGA-E2-A107,TCGA-E2-A107-01A
0,val,TCGA-E2-A107-01A_1493_TS,TCGA-E2-A107,TCGA-E2-A107-01A
0,val,TCGA-E2-A10B-01A_151_TS,TCGA-E2-A10B,TCGA-E2-A10B-01A
0,val,TCGA-E2-A10B-01A_486_TS,TCGA-E2-A10B,TCGA-E2-A10B-01A
0,val,TCGA-E2-A14P-01A_1515_TS,TCGA-E2-A14P,TCGA-E2-A14P-01A
0,val,TCGA-E2-A14T-01A_287_TS,TCGA-E2-A14T,TCGA-E2-A14T-01A
0,val,TCGA-E2-A14X-01A_401_TS,TCGA-E2-A14X,TCGA-E2-A14X-01A
0,val,TCGA-E2-A152-01A_1522_TS,TCGA-E2-A152,TCGA-E2-A152-01A
0,val,TCGA-E2-A156-01A_1497_TS,TCGA-E2-A156,TCGA-E2-A156-01A
0,val,TCGA-E2-A15C-01A_94_TS,TCGA-E2-A15C,TCGA-E2-A15C-01A
0,val,TCGA-E2-A15G-01A_515_TS,TCGA-E2-A15G,TCGA-E2-A15G-01A
0,val,TCGA-E2-A15K-01A_1247_TS,TCGA-E2-A15K,TCGA-E2-A15K-01A
0,val,TCGA-E2-A15P-01A_1424_TS,TCGA-E2-A15P,TCGA-E2-A15P-01A
0,val,TCGA-E2-A1AZ-01A_1558_TS,TCGA-E2-A1AZ,TCGA-E2-A1AZ-01A
0,val,TCGA-E2-A1B5-01A_1087_TS,TCGA-E2-A1B5,TCGA-E2-A1B5-01A
0,val,TCGA-E2-A1IE-01A_1358_TS,TCGA-E2-A1IE,TCGA-E2-A1IE-01A
0,val,TCGA-E2-A1II-01A_899_TS,TCGA-E2-A1II,TCGA-E2-A1II-01A
0,val,TCGA-E2-A1IN-01A_1043_TS,TCGA-E2-A1IN,TCGA-E2-A1IN-01A
0,val,TCGA-E2-A1L7-01A_912_TS,TCGA-E2-A1L7,TCGA-E2-A1L7-01A
0,val,TCGA-E2-A1LB-01A_881_TS,TCGA-E2-A1LB,TCGA-E2-A1LB-01A
0,val,TCGA-E2-A1LK-01A_1423_TS,TCGA-E2-A1LK,TCGA-E2-A1LK-01A
0,val,TCGA-E2-A3DX-01A_255_TS,TCGA-E2-A3DX,TCGA-E2-A3DX-01A
0,val,TCGA-E2-A573-01A_571_TS,TCGA-E2-A573,TCGA-E2-A573-01A
0,val,TCGA-E9-A1N3-01A_906_TS,TCGA-E9-A1N3,TCGA-E9-A1N3-01A
0,val,TCGA-E9-A1N8-01A_668_TS,TCGA-E9-A1N8,TCGA-E9-A1N8-01A
0,val,TCGA-E9-A1NC-01A_983_TS,TCGA-E9-A1NC,TCGA-E9-A1NC-01A
0,val,TCGA-E9-A1NC-01A_984_TS,TCGA-E9-A1NC,TCGA-E9-A1NC-01A
0,val,TCGA-E9-A1NE-01A_663_TS,TCGA-E9-A1NE,TCGA-E9-A1NE-01A
0,val,TCGA-E9-A1NI-01A_1454_TS,TCGA-E9-A1NI,TCGA-E9-A1NI-01A
0,val,TCGA-E9-A1R3-01A_550_TS,TCGA-E9-A1R3,TCGA-E9-A1R3-01A
0,val,TCGA-E9-A1R7-01A_188_TS,TCGA-E9-A1R7,TCGA-E9-A1R7-01A
0,val,TCGA-E9-A1RD-01A_569_TS,TCGA-E9-A1RD,TCGA-E9-A1RD-01A
0,val,TCGA-E9-A1RH-01A_310_TS,TCGA-E9-A1RH,TCGA-E9-A1RH-01A
0,val,TCGA-E9-A228-01A_396_TS,TCGA-E9-A228,TCGA-E9-A228-01A
0,val,TCGA-E9-A22D-01A_213_TS,TCGA-E9-A22D,TCGA-E9-A22D-01A
0,val,TCGA-E9-A243-01A_1260_TS,TCGA-E9-A243,TCGA-E9-A243-01A
0,val,TCGA-E9-A249-01A_243_TS,TCGA-E9-A249,TCGA-E9-A249-01A
0,val,TCGA-E9-A2JT-01A_1535_TS,TCGA-E9-A2JT,TCGA-E9-A2JT-01A
0,val,TCGA-E9-A54X-01A_603_TS,TCGA-E9-A54X,TCGA-E9-A54X-01A
0,val,TCGA-E9-A6HE-01A_837_TS,TCGA-E9-A6HE,TCGA-E9-A6HE-01A
0,val,TCGA-EW-A1IZ-01A_1400_TS,TCGA-EW-A1IZ,TCGA-EW-A1IZ-01A
0,val,TCGA-EW-A1J5-01A_1166_TS,TCGA-EW-A1J5,TCGA-EW-A1J5-01A
0,val,TCGA-EW-A1OY-01A_1203_TS,TCGA-EW-A1OY,TCGA-EW-A1OY-01A
0,val,TCGA-EW-A1P3-01A_1220_TS,TCGA-EW-A1P3,TCGA-EW-A1P3-01A
0,val,TCGA-EW-A1P7-01A_1298_TS,TCGA-EW-A1P7,TCGA-EW-A1P7-01A
0,val,TCGA-EW-A1PC-01B_1144_TS,TCGA-EW-A1PC,TCGA-EW-A1PC-01B
0,val,TCGA-EW-A1PG-01A_92_TS,TCGA-EW-A1PG,TCGA-EW-A1PG-01A
0,val,TCGA-EW-A2FV-01A_701_TS,TCGA-EW-A2FV,TCGA-EW-A2FV-01A
0,val,TCGA-EW-A423-01A_191_TS,TCGA-EW-A423,TCGA-EW-A423-01A
0,val,TCGA-EW-A6SB-01A_794_TS,TCGA-EW-A6SB,TCGA-EW-A6SB-01A
0,val,TCGA-GI-A2C9-01A_1235_TS,TCGA-GI-A2C9,TCGA-GI-A2C9-01A
0,val,TCGA-GM-A2DI-01A_1177_TS,TCGA-GM-A2DI,TCGA-GM-A2DI-01A
0,val,TCGA-GM-A2DO-01A_1111_TS,TCGA-GM-A2DO,TCGA-GM-A2DO-01A
0,val,TCGA-GM-A3XL-01A_1315_TS,TCGA-GM-A3XL,TCGA-GM-A3XL-01A
0,val,TCGA-HN-A2NL-01A_1102_TS,TCGA-HN-A2NL,TCGA-HN-A2NL-01A
0,val,TCGA-LD-A66U-01A_134_TS,TCGA-LD-A66U,TCGA-LD-A66U-01A
0,val,TCGA-LD-A9QF-01A_774_TS,TCGA-LD-A9QF,TCGA-LD-A9QF-01A
0,val,TCGA-LL-A50Y-01A_128_TS,TCGA-LL-A50Y,TCGA-LL-A50Y-01A
0,val,TCGA-LL-A5YO-01A_235_TS,TCGA-LL-A5YO,TCGA-LL-A5YO-01A
0,val,TCGA-LL-A6FR-01A_1191_TS,TCGA-LL-A6FR,TCGA-LL-A6FR-01A
0,val,TCGA-LL-A7SZ-01A_1316_TS,TCGA-LL-A7SZ,TCGA-LL-A7SZ-01A
0,val,TCGA-LQ-A4E4-01A_338_TS,TCGA-LQ-A4E4,TCGA-LQ-A4E4-01A
0,val,TCGA-OL-A5D7-01A_730_TS,TCGA-OL-A5D7,TCGA-OL-A5D7-01A
0,val,TCGA-OL-A5RV-01A_1373_TS,TCGA-OL-A5RV,TCGA-OL-A5RV-01A
0,val,TCGA-OL-A5RZ-01A_445_TS,TCGA-OL-A5RZ,TCGA-OL-A5RZ-01A
0,val,TCGA-OL-A66J-01A_562_TS,TCGA-OL-A66J,TCGA-OL-A66J-01A
0,val,TCGA-OL-A66O-01A_1307_TS,TCGA-OL-A66O,TCGA-OL-A66O-01A
0,val,TCGA-OL-A6VR-01A_1378_TS,TCGA-OL-A6VR,TCGA-OL-A6VR-01A
0,val,TCGA-PE-A5DE-01A_587_TS,TCGA-PE-A5DE,TCGA-PE-A5DE-01A
0,val,TCGA-S3-AA0Z-01A_467_TS,TCGA-S3-AA0Z,TCGA-S3-AA0Z-01A
0,val,TCGA-S3-AA14-01A_126_TS,TCGA-S3-AA14,TCGA-S3-AA14-01A
0,val,TCGA-UU-A93S-01A_204_TS,TCGA-UU-A93S,TCGA-UU-A93S-01A
0,val,TCGA-XX-A899-01A_242_TS,TCGA-XX-A899,TCGA-XX-A899-01A
1,test,TCGA-3C-AALK-01A_1057_TS,TCGA-3C-AALK,TCGA-3C-AALK-01A
1,test,TCGA-5T-A9QA-01A_1551_TS,TCGA-5T-A9QA,TCGA-5T-A9QA-01A
1,test,TCGA-A1-A0SF-01A_500_TS,TCGA-A1-A0SF,TCGA-A1-A0SF-01A
1,test,TCGA-A1-A0SF-01A_504_TS,TCGA-A1-A0SF,TCGA-A1-A0SF-01A
1,test,TCGA-A1-A0SJ-01A_1266_TS,TCGA-A1-A0SJ,TCGA-A1-A0SJ-01A
1,test,TCGA-A1-A0SJ-01A_1409_TS,TCGA-A1-A0SJ,TCGA-A1-A0SJ-01A
1,test,TCGA-A1-A0SO-01A_1100_TS,TCGA-A1-A0SO,TCGA-A1-A0SO-01A
1,test,TCGA-A1-A0SO-01A_1176_TS,TCGA-A1-A0SO,TCGA-A1-A0SO-01A
1,test,TCGA-A2-A04Q-01A_77_TS,TCGA-A2-A04Q,TCGA-A2-A04Q-01A
1,test,TCGA-A2-A04Q-01A_888_TS,TCGA-A2-A04Q,TCGA-A2-A04Q-01A
1,test,TCGA-A2-A04W-01A_1296_TS,TCGA-A2-A04W,TCGA-A2-A04W-01A
1,test,TCGA-A2-A04W-01A_1336_TS,TCGA-A2-A04W,TCGA-A2-A04W-01A
1,test,TCGA-A2-A0CM-01A_1443_TS,TCGA-A2-A0CM,TCGA-A2-A0CM-01A
1,test,TCGA-A2-A0CM-01A_1495_TS,TCGA-A2-A0CM,TCGA-A2-A0CM-01A
1,test,TCGA-A2-A0CR-01A_41_TS,TCGA-A2-A0CR,TCGA-A2-A0CR-01A
1,test,TCGA-A2-A0CR-01A_839_TS,TCGA-A2-A0CR,TCGA-A2-A0CR-01A
1,test,TCGA-A2-A0CV-01A_1168_TS,TCGA-A2-A0CV,TCGA-A2-A0CV-01A
1,test,TCGA-A2-A0CV-01A_791_TS,TCGA-A2-A0CV,TCGA-A2-A0CV-01A
1,test,TCGA-A2-A0D0-01A_163_TS,TCGA-A2-A0D0,TCGA-A2-A0D0-01A
1,test,TCGA-A2-A0D0-01A_580_TS,TCGA-A2-A0D0,TCGA-A2-A0D0-01A
1,test,TCGA-A2-A0D4-01A_1112_TS,TCGA-A2-A0D4,TCGA-A2-A0D4-01A
1,test,TCGA-A2-A0D4-01A_819_TS,TCGA-A2-A0D4,TCGA-A2-A0D4-01A
1,test,TCGA-A2-A0EQ-01A_60_TS,TCGA-A2-A0EQ,TCGA-A2-A0EQ-01A
1,test,TCGA-A2-A0EQ-01A_960_TS,TCGA-A2-A0EQ,TCGA-A2-A0EQ-01A
1,test,TCGA-A2-A0EU-01A_406_TS,TCGA-A2-A0EU,TCGA-A2-A0EU-01A
1,test,TCGA-A2-A0EU-01A_407_TS,TCGA-A2-A0EU,TCGA-A2-A0EU-01A
1,test,TCGA-A2-A0EY-01A_1071_TS,TCGA-A2-A0EY,TCGA-A2-A0EY-01A
1,test,TCGA-A2-A0EY-01A_787_TS,TCGA-A2-A0EY,TCGA-A2-A0EY-01A
1,test,TCGA-A2-A0SW-01A_144_TS,TCGA-A2-A0SW,TCGA-A2-A0SW-01A
1,test,TCGA-A2-A0SW-01A_232_TS,TCGA-A2-A0SW,TCGA-A2-A0SW-01A
1,test,TCGA-A2-A0T1-01A_1286_TS,TCGA-A2-A0T1,TCGA-A2-A0T1-01A
1,test,TCGA-A2-A0T1-01A_1288_TS,TCGA-A2-A0T1,TCGA-A2-A0T1-01A
1,test,TCGA-A2-A0T5-01A_131_TS,TCGA-A2-A0T5,TCGA-A2-A0T5-01A
1,test,TCGA-A2-A0T5-01A_561_TS,TCGA-A2-A0T5,TCGA-A2-A0T5-01A
1,test,TCGA-A2-A0YD-01A_1300_TS,TCGA-A2-A0YD,TCGA-A2-A0YD-01A
1,test,TCGA-A2-A0YD-01A_1359_TS,TCGA-A2-A0YD,TCGA-A2-A0YD-01A
1,test,TCGA-A2-A0YH-01A_440_TS,TCGA-A2-A0YH,TCGA-A2-A0YH-01A
1,test,TCGA-A2-A0YH-01A_523_TS,TCGA-A2-A0YH,TCGA-A2-A0YH-01A
1,test,TCGA-A2-A0YL-01A_1510_TS,TCGA-A2-A0YL,TCGA-A2-A0YL-01A
1,test,TCGA-A2-A0YL-01A_694_TS,TCGA-A2-A0YL,TCGA-A2-A0YL-01A
1,test,TCGA-A2-A1FZ-01A_152_TS,TCGA-A2-A1FZ,TCGA-A2-A1FZ-01A
1,test,TCGA-A2-A1G6-01A_267_TS,TCGA-A2-A1G6,TCGA-A2-A1G6-01A
1,test,TCGA-A2-A25C-01A_195_TS,TCGA-A2-A25C,TCGA-A2-A25C-01A
1,test,TCGA-A2-A3KC-01A_1361_TS,TCGA-A2-A3KC,TCGA-A2-A3KC-01A
1,test,TCGA-A2-A3XU-01A_602_TS,TCGA-A2-A3XU,TCGA-A2-A3XU-01A
1,test,TCGA-A2-A3XY-01A_1308_TS,TCGA-A2-A3XY,TCGA-A2-A3XY-01A
1,test,TCGA-A2-A4RX-01A_1519_TS,TCGA-A2-A4RX,TCGA-A2-A4RX-01A
1,test,TCGA-A2-A4S2-01A_802_TS,TCGA-A2-A4S2,TCGA-A2-A4S2-01A
1,test,TCGA-A7-A0CE-01A_1089_TS,TCGA-A7-A0CE,TCGA-A7-A0CE-01A
1,test,TCGA-A7-A0CE-01A_999_TS,TCGA-A7-A0CE,TCGA-A7-A0CE-01A
1,test,TCGA-A7-A0D9-01A_1233_TS,TCGA-A7-A0D9,TCGA-A7-A0D9-01A
1,test,TCGA-A7-A0D9-01A_1252_TS,TCGA-A7-A0D9,TCGA-A7-A0D9-01A
1,test,TCGA-A7-A0DB-01A_1441_TS,TCGA-A7-A0DB,TCGA-A7-A0DB-01A
1,test,TCGA-A7-A0DB-01A_1494_TS,TCGA-A7-A0DB,TCGA-A7-A0DB-01A
1,test,TCGA-A7-A0DB-01C_714_TS,TCGA-A7-A0DB,TCGA-A7-A0DB-01C
1,test,TCGA-A7-A0DB-01C_715_TS,TCGA-A7-A0DB,TCGA-A7-A0DB-01C
1,test,TCGA-A7-A13H-01A_249_TS,TCGA-A7-A13H,TCGA-A7-A13H-01A
1,test,TCGA-A7-A13H-01A_328_TS,TCGA-A7-A13H,TCGA-A7-A13H-01A
1,test,TCGA-A7-A26H-01A_351_TS,TCGA-A7-A26H,TCGA-A7-A26H-01A
1,test,TCGA-A7-A3IZ-01A_1275_TS,TCGA-A7-A3IZ,TCGA-A7-A3IZ-01A
1,test,TCGA-A7-A425-01A_512_TS,TCGA-A7-A425,TCGA-A7-A425-01A
1,test,TCGA-A7-A4SC-01A_1386_TS,TCGA-A7-A4SC,TCGA-A7-A4SC-01A
1,test,TCGA-A7-A56D-01A_1436_TS,TCGA-A7-A56D,TCGA-A7-A56D-01A
1,test,TCGA-A7-A6VV-01A_47_TS,TCGA-A7-A6VV,TCGA-A7-A6VV-01A
1,test,TCGA-A8-A06R-01A_1394_TS,TCGA-A8-A06R,TCGA-A8-A06R-01A
1,test,TCGA-A8-A06R-01A_1498_TS,TCGA-A8-A06R,TCGA-A8-A06R-01A
1,test,TCGA-A8-A06U-01A_812_TS,TCGA-A8-A06U,TCGA-A8-A06U-01A
1,test,TCGA-A8-A06Z-01A_1303_TS,TCGA-A8-A06Z,TCGA-A8-A06Z-01A
1,test,TCGA-A8-A06Z-01A_1323_TS,TCGA-A8-A06Z,TCGA-A8-A06Z-01A
1,test,TCGA-A8-A07B-01A_1517_TS,TCGA-A8-A07B,TCGA-A8-A07B-01A
1,test,TCGA-A8-A07B-01A_1565_TS,TCGA-A8-A07B,TCGA-A8-A07B-01A
1,test,TCGA-A8-A07G-01A_17_TS,TCGA-A8-A07G,TCGA-A8-A07G-01A
1,test,TCGA-A8-A07G-01A_737_TS,TCGA-A8-A07G,TCGA-A8-A07G-01A
1,test,TCGA-A8-A07P-01A_203_TS,TCGA-A8-A07P,TCGA-A8-A07P-01A
1,test,TCGA-A8-A07P-01A_542_TS,TCGA-A8-A07P,TCGA-A8-A07P-01A
1,test,TCGA-A8-A07W-01A_1293_TS,TCGA-A8-A07W,TCGA-A8-A07W-01A
1,test,TCGA-A8-A07W-01A_1333_TS,TCGA-A8-A07W,TCGA-A8-A07W-01A
1,test,TCGA-A8-A083-01A_1053_TS,TCGA-A8-A083,TCGA-A8-A083-01A
1,test,TCGA-A8-A083-01A_1054_TS,TCGA-A8-A083,TCGA-A8-A083-01A
1,test,TCGA-A8-A08A-01A_148_TS,TCGA-A8-A08A,TCGA-A8-A08A-01A
1,test,TCGA-A8-A08A-01A_484_TS,TCGA-A8-A08A,TCGA-A8-A08A-01A
1,test,TCGA-A8-A08H-01A_343_TS,TCGA-A8-A08H,TCGA-A8-A08H-01A
1,test,TCGA-A8-A08H-01A_345_TS,TCGA-A8-A08H,TCGA-A8-A08H-01A
1,test,TCGA-A8-A08O-01A_452_TS,TCGA-A8-A08O,TCGA-A8-A08O-01A
1,test,TCGA-A8-A08O-01A_536_TS,TCGA-A8-A08O,TCGA-A8-A08O-01A
1,test,TCGA-A8-A08T-01A_170_TS,TCGA-A8-A08T,TCGA-A8-A08T-01A
1,test,TCGA-A8-A08T-01A_253_TS,TCGA-A8-A08T,TCGA-A8-A08T-01A
1,test,TCGA-A8-A091-01A_1106_TS,TCGA-A8-A091,TCGA-A8-A091-01A
1,test,TCGA-A8-A091-01A_909_TS,TCGA-A8-A091,TCGA-A8-A091-01A
1,test,TCGA-A8-A095-01A_764_TS,TCGA-A8-A095,TCGA-A8-A095-01A
1,test,TCGA-A8-A095-01A_846_TS,TCGA-A8-A095,TCGA-A8-A095-01A
1,test,TCGA-A8-A09A-01A_1507_TS,TCGA-A8-A09A,TCGA-A8-A09A-01A
1,test,TCGA-A8-A09A-01A_1508_TS,TCGA-A8-A09A,TCGA-A8-A09A-01A
1,test,TCGA-A8-A09G-01A_301_TS,TCGA-A8-A09G,TCGA-A8-A09G-01A
1,test,TCGA-A8-A09G-01A_389_TS,TCGA-A8-A09G,TCGA-A8-A09G-01A
1,test,TCGA-A8-A09N-01A_473_TS,TCGA-A8-A09N,TCGA-A8-A09N-01A
1,test,TCGA-A8-A09N-01A_560_TS,TCGA-A8-A09N,TCGA-A8-A09N-01A
1,test,TCGA-A8-A09V-01A_691_TS,TCGA-A8-A09V,TCGA-A8-A09V-01A
1,test,TCGA-A8-A09V-01A_693_TS,TCGA-A8-A09V,TCGA-A8-A09V-01A
1,test,TCGA-A8-A0A1-01A_480_TS,TCGA-A8-A0A1,TCGA-A8-A0A1-01A
1,test,TCGA-A8-A0A1-01A_570_TS,TCGA-A8-A0A1,TCGA-A8-A0A1-01A
1,test,TCGA-A8-A0A9-01A_1081_TS,TCGA-A8-A0A9,TCGA-A8-A0A9-01A
1,test,TCGA-A8-A0A9-01A_889_TS,TCGA-A8-A0A9,TCGA-A8-A0A9-01A
1,test,TCGA-AC-A23H-01A_525_TS,TCGA-AC-A23H,TCGA-AC-A23H-01A
1,test,TCGA-AC-A2FB-01A_89_TS,TCGA-AC-A2FB,TCGA-AC-A2FB-01A
1,test,TCGA-AC-A2FK-01A_1068_TS,TCGA-AC-A2FK,TCGA-AC-A2FK-01A
1,test,TCGA-AC-A2QJ-01A_1264_TS,TCGA-AC-A2QJ,TCGA-AC-A2QJ-01A
1,test,TCGA-AC-A3OD-01B_1469_TS,TCGA-AC-A3OD,TCGA-AC-A3OD-01B
1,test,TCGA-AC-A3OD-01B_1470_TS,TCGA-AC-A3OD,TCGA-AC-A3OD-01B
1,test,TCGA-AC-A3QP-01A_115_TS,TCGA-AC-A3QP,TCGA-AC-A3QP-01A
1,test,TCGA-AC-A3W6-01A_591_TS,TCGA-AC-A3W6,TCGA-AC-A3W6-01A
1,test,TCGA-AC-A4ZE-01A_838_TS,TCGA-AC-A4ZE,TCGA-AC-A4ZE-01A
1,test,TCGA-AC-A62V-01A_1012_TS,TCGA-AC-A62V,TCGA-AC-A62V-01A
1,test,TCGA-AC-A6IW-01A_573_TS,TCGA-AC-A6IW,TCGA-AC-A6IW-01A
1,test,TCGA-AC-A7VC-01A_642_TS,TCGA-AC-A7VC,TCGA-AC-A7VC-01A
1,test,TCGA-AC-A8OS-01A_1285_TS,TCGA-AC-A8OS,TCGA-AC-A8OS-01A
1,test,TCGA-AN-A046-01A_782_TS,TCGA-AN-A046,TCGA-AN-A046-01A
1,test,TCGA-AN-A046-01A_877_TS,TCGA-AN-A046,TCGA-AN-A046-01A
1,test,TCGA-AN-A04D-01A_174_TS,TCGA-AN-A04D,TCGA-AN-A04D-01A
1,test,TCGA-AN-A04D-01A_336_TS,TCGA-AN-A04D,TCGA-AN-A04D-01A
1,test,TCGA-AN-A0AM-01A_1297_TS,TCGA-AN-A0AM,TCGA-AN-A0AM-01A
1,test,TCGA-AN-A0AM-01A_1357_TS,TCGA-AN-A0AM,TCGA-AN-A0AM-01A
1,test,TCGA-AN-A0FD-01A_748_TS,TCGA-AN-A0FD,TCGA-AN-A0FD-01A
1,test,TCGA-AN-A0FD-01A_830_TS,TCGA-AN-A0FD,TCGA-AN-A0FD-01A
1,test,TCGA-AN-A0FL-01A_49_TS,TCGA-AN-A0FL,TCGA-AN-A0FL-01A
1,test,TCGA-AN-A0FL-01A_851_TS,TCGA-AN-A0FL,TCGA-AN-A0FL-01A
1,test,TCGA-AN-A0FW-01A_291_TS,TCGA-AN-A0FW,TCGA-AN-A0FW-01A
1,test,TCGA-AN-A0FW-01A_555_TS,TCGA-AN-A0FW,TCGA-AN-A0FW-01A
1,test,TCGA-AN-A0G0-01A_305_TS,TCGA-AN-A0G0,TCGA-AN-A0G0-01A
1,test,TCGA-AN-A0G0-01A_479_TS,TCGA-AN-A0G0,TCGA-AN-A0G0-01A
1,test,TCGA-AN-A0XP-01A_786_TS,TCGA-AN-A0XP,TCGA-AN-A0XP-01A
1,test,TCGA-AN-A0XP-01A_982_TS,TCGA-AN-A0XP,TCGA-AN-A0XP-01A
1,test,TCGA-AN-A0XU-01A_618_TS,TCGA-AN-A0XU,TCGA-AN-A0XU-01A
1,test,TCGA-AN-A0XU-01A_619_TS,TCGA-AN-A0XU,TCGA-AN-A0XU-01A
1,test,TCGA-AO-A03M-01B_1070_TS,TCGA-AO-A03M,TCGA-AO-A03M-01B
1,test,TCGA-AO-A03M-01B_789_TS,TCGA-AO-A03M,TCGA-AO-A03M-01B
1,test,TCGA-AO-A03V-01A_193_TS,TCGA-AO-A03V,TCGA-AO-A03V-01A
1,test,TCGA-AO-A03V-01A_356_TS,TCGA-AO-A03V,TCGA-AO-A03V-01A
1,test,TCGA-AO-A0J6-01A_1437_TS,TCGA-AO-A0J6,TCGA-AO-A0J6-01A
1,test,TCGA-AO-A0J6-01A_1466_TS,TCGA-AO-A0J6,TCGA-AO-A0J6-01A
1,test,TCGA-AO-A0JC-01A_1313_TS,TCGA-AO-A0JC,TCGA-AO-A0JC-01A
1,test,TCGA-AO-A0JC-01A_1314_TS,TCGA-AO-A0JC,TCGA-AO-A0JC-01A
1,test,TCGA-AO-A0JG-01A_118_TS,TCGA-AO-A0JG,TCGA-AO-A0JG-01A
1,test,TCGA-AO-A0JG-01A_370_TS,TCGA-AO-A0JG,TCGA-AO-A0JG-01A
1,test,TCGA-AO-A124-01A_1033_TS,TCGA-AO-A124,TCGA-AO-A124-01A
1,test,TCGA-AO-A124-01A_1134_TS,TCGA-AO-A124,TCGA-AO-A124-01A
1,test,TCGA-AO-A129-01A_1484_TS,TCGA-AO-A129,TCGA-AO-A129-01A
1,test,TCGA-AO-A129-01A_729_TS,TCGA-AO-A129,TCGA-AO-A129-01A
1,test,TCGA-AO-A12D-01A_167_TS,TCGA-AO-A12D,TCGA-AO-A12D-01A
1,test,TCGA-AO-A12D-01A_169_TS,TCGA-AO-A12D,TCGA-AO-A12D-01A
1,test,TCGA-AO-A1KS-01A_1058_TS,TCGA-AO-A1KS,TCGA-AO-A1KS-01A
1,test,TCGA-AQ-A04H-01B_165_TS,TCGA-AQ-A04H,TCGA-AQ-A04H-01B
1,test,TCGA-AQ-A04H-01B_501_TS,TCGA-AQ-A04H,TCGA-AQ-A04H-01B
1,test,TCGA-AQ-A54N-01A_281_TS,TCGA-AQ-A54N,TCGA-AQ-A54N-01A
1,test,TCGA-AR-A0TP-01A_1462_TS,TCGA-AR-A0TP,TCGA-AR-A0TP-01A
1,test,TCGA-AR-A0TP-01A_1543_TS,TCGA-AR-A0TP,TCGA-AR-A0TP-01A
1,test,TCGA-AR-A0TT-01A_1224_TS,TCGA-AR-A0TT,TCGA-AR-A0TT-01A
1,test,TCGA-AR-A0TT-01A_1410_TS,TCGA-AR-A0TT,TCGA-AR-A0TT-01A
1,test,TCGA-AR-A0TX-01A_1480_TS,TCGA-AR-A0TX,TCGA-AR-A0TX-01A
1,test,TCGA-AR-A0TX-01A_723_TS,TCGA-AR-A0TX,TCGA-AR-A0TX-01A
1,test,TCGA-AR-A0U2-01A_971_TS,TCGA-AR-A0U2,TCGA-AR-A0U2-01A
1,test,TCGA-AR-A0U2-01A_972_TS,TCGA-AR-A0U2,TCGA-AR-A0U2-01A
1,test,TCGA-AR-A1AJ-01A_1309_TS,TCGA-AR-A1AJ,TCGA-AR-A1AJ-01A
1,test,TCGA-AR-A1AN-01A_110_TS,TCGA-AR-A1AN,TCGA-AR-A1AN-01A
1,test,TCGA-AR-A1AR-01A_1463_TS,TCGA-AR-A1AR,TCGA-AR-A1AR-01A
1,test,TCGA-AR-A1AV-01A_1242_TS,TCGA-AR-A1AV,TCGA-AR-A1AV-01A
1,test,TCGA-AR-A24H-01A_72_TS,TCGA-AR-A24H,TCGA-AR-A24H-01A
1,test,TCGA-AR-A24N-01A_172_TS,TCGA-AR-A24N,TCGA-AR-A24N-01A
1,test,TCGA-AR-A24R-01A_342_TS,TCGA-AR-A24R,TCGA-AR-A24R-01A
1,test,TCGA-AR-A24V-01A_662_TS,TCGA-AR-A24V,TCGA-AR-A24V-01A
1,test,TCGA-AR-A250-01A_1371_TS,TCGA-AR-A250,TCGA-AR-A250-01A
1,test,TCGA-AR-A255-01A_957_TS,TCGA-AR-A255,TCGA-AR-A255-01A
1,test,TCGA-AR-A2LK-01A_1509_TS,TCGA-AR-A2LK,TCGA-AR-A2LK-01A
1,test,TCGA-AR-A2LO-01A_673_TS,TCGA-AR-A2LO,TCGA-AR-A2LO-01A
1,test,TCGA-AR-A5QN-01A_1311_TS,TCGA-AR-A5QN,TCGA-AR-A5QN-01A
1,test,TCGA-B6-A0I2-01A_166_TS,TCGA-B6-A0I2,TCGA-B6-A0I2-01A
1,test,TCGA-B6-A0I2-01A_334_TS,TCGA-B6-A0I2,TCGA-B6-A0I2-01A
1,test,TCGA-B6-A0IA-01A_48_TS,TCGA-B6-A0IA,TCGA-B6-A0IA-01A
1,test,TCGA-B6-A0IA-01A_761_TS,TCGA-B6-A0IA,TCGA-B6-A0IA-01A
1,test,TCGA-B6-A0IG-01A_388_TS,TCGA-B6-A0IG,TCGA-B6-A0IG-01A
1,test,TCGA-B6-A0IG-01A_565_TS,TCGA-B6-A0IG,TCGA-B6-A0IG-01A
1,test,TCGA-B6-A0IM-01A_836_TS,TCGA-B6-A0IM,TCGA-B6-A0IM-01A
1,test,TCGA-B6-A0IM-01A_938_TS,TCGA-B6-A0IM,TCGA-B6-A0IM-01A
1,test,TCGA-B6-A0RE-01A_1317_TS,TCGA-B6-A0RE,TCGA-B6-A0RE-01A
1,test,TCGA-B6-A0RE-01A_1345_TS,TCGA-B6-A0RE,TCGA-B6-A0RE-01A
1,test,TCGA-B6-A0RL-01A_1372_TS,TCGA-B6-A0RL,TCGA-B6-A0RL-01A
1,test,TCGA-B6-A0RL-01A_1421_TS,TCGA-B6-A0RL,TCGA-B6-A0RL-01A
1,test,TCGA-B6-A0RP-01A_276_TS,TCGA-B6-A0RP,TCGA-B6-A0RP-01A
1,test,TCGA-B6-A0RP-01A_532_TS,TCGA-B6-A0RP,TCGA-B6-A0RP-01A
1,test,TCGA-B6-A0RU-01A_1091_TS,TCGA-B6-A0RU,TCGA-B6-A0RU-01A
1,test,TCGA-B6-A0RU-01A_1092_TS,TCGA-B6-A0RU,TCGA-B6-A0RU-01A
1,test,TCGA-B6-A0WV-01A_825_TS,TCGA-B6-A0WV,TCGA-B6-A0WV-01A
1,test,TCGA-B6-A0WV-01A_923_TS,TCGA-B6-A0WV,TCGA-B6-A0WV-01A
1,test,TCGA-B6-A0WZ-01A_1294_TS,TCGA-B6-A0WZ,TCGA-B6-A0WZ-01A
1,test,TCGA-B6-A0WZ-01A_635_TS,TCGA-B6-A0WZ,TCGA-B6-A0WZ-01A
1,test,TCGA-B6-A0X7-01A_371_TS,TCGA-B6-A0X7,TCGA-B6-A0X7-01A
1,test,TCGA-B6-A0X7-01A_530_TS,TCGA-B6-A0X7,TCGA-B6-A0X7-01A
1,test,TCGA-B6-A1KF-01A_1561_TS,TCGA-B6-A1KF,TCGA-B6-A1KF-01A
1,test,TCGA-B6-A3ZX-01A_475_TS,TCGA-B6-A3ZX,TCGA-B6-A3ZX-01A
1,test,TCGA-B6-A408-01A_992_TS,TCGA-B6-A408,TCGA-B6-A408-01A
1,test,TCGA-BH-A0AZ-01A_1352_TS,TCGA-BH-A0AZ,TCGA-BH-A0AZ-01A
1,test,TCGA-BH-A0AZ-01A_1405_TS,TCGA-BH-A0AZ,TCGA-BH-A0AZ-01A
1,test,TCGA-BH-A0B3-01A_1254_TS,TCGA-BH-A0B3,TCGA-BH-A0B3-01A
1,test,TCGA-BH-A0B3-01A_1277_TS,TCGA-BH-A0B3,TCGA-BH-A0B3-01A
1,test,TCGA-BH-A0B8-01A_1210_TS,TCGA-BH-A0B8,TCGA-BH-A0B8-01A
1,test,TCGA-BH-A0B8-01A_1257_TS,TCGA-BH-A0B8,TCGA-BH-A0B8-01A
1,test,TCGA-BH-A0BD-01A_1016_TS,TCGA-BH-A0BD,TCGA-BH-A0BD-01A
1,test,TCGA-BH-A0BD-01A_1017_TS,TCGA-BH-A0BD,TCGA-BH-A0BD-01A
1,test,TCGA-BH-A0BL-01A_1069_TS,TCGA-BH-A0BL,TCGA-BH-A0BL-01A
1,test,TCGA-BH-A0BL-01A_784_TS,TCGA-BH-A0BL,TCGA-BH-A0BL-01A
1,test,TCGA-BH-A0BQ-01A_1046_TS,TCGA-BH-A0BQ,TCGA-BH-A0BQ-01A
1,test,TCGA-BH-A0BQ-01A_966_TS,TCGA-BH-A0BQ,TCGA-BH-A0BQ-01A
1,test,TCGA-BH-A0BV-01A_1171_TS,TCGA-BH-A0BV,TCGA-BH-A0BV-01A
1,test,TCGA-BH-A0BV-01A_884_TS,TCGA-BH-A0BV,TCGA-BH-A0BV-01A
1,test,TCGA-BH-A0C1-01B_1456_TS,TCGA-BH-A0C1,TCGA-BH-A0C1-01B
1,test,TCGA-BH-A0C1-01B_1531_TS,TCGA-BH-A0C1,TCGA-BH-A0C1-01B
1,test,TCGA-BH-A0DG-01A_427_TS,TCGA-BH-A0DG,TCGA-BH-A0DG-01A
1,test,TCGA-BH-A0DG-01A_97_TS,TCGA-BH-A0DG,TCGA-BH-A0DG-01A
1,test,TCGA-BH-A0DL-01A_262_TS,TCGA-BH-A0DL,TCGA-BH-A0DL-01A
1,test,TCGA-BH-A0DL-01A_434_TS,TCGA-BH-A0DL,TCGA-BH-A0DL-01A
1,test,TCGA-BH-A0DS-01A_156_TS,TCGA-BH-A0DS,TCGA-BH-A0DS-01A
1,test,TCGA-BH-A0DS-01A_490_TS,TCGA-BH-A0DS,TCGA-BH-A0DS-01A
1,test,TCGA-BH-A0DZ-01A_124_TS,TCGA-BH-A0DZ,TCGA-BH-A0DZ-01A
1,test,TCGA-BH-A0DZ-01A_461_TS,TCGA-BH-A0DZ,TCGA-BH-A0DZ-01A
1,test,TCGA-BH-A0E7-01A_1212_TS,TCGA-BH-A0E7,TCGA-BH-A0E7-01A
1,test,TCGA-BH-A0E7-01A_1376_TS,TCGA-BH-A0E7,TCGA-BH-A0E7-01A
1,test,TCGA-BH-A0EE-01A_1402_TS,TCGA-BH-A0EE,TCGA-BH-A0EE-01A
1,test,TCGA-BH-A0EE-01A_1403_TS,TCGA-BH-A0EE,TCGA-BH-A0EE-01A
1,test,TCGA-BH-A0H0-01A_1045_TS,TCGA-BH-A0H0,TCGA-BH-A0H0-01A
1,test,TCGA-BH-A0H5-01A_509_TS,TCGA-BH-A0H5,TCGA-BH-A0H5-01A
1,test,TCGA-BH-A0H5-01A_510_TS,TCGA-BH-A0H5,TCGA-BH-A0H5-01A
1,test,TCGA-BH-A0HA-01A_1125_TS,TCGA-BH-A0HA,TCGA-BH-A0HA-01A
1,test,TCGA-BH-A0HA-01A_31_TS,TCGA-BH-A0HA,TCGA-BH-A0HA-01A
1,test,TCGA-BH-A0HN-01A_864_TS,TCGA-BH-A0HN,TCGA-BH-A0HN-01A
1,test,TCGA-BH-A0HN-01A_959_TS,TCGA-BH-A0HN,TCGA-BH-A0HN-01A
1,test,TCGA-BH-A0HU-01A_182_TS,TCGA-BH-A0HU,TCGA-BH-A0HU-01A
1,test,TCGA-BH-A0HU-01A_183_TS,TCGA-BH-A0HU,TCGA-BH-A0HU-01A
1,test,TCGA-BH-A0RX-01A_1536_TS,TCGA-BH-A0RX,TCGA-BH-A0RX-01A
1,test,TCGA-BH-A0RX-01A_699_TS,TCGA-BH-A0RX,TCGA-BH-A0RX-01A
1,test,TCGA-BH-A0W7-01A_771_TS,TCGA-BH-A0W7,TCGA-BH-A0W7-01A
1,test,TCGA-BH-A0W7-01A_863_TS,TCGA-BH-A0W7,TCGA-BH-A0W7-01A
1,test,TCGA-BH-A18H-01A_695_TS,TCGA-BH-A18H,TCGA-BH-A18H-01A
1,test,TCGA-BH-A18L-01A_1119_TS,TCGA-BH-A18L,TCGA-BH-A18L-01A
1,test,TCGA-BH-A18Q-01A_1430_TS,TCGA-BH-A18Q,TCGA-BH-A18Q-01A
1,test,TCGA-BH-A18U-01A_1301_TS,TCGA-BH-A18U,TCGA-BH-A18U-01A
1,test,TCGA-BH-A1ES-01A_886_TS,TCGA-BH-A1ES,TCGA-BH-A1ES-01A
1,test,TCGA-BH-A1EW-01A_1098_TS,TCGA-BH-A1EW,TCGA-BH-A1EW-01A
1,test,TCGA-BH-A1F2-01A_1099_TS,TCGA-BH-A1F2,TCGA-BH-A1F2-01A
1,test,TCGA-BH-A1FB-01A_1036_TS,TCGA-BH-A1FB,TCGA-BH-A1FB-01A
1,test,TCGA-BH-A1FH-01A_1273_TS,TCGA-BH-A1FH,TCGA-BH-A1FH-01A
1,test,TCGA-BH-A1FR-01A_494_TS,TCGA-BH-A1FR,TCGA-BH-A1FR-01A
1,test,TCGA-BH-A203-01A_697_TS,TCGA-BH-A203,TCGA-BH-A203-01A
1,test,TCGA-BH-A28O-01A_818_TS,TCGA-BH-A28O,TCGA-BH-A28O-01A
1,test,TCGA-BH-A42U-01A_495_TS,TCGA-BH-A42U,TCGA-BH-A42U-01A
1,test,TCGA-BH-A6R8-01A_963_TS,TCGA-BH-A6R8,TCGA-BH-A6R8-01A
1,test,TCGA-BH-A8G0-01A_199_TS,TCGA-BH-A8G0,TCGA-BH-A8G0-01A
1,test,TCGA-C8-A12M-01A_57_TS,TCGA-C8-A12M,TCGA-C8-A12M-01A
1,test,TCGA-C8-A12M-01A_857_TS,TCGA-C8-A12M,TCGA-C8-A12M-01A
1,test,TCGA-C8-A12Q-01A_980_TS,TCGA-C8-A12Q,TCGA-C8-A12Q-01A
1,test,TCGA-C8-A12Q-01A_981_TS,TCGA-C8-A12Q,TCGA-C8-A12Q-01A
1,test,TCGA-C8-A12W-01A_1185_TS,TCGA-C8-A12W,TCGA-C8-A12W-01A
1,test,TCGA-C8-A12W-01A_905_TS,TCGA-C8-A12W,TCGA-C8-A12W-01A
1,test,TCGA-C8-A130-01A_1211_TS,TCGA-C8-A130,TCGA-C8-A130-01A
1,test,TCGA-C8-A130-01A_1374_TS,TCGA-C8-A130,TCGA-C8-A130-01A
1,test,TCGA-C8-A134-01A_1124_TS,TCGA-C8-A134,TCGA-C8-A134-01A
1,test,TCGA-C8-A134-01A_927_TS,TCGA-C8-A134,TCGA-C8-A134-01A
1,test,TCGA-C8-A1HG-01A_185_TS,TCGA-C8-A1HG,TCGA-C8-A1HG-01A
1,test,TCGA-C8-A1HM-01A_503_TS,TCGA-C8-A1HM,TCGA-C8-A1HM-01A
1,test,TCGA-C8-A26W-01A_491_TS,TCGA-C8-A26W,TCGA-C8-A26W-01A
1,test,TCGA-C8-A273-01A_117_TS,TCGA-C8-A273,TCGA-C8-A273-01A
1,test,TCGA-C8-A27A-01A_654_TS,TCGA-C8-A27A,TCGA-C8-A27A-01A
1,test,TCGA-C8-A8HQ-01A_903_TS,TCGA-C8-A8HQ,TCGA-C8-A8HQ-01A
1,test,TCGA-D8-A13Z-01A_112_TS,TCGA-D8-A13Z,TCGA-D8-A13Z-01A
1,test,TCGA-D8-A13Z-01A_200_TS,TCGA-D8-A13Z,TCGA-D8-A13Z-01A
1,test,TCGA-D8-A143-01A_823_TS,TCGA-D8-A143,TCGA-D8-A143-01A
1,test,TCGA-D8-A143-01A_918_TS,TCGA-D8-A143,TCGA-D8-A143-01A
1,test,TCGA-D8-A1J9-01A_513_TS,TCGA-D8-A1J9,TCGA-D8-A1J9-01A
1,test,TCGA-D8-A1JD-01A_1408_TS,TCGA-D8-A1JD,TCGA-D8-A1JD-01A
1,test,TCGA-D8-A1JH-01A_722_TS,TCGA-D8-A1JH,TCGA-D8-A1JH-01A
1,test,TCGA-D8-A1JL-01A_705_TS,TCGA-D8-A1JL,TCGA-D8-A1JL-01A
1,test,TCGA-D8-A1JS-01A_516_TS,TCGA-D8-A1JS,TCGA-D8-A1JS-01A
1,test,TCGA-D8-A1X6-01A_977_TS,TCGA-D8-A1X6,TCGA-D8-A1X6-01A
1,test,TCGA-D8-A1XA-01A_797_TS,TCGA-D8-A1XA,TCGA-D8-A1XA-01A
1,test,TCGA-D8-A1XF-01A_369_TS,TCGA-D8-A1XF,TCGA-D8-A1XF-01A
1,test,TCGA-D8-A1XL-01A_1027_TS,TCGA-D8-A1XL,TCGA-D8-A1XL-01A
1,test,TCGA-D8-A1XR-01A_26_TS,TCGA-D8-A1XR,TCGA-D8-A1XR-01A
1,test,TCGA-D8-A1XV-01A_24_TS,TCGA-D8-A1XV,TCGA-D8-A1XV-01A
1,test,TCGA-D8-A1Y0-01A_462_TS,TCGA-D8-A1Y0,TCGA-D8-A1Y0-01A
1,test,TCGA-D8-A27E-01A_1005_TS,TCGA-D8-A27E,TCGA-D8-A27E-01A
1,test,TCGA-D8-A27I-01A_1080_TS,TCGA-D8-A27I,TCGA-D8-A27I-01A
1,test,TCGA-D8-A27N-01A_1241_TS,TCGA-D8-A27N,TCGA-D8-A27N-01A
1,test,TCGA-D8-A27V-01A_674_TS,TCGA-D8-A27V,TCGA-D8-A27V-01A
1,test,TCGA-D8-A4Z1-01A_150_TS,TCGA-D8-A4Z1,TCGA-D8-A4Z1-01A
1,test,TCGA-E2-A106-01A_1521_TS,TCGA-E2-A106,TCGA-E2-A106-01A
1,test,TCGA-E2-A106-01A_717_TS,TCGA-E2-A106,TCGA-E2-A106-01A
1,test,TCGA-E2-A10A-01A_357_TS,TCGA-E2-A10A,TCGA-E2-A10A-01A
1,test,TCGA-E2-A10A-01A_524_TS,TCGA-E2-A10A,TCGA-E2-A10A-01A
1,test,TCGA-E2-A10F-01A_217_TS,TCGA-E2-A10F,TCGA-E2-A10F-01A
1,test,TCGA-E2-A10F-01A_380_TS,TCGA-E2-A10F,TCGA-E2-A10F-01A
1,test,TCGA-E2-A14N-01A_891_TS,TCGA-E2-A14N,TCGA-E2-A14N-01A
1,test,TCGA-E2-A14R-01A_1268_TS,TCGA-E2-A14R,TCGA-E2-A14R-01A
1,test,TCGA-E2-A14V-01A_942_TS,TCGA-E2-A14V,TCGA-E2-A14V-01A
1,test,TCGA-E2-A14Z-01A_1377_TS,TCGA-E2-A14Z,TCGA-E2-A14Z-01A
1,test,TCGA-E2-A154-01A_420_TS,TCGA-E2-A154,TCGA-E2-A154-01A
1,test,TCGA-E2-A159-01A_1261_TS,TCGA-E2-A159,TCGA-E2-A159-01A
1,test,TCGA-E2-A15E-01A_640_TS,TCGA-E2-A15E,TCGA-E2-A15E-01A
1,test,TCGA-E2-A15I-01A_1167_TS,TCGA-E2-A15I,TCGA-E2-A15I-01A
1,test,TCGA-E2-A15M-01A_448_TS,TCGA-E2-A15M,TCGA-E2-A15M-01A
1,test,TCGA-E2-A15S-01A_785_TS,TCGA-E2-A15S,TCGA-E2-A15S-01A
1,test,TCGA-E2-A1B1-01A_955_TS,TCGA-E2-A1B1,TCGA-E2-A1B1-01A
1,test,TCGA-E2-A1BC-01A_99_TS,TCGA-E2-A1BC,TCGA-E2-A1BC-01A
1,test,TCGA-E2-A1IG-01A_827_TS,TCGA-E2-A1IG,TCGA-E2-A1IG-01A
1,test,TCGA-E2-A1IK-01A_437_TS,TCGA-E2-A1IK,TCGA-E2-A1IK-01A
1,test,TCGA-E2-A1IU-01A_1292_TS,TCGA-E2-A1IU,TCGA-E2-A1IU-01A
1,test,TCGA-E2-A1L9-01A_456_TS,TCGA-E2-A1L9,TCGA-E2-A1L9-01A
1,test,TCGA-E2-A1LG-01A_712_TS,TCGA-E2-A1LG,TCGA-E2-A1LG-01A
1,test,TCGA-E2-A2P5-01A_1388_TS,TCGA-E2-A2P5,TCGA-E2-A2P5-01A
1,test,TCGA-E2-A570-01A_216_TS,TCGA-E2-A570,TCGA-E2-A570-01A
1,test,TCGA-E2-A576-01A_1445_TS,TCGA-E2-A576,TCGA-E2-A576-01A
1,test,TCGA-E9-A1N5-01A_158_TS,TCGA-E9-A1N5,TCGA-E9-A1N5-01A
1,test,TCGA-E9-A1NA-01A_36_TS,TCGA-E9-A1NA,TCGA-E9-A1NA-01A
1,test,TCGA-E9-A1NG-01A_1202_TS,TCGA-E9-A1NG,TCGA-E9-A1NG-01A
1,test,TCGA-E9-A1R0-01A_1444_TS,TCGA-E9-A1R0,TCGA-E9-A1R0-01A
1,test,TCGA-E9-A1R5-01A_1160_TS,TCGA-E9-A1R5,TCGA-E9-A1R5-01A
1,test,TCGA-E9-A1RB-01A_564_TS,TCGA-E9-A1RB,TCGA-E9-A1RB-01A
1,test,TCGA-E9-A1RF-01A_1401_TS,TCGA-E9-A1RF,TCGA-E9-A1RF-01A
1,test,TCGA-E9-A226-01A_264_TS,TCGA-E9-A226,TCGA-E9-A226-01A
1,test,TCGA-E9-A22A-01A_847_TS,TCGA-E9-A22A,TCGA-E9-A22A-01A
1,test,TCGA-E9-A22G-01A_925_TS,TCGA-E9-A22G,TCGA-E9-A22G-01A
1,test,TCGA-E9-A247-01A_817_TS,TCGA-E9-A247,TCGA-E9-A247-01A
1,test,TCGA-E9-A295-01A_245_TS,TCGA-E9-A295,TCGA-E9-A295-01A
1,test,TCGA-E9-A3QA-01A_1395_TS,TCGA-E9-A3QA,TCGA-E9-A3QA-01A
1,test,TCGA-E9-A5UO-01A_979_TS,TCGA-E9-A5UO,TCGA-E9-A5UO-01A
1,test,TCGA-EW-A1IX-01A_1161_TS,TCGA-EW-A1IX,TCGA-EW-A1IX-01A
1,test,TCGA-EW-A1J2-01A_961_TS,TCGA-EW-A1J2,TCGA-EW-A1J2-01A
1,test,TCGA-EW-A1OW-01A_1503_TS,TCGA-EW-A1OW,TCGA-EW-A1OW-01A
1,test,TCGA-EW-A1P0-01A_320_TS,TCGA-EW-A1P0,TCGA-EW-A1P0-01A
1,test,TCGA-EW-A1P5-01A_1416_TS,TCGA-EW-A1P5,TCGA-EW-A1P5-01A
1,test,TCGA-EW-A1PA-01A_507_TS,TCGA-EW-A1PA,TCGA-EW-A1PA-01A
1,test,TCGA-EW-A1PE-01A_1383_TS,TCGA-EW-A1PE,TCGA-EW-A1PE-01A
1,test,TCGA-EW-A2FR-01A_684_TS,TCGA-EW-A2FR,TCGA-EW-A2FR-01A
1,test,TCGA-EW-A3E8-01B_1170_TS,TCGA-EW-A3E8,TCGA-EW-A3E8-01B
1,test,TCGA-EW-A6S9-01A_986_TS,TCGA-EW-A6S9,TCGA-EW-A6S9-01A
1,test,TCGA-EW-A6SD-01A_1015_TS,TCGA-EW-A6SD,TCGA-EW-A6SD-01A
1,test,TCGA-GM-A2DF-01A_46_TS,TCGA-GM-A2DF,TCGA-GM-A2DF-01A
1,test,TCGA-GM-A2DM-01A_442_TS,TCGA-GM-A2DM,TCGA-GM-A2DM-01A
1,test,TCGA-GM-A3NY-01A_348_TS,TCGA-GM-A3NY,TCGA-GM-A3NY-01A
1,test,TCGA-GM-A5PV-01A_56_TS,TCGA-GM-A5PV,TCGA-GM-A5PV-01A
1,test,TCGA-JL-A3YW-01A_620_TS,TCGA-JL-A3YW,TCGA-JL-A3YW-01A
1,test,TCGA-LD-A7W5-01A_1204_TS,TCGA-LD-A7W5,TCGA-LD-A7W5-01A
1,test,TCGA-LL-A441-01A_807_TS,TCGA-LL-A441,TCGA-LL-A441-01A
1,test,TCGA-LL-A5YM-01A_1384_TS,TCGA-LL-A5YM,TCGA-LL-A5YM-01A
1,test,TCGA-LL-A6FP-01A_9_TS,TCGA-LL-A6FP,TCGA-LL-A6FP-01A
1,test,TCGA-LL-A73Z-01A_606_TS,TCGA-LL-A73Z,TCGA-LL-A73Z-01A
1,test,TCGA-LL-A8F5-01A_215_TS,TCGA-LL-A8F5,TCGA-LL-A8F5-01A
1,test,TCGA-OK-A5Q2-01A_289_TS,TCGA-OK-A5Q2,TCGA-OK-A5Q2-01A
1,test,TCGA-OL-A5DA-01A_337_TS,TCGA-OL-A5DA,TCGA-OL-A5DA-01A
1,test,TCGA-OL-A5RX-01A_109_TS,TCGA-OL-A5RX,TCGA-OL-A5RX-01A
1,test,TCGA-OL-A66H-01A_104_TS,TCGA-OL-A66H,TCGA-OL-A66H-01A
1,test,TCGA-OL-A66L-01A_680_TS,TCGA-OL-A66L,TCGA-OL-A66L-01A
1,test,TCGA-OL-A6VO-01A_567_TS,TCGA-OL-A6VO,TCGA-OL-A6VO-01A
1,test,TCGA-PE-A5DC-01A_928_TS,TCGA-PE-A5DC,TCGA-PE-A5DC-01A
1,test,TCGA-S3-A6ZG-01A_1417_TS,TCGA-S3-A6ZG,TCGA-S3-A6ZG-01A
1,test,TCGA-S3-AA11-01A_38_TS,TCGA-S3-AA11,TCGA-S3-AA11-01A
1,test,TCGA-S3-AA17-01A_324_TS,TCGA-S3-AA17,TCGA-S3-AA17-01A
1,test,TCGA-W8-A86G-01A_1153_TS,TCGA-W8-A86G,TCGA-W8-A86G-01A
1,test,TCGA-Z7-A8R5-01A_82_TS,TCGA-Z7-A8R5,TCGA-Z7-A8R5-01A
1,train,TCGA-3C-AALI-01A_1280_TS,TCGA-3C-AALI,TCGA-3C-AALI-01A
1,train,TCGA-4H-AAAK-01A_1006_TS,TCGA-4H-AAAK,TCGA-4H-AAAK-01A
1,train,TCGA-5L-AAT0-01A_176_TS,TCGA-5L-AAT0,TCGA-5L-AAT0-01A
1,train,TCGA-A1-A0SB-01A_833_TS,TCGA-A1-A0SB,TCGA-A1-A0SB-01A
1,train,TCGA-A1-A0SB-01A_936_TS,TCGA-A1-A0SB,TCGA-A1-A0SB-01A
1,train,TCGA-A1-A0SD-01A_727_TS,TCGA-A1-A0SD,TCGA-A1-A0SD-01A
1,train,TCGA-A1-A0SD-01A_728_TS,TCGA-A1-A0SD,TCGA-A1-A0SD-01A
1,train,TCGA-A1-A0SE-01A_1506_TS,TCGA-A1-A0SE,TCGA-A1-A0SE-01A
1,train,TCGA-A1-A0SE-01A_725_TS,TCGA-A1-A0SE,TCGA-A1-A0SE-01A
1,train,TCGA-A1-A0SG-01A_1060_TS,TCGA-A1-A0SG,TCGA-A1-A0SG-01A
1,train,TCGA-A1-A0SG-01A_1064_TS,TCGA-A1-A0SG,TCGA-A1-A0SG-01A
1,train,TCGA-A1-A0SI-01A_1193_TS,TCGA-A1-A0SI,TCGA-A1-A0SI-01A
1,train,TCGA-A1-A0SI-01A_1411_TS,TCGA-A1-A0SI,TCGA-A1-A0SI-01A
1,train,TCGA-A1-A0SK-01A_1056_TS,TCGA-A1-A0SK,TCGA-A1-A0SK-01A
1,train,TCGA-A1-A0SK-01A_866_TS,TCGA-A1-A0SK,TCGA-A1-A0SK-01A
1,train,TCGA-A1-A0SN-01A_750_TS,TCGA-A1-A0SN,TCGA-A1-A0SN-01A
1,train,TCGA-A1-A0SN-01A_752_TS,TCGA-A1-A0SN,TCGA-A1-A0SN-01A
1,train,TCGA-A1-A0SP-01A_51_TS,TCGA-A1-A0SP,TCGA-A1-A0SP-01A
1,train,TCGA-A1-A0SP-01A_950_TS,TCGA-A1-A0SP,TCGA-A1-A0SP-01A
1,train,TCGA-A2-A04N-01A_1250_TS,TCGA-A2-A04N,TCGA-A2-A04N-01A
1,train,TCGA-A2-A04N-01A_1251_TS,TCGA-A2-A04N,TCGA-A2-A04N-01A
1,train,TCGA-A2-A04R-01A_1435_TS,TCGA-A2-A04R,TCGA-A2-A04R-01A
1,train,TCGA-A2-A04R-01A_706_TS,TCGA-A2-A04R,TCGA-A2-A04R-01A
1,train,TCGA-A2-A04U-01A_418_TS,TCGA-A2-A04U,TCGA-A2-A04U-01A
1,train,TCGA-A2-A04U-01A_506_TS,TCGA-A2-A04U,TCGA-A2-A04U-01A
1,train,TCGA-A2-A04X-01A_1173_TS,TCGA-A2-A04X,TCGA-A2-A04X-01A
1,train,TCGA-A2-A04X-01A_890_TS,TCGA-A2-A04X,TCGA-A2-A04X-01A
1,train,TCGA-A2-A0CL-01A_61_TS,TCGA-A2-A0CL,TCGA-A2-A0CL-01A
1,train,TCGA-A2-A0CL-01A_772_TS,TCGA-A2-A0CL,TCGA-A2-A0CL-01A
1,train,TCGA-A2-A0CO-01A_1123_TS,TCGA-A2-A0CO,TCGA-A2-A0CO-01A
1,train,TCGA-A2-A0CO-01A_926_TS,TCGA-A2-A0CO,TCGA-A2-A0CO-01A
1,train,TCGA-A2-A0CQ-01A_58_TS,TCGA-A2-A0CQ,TCGA-A2-A0CQ-01A
1,train,TCGA-A2-A0CQ-01A_768_TS,TCGA-A2-A0CQ,TCGA-A2-A0CQ-01A
1,train,TCGA-A2-A0CS-01A_127_TS,TCGA-A2-A0CS,TCGA-A2-A0CS-01A
1,train,TCGA-A2-A0CS-01A_377_TS,TCGA-A2-A0CS,TCGA-A2-A0CS-01A
1,train,TCGA-A2-A0CU-01A_141_TS,TCGA-A2-A0CU,TCGA-A2-A0CU-01A
1,train,TCGA-A2-A0CU-01A_559_TS,TCGA-A2-A0CU,TCGA-A2-A0CU-01A
1,train,TCGA-A2-A0CW-01A_171_TS,TCGA-A2-A0CW,TCGA-A2-A0CW-01A
1,train,TCGA-A2-A0CW-01A_421_TS,TCGA-A2-A0CW,TCGA-A2-A0CW-01A
1,train,TCGA-A2-A0CZ-01A_1207_TS,TCGA-A2-A0CZ,TCGA-A2-A0CZ-01A
1,train,TCGA-A2-A0CZ-01A_1420_TS,TCGA-A2-A0CZ,TCGA-A2-A0CZ-01A
1,train,TCGA-A2-A0D1-01A_1330_TS,TCGA-A2-A0D1,TCGA-A2-A0D1-01A
1,train,TCGA-A2-A0D1-01A_633_TS,TCGA-A2-A0D1,TCGA-A2-A0D1-01A
1,train,TCGA-A2-A0D3-01A_493_TS,TCGA-A2-A0D3,TCGA-A2-A0D3-01A
1,train,TCGA-A2-A0D3-01A_497_TS,TCGA-A2-A0D3,TCGA-A2-A0D3-01A
1,train,TCGA-A2-A0EM-01A_331_TS,TCGA-A2-A0EM,TCGA-A2-A0EM-01A
1,train,TCGA-A2-A0EM-01A_333_TS,TCGA-A2-A0EM,TCGA-A2-A0EM-01A
1,train,TCGA-A2-A0EO-01A_1140_TS,TCGA-A2-A0EO,TCGA-A2-A0EO-01A
1,train,TCGA-A2-A0EO-01A_946_TS,TCGA-A2-A0EO,TCGA-A2-A0EO-01A
1,train,TCGA-A2-A0EP-01A_826_TS,TCGA-A2-A0EP,TCGA-A2-A0EP-01A
1,train,TCGA-A2-A0ER-01A_801_TS,TCGA-A2-A0ER,TCGA-A2-A0ER-01A
1,train,TCGA-A2-A0ER-01A_83_TS,TCGA-A2-A0ER,TCGA-A2-A0ER-01A
1,train,TCGA-A2-A0ET-01A_1136_TS,TCGA-A2-A0ET,TCGA-A2-A0ET-01A
1,train,TCGA-A2-A0ET-01A_850_TS,TCGA-A2-A0ET,TCGA-A2-A0ET-01A
1,train,TCGA-A2-A0EV-01A_1174_TS,TCGA-A2-A0EV,TCGA-A2-A0EV-01A
1,train,TCGA-A2-A0EV-01A_1175_TS,TCGA-A2-A0EV,TCGA-A2-A0EV-01A
1,train,TCGA-A2-A0EX-01A_1007_TS,TCGA-A2-A0EX,TCGA-A2-A0EX-01A
1,train,TCGA-A2-A0EX-01A_902_TS,TCGA-A2-A0EX,TCGA-A2-A0EX-01A
1,train,TCGA-A2-A0ST-01A_1194_TS,TCGA-A2-A0ST,TCGA-A2-A0ST-01A
1,train,TCGA-A2-A0ST-01A_1226_TS,TCGA-A2-A0ST,TCGA-A2-A0ST-01A
1,train,TCGA-A2-A0SV-01A_1024_TS,TCGA-A2-A0SV,TCGA-A2-A0SV-01A
1,train,TCGA-A2-A0SV-01A_924_TS,TCGA-A2-A0SV,TCGA-A2-A0SV-01A
1,train,TCGA-A2-A0SX-01A_1232_TS,TCGA-A2-A0SX,TCGA-A2-A0SX-01A
1,train,TCGA-A2-A0SX-01A_1415_TS,TCGA-A2-A0SX,TCGA-A2-A0SX-01A
1,train,TCGA-A2-A0T0-01A_220_TS,TCGA-A2-A0T0,TCGA-A2-A0T0-01A
1,train,TCGA-A2-A0T0-01A_300_TS,TCGA-A2-A0T0,TCGA-A2-A0T0-01A
1,train,TCGA-A2-A0T2-01A_1076_TS,TCGA-A2-A0T2,TCGA-A2-A0T2-01A
1,train,TCGA-A2-A0T2-01A_879_TS,TCGA-A2-A0T2,TCGA-A2-A0T2-01A
1,train,TCGA-A2-A0T4-01A_688_TS,TCGA-A2-A0T4,TCGA-A2-A0T4-01A
1,train,TCGA-A2-A0T4-01A_689_TS,TCGA-A2-A0T4,TCGA-A2-A0T4-01A
1,train,TCGA-A2-A0T6-01A_1312_TS,TCGA-A2-A0T6,TCGA-A2-A0T6-01A
1,train,TCGA-A2-A0T6-01A_1328_TS,TCGA-A2-A0T6,TCGA-A2-A0T6-01A
1,train,TCGA-A2-A0YC-01A_616_TS,TCGA-A2-A0YC,TCGA-A2-A0YC-01A
1,train,TCGA-A2-A0YC-01A_617_TS,TCGA-A2-A0YC,TCGA-A2-A0YC-01A
1,train,TCGA-A2-A0YE-01A_322_TS,TCGA-A2-A0YE,TCGA-A2-A0YE-01A
1,train,TCGA-A2-A0YE-01A_575_TS,TCGA-A2-A0YE,TCGA-A2-A0YE-01A
1,train,TCGA-A2-A0YG-01A_1398_TS,TCGA-A2-A0YG,TCGA-A2-A0YG-01A
1,train,TCGA-A2-A0YG-01A_1482_TS,TCGA-A2-A0YG,TCGA-A2-A0YG-01A
1,train,TCGA-A2-A0YI-01A_76_TS,TCGA-A2-A0YI,TCGA-A2-A0YI-01A
1,train,TCGA-A2-A0YI-01A_885_TS,TCGA-A2-A0YI,TCGA-A2-A0YI-01A
1,train,TCGA-A2-A0YK-01A_470_TS,TCGA-A2-A0YK,TCGA-A2-A0YK-01A
1,train,TCGA-A2-A0YK-01A_471_TS,TCGA-A2-A0YK,TCGA-A2-A0YK-01A
1,train,TCGA-A2-A0YM-01A_22_TS,TCGA-A2-A0YM,TCGA-A2-A0YM-01A
1,train,TCGA-A2-A0YM-01A_824_TS,TCGA-A2-A0YM,TCGA-A2-A0YM-01A
1,train,TCGA-A2-A1FW-01A_63_TS,TCGA-A2-A1FW,TCGA-A2-A1FW-01A
1,train,TCGA-A2-A1G0-01A_1037_TS,TCGA-A2-A1G0,TCGA-A2-A1G0-01A
1,train,TCGA-A2-A1G1-01A_190_TS,TCGA-A2-A1G1,TCGA-A2-A1G1-01A
1,train,TCGA-A2-A259-01A_33_TS,TCGA-A2-A259,TCGA-A2-A259-01A
1,train,TCGA-A2-A25A-01A_1461_TS,TCGA-A2-A25A,TCGA-A2-A25A-01A
1,train,TCGA-A2-A25D-01A_655_TS,TCGA-A2-A25D,TCGA-A2-A25D-01A
1,train,TCGA-A2-A25E-01A_519_TS,TCGA-A2-A25E,TCGA-A2-A25E-01A
1,train,TCGA-A2-A3KD-01A_69_TS,TCGA-A2-A3KD,TCGA-A2-A3KD-01A
1,train,TCGA-A2-A3XS-01A_1475_TS,TCGA-A2-A3XS,TCGA-A2-A3XS-01A
1,train,TCGA-A2-A3XV-01A_1230_TS,TCGA-A2-A3XV,TCGA-A2-A3XV-01A
1,train,TCGA-A2-A3XW-01A_852_TS,TCGA-A2-A3XW,TCGA-A2-A3XW-01A
1,train,TCGA-A2-A3XZ-01A_244_TS,TCGA-A2-A3XZ,TCGA-A2-A3XZ-01A
1,train,TCGA-A2-A3Y0-01A_1196_TS,TCGA-A2-A3Y0,TCGA-A2-A3Y0-01A
1,train,TCGA-A2-A4RY-01A_535_TS,TCGA-A2-A4RY,TCGA-A2-A4RY-01A
1,train,TCGA-A2-A4S0-01A_355_TS,TCGA-A2-A4S0,TCGA-A2-A4S0-01A
1,train,TCGA-A2-A4S3-01A_314_TS,TCGA-A2-A4S3,TCGA-A2-A4S3-01A
1,train,TCGA-A7-A0CD-01A_10_TS,TCGA-A7-A0CD,TCGA-A7-A0CD-01A
1,train,TCGA-A7-A0CD-01A_8_TS,TCGA-A7-A0CD,TCGA-A7-A0CD-01A
1,train,TCGA-A7-A0CG-01A_84_TS,TCGA-A7-A0CG,TCGA-A7-A0CG-01A
1,train,TCGA-A7-A0CG-01A_897_TS,TCGA-A7-A0CG,TCGA-A7-A0CG-01A
1,train,TCGA-A7-A0CJ-01A_187_TS,TCGA-A7-A0CJ,TCGA-A7-A0CJ-01A
1,train,TCGA-A7-A0CJ-01A_258_TS,TCGA-A7-A0CJ,TCGA-A7-A0CJ-01A
1,train,TCGA-A7-A0DA-01A_1013_TS,TCGA-A7-A0DA,TCGA-A7-A0DA-01A
1,train,TCGA-A7-A13D-01A_1532_TS,TCGA-A7-A13D,TCGA-A7-A13D-01A
1,train,TCGA-A7-A13D-01A_1548_TS,TCGA-A7-A13D,TCGA-A7-A13D-01A
1,train,TCGA-A7-A13F-01A_1370_TS,TCGA-A7-A13F,TCGA-A7-A13F-01A
1,train,TCGA-A7-A13F-01A_649_TS,TCGA-A7-A13F,TCGA-A7-A13F-01A
1,train,TCGA-A7-A26J-01A_1004_TS,TCGA-A7-A26J,TCGA-A7-A26J-01A
1,train,TCGA-A7-A2KD-01A_214_TS,TCGA-A7-A2KD,TCGA-A7-A2KD-01A
1,train,TCGA-A7-A3J0-01A_179_TS,TCGA-A7-A3J0,TCGA-A7-A3J0-01A
1,train,TCGA-A7-A3J1-01A_375_TS,TCGA-A7-A3J1,TCGA-A7-A3J1-01A
1,train,TCGA-A7-A426-01A_1283_TS,TCGA-A7-A426,TCGA-A7-A426-01A
1,train,TCGA-A7-A4SA-01A_1222_TS,TCGA-A7-A4SA,TCGA-A7-A4SA-01A
1,train,TCGA-A7-A4SD-01A_585_TS,TCGA-A7-A4SD,TCGA-A7-A4SD-01A
1,train,TCGA-A7-A4SE-01A_102_TS,TCGA-A7-A4SE,TCGA-A7-A4SE-01A
1,train,TCGA-A7-A5ZV-01A_96_TS,TCGA-A7-A5ZV,TCGA-A7-A5ZV-01A
1,train,TCGA-A7-A5ZW-01A_1407_TS,TCGA-A7-A5ZW,TCGA-A7-A5ZW-01A
1,train,TCGA-A7-A6VW-01A_241_TS,TCGA-A7-A6VW,TCGA-A7-A6VW-01A
1,train,TCGA-A7-A6VX-01A_1150_TS,TCGA-A7-A6VX,TCGA-A7-A6VX-01A
1,train,TCGA-A8-A06N-01A_1156_TS,TCGA-A8-A06N,TCGA-A8-A06N-01A
1,train,TCGA-A8-A06N-01A_876_TS,TCGA-A8-A06N,TCGA-A8-A06N-01A
1,train,TCGA-A8-A06P-01A_30_TS,TCGA-A8-A06P,TCGA-A8-A06P-01A
1,train,TCGA-A8-A06P-01A_744_TS,TCGA-A8-A06P,TCGA-A8-A06P-01A
1,train,TCGA-A8-A06T-01A_1105_TS,TCGA-A8-A06T,TCGA-A8-A06T-01A
1,train,TCGA-A8-A06T-01A_1107_TS,TCGA-A8-A06T,TCGA-A8-A06T-01A
1,train,TCGA-A8-A06Y-01A_1228_TS,TCGA-A8-A06Y,TCGA-A8-A06Y-01A
1,train,TCGA-A8-A06Y-01A_1412_TS,TCGA-A8-A06Y,TCGA-A8-A06Y-01A
1,train,TCGA-A8-A075-01A_271_TS,TCGA-A8-A075,TCGA-A8-A075-01A
1,train,TCGA-A8-A075-01A_446_TS,TCGA-A8-A075,TCGA-A8-A075-01A
1,train,TCGA-A8-A079-01A_248_TS,TCGA-A8-A079,TCGA-A8-A079-01A
1,train,TCGA-A8-A079-01A_413_TS,TCGA-A8-A079,TCGA-A8-A079-01A
1,train,TCGA-A8-A07C-01A_1555_TS,TCGA-A8-A07C,TCGA-A8-A07C-01A
1,train,TCGA-A8-A07C-01A_1556_TS,TCGA-A8-A07C,TCGA-A8-A07C-01A
1,train,TCGA-A8-A07F-01A_1139_TS,TCGA-A8-A07F,TCGA-A8-A07F-01A
1,train,TCGA-A8-A07F-01A_945_TS,TCGA-A8-A07F,TCGA-A8-A07F-01A
1,train,TCGA-A8-A07I-01A_16_TS,TCGA-A8-A07I,TCGA-A8-A07I-01A
1,train,TCGA-A8-A07I-01A_913_TS,TCGA-A8-A07I,TCGA-A8-A07I-01A
1,train,TCGA-A8-A07J-01A_74_TS,TCGA-A8-A07J,TCGA-A8-A07J-01A
1,train,TCGA-A8-A07J-01A_75_TS,TCGA-A8-A07J,TCGA-A8-A07J-01A
1,train,TCGA-A8-A07J-01A_792_TS,TCGA-A8-A07J,TCGA-A8-A07J-01A
1,train,TCGA-A8-A07O-01A_463_TS,TCGA-A8-A07O,TCGA-A8-A07O-01A
1,train,TCGA-A8-A07O-01A_553_TS,TCGA-A8-A07O,TCGA-A8-A07O-01A
1,train,TCGA-A8-A07R-01A_1164_TS,TCGA-A8-A07R,TCGA-A8-A07R-01A
1,train,TCGA-A8-A07R-01A_985_TS,TCGA-A8-A07R,TCGA-A8-A07R-01A
1,train,TCGA-A8-A07U-01A_994_TS,TCGA-A8-A07U,TCGA-A8-A07U-01A
1,train,TCGA-A8-A07U-01A_995_TS,TCGA-A8-A07U,TCGA-A8-A07U-01A
1,train,TCGA-A8-A07Z-01A_1319_TS,TCGA-A8-A07Z,TCGA-A8-A07Z-01A
1,train,TCGA-A8-A07Z-01A_1347_TS,TCGA-A8-A07Z,TCGA-A8-A07Z-01A
1,train,TCGA-A8-A082-01A_541_TS,TCGA-A8-A082,TCGA-A8-A082-01A
1,train,TCGA-A8-A082-01A_543_TS,TCGA-A8-A082,TCGA-A8-A082-01A
1,train,TCGA-A8-A084-01A_1157_TS,TCGA-A8-A084,TCGA-A8-A084-01A
1,train,TCGA-A8-A084-01A_1158_TS,TCGA-A8-A084,TCGA-A8-A084-01A
1,train,TCGA-A8-A086-01A_321_TS,TCGA-A8-A086,TCGA-A8-A086-01A
1,train,TCGA-A8-A086-01A_410_TS,TCGA-A8-A086,TCGA-A8-A086-01A
1,train,TCGA-A8-A08B-01A_1131_TS,TCGA-A8-A08B,TCGA-A8-A08B-01A
1,train,TCGA-A8-A08B-01A_40_TS,TCGA-A8-A08B,TCGA-A8-A08B-01A
1,train,TCGA-A8-A08F-01A_1104_TS,TCGA-A8-A08F,TCGA-A8-A08F-01A
1,train,TCGA-A8-A08F-01A_5_TS,TCGA-A8-A08F,TCGA-A8-A08F-01A
1,train,TCGA-A8-A08I-01A_952_TS,TCGA-A8-A08I,TCGA-A8-A08I-01A
1,train,TCGA-A8-A08I-01A_953_TS,TCGA-A8-A08I,TCGA-A8-A08I-01A
1,train,TCGA-A8-A08L-01A_332_TS,TCGA-A8-A08L,TCGA-A8-A08L-01A
1,train,TCGA-A8-A08L-01A_584_TS,TCGA-A8-A08L,TCGA-A8-A08L-01A
1,train,TCGA-A8-A08P-01A_1042_TS,TCGA-A8-A08P,TCGA-A8-A08P-01A
1,train,TCGA-A8-A08P-01A_856_TS,TCGA-A8-A08P,TCGA-A8-A08P-01A
1,train,TCGA-A8-A08S-01A_775_TS,TCGA-A8-A08S,TCGA-A8-A08S-01A
1,train,TCGA-A8-A08S-01A_776_TS,TCGA-A8-A08S,TCGA-A8-A08S-01A
1,train,TCGA-A8-A08X-01A_1525_TS,TCGA-A8-A08X,TCGA-A8-A08X-01A
1,train,TCGA-A8-A08X-01A_718_TS,TCGA-A8-A08X,TCGA-A8-A08X-01A
1,train,TCGA-A8-A090-01A_1537_TS,TCGA-A8-A090,TCGA-A8-A090-01A
1,train,TCGA-A8-A090-01A_1546_TS,TCGA-A8-A090,TCGA-A8-A090-01A
1,train,TCGA-A8-A092-01A_219_TS,TCGA-A8-A092,TCGA-A8-A092-01A
1,train,TCGA-A8-A092-01A_299_TS,TCGA-A8-A092,TCGA-A8-A092-01A
1,train,TCGA-A8-A094-01A_233_TS,TCGA-A8-A094,TCGA-A8-A094-01A
1,train,TCGA-A8-A094-01A_399_TS,TCGA-A8-A094,TCGA-A8-A094-01A
1,train,TCGA-A8-A096-01A_1263_TS,TCGA-A8-A096,TCGA-A8-A096-01A
1,train,TCGA-A8-A096-01A_1427_TS,TCGA-A8-A096,TCGA-A8-A096-01A
1,train,TCGA-A8-A099-01A_1489_TS,TCGA-A8-A099,TCGA-A8-A099-01A
1,train,TCGA-A8-A099-01A_710_TS,TCGA-A8-A099,TCGA-A8-A099-01A
1,train,TCGA-A8-A09B-01A_1052_TS,TCGA-A8-A09B,TCGA-A8-A09B-01A
1,train,TCGA-A8-A09B-01A_969_TS,TCGA-A8-A09B,TCGA-A8-A09B-01A
1,train,TCGA-A8-A09E-01A_0_TS,TCGA-A8-A09E,TCGA-A8-A09E-01A
1,train,TCGA-A8-A09E-01A_1159_TS,TCGA-A8-A09E,TCGA-A8-A09E-01A
1,train,TCGA-A8-A09I-01A_815_TS,TCGA-A8-A09I,TCGA-A8-A09I-01A
1,train,TCGA-A8-A09I-01A_911_TS,TCGA-A8-A09I,TCGA-A8-A09I-01A
1,train,TCGA-A8-A09M-01A_304_TS,TCGA-A8-A09M,TCGA-A8-A09M-01A
1,train,TCGA-A8-A09M-01A_568_TS,TCGA-A8-A09M,TCGA-A8-A09M-01A
1,train,TCGA-A8-A09Q-01A_1335_TS,TCGA-A8-A09Q,TCGA-A8-A09Q-01A
1,train,TCGA-A8-A09Q-01A_638_TS,TCGA-A8-A09Q,TCGA-A8-A09Q-01A
1,train,TCGA-A8-A09T-01A_1026_TS,TCGA-A8-A09T,TCGA-A8-A09T-01A
1,train,TCGA-A8-A09T-01A_831_TS,TCGA-A8-A09T,TCGA-A8-A09T-01A
1,train,TCGA-A8-A09W-01A_207_TS,TCGA-A8-A09W,TCGA-A8-A09W-01A
1,train,TCGA-A8-A09W-01A_284_TS,TCGA-A8-A09W,TCGA-A8-A09W-01A
1,train,TCGA-A8-A09Z-01A_316_TS,TCGA-A8-A09Z,TCGA-A8-A09Z-01A
1,train,TCGA-A8-A09Z-01A_485_TS,TCGA-A8-A09Z,TCGA-A8-A09Z-01A
1,train,TCGA-A8-A0A2-01A_759_TS,TCGA-A8-A0A2,TCGA-A8-A0A2-01A
1,train,TCGA-A8-A0A2-01A_844_TS,TCGA-A8-A0A2,TCGA-A8-A0A2-01A
1,train,TCGA-A8-A0A7-01A_317_TS,TCGA-A8-A0A7,TCGA-A8-A0A7-01A
1,train,TCGA-A8-A0A7-01A_402_TS,TCGA-A8-A0A7,TCGA-A8-A0A7-01A
1,train,TCGA-A8-A0AB-01A_1327_TS,TCGA-A8-A0AB,TCGA-A8-A0AB-01A
1,train,TCGA-A8-A0AB-01A_1369_TS,TCGA-A8-A0AB,TCGA-A8-A0AB-01A
1,train,TCGA-AC-A23C-01A_665_TS,TCGA-AC-A23C,TCGA-AC-A23C-01A
1,train,TCGA-AC-A23E-01A_965_TS,TCGA-AC-A23E,TCGA-AC-A23E-01A
1,train,TCGA-AC-A2B8-01A_612_TS,TCGA-AC-A2B8,TCGA-AC-A2B8-01A
1,train,TCGA-AC-A2BK-01A_1082_TS,TCGA-AC-A2BK,TCGA-AC-A2BK-01A
1,train,TCGA-AC-A2FE-01A_1433_TS,TCGA-AC-A2FE,TCGA-AC-A2FE-01A
1,train,TCGA-AC-A2FF-01A_835_TS,TCGA-AC-A2FF,TCGA-AC-A2FF-01A
1,train,TCGA-AC-A2FM-01A_1545_TS,TCGA-AC-A2FM,TCGA-AC-A2FM-01A
1,train,TCGA-AC-A2FO-01A_1451_TS,TCGA-AC-A2FO,TCGA-AC-A2FO-01A
1,train,TCGA-AC-A2QH-01B_14_TS,TCGA-AC-A2QH,TCGA-AC-A2QH-01B
1,train,TCGA-AC-A2QH-01B_820_TS,TCGA-AC-A2QH,TCGA-AC-A2QH-01B
1,train,TCGA-AC-A3BB-01A_636_TS,TCGA-AC-A3BB,TCGA-AC-A3BB-01A
1,train,TCGA-AC-A3EH-01A_411_TS,TCGA-AC-A3EH,TCGA-AC-A3EH-01A
1,train,TCGA-AC-A3TM-01A_805_TS,TCGA-AC-A3TM,TCGA-AC-A3TM-01A
1,train,TCGA-AC-A3TN-01A_154_TS,TCGA-AC-A3TN,TCGA-AC-A3TN-01A
1,train,TCGA-AC-A3W7-01A_858_TS,TCGA-AC-A3W7,TCGA-AC-A3W7-01A
1,train,TCGA-AC-A3YI-01A_1341_TS,TCGA-AC-A3YI,TCGA-AC-A3YI-01A
1,train,TCGA-AC-A5EH-01A_1446_TS,TCGA-AC-A5EH,TCGA-AC-A5EH-01A
1,train,TCGA-AC-A5XS-01A_1258_TS,TCGA-AC-A5XS,TCGA-AC-A5XS-01A
1,train,TCGA-AC-A62X-01A_67_TS,TCGA-AC-A62X,TCGA-AC-A62X-01A
1,train,TCGA-AC-A62Y-01A_626_TS,TCGA-AC-A62Y,TCGA-AC-A62Y-01A
1,train,TCGA-AC-A6IX-01A_1088_TS,TCGA-AC-A6IX,TCGA-AC-A6IX-01A
1,train,TCGA-AC-A6NO-01A_1218_TS,TCGA-AC-A6NO,TCGA-AC-A6NO-01A
1,train,TCGA-AC-A8OP-01A_1018_TS,TCGA-AC-A8OP,TCGA-AC-A8OP-01A
1,train,TCGA-AC-A8OQ-01A_664_TS,TCGA-AC-A8OQ,TCGA-AC-A8OQ-01A
1,train,TCGA-AN-A03X-01A_1534_TS,TCGA-AN-A03X,TCGA-AN-A03X-01A
1,train,TCGA-AN-A03X-01A_698_TS,TCGA-AN-A03X,TCGA-AN-A03X-01A
1,train,TCGA-AN-A041-01A_251_TS,TCGA-AN-A041,TCGA-AN-A041-01A
1,train,TCGA-AN-A041-01A_417_TS,TCGA-AN-A041,TCGA-AN-A041-01A
1,train,TCGA-AN-A049-01A_162_TS,TCGA-AN-A049,TCGA-AN-A049-01A
1,train,TCGA-AN-A049-01A_498_TS,TCGA-AN-A049,TCGA-AN-A049-01A
1,train,TCGA-AN-A04C-01A_1097_TS,TCGA-AN-A04C,TCGA-AN-A04C-01A
1,train,TCGA-AN-A04C-01A_86_TS,TCGA-AN-A04C,TCGA-AN-A04C-01A
1,train,TCGA-AN-A0AJ-01A_382_TS,TCGA-AN-A0AJ,TCGA-AN-A0AJ-01A
1,train,TCGA-AN-A0AJ-01A_383_TS,TCGA-AN-A0AJ,TCGA-AN-A0AJ-01A
1,train,TCGA-AN-A0AL-01A_608_TS,TCGA-AN-A0AL,TCGA-AN-A0AL-01A
1,train,TCGA-AN-A0AL-01A_609_TS,TCGA-AN-A0AL,TCGA-AN-A0AL-01A
1,train,TCGA-AN-A0AR-01A_1464_TS,TCGA-AN-A0AR,TCGA-AN-A0AR-01A
1,train,TCGA-AN-A0AR-01A_708_TS,TCGA-AN-A0AR,TCGA-AN-A0AR-01A
1,train,TCGA-AN-A0AT-01A_622_TS,TCGA-AN-A0AT,TCGA-AN-A0AT-01A
1,train,TCGA-AN-A0AT-01A_623_TS,TCGA-AN-A0AT,TCGA-AN-A0AT-01A
1,train,TCGA-AN-A0FF-01A_1137_TS,TCGA-AN-A0FF,TCGA-AN-A0FF-01A
1,train,TCGA-AN-A0FF-01A_763_TS,TCGA-AN-A0FF,TCGA-AN-A0FF-01A
1,train,TCGA-AN-A0FK-01A_178_TS,TCGA-AN-A0FK,TCGA-AN-A0FK-01A
1,train,TCGA-AN-A0FK-01A_588_TS,TCGA-AN-A0FK,TCGA-AN-A0FK-01A
1,train,TCGA-AN-A0FN-01A_1447_TS,TCGA-AN-A0FN,TCGA-AN-A0FN-01A
1,train,TCGA-AN-A0FN-01A_1523_TS,TCGA-AN-A0FN,TCGA-AN-A0FN-01A
1,train,TCGA-AN-A0FV-01A_177_TS,TCGA-AN-A0FV,TCGA-AN-A0FV-01A
1,train,TCGA-AN-A0FV-01A_256_TS,TCGA-AN-A0FV,TCGA-AN-A0FV-01A
1,train,TCGA-AN-A0FX-01A_1192_TS,TCGA-AN-A0FX,TCGA-AN-A0FX-01A
1,train,TCGA-AN-A0FX-01A_1219_TS,TCGA-AN-A0FX,TCGA-AN-A0FX-01A
1,train,TCGA-AN-A0FZ-01A_44_TS,TCGA-AN-A0FZ,TCGA-AN-A0FZ-01A
1,train,TCGA-AN-A0FZ-01A_843_TS,TCGA-AN-A0FZ,TCGA-AN-A0FZ-01A
1,train,TCGA-AN-A0XL-01A_459_TS,TCGA-AN-A0XL,TCGA-AN-A0XL-01A
1,train,TCGA-AN-A0XL-01A_547_TS,TCGA-AN-A0XL,TCGA-AN-A0XL-01A
1,train,TCGA-AN-A0XO-01A_1229_TS,TCGA-AN-A0XO,TCGA-AN-A0XO-01A
1,train,TCGA-AN-A0XO-01A_1255_TS,TCGA-AN-A0XO,TCGA-AN-A0XO-01A
1,train,TCGA-AN-A0XR-01A_1500_TS,TCGA-AN-A0XR,TCGA-AN-A0XR-01A
1,train,TCGA-AN-A0XR-01A_1501_TS,TCGA-AN-A0XR,TCGA-AN-A0XR-01A
1,train,TCGA-AN-A0XT-01A_604_TS,TCGA-AN-A0XT,TCGA-AN-A0XT-01A
1,train,TCGA-AN-A0XT-01A_605_TS,TCGA-AN-A0XT,TCGA-AN-A0XT-01A
1,train,TCGA-AN-A0XV-01A_669_TS,TCGA-AN-A0XV,TCGA-AN-A0XV-01A
1,train,TCGA-AN-A0XV-01A_670_TS,TCGA-AN-A0XV,TCGA-AN-A0XV-01A
1,train,TCGA-AO-A03L-01A_1101_TS,TCGA-AO-A03L,TCGA-AO-A03L-01A
1,train,TCGA-AO-A03L-01A_596_TS,TCGA-AO-A03L,TCGA-AO-A03L-01A
1,train,TCGA-AO-A03O-01A_1028_TS,TCGA-AO-A03O,TCGA-AO-A03O-01A
1,train,TCGA-AO-A03O-01A_1126_TS,TCGA-AO-A03O,TCGA-AO-A03O-01A
1,train,TCGA-AO-A03U-01B_627_TS,TCGA-AO-A03U,TCGA-AO-A03U-01B
1,train,TCGA-AO-A03U-01B_628_TS,TCGA-AO-A03U,TCGA-AO-A03U-01B
1,train,TCGA-AO-A0J2-01A_1209_TS,TCGA-AO-A0J2,TCGA-AO-A0J2-01A
1,train,TCGA-AO-A0J2-01A_1237_TS,TCGA-AO-A0J2,TCGA-AO-A0J2-01A
1,train,TCGA-AO-A0J5-01A_1109_TS,TCGA-AO-A0J5,TCGA-AO-A0J5-01A
1,train,TCGA-AO-A0J5-01A_814_TS,TCGA-AO-A0J5,TCGA-AO-A0J5-01A
1,train,TCGA-AO-A0J7-01A_296_TS,TCGA-AO-A0J7,TCGA-AO-A0J7-01A
1,train,TCGA-AO-A0J7-01A_474_TS,TCGA-AO-A0J7,TCGA-AO-A0J7-01A
1,train,TCGA-AO-A0JA-01A_1513_TS,TCGA-AO-A0JA,TCGA-AO-A0JA-01A
1,train,TCGA-AO-A0JA-01A_1553_TS,TCGA-AO-A0JA,TCGA-AO-A0JA-01A
1,train,TCGA-AO-A0JD-01A_1133_TS,TCGA-AO-A0JD,TCGA-AO-A0JD-01A
1,train,TCGA-AO-A0JD-01A_939_TS,TCGA-AO-A0JD,TCGA-AO-A0JD-01A
1,train,TCGA-AO-A0JF-01A_1380_TS,TCGA-AO-A0JF,TCGA-AO-A0JF-01A
1,train,TCGA-AO-A0JF-01A_1434_TS,TCGA-AO-A0JF,TCGA-AO-A0JF-01A
1,train,TCGA-AO-A0JI-01A_1110_TS,TCGA-AO-A0JI,TCGA-AO-A0JI-01A
1,train,TCGA-AO-A0JI-01A_914_TS,TCGA-AO-A0JI,TCGA-AO-A0JI-01A
1,train,TCGA-AO-A0JM-01A_282_TS,TCGA-AO-A0JM,TCGA-AO-A0JM-01A
1,train,TCGA-AO-A0JM-01A_454_TS,TCGA-AO-A0JM,TCGA-AO-A0JM-01A
1,train,TCGA-AO-A125-01A_247_TS,TCGA-AO-A125,TCGA-AO-A125-01A
1,train,TCGA-AO-A125-01A_578_TS,TCGA-AO-A125,TCGA-AO-A125-01A
1,train,TCGA-AO-A128-01A_1032_TS,TCGA-AO-A128,TCGA-AO-A128-01A
1,train,TCGA-AO-A128-01A_1135_TS,TCGA-AO-A128,TCGA-AO-A128-01A
1,train,TCGA-AO-A12A-01A_1086_TS,TCGA-AO-A12A,TCGA-AO-A12A-01A
1,train,TCGA-AO-A12A-01A_800_TS,TCGA-AO-A12A,TCGA-AO-A12A-01A
1,train,TCGA-AO-A12C-01A_79_TS,TCGA-AO-A12C,TCGA-AO-A12C-01A
1,train,TCGA-AO-A12C-01A_989_TS,TCGA-AO-A12C,TCGA-AO-A12C-01A
1,train,TCGA-AO-A12E-01A_1368_TS,TCGA-AO-A12E,TCGA-AO-A12E-01A
1,train,TCGA-AO-A12E-01A_647_TS,TCGA-AO-A12E,TCGA-AO-A12E-01A
1,train,TCGA-AO-A12H-01A_1073_TS,TCGA-AO-A12H,TCGA-AO-A12H-01A
1,train,TCGA-AO-A12H-01A_1163_TS,TCGA-AO-A12H,TCGA-AO-A12H-01A
1,train,TCGA-AO-A1KO-01A_1485_TS,TCGA-AO-A1KO,TCGA-AO-A1KO-01A
1,train,TCGA-AO-A1KP-01A_229_TS,TCGA-AO-A1KP,TCGA-AO-A1KP-01A
1,train,TCGA-AO-A1KT-01A_1246_TS,TCGA-AO-A1KT,TCGA-AO-A1KT-01A
1,train,TCGA-AQ-A04J-01A_313_TS,TCGA-AQ-A04J,TCGA-AQ-A04J-01A
1,train,TCGA-AQ-A04J-01A_482_TS,TCGA-AQ-A04J,TCGA-AQ-A04J-01A
1,train,TCGA-AQ-A0Y5-01A_6_TS,TCGA-AQ-A0Y5,TCGA-AQ-A0Y5-01A
1,train,TCGA-AQ-A0Y5-01A_7_TS,TCGA-AQ-A0Y5,TCGA-AQ-A0Y5-01A
1,train,TCGA-AQ-A1H2-01A_1449_TS,TCGA-AQ-A1H2,TCGA-AQ-A1H2-01A
1,train,TCGA-AQ-A54O-01A_138_TS,TCGA-AQ-A54O,TCGA-AQ-A54O-01A
1,train,TCGA-AQ-A7U7-01A_1129_TS,TCGA-AQ-A7U7,TCGA-AQ-A7U7-01A
1,train,TCGA-AR-A0TQ-01A_279_TS,TCGA-AR-A0TQ,TCGA-AR-A0TQ-01A
1,train,TCGA-AR-A0TQ-01A_364_TS,TCGA-AR-A0TQ,TCGA-AR-A0TQ-01A
1,train,TCGA-AR-A0TS-01A_931_TS,TCGA-AR-A0TS,TCGA-AR-A0TS-01A
1,train,TCGA-AR-A0TS-01A_933_TS,TCGA-AR-A0TS,TCGA-AR-A0TS-01A
1,train,TCGA-AR-A0TU-01A_209_TS,TCGA-AR-A0TU,TCGA-AR-A0TU-01A
1,train,TCGA-AR-A0TU-01A_381_TS,TCGA-AR-A0TU,TCGA-AR-A0TU-01A
1,train,TCGA-AR-A0TW-01A_1029_TS,TCGA-AR-A0TW,TCGA-AR-A0TW-01A
1,train,TCGA-AR-A0TW-01A_42_TS,TCGA-AR-A0TW,TCGA-AR-A0TW-01A
1,train,TCGA-AR-A0TY-01A_1379_TS,TCGA-AR-A0TY,TCGA-AR-A0TY-01A
1,train,TCGA-AR-A0TY-01A_91_TS,TCGA-AR-A0TY,TCGA-AR-A0TY-01A
1,train,TCGA-AR-A0U0-01A_736_TS,TCGA-AR-A0U0,TCGA-AR-A0U0-01A
1,train,TCGA-AR-A0U0-01A_816_TS,TCGA-AR-A0U0,TCGA-AR-A0U0-01A
1,train,TCGA-AR-A0U3-01A_1145_TS,TCGA-AR-A0U3,TCGA-AR-A0U3-01A
1,train,TCGA-AR-A0U3-01A_1147_TS,TCGA-AR-A0U3,TCGA-AR-A0U3-01A
1,train,TCGA-AR-A1AK-01A_563_TS,TCGA-AR-A1AK,TCGA-AR-A1AK-01A
1,train,TCGA-AR-A1AL-01A_974_TS,TCGA-AR-A1AL,TCGA-AR-A1AL-01A
1,train,TCGA-AR-A1AO-01A_225_TS,TCGA-AR-A1AO,TCGA-AR-A1AO-01A
1,train,TCGA-AR-A1AP-01A_130_TS,TCGA-AR-A1AP,TCGA-AR-A1AP-01A
1,train,TCGA-AR-A1AS-01A_862_TS,TCGA-AR-A1AS,TCGA-AR-A1AS-01A
1,train,TCGA-AR-A1AT-01A_1479_TS,TCGA-AR-A1AT,TCGA-AR-A1AT-01A
1,train,TCGA-AR-A1AW-01A_1422_TS,TCGA-AR-A1AW,TCGA-AR-A1AW-01A
1,train,TCGA-AR-A1AX-01A_1382_TS,TCGA-AR-A1AX,TCGA-AR-A1AX-01A
1,train,TCGA-AR-A24K-01A_964_TS,TCGA-AR-A24K,TCGA-AR-A24K-01A
1,train,TCGA-AR-A24L-01A_1305_TS,TCGA-AR-A24L,TCGA-AR-A24L-01A
1,train,TCGA-AR-A24O-01A_1008_TS,TCGA-AR-A24O,TCGA-AR-A24O-01A
1,train,TCGA-AR-A24P-01A_1205_TS,TCGA-AR-A24P,TCGA-AR-A24P-01A
1,train,TCGA-AR-A24S-01A_80_TS,TCGA-AR-A24S,TCGA-AR-A24S-01A
1,train,TCGA-AR-A24T-01A_937_TS,TCGA-AR-A24T,TCGA-AR-A24T-01A
1,train,TCGA-AR-A24W-01A_1090_TS,TCGA-AR-A24W,TCGA-AR-A24W-01A
1,train,TCGA-AR-A24X-01A_460_TS,TCGA-AR-A24X,TCGA-AR-A24X-01A
1,train,TCGA-AR-A251-01A_205_TS,TCGA-AR-A251,TCGA-AR-A251-01A
1,train,TCGA-AR-A252-01A_829_TS,TCGA-AR-A252,TCGA-AR-A252-01A
1,train,TCGA-AR-A256-01A_1243_TS,TCGA-AR-A256,TCGA-AR-A256-01A
1,train,TCGA-AR-A2LH-01A_222_TS,TCGA-AR-A2LH,TCGA-AR-A2LH-01A
1,train,TCGA-AR-A2LL-01A_19_TS,TCGA-AR-A2LL,TCGA-AR-A2LL-01A
1,train,TCGA-AR-A2LM-01A_29_TS,TCGA-AR-A2LM,TCGA-AR-A2LM-01A
1,train,TCGA-AR-A2LQ-01A_238_TS,TCGA-AR-A2LQ,TCGA-AR-A2LQ-01A
1,train,TCGA-AR-A2LR-01A_11_TS,TCGA-AR-A2LR,TCGA-AR-A2LR-01A
1,train,TCGA-AR-A5QP-01A_659_TS,TCGA-AR-A5QP,TCGA-AR-A5QP-01A
1,train,TCGA-AR-A5QQ-01A_1381_TS,TCGA-AR-A5QQ,TCGA-AR-A5QQ-01A
1,train,TCGA-B6-A0I1-01A_114_TS,TCGA-B6-A0I1,TCGA-B6-A0I1-01A
1,train,TCGA-B6-A0I1-01A_201_TS,TCGA-B6-A0I1,TCGA-B6-A0I1-01A
1,train,TCGA-B6-A0I6-01A_1290_TS,TCGA-B6-A0I6,TCGA-B6-A0I6-01A
1,train,TCGA-B6-A0I6-01A_632_TS,TCGA-B6-A0I6,TCGA-B6-A0I6-01A
1,train,TCGA-B6-A0I9-01A_113_TS,TCGA-B6-A0I9,TCGA-B6-A0I9-01A
1,train,TCGA-B6-A0I9-01A_367_TS,TCGA-B6-A0I9,TCGA-B6-A0I9-01A
1,train,TCGA-B6-A0IB-01A_1272_TS,TCGA-B6-A0IB,TCGA-B6-A0IB-01A
1,train,TCGA-B6-A0IB-01A_1413_TS,TCGA-B6-A0IB,TCGA-B6-A0IB-01A
1,train,TCGA-B6-A0IE-01A_859_TS,TCGA-B6-A0IE,TCGA-B6-A0IE-01A
1,train,TCGA-B6-A0IE-01A_860_TS,TCGA-B6-A0IE,TCGA-B6-A0IE-01A
1,train,TCGA-B6-A0IH-01A_1065_TS,TCGA-B6-A0IH,TCGA-B6-A0IH-01A
1,train,TCGA-B6-A0IH-01A_870_TS,TCGA-B6-A0IH,TCGA-B6-A0IH-01A
1,train,TCGA-B6-A0IK-01A_18_TS,TCGA-B6-A0IK,TCGA-B6-A0IK-01A
1,train,TCGA-B6-A0IK-01A_915_TS,TCGA-B6-A0IK,TCGA-B6-A0IK-01A
1,train,TCGA-B6-A0IO-01A_1353_TS,TCGA-B6-A0IO,TCGA-B6-A0IO-01A
1,train,TCGA-B6-A0IO-01A_1354_TS,TCGA-B6-A0IO,TCGA-B6-A0IO-01A
1,train,TCGA-B6-A0IQ-01A_1188_TS,TCGA-B6-A0IQ,TCGA-B6-A0IQ-01A
1,train,TCGA-B6-A0IQ-01A_1360_TS,TCGA-B6-A0IQ,TCGA-B6-A0IQ-01A
1,train,TCGA-B6-A0RG-01A_1085_TS,TCGA-B6-A0RG,TCGA-B6-A0RG-01A
1,train,TCGA-B6-A0RG-01A_895_TS,TCGA-B6-A0RG,TCGA-B6-A0RG-01A
1,train,TCGA-B6-A0RI-01A_164_TS,TCGA-B6-A0RI,TCGA-B6-A0RI-01A
1,train,TCGA-B6-A0RI-01A_327_TS,TCGA-B6-A0RI,TCGA-B6-A0RI-01A
1,train,TCGA-B6-A0RM-01A_841_TS,TCGA-B6-A0RM,TCGA-B6-A0RM-01A
1,train,TCGA-B6-A0RM-01A_940_TS,TCGA-B6-A0RM,TCGA-B6-A0RM-01A
1,train,TCGA-B6-A0RO-01A_1072_TS,TCGA-B6-A0RO,TCGA-B6-A0RO-01A
1,train,TCGA-B6-A0RO-01A_1074_TS,TCGA-B6-A0RO,TCGA-B6-A0RO-01A
1,train,TCGA-B6-A0RQ-01A_733_TS,TCGA-B6-A0RQ,TCGA-B6-A0RQ-01A
1,train,TCGA-B6-A0RQ-01A_734_TS,TCGA-B6-A0RQ,TCGA-B6-A0RQ-01A
1,train,TCGA-B6-A0RT-01A_948_TS,TCGA-B6-A0RT,TCGA-B6-A0RT-01A
1,train,TCGA-B6-A0RT-01A_949_TS,TCGA-B6-A0RT,TCGA-B6-A0RT-01A
1,train,TCGA-B6-A0RV-01A_123_TS,TCGA-B6-A0RV,TCGA-B6-A0RV-01A
1,train,TCGA-B6-A0RV-01A_549_TS,TCGA-B6-A0RV,TCGA-B6-A0RV-01A
1,train,TCGA-B6-A0WT-01A_1143_TS,TCGA-B6-A0WT,TCGA-B6-A0WT-01A
1,train,TCGA-B6-A0WT-01A_853_TS,TCGA-B6-A0WT,TCGA-B6-A0WT-01A
1,train,TCGA-B6-A0WW-01A_1391_TS,TCGA-B6-A0WW,TCGA-B6-A0WW-01A
1,train,TCGA-B6-A0WW-01A_713_TS,TCGA-B6-A0WW,TCGA-B6-A0WW-01A
1,train,TCGA-B6-A0WY-01A_1075_TS,TCGA-B6-A0WY,TCGA-B6-A0WY-01A
1,train,TCGA-B6-A0WY-01A_1078_TS,TCGA-B6-A0WY,TCGA-B6-A0WY-01A
1,train,TCGA-B6-A0X0-01A_1306_TS,TCGA-B6-A0X0,TCGA-B6-A0X0-01A
1,train,TCGA-B6-A0X0-01A_648_TS,TCGA-B6-A0X0,TCGA-B6-A0X0-01A
1,train,TCGA-B6-A0X4-01A_419_TS,TCGA-B6-A0X4,TCGA-B6-A0X4-01A
1,train,TCGA-B6-A0X4-01A_508_TS,TCGA-B6-A0X4,TCGA-B6-A0X4-01A
1,train,TCGA-B6-A1KI-01A_37_TS,TCGA-B6-A1KI,TCGA-B6-A1KI-01A
1,train,TCGA-B6-A1KN-01A_347_TS,TCGA-B6-A1KN,TCGA-B6-A1KN-01A
1,train,TCGA-B6-A400-01A_1214_TS,TCGA-B6-A400,TCGA-B6-A400-01A
1,train,TCGA-B6-A401-01A_551_TS,TCGA-B6-A401,TCGA-B6-A401-01A
1,train,TCGA-B6-A409-01A_1267_TS,TCGA-B6-A409,TCGA-B6-A409-01A
1,train,TCGA-B6-A40B-01A_492_TS,TCGA-B6-A40B,TCGA-B6-A40B-01A
1,train,TCGA-BH-A0AU-01A_140_TS,TCGA-BH-A0AU,TCGA-BH-A0AU-01A
1,train,TCGA-BH-A0AU-01A_143_TS,TCGA-BH-A0AU,TCGA-BH-A0AU-01A
1,train,TCGA-BH-A0AW-01A_1526_TS,TCGA-BH-A0AW,TCGA-BH-A0AW-01A
1,train,TCGA-BH-A0AW-01A_1528_TS,TCGA-BH-A0AW,TCGA-BH-A0AW-01A
1,train,TCGA-BH-A0B0-01A_1031_TS,TCGA-BH-A0B0,TCGA-BH-A0B0-01A
1,train,TCGA-BH-A0B0-01A_1132_TS,TCGA-BH-A0B0,TCGA-BH-A0B0-01A
1,train,TCGA-BH-A0B2-01A_1114_TS,TCGA-BH-A0B2,TCGA-BH-A0B2-01A
1,train,TCGA-BH-A0B2-01A_773_TS,TCGA-BH-A0B2,TCGA-BH-A0B2-01A
1,train,TCGA-BH-A0B5-01A_71_TS,TCGA-BH-A0B5,TCGA-BH-A0B5-01A
1,train,TCGA-BH-A0B5-01A_781_TS,TCGA-BH-A0B5,TCGA-BH-A0B5-01A
1,train,TCGA-BH-A0B7-01A_1302_TS,TCGA-BH-A0B7,TCGA-BH-A0B7-01A
1,train,TCGA-BH-A0B7-01A_1349_TS,TCGA-BH-A0B7,TCGA-BH-A0B7-01A
1,train,TCGA-BH-A0B9-01A_280_TS,TCGA-BH-A0B9,TCGA-BH-A0B9-01A
1,train,TCGA-BH-A0B9-01A_540_TS,TCGA-BH-A0B9,TCGA-BH-A0B9-01A
1,train,TCGA-BH-A0BC-01A_330_TS,TCGA-BH-A0BC,TCGA-BH-A0BC-01A
1,train,TCGA-BH-A0BC-01A_499_TS,TCGA-BH-A0BC,TCGA-BH-A0BC-01A
1,train,TCGA-BH-A0BF-01A_1051_TS,TCGA-BH-A0BF,TCGA-BH-A0BF-01A
1,train,TCGA-BH-A0BF-01A_66_TS,TCGA-BH-A0BF,TCGA-BH-A0BF-01A
1,train,TCGA-BH-A0BJ-01A_1256_TS,TCGA-BH-A0BJ,TCGA-BH-A0BJ-01A
1,train,TCGA-BH-A0BJ-01A_432_TS,TCGA-BH-A0BJ,TCGA-BH-A0BJ-01A
1,train,TCGA-BH-A0BM-01A_754_TS,TCGA-BH-A0BM,TCGA-BH-A0BM-01A
1,train,TCGA-BH-A0BM-01A_842_TS,TCGA-BH-A0BM,TCGA-BH-A0BM-01A
1,train,TCGA-BH-A0BP-01A_1491_TS,TCGA-BH-A0BP,TCGA-BH-A0BP-01A
1,train,TCGA-BH-A0BP-01A_711_TS,TCGA-BH-A0BP,TCGA-BH-A0BP-01A
1,train,TCGA-BH-A0BR-01A_306_TS,TCGA-BH-A0BR,TCGA-BH-A0BR-01A
1,train,TCGA-BH-A0BR-01A_393_TS,TCGA-BH-A0BR,TCGA-BH-A0BR-01A
1,train,TCGA-BH-A0BT-01A_1350_TS,TCGA-BH-A0BT,TCGA-BH-A0BT-01A
1,train,TCGA-BH-A0BT-01A_1365_TS,TCGA-BH-A0BT,TCGA-BH-A0BT-01A
1,train,TCGA-BH-A0BW-01A_1138_TS,TCGA-BH-A0BW,TCGA-BH-A0BW-01A
1,train,TCGA-BH-A0BW-01A_944_TS,TCGA-BH-A0BW,TCGA-BH-A0BW-01A
1,train,TCGA-BH-A0C0-01A_1011_TS,TCGA-BH-A0C0,TCGA-BH-A0C0-01A
1,train,TCGA-BH-A0C0-01A_1113_TS,TCGA-BH-A0C0,TCGA-BH-A0C0-01A
1,train,TCGA-BH-A0C3-01A_107_TS,TCGA-BH-A0C3,TCGA-BH-A0C3-01A
1,train,TCGA-BH-A0C3-01A_108_TS,TCGA-BH-A0C3,TCGA-BH-A0C3-01A
1,train,TCGA-BH-A0DD-01A_259_TS,TCGA-BH-A0DD,TCGA-BH-A0DD-01A
1,train,TCGA-BH-A0DD-01A_514_TS,TCGA-BH-A0DD,TCGA-BH-A0DD-01A
1,train,TCGA-BH-A0DH-01A_210_TS,TCGA-BH-A0DH,TCGA-BH-A0DH-01A
1,train,TCGA-BH-A0DH-01A_548_TS,TCGA-BH-A0DH,TCGA-BH-A0DH-01A
1,train,TCGA-BH-A0DK-01A_1389_TS,TCGA-BH-A0DK,TCGA-BH-A0DK-01A
1,train,TCGA-BH-A0DK-01A_1442_TS,TCGA-BH-A0DK,TCGA-BH-A0DK-01A
1,train,TCGA-BH-A0DO-01B_1216_TS,TCGA-BH-A0DO,TCGA-BH-A0DO-01B
1,train,TCGA-BH-A0DO-01B_1217_TS,TCGA-BH-A0DO,TCGA-BH-A0DO-01B
1,train,TCGA-BH-A0DQ-01A_597_TS,TCGA-BH-A0DQ,TCGA-BH-A0DQ-01A
1,train,TCGA-BH-A0DQ-01A_598_TS,TCGA-BH-A0DQ,TCGA-BH-A0DQ-01A
1,train,TCGA-BH-A0DT-01A_796_TS,TCGA-BH-A0DT,TCGA-BH-A0DT-01A
1,train,TCGA-BH-A0DT-01A_988_TS,TCGA-BH-A0DT,TCGA-BH-A0DT-01A
1,train,TCGA-BH-A0DX-01A_1291_TS,TCGA-BH-A0DX,TCGA-BH-A0DX-01A
1,train,TCGA-BH-A0DX-01A_1332_TS,TCGA-BH-A0DX,TCGA-BH-A0DX-01A
1,train,TCGA-BH-A0E1-01A_236_TS,TCGA-BH-A0E1,TCGA-BH-A0E1-01A
1,train,TCGA-BH-A0E1-01A_237_TS,TCGA-BH-A0E1,TCGA-BH-A0E1-01A
1,train,TCGA-BH-A0E6-01A_1095_TS,TCGA-BH-A0E6,TCGA-BH-A0E6-01A
1,train,TCGA-BH-A0E6-01A_85_TS,TCGA-BH-A0E6,TCGA-BH-A0E6-01A
1,train,TCGA-BH-A0E9-01B_103_TS,TCGA-BH-A0E9,TCGA-BH-A0E9-01B
1,train,TCGA-BH-A0E9-01B_352_TS,TCGA-BH-A0E9,TCGA-BH-A0E9-01B
1,train,TCGA-BH-A0EB-01A_1390_TS,TCGA-BH-A0EB,TCGA-BH-A0EB-01A
1,train,TCGA-BH-A0EB-01A_1474_TS,TCGA-BH-A0EB,TCGA-BH-A0EB-01A
1,train,TCGA-BH-A0EI-01A_1127_TS,TCGA-BH-A0EI,TCGA-BH-A0EI-01A
1,train,TCGA-BH-A0EI-01A_834_TS,TCGA-BH-A0EI,TCGA-BH-A0EI-01A
1,train,TCGA-BH-A0H3-01A_1180_TS,TCGA-BH-A0H3,TCGA-BH-A0H3-01A
1,train,TCGA-BH-A0H3-01A_1331_TS,TCGA-BH-A0H3,TCGA-BH-A0H3-01A
1,train,TCGA-BH-A0H6-01A_678_TS,TCGA-BH-A0H6,TCGA-BH-A0H6-01A
1,train,TCGA-BH-A0H6-01A_679_TS,TCGA-BH-A0H6,TCGA-BH-A0H6-01A
1,train,TCGA-BH-A0H9-01A_1151_TS,TCGA-BH-A0H9,TCGA-BH-A0H9-01A
1,train,TCGA-BH-A0H9-01A_968_TS,TCGA-BH-A0H9,TCGA-BH-A0H9-01A
1,train,TCGA-BH-A0HB-01A_344_TS,TCGA-BH-A0HB,TCGA-BH-A0HB-01A
1,train,TCGA-BH-A0HB-01A_428_TS,TCGA-BH-A0HB,TCGA-BH-A0HB-01A
1,train,TCGA-BH-A0HI-01A_211_TS,TCGA-BH-A0HI,TCGA-BH-A0HI-01A
1,train,TCGA-BH-A0HL-01A_855_TS,TCGA-BH-A0HL,TCGA-BH-A0HL-01A
1,train,TCGA-BH-A0HL-01A_956_TS,TCGA-BH-A0HL,TCGA-BH-A0HL-01A
1,train,TCGA-BH-A0HO-01A_412_TS,TCGA-BH-A0HO,TCGA-BH-A0HO-01A
1,train,TCGA-BH-A0HO-01A_496_TS,TCGA-BH-A0HO,TCGA-BH-A0HO-01A
1,train,TCGA-BH-A0HQ-01A_1431_TS,TCGA-BH-A0HQ,TCGA-BH-A0HQ-01A
1,train,TCGA-BH-A0HQ-01A_1432_TS,TCGA-BH-A0HQ,TCGA-BH-A0HQ-01A
1,train,TCGA-BH-A0HW-01A_189_TS,TCGA-BH-A0HW,TCGA-BH-A0HW-01A
1,train,TCGA-BH-A0HW-01A_261_TS,TCGA-BH-A0HW,TCGA-BH-A0HW-01A
1,train,TCGA-BH-A0HY-01A_155_TS,TCGA-BH-A0HY,TCGA-BH-A0HY-01A
1,train,TCGA-BH-A0HY-01A_489_TS,TCGA-BH-A0HY,TCGA-BH-A0HY-01A
1,train,TCGA-BH-A0W3-01A_660_TS,TCGA-BH-A0W3,TCGA-BH-A0W3-01A
1,train,TCGA-BH-A0W3-01A_661_TS,TCGA-BH-A0W3,TCGA-BH-A0W3-01A
1,train,TCGA-BH-A0W5-01A_832_TS,TCGA-BH-A0W5,TCGA-BH-A0W5-01A
1,train,TCGA-BH-A0W5-01A_935_TS,TCGA-BH-A0W5,TCGA-BH-A0W5-01A
1,train,TCGA-BH-A0WA-01A_272_TS,TCGA-BH-A0WA,TCGA-BH-A0WA-01A
1,train,TCGA-BH-A0WA-01A_361_TS,TCGA-BH-A0WA,TCGA-BH-A0WA-01A
1,train,TCGA-BH-A18F-01A_415_TS,TCGA-BH-A18F,TCGA-BH-A18F-01A
1,train,TCGA-BH-A18I-01A_998_TS,TCGA-BH-A18I,TCGA-BH-A18I-01A
1,train,TCGA-BH-A18J-01A_425_TS,TCGA-BH-A18J,TCGA-BH-A18J-01A
1,train,TCGA-BH-A18M-01A_1396_TS,TCGA-BH-A18M,TCGA-BH-A18M-01A
1,train,TCGA-BH-A18N-01A_997_TS,TCGA-BH-A18N,TCGA-BH-A18N-01A
1,train,TCGA-BH-A18R-01A_1559_TS,TCGA-BH-A18R,TCGA-BH-A18R-01A
1,train,TCGA-BH-A18S-01A_366_TS,TCGA-BH-A18S,TCGA-BH-A18S-01A
1,train,TCGA-BH-A18V-01A_1093_TS,TCGA-BH-A18V,TCGA-BH-A18V-01A
1,train,TCGA-BH-A1EN-01A_849_TS,TCGA-BH-A1EN,TCGA-BH-A1EN-01A
1,train,TCGA-BH-A1ET-01A_335_TS,TCGA-BH-A1ET,TCGA-BH-A1ET-01A
1,train,TCGA-BH-A1EU-01A_1419_TS,TCGA-BH-A1EU,TCGA-BH-A1EU-01A
1,train,TCGA-BH-A1EX-01A_528_TS,TCGA-BH-A1EX,TCGA-BH-A1EX-01A
1,train,TCGA-BH-A1EY-01A_629_TS,TCGA-BH-A1EY,TCGA-BH-A1EY-01A
1,train,TCGA-BH-A1F5-01A_777_TS,TCGA-BH-A1F5,TCGA-BH-A1F5-01A
1,train,TCGA-BH-A1F6-01A_873_TS,TCGA-BH-A1F6,TCGA-BH-A1F6-01A
1,train,TCGA-BH-A1FC-01A_398_TS,TCGA-BH-A1FC,TCGA-BH-A1FC-01A
1,train,TCGA-BH-A1FD-01A_922_TS,TCGA-BH-A1FD,TCGA-BH-A1FD-01A
1,train,TCGA-BH-A1FJ-01A_1557_TS,TCGA-BH-A1FJ,TCGA-BH-A1FJ-01A
1,train,TCGA-BH-A1FL-01A_1269_TS,TCGA-BH-A1FL,TCGA-BH-A1FL-01A
1,train,TCGA-BH-A1FU-01A_1502_TS,TCGA-BH-A1FU,TCGA-BH-A1FU-01A
1,train,TCGA-BH-A201-01A_656_TS,TCGA-BH-A201,TCGA-BH-A201-01A
1,train,TCGA-BH-A204-01A_621_TS,TCGA-BH-A204,TCGA-BH-A204-01A
1,train,TCGA-BH-A208-01A_266_TS,TCGA-BH-A208,TCGA-BH-A208-01A
1,train,TCGA-BH-A28Q-01A_747_TS,TCGA-BH-A28Q,TCGA-BH-A28Q-01A
1,train,TCGA-BH-A2L8-01A_522_TS,TCGA-BH-A2L8,TCGA-BH-A2L8-01A
1,train,TCGA-BH-A42V-01A_539_TS,TCGA-BH-A42V,TCGA-BH-A42V-01A
1,train,TCGA-BH-A5IZ-01A_601_TS,TCGA-BH-A5IZ,TCGA-BH-A5IZ-01A
1,train,TCGA-BH-A6R9-01A_531_TS,TCGA-BH-A6R9,TCGA-BH-A6R9-01A
1,train,TCGA-BH-A8FY-01A_278_TS,TCGA-BH-A8FY,TCGA-BH-A8FY-01A
1,train,TCGA-BH-AB28-01A_1344_TS,TCGA-BH-AB28,TCGA-BH-AB28-01A
1,train,TCGA-C8-A12L-01A_111_TS,TCGA-C8-A12L,TCGA-C8-A12L-01A
1,train,TCGA-C8-A12L-01A_534_TS,TCGA-C8-A12L,TCGA-C8-A12L-01A
1,train,TCGA-C8-A12N-01A_145_TS,TCGA-C8-A12N,TCGA-C8-A12N-01A
1,train,TCGA-C8-A12N-01A_481_TS,TCGA-C8-A12N,TCGA-C8-A12N-01A
1,train,TCGA-C8-A12P-01A_666_TS,TCGA-C8-A12P,TCGA-C8-A12P-01A
1,train,TCGA-C8-A12P-01A_667_TS,TCGA-C8-A12P,TCGA-C8-A12P-01A
1,train,TCGA-C8-A12T-01A_795_TS,TCGA-C8-A12T,TCGA-C8-A12T-01A
1,train,TCGA-C8-A12T-01A_887_TS,TCGA-C8-A12T,TCGA-C8-A12T-01A
1,train,TCGA-C8-A12V-01A_848_TS,TCGA-C8-A12V,TCGA-C8-A12V-01A
1,train,TCGA-C8-A12V-01A_943_TS,TCGA-C8-A12V,TCGA-C8-A12V-01A
1,train,TCGA-C8-A12X-01A_78_TS,TCGA-C8-A12X,TCGA-C8-A12X-01A
1,train,TCGA-C8-A12X-01A_798_TS,TCGA-C8-A12X,TCGA-C8-A12X-01A
1,train,TCGA-C8-A12Z-01A_149_TS,TCGA-C8-A12Z,TCGA-C8-A12Z-01A
1,train,TCGA-C8-A12Z-01A_153_TS,TCGA-C8-A12Z,TCGA-C8-A12Z-01A
1,train,TCGA-C8-A131-01A_1050_TS,TCGA-C8-A131,TCGA-C8-A131-01A
1,train,TCGA-C8-A131-01A_976_TS,TCGA-C8-A131,TCGA-C8-A131-01A
1,train,TCGA-C8-A133-01A_403_TS,TCGA-C8-A133,TCGA-C8-A133-01A
1,train,TCGA-C8-A133-01A_572_TS,TCGA-C8-A133,TCGA-C8-A133-01A
1,train,TCGA-C8-A135-01A_132_TS,TCGA-C8-A135,TCGA-C8-A135-01A
1,train,TCGA-C8-A135-01A_476_TS,TCGA-C8-A135,TCGA-C8-A135-01A
1,train,TCGA-C8-A1HE-01A_1540_TS,TCGA-C8-A1HE,TCGA-C8-A1HE-01A
1,train,TCGA-C8-A1HI-01A_1010_TS,TCGA-C8-A1HI,TCGA-C8-A1HI-01A
1,train,TCGA-C8-A1HK-01A_1063_TS,TCGA-C8-A1HK,TCGA-C8-A1HK-01A
1,train,TCGA-C8-A1HN-01A_1034_TS,TCGA-C8-A1HN,TCGA-C8-A1HN-01A
1,train,TCGA-C8-A1HO-01A_738_TS,TCGA-C8-A1HO,TCGA-C8-A1HO-01A
1,train,TCGA-C8-A26X-01A_883_TS,TCGA-C8-A26X,TCGA-C8-A26X-01A
1,train,TCGA-C8-A26Y-01A_353_TS,TCGA-C8-A26Y,TCGA-C8-A26Y-01A
1,train,TCGA-C8-A274-01A_739_TS,TCGA-C8-A274,TCGA-C8-A274-01A
1,train,TCGA-C8-A275-01A_378_TS,TCGA-C8-A275,TCGA-C8-A275-01A
1,train,TCGA-C8-A27B-01A_1472_TS,TCGA-C8-A27B,TCGA-C8-A27B-01A
1,train,TCGA-C8-A3M7-01A_386_TS,TCGA-C8-A3M7,TCGA-C8-A3M7-01A
1,train,TCGA-C8-A8HR-01A_346_TS,TCGA-C8-A8HR,TCGA-C8-A8HR-01A
1,train,TCGA-D8-A13Y-01A_1197_TS,TCGA-D8-A13Y,TCGA-D8-A13Y-01A
1,train,TCGA-D8-A13Y-01A_1249_TS,TCGA-D8-A13Y,TCGA-D8-A13Y-01A
1,train,TCGA-D8-A140-01A_1538_TS,TCGA-D8-A140,TCGA-D8-A140-01A
1,train,TCGA-D8-A140-01A_1567_TS,TCGA-D8-A140,TCGA-D8-A140-01A
1,train,TCGA-D8-A142-01A_294_TS,TCGA-D8-A142,TCGA-D8-A142-01A
1,train,TCGA-D8-A142-01A_379_TS,TCGA-D8-A142,TCGA-D8-A142-01A
1,train,TCGA-D8-A145-01A_376_TS,TCGA-D8-A145,TCGA-D8-A145-01A
1,train,TCGA-D8-A145-01A_552_TS,TCGA-D8-A145,TCGA-D8-A145-01A
1,train,TCGA-D8-A146-01A_740_TS,TCGA-D8-A146,TCGA-D8-A146-01A
1,train,TCGA-D8-A1JA-01A_1096_TS,TCGA-D8-A1JA,TCGA-D8-A1JA-01A
1,train,TCGA-D8-A1JB-01A_265_TS,TCGA-D8-A1JB,TCGA-D8-A1JB-01A
1,train,TCGA-D8-A1JE-01A_595_TS,TCGA-D8-A1JE,TCGA-D8-A1JE-01A
1,train,TCGA-D8-A1JF-01A_429_TS,TCGA-D8-A1JF,TCGA-D8-A1JF-01A
1,train,TCGA-D8-A1JI-01A_192_TS,TCGA-D8-A1JI,TCGA-D8-A1JI-01A
1,train,TCGA-D8-A1JJ-01A_1025_TS,TCGA-D8-A1JJ,TCGA-D8-A1JJ-01A
1,train,TCGA-D8-A1JM-01A_607_TS,TCGA-D8-A1JM,TCGA-D8-A1JM-01A
1,train,TCGA-D8-A1JN-01A_520_TS,TCGA-D8-A1JN,TCGA-D8-A1JN-01A
1,train,TCGA-D8-A1JT-01A_374_TS,TCGA-D8-A1JT,TCGA-D8-A1JT-01A
1,train,TCGA-D8-A1JU-01A_681_TS,TCGA-D8-A1JU,TCGA-D8-A1JU-01A
1,train,TCGA-D8-A1X7-01A_466_TS,TCGA-D8-A1X7,TCGA-D8-A1X7-01A
1,train,TCGA-D8-A1X8-01A_1547_TS,TCGA-D8-A1X8,TCGA-D8-A1X8-01A
1,train,TCGA-D8-A1XB-01A_742_TS,TCGA-D8-A1XB,TCGA-D8-A1XB-01A
1,train,TCGA-D8-A1XC-01A_70_TS,TCGA-D8-A1XC,TCGA-D8-A1XC-01A
1,train,TCGA-D8-A1XG-01A_1322_TS,TCGA-D8-A1XG,TCGA-D8-A1XG-01A
1,train,TCGA-D8-A1XJ-01A_469_TS,TCGA-D8-A1XJ,TCGA-D8-A1XJ-01A
1,train,TCGA-D8-A1XM-01A_295_TS,TCGA-D8-A1XM,TCGA-D8-A1XM-01A
1,train,TCGA-D8-A1XO-01A_808_TS,TCGA-D8-A1XO,TCGA-D8-A1XO-01A
1,train,TCGA-D8-A1XS-01A_1182_TS,TCGA-D8-A1XS,TCGA-D8-A1XS-01A
1,train,TCGA-D8-A1XT-01A_1259_TS,TCGA-D8-A1XT,TCGA-D8-A1XT-01A
1,train,TCGA-D8-A1XW-01A_1562_TS,TCGA-D8-A1XW,TCGA-D8-A1XW-01A
1,train,TCGA-D8-A1XY-01A_1295_TS,TCGA-D8-A1XY,TCGA-D8-A1XY-01A
1,train,TCGA-D8-A1Y1-01A_228_TS,TCGA-D8-A1Y1,TCGA-D8-A1Y1-01A
1,train,TCGA-D8-A1Y2-01A_1035_TS,TCGA-D8-A1Y2,TCGA-D8-A1Y2-01A
1,train,TCGA-D8-A27F-01A_1271_TS,TCGA-D8-A27F,TCGA-D8-A27F-01A
1,train,TCGA-D8-A27G-01A_1142_TS,TCGA-D8-A27G,TCGA-D8-A27G-01A
1,train,TCGA-D8-A27K-01A_1047_TS,TCGA-D8-A27K,TCGA-D8-A27K-01A
1,train,TCGA-D8-A27L-01A_483_TS,TCGA-D8-A27L,TCGA-D8-A27L-01A
1,train,TCGA-D8-A27P-01A_719_TS,TCGA-D8-A27P,TCGA-D8-A27P-01A
1,train,TCGA-D8-A27R-01A_28_TS,TCGA-D8-A27R,TCGA-D8-A27R-01A
1,train,TCGA-D8-A27W-01A_865_TS,TCGA-D8-A27W,TCGA-D8-A27W-01A
1,train,TCGA-D8-A3Z5-01A_269_TS,TCGA-D8-A3Z5,TCGA-D8-A3Z5-01A
1,train,TCGA-D8-A73U-01A_385_TS,TCGA-D8-A73U,TCGA-D8-A73U-01A
1,train,TCGA-D8-A73W-01A_1438_TS,TCGA-D8-A73W,TCGA-D8-A73W-01A
1,train,TCGA-E2-A105-01A_686_TS,TCGA-E2-A105,TCGA-E2-A105-01A
1,train,TCGA-E2-A105-01A_687_TS,TCGA-E2-A105,TCGA-E2-A105-01A
1,train,TCGA-E2-A107-01A_1440_TS,TCGA-E2-A107,TCGA-E2-A107-01A
1,train,TCGA-E2-A107-01A_1493_TS,TCGA-E2-A107,TCGA-E2-A107-01A
1,train,TCGA-E2-A109-01A_1385_TS,TCGA-E2-A109,TCGA-E2-A109-01A
1,train,TCGA-E2-A109-01A_1492_TS,TCGA-E2-A109,TCGA-E2-A109-01A
1,train,TCGA-E2-A10B-01A_151_TS,TCGA-E2-A10B,TCGA-E2-A10B-01A
1,train,TCGA-E2-A10B-01A_486_TS,TCGA-E2-A10B,TCGA-E2-A10B-01A
1,train,TCGA-E2-A10E-01A_181_TS,TCGA-E2-A10E,TCGA-E2-A10E-01A
1,train,TCGA-E2-A10E-01A_98_TS,TCGA-E2-A10E,TCGA-E2-A10E-01A
1,train,TCGA-E2-A14O-01A_488_TS,TCGA-E2-A14O,TCGA-E2-A14O-01A
1,train,TCGA-E2-A14P-01A_1515_TS,TCGA-E2-A14P,TCGA-E2-A14P-01A
1,train,TCGA-E2-A14S-01A_1044_TS,TCGA-E2-A14S,TCGA-E2-A14S-01A
1,train,TCGA-E2-A14T-01A_287_TS,TCGA-E2-A14T,TCGA-E2-A14T-01A
1,train,TCGA-E2-A14W-01A_1471_TS,TCGA-E2-A14W,TCGA-E2-A14W-01A
1,train,TCGA-E2-A14X-01A_401_TS,TCGA-E2-A14X,TCGA-E2-A14X-01A
1,train,TCGA-E2-A150-01A_502_TS,TCGA-E2-A150,TCGA-E2-A150-01A
1,train,TCGA-E2-A152-01A_1522_TS,TCGA-E2-A152,TCGA-E2-A152-01A
1,train,TCGA-E2-A155-01A_1121_TS,TCGA-E2-A155,TCGA-E2-A155-01A
1,train,TCGA-E2-A156-01A_1497_TS,TCGA-E2-A156,TCGA-E2-A156-01A
1,train,TCGA-E2-A15A-01A_991_TS,TCGA-E2-A15A,TCGA-E2-A15A-01A
1,train,TCGA-E2-A15C-01A_94_TS,TCGA-E2-A15C,TCGA-E2-A15C-01A
1,train,TCGA-E2-A15F-01A_716_TS,TCGA-E2-A15F,TCGA-E2-A15F-01A
1,train,TCGA-E2-A15G-01A_515_TS,TCGA-E2-A15G,TCGA-E2-A15G-01A
1,train,TCGA-E2-A15J-01A_1340_TS,TCGA-E2-A15J,TCGA-E2-A15J-01A
1,train,TCGA-E2-A15K-01A_1247_TS,TCGA-E2-A15K,TCGA-E2-A15K-01A
1,train,TCGA-E2-A15O-01A_1387_TS,TCGA-E2-A15O,TCGA-E2-A15O-01A
1,train,TCGA-E2-A15P-01A_1424_TS,TCGA-E2-A15P,TCGA-E2-A15P-01A
1,train,TCGA-E2-A15T-01A_758_TS,TCGA-E2-A15T,TCGA-E2-A15T-01A
1,train,TCGA-E2-A1AZ-01A_1558_TS,TCGA-E2-A1AZ,TCGA-E2-A1AZ-01A
1,train,TCGA-E2-A1B4-01A_431_TS,TCGA-E2-A1B4,TCGA-E2-A1B4-01A
1,train,TCGA-E2-A1B5-01A_1087_TS,TCGA-E2-A1B5,TCGA-E2-A1B5-01A
1,train,TCGA-E2-A1BD-01A_95_TS,TCGA-E2-A1BD,TCGA-E2-A1BD-01A
1,train,TCGA-E2-A1IE-01A_1358_TS,TCGA-E2-A1IE,TCGA-E2-A1IE-01A
1,train,TCGA-E2-A1IH-01A_1490_TS,TCGA-E2-A1IH,TCGA-E2-A1IH-01A
1,train,TCGA-E2-A1II-01A_899_TS,TCGA-E2-A1II,TCGA-E2-A1II-01A
1,train,TCGA-E2-A1IL-01A_1563_TS,TCGA-E2-A1IL,TCGA-E2-A1IL-01A
1,train,TCGA-E2-A1IN-01A_1043_TS,TCGA-E2-A1IN,TCGA-E2-A1IN-01A
1,train,TCGA-E2-A1L6-01A_73_TS,TCGA-E2-A1L6,TCGA-E2-A1L6-01A
1,train,TCGA-E2-A1L7-01A_912_TS,TCGA-E2-A1L7,TCGA-E2-A1L7-01A
1,train,TCGA-E2-A1LA-01A_285_TS,TCGA-E2-A1LA,TCGA-E2-A1LA-01A
1,train,TCGA-E2-A1LB-01A_881_TS,TCGA-E2-A1LB,TCGA-E2-A1LB-01A
1,train,TCGA-E2-A1LI-01A_1021_TS,TCGA-E2-A1LI,TCGA-E2-A1LI-01A
1,train,TCGA-E2-A1LK-01A_1423_TS,TCGA-E2-A1LK,TCGA-E2-A1LK-01A
1,train,TCGA-E2-A2P6-01A_405_TS,TCGA-E2-A2P6,TCGA-E2-A2P6-01A
1,train,TCGA-E2-A3DX-01A_255_TS,TCGA-E2-A3DX,TCGA-E2-A3DX-01A
1,train,TCGA-E2-A572-01A_1128_TS,TCGA-E2-A572,TCGA-E2-A572-01A
1,train,TCGA-E2-A573-01A_571_TS,TCGA-E2-A573,TCGA-E2-A573-01A
1,train,TCGA-E2-A9RU-01A_538_TS,TCGA-E2-A9RU,TCGA-E2-A9RU-01A
1,train,TCGA-E9-A1N3-01A_906_TS,TCGA-E9-A1N3,TCGA-E9-A1N3-01A
1,train,TCGA-E9-A1N6-01A_1077_TS,TCGA-E9-A1N6,TCGA-E9-A1N6-01A
1,train,TCGA-E9-A1N8-01A_668_TS,TCGA-E9-A1N8,TCGA-E9-A1N8-01A
1,train,TCGA-E9-A1NC-01A_983_TS,TCGA-E9-A1NC,TCGA-E9-A1NC-01A
1,train,TCGA-E9-A1NC-01A_984_TS,TCGA-E9-A1NC,TCGA-E9-A1NC-01A
1,train,TCGA-E9-A1ND-01A_1488_TS,TCGA-E9-A1ND,TCGA-E9-A1ND-01A
1,train,TCGA-E9-A1NE-01A_663_TS,TCGA-E9-A1NE,TCGA-E9-A1NE-01A
1,train,TCGA-E9-A1NH-01A_1550_TS,TCGA-E9-A1NH,TCGA-E9-A1NH-01A
1,train,TCGA-E9-A1NI-01A_1454_TS,TCGA-E9-A1NI,TCGA-E9-A1NI-01A
1,train,TCGA-E9-A1R2-01A_917_TS,TCGA-E9-A1R2,TCGA-E9-A1R2-01A
1,train,TCGA-E9-A1R3-01A_550_TS,TCGA-E9-A1R3,TCGA-E9-A1R3-01A
1,train,TCGA-E9-A1R6-01A_288_TS,TCGA-E9-A1R6,TCGA-E9-A1R6-01A
1,train,TCGA-E9-A1R7-01A_188_TS,TCGA-E9-A1R7,TCGA-E9-A1R7-01A
1,train,TCGA-E9-A1RC-01A_363_TS,TCGA-E9-A1RC,TCGA-E9-A1RC-01A
1,train,TCGA-E9-A1RD-01A_569_TS,TCGA-E9-A1RD,TCGA-E9-A1RD-01A
1,train,TCGA-E9-A1RG-01A_340_TS,TCGA-E9-A1RG,TCGA-E9-A1RG-01A
1,train,TCGA-E9-A1RH-01A_310_TS,TCGA-E9-A1RH,TCGA-E9-A1RH-01A
1,train,TCGA-E9-A227-01A_422_TS,TCGA-E9-A227,TCGA-E9-A227-01A
1,train,TCGA-E9-A228-01A_396_TS,TCGA-E9-A228,TCGA-E9-A228-01A
1,train,TCGA-E9-A22B-01A_395_TS,TCGA-E9-A22B,TCGA-E9-A22B-01A
1,train,TCGA-E9-A22D-01A_213_TS,TCGA-E9-A22D,TCGA-E9-A22D-01A
1,train,TCGA-E9-A22H-01A_1276_TS,TCGA-E9-A22H,TCGA-E9-A22H-01A
1,train,TCGA-E9-A243-01A_1260_TS,TCGA-E9-A243,TCGA-E9-A243-01A
1,train,TCGA-E9-A248-01A_1270_TS,TCGA-E9-A248,TCGA-E9-A248-01A
1,train,TCGA-E9-A249-01A_243_TS,TCGA-E9-A249,TCGA-E9-A249-01A
1,train,TCGA-E9-A2JS-01A_416_TS,TCGA-E9-A2JS,TCGA-E9-A2JS-01A
1,train,TCGA-E9-A2JT-01A_1535_TS,TCGA-E9-A2JT,TCGA-E9-A2JT-01A
1,train,TCGA-E9-A3X8-01A_384_TS,TCGA-E9-A3X8,TCGA-E9-A3X8-01A
1,train,TCGA-E9-A54X-01A_603_TS,TCGA-E9-A54X,TCGA-E9-A54X-01A
1,train,TCGA-E9-A5UP-01A_1038_TS,TCGA-E9-A5UP,TCGA-E9-A5UP-01A
1,train,TCGA-E9-A6HE-01A_837_TS,TCGA-E9-A6HE,TCGA-E9-A6HE-01A
1,train,TCGA-EW-A1IY-01A_309_TS,TCGA-EW-A1IY,TCGA-EW-A1IY-01A
1,train,TCGA-EW-A1IZ-01A_1400_TS,TCGA-EW-A1IZ,TCGA-EW-A1IZ-01A
1,train,TCGA-EW-A1J3-01A_527_TS,TCGA-EW-A1J3,TCGA-EW-A1J3-01A
1,train,TCGA-EW-A1J5-01A_1166_TS,TCGA-EW-A1J5,TCGA-EW-A1J5-01A
1,train,TCGA-EW-A1OX-01A_308_TS,TCGA-EW-A1OX,TCGA-EW-A1OX-01A
1,train,TCGA-EW-A1OY-01A_1203_TS,TCGA-EW-A1OY,TCGA-EW-A1OY-01A
1,train,TCGA-EW-A1P1-01A_1392_TS,TCGA-EW-A1P1,TCGA-EW-A1P1-01A
1,train,TCGA-EW-A1P3-01A_1220_TS,TCGA-EW-A1P3,TCGA-EW-A1P3-01A
1,train,TCGA-EW-A1P6-01A_1465_TS,TCGA-EW-A1P6,TCGA-EW-A1P6-01A
1,train,TCGA-EW-A1P7-01A_1298_TS,TCGA-EW-A1P7,TCGA-EW-A1P7-01A
1,train,TCGA-EW-A1PB-01A_1516_TS,TCGA-EW-A1PB,TCGA-EW-A1PB-01A
1,train,TCGA-EW-A1PC-01B_1144_TS,TCGA-EW-A1PC,TCGA-EW-A1PC-01B
1,train,TCGA-EW-A1PF-01A_409_TS,TCGA-EW-A1PF,TCGA-EW-A1PF-01A
1,train,TCGA-EW-A1PG-01A_92_TS,TCGA-EW-A1PG,TCGA-EW-A1PG-01A
1,train,TCGA-EW-A2FS-01A_1239_TS,TCGA-EW-A2FS,TCGA-EW-A2FS-01A
1,train,TCGA-EW-A2FV-01A_701_TS,TCGA-EW-A2FV,TCGA-EW-A2FV-01A
1,train,TCGA-EW-A3U0-01A_1428_TS,TCGA-EW-A3U0,TCGA-EW-A3U0-01A
1,train,TCGA-EW-A423-01A_191_TS,TCGA-EW-A423,TCGA-EW-A423-01A
1,train,TCGA-EW-A6SA-01A_1564_TS,TCGA-EW-A6SA,TCGA-EW-A6SA-01A
1,train,TCGA-EW-A6SB-01A_794_TS,TCGA-EW-A6SB,TCGA-EW-A6SB-01A
1,train,TCGA-GI-A2C8-01A_811_TS,TCGA-GI-A2C8,TCGA-GI-A2C8-01A
1,train,TCGA-GI-A2C9-01A_1235_TS,TCGA-GI-A2C9,TCGA-GI-A2C9-01A
1,train,TCGA-GM-A2DH-01A_537_TS,TCGA-GM-A2DH,TCGA-GM-A2DH-01A
1,train,TCGA-GM-A2DI-01A_1177_TS,TCGA-GM-A2DI,TCGA-GM-A2DI-01A
1,train,TCGA-GM-A2DN-01A_365_TS,TCGA-GM-A2DN,TCGA-GM-A2DN-01A
1,train,TCGA-GM-A2DO-01A_1111_TS,TCGA-GM-A2DO,TCGA-GM-A2DO-01A
1,train,TCGA-GM-A3XG-01A_990_TS,TCGA-GM-A3XG,TCGA-GM-A3XG-01A
1,train,TCGA-GM-A3XL-01A_1315_TS,TCGA-GM-A3XL,TCGA-GM-A3XL-01A
1,train,TCGA-GM-A5PX-01A_1459_TS,TCGA-GM-A5PX,TCGA-GM-A5PX-01A
1,train,TCGA-HN-A2NL-01A_1102_TS,TCGA-HN-A2NL,TCGA-HN-A2NL-01A
1,train,TCGA-JL-A3YX-01A_435_TS,TCGA-JL-A3YX,TCGA-JL-A3YX-01A
1,train,TCGA-LD-A66U-01A_134_TS,TCGA-LD-A66U,TCGA-LD-A66U-01A
1,train,TCGA-LD-A7W6-01A_93_TS,TCGA-LD-A7W6,TCGA-LD-A7W6-01A
1,train,TCGA-LD-A9QF-01A_774_TS,TCGA-LD-A9QF,TCGA-LD-A9QF-01A
1,train,TCGA-LL-A442-01A_27_TS,TCGA-LL-A442,TCGA-LL-A442-01A
1,train,TCGA-LL-A50Y-01A_128_TS,TCGA-LL-A50Y,TCGA-LL-A50Y-01A
1,train,TCGA-LL-A5YN-01A_1468_TS,TCGA-LL-A5YN,TCGA-LL-A5YN-01A
1,train,TCGA-LL-A5YO-01A_235_TS,TCGA-LL-A5YO,TCGA-LL-A5YO-01A
1,train,TCGA-LL-A6FQ-01A_468_TS,TCGA-LL-A6FQ,TCGA-LL-A6FQ-01A
1,train,TCGA-LL-A6FR-01A_1191_TS,TCGA-LL-A6FR,TCGA-LL-A6FR-01A
1,train,TCGA-LL-A740-01A_1162_TS,TCGA-LL-A740,TCGA-LL-A740-01A
1,train,TCGA-LL-A7SZ-01A_1316_TS,TCGA-LL-A7SZ,TCGA-LL-A7SZ-01A
1,train,TCGA-LL-A9Q3-01A_921_TS,TCGA-LL-A9Q3,TCGA-LL-A9Q3-01A
1,train,TCGA-LQ-A4E4-01A_338_TS,TCGA-LQ-A4E4,TCGA-LQ-A4E4-01A
1,train,TCGA-OL-A5D6-01A_1483_TS,TCGA-OL-A5D6,TCGA-OL-A5D6-01A
1,train,TCGA-OL-A5D7-01A_730_TS,TCGA-OL-A5D7,TCGA-OL-A5D7-01A
1,train,TCGA-OL-A5RU-01A_319_TS,TCGA-OL-A5RU,TCGA-OL-A5RU-01A
1,train,TCGA-OL-A5RV-01A_1373_TS,TCGA-OL-A5RV,TCGA-OL-A5RV-01A
1,train,TCGA-OL-A5RY-01A_1022_TS,TCGA-OL-A5RY,TCGA-OL-A5RY-01A
1,train,TCGA-OL-A5RZ-01A_445_TS,TCGA-OL-A5RZ,TCGA-OL-A5RZ-01A
1,train,TCGA-OL-A66I-01A_224_TS,TCGA-OL-A66I,TCGA-OL-A66I-01A
1,train,TCGA-OL-A66J-01A_562_TS,TCGA-OL-A66J,TCGA-OL-A66J-01A
1,train,TCGA-OL-A66N-01A_1486_TS,TCGA-OL-A66N,TCGA-OL-A66N-01A
1,train,TCGA-OL-A66O-01A_1307_TS,TCGA-OL-A66O,TCGA-OL-A66O-01A
1,train,TCGA-OL-A6VQ-01A_1020_TS,TCGA-OL-A6VQ,TCGA-OL-A6VQ-01A
1,train,TCGA-OL-A6VR-01A_1378_TS,TCGA-OL-A6VR,TCGA-OL-A6VR-01A
1,train,TCGA-PE-A5DD-01A_685_TS,TCGA-PE-A5DD,TCGA-PE-A5DD-01A
1,train,TCGA-PE-A5DE-01A_587_TS,TCGA-PE-A5DE,TCGA-PE-A5DE-01A
1,train,TCGA-S3-A6ZH-01A_1473_TS,TCGA-S3-A6ZH,TCGA-S3-A6ZH-01A
1,train,TCGA-S3-AA0Z-01A_467_TS,TCGA-S3-AA0Z,TCGA-S3-AA0Z-01A
1,train,TCGA-S3-AA12-01A_1304_TS,TCGA-S3-AA12,TCGA-S3-AA12-01A
1,train,TCGA-S3-AA14-01A_126_TS,TCGA-S3-AA14,TCGA-S3-AA14-01A
1,train,TCGA-UL-AAZ6-01A_962_TS,TCGA-UL-AAZ6,TCGA-UL-AAZ6-01A
1,train,TCGA-UU-A93S-01A_204_TS,TCGA-UU-A93S,TCGA-UU-A93S-01A
1,train,TCGA-WT-AB41-01A_1542_TS,TCGA-WT-AB41,TCGA-WT-AB41-01A
1,train,TCGA-XX-A899-01A_242_TS,TCGA-XX-A899,TCGA-XX-A899-01A
1,train,TCGA-Z7-A8R6-01A_690_TS,TCGA-Z7-A8R6,TCGA-Z7-A8R6-01A
1,val,TCGA-3C-AAAU-01A_23_TS,TCGA-3C-AAAU,TCGA-3C-AAAU-01A
1,val,TCGA-3C-AALJ-01A_1030_TS,TCGA-3C-AALJ,TCGA-3C-AALJ-01A
1,val,TCGA-5L-AAT1-01A_908_TS,TCGA-5L-AAT1,TCGA-5L-AAT1-01A
1,val,TCGA-A1-A0SH-01A_45_TS,TCGA-A1-A0SH,TCGA-A1-A0SH-01A
1,val,TCGA-A1-A0SH-01A_941_TS,TCGA-A1-A0SH,TCGA-A1-A0SH-01A
1,val,TCGA-A1-A0SM-01A_359_TS,TCGA-A1-A0SM,TCGA-A1-A0SM-01A
1,val,TCGA-A1-A0SM-01A_526_TS,TCGA-A1-A0SM,TCGA-A1-A0SM-01A
1,val,TCGA-A1-A0SQ-01A_1356_TS,TCGA-A1-A0SQ,TCGA-A1-A0SQ-01A
1,val,TCGA-A1-A0SQ-01A_639_TS,TCGA-A1-A0SQ,TCGA-A1-A0SQ-01A
1,val,TCGA-A2-A04T-01A_1518_TS,TCGA-A2-A04T,TCGA-A2-A04T-01A
1,val,TCGA-A2-A04T-01A_1566_TS,TCGA-A2-A04T,TCGA-A2-A04T-01A
1,val,TCGA-A2-A0CK-01A_202_TS,TCGA-A2-A0CK,TCGA-A2-A0CK-01A
1,val,TCGA-A2-A0CK-01A_206_TS,TCGA-A2-A0CK,TCGA-A2-A0CK-01A
1,val,TCGA-A2-A0CP-01A_326_TS,TCGA-A2-A0CP,TCGA-A2-A0CP-01A
1,val,TCGA-A2-A0CP-01A_582_TS,TCGA-A2-A0CP,TCGA-A2-A0CP-01A
1,val,TCGA-A2-A0CT-01A_478_TS,TCGA-A2-A0CT,TCGA-A2-A0CT-01A
1,val,TCGA-A2-A0CT-01A_566_TS,TCGA-A2-A0CT,TCGA-A2-A0CT-01A
1,val,TCGA-A2-A0CX-01A_731_TS,TCGA-A2-A0CX,TCGA-A2-A0CX-01A
1,val,TCGA-A2-A0CX-01A_732_TS,TCGA-A2-A0CX,TCGA-A2-A0CX-01A
1,val,TCGA-A2-A0D2-01A_1178_TS,TCGA-A2-A0D2,TCGA-A2-A0D2-01A
1,val,TCGA-A2-A0D2-01A_896_TS,TCGA-A2-A0D2,TCGA-A2-A0D2-01A
1,val,TCGA-A2-A0EN-01A_120_TS,TCGA-A2-A0EN,TCGA-A2-A0EN-01A
1,val,TCGA-A2-A0EN-01A_455_TS,TCGA-A2-A0EN,TCGA-A2-A0EN-01A
1,val,TCGA-A2-A0ES-01A_1348_TS,TCGA-A2-A0ES,TCGA-A2-A0ES-01A
1,val,TCGA-A2-A0ES-01A_1362_TS,TCGA-A2-A0ES,TCGA-A2-A0ES-01A
1,val,TCGA-A2-A0EW-01A_1375_TS,TCGA-A2-A0EW,TCGA-A2-A0EW-01A
1,val,TCGA-A2-A0EW-01A_1426_TS,TCGA-A2-A0EW,TCGA-A2-A0EW-01A
1,val,TCGA-A2-A0SU-01A_1452_TS,TCGA-A2-A0SU,TCGA-A2-A0SU-01A
1,val,TCGA-A2-A0SU-01A_1481_TS,TCGA-A2-A0SU,TCGA-A2-A0SU-01A
1,val,TCGA-A2-A0SY-01A_880_TS,TCGA-A2-A0SY,TCGA-A2-A0SY-01A
1,val,TCGA-A2-A0SY-01A_882_TS,TCGA-A2-A0SY,TCGA-A2-A0SY-01A
1,val,TCGA-A2-A0T3-01A_624_TS,TCGA-A2-A0T3,TCGA-A2-A0T3-01A
1,val,TCGA-A2-A0T3-01A_625_TS,TCGA-A2-A0T3,TCGA-A2-A0T3-01A
1,val,TCGA-A2-A0T7-01A_277_TS,TCGA-A2-A0T7,TCGA-A2-A0T7-01A
1,val,TCGA-A2-A0T7-01A_533_TS,TCGA-A2-A0T7,TCGA-A2-A0T7-01A
1,val,TCGA-A2-A0YF-01A_676_TS,TCGA-A2-A0YF,TCGA-A2-A0YF-01A
1,val,TCGA-A2-A0YF-01A_677_TS,TCGA-A2-A0YF,TCGA-A2-A0YF-01A
1,val,TCGA-A2-A0YJ-01A_105_TS,TCGA-A2-A0YJ,TCGA-A2-A0YJ-01A
1,val,TCGA-A2-A0YJ-01A_268_TS,TCGA-A2-A0YJ,TCGA-A2-A0YJ-01A
1,val,TCGA-A2-A0YT-01A_1066_TS,TCGA-A2-A0YT,TCGA-A2-A0YT-01A
1,val,TCGA-A2-A0YT-01A_779_TS,TCGA-A2-A0YT,TCGA-A2-A0YT-01A
1,val,TCGA-A2-A1FX-01A_672_TS,TCGA-A2-A1FX,TCGA-A2-A1FX-01A
1,val,TCGA-A2-A1G4-01A_1530_TS,TCGA-A2-A1G4,TCGA-A2-A1G4-01A
1,val,TCGA-A2-A25B-01A_1130_TS,TCGA-A2-A25B,TCGA-A2-A25B-01A
1,val,TCGA-A2-A25F-01A_1455_TS,TCGA-A2-A25F,TCGA-A2-A25F-01A
1,val,TCGA-A2-A3XT-01A_50_TS,TCGA-A2-A3XT,TCGA-A2-A3XT-01A
1,val,TCGA-A2-A3XX-01A_762_TS,TCGA-A2-A3XX,TCGA-A2-A3XX-01A
1,val,TCGA-A2-A4RW-01A_1116_TS,TCGA-A2-A4RW,TCGA-A2-A4RW-01A
1,val,TCGA-A2-A4S1-01A_329_TS,TCGA-A2-A4S1,TCGA-A2-A4S1-01A
1,val,TCGA-A7-A0CH-01A_1001_TS,TCGA-A7-A0CH,TCGA-A7-A0CH-01A
1,val,TCGA-A7-A0CH-01A_1002_TS,TCGA-A7-A0CH,TCGA-A7-A0CH-01A
1,val,TCGA-A7-A13E-01A_372_TS,TCGA-A7-A13E,TCGA-A7-A13E-01A
1,val,TCGA-A7-A13E-01A_457_TS,TCGA-A7-A13E,TCGA-A7-A13E-01A
1,val,TCGA-A7-A26E-01A_634_TS,TCGA-A7-A26E,TCGA-A7-A26E-01A
1,val,TCGA-A7-A26E-01B_1009_TS,TCGA-A7-A26E,TCGA-A7-A26E-01B
1,val,TCGA-A7-A26E-01B_1190_TS,TCGA-A7-A26E,TCGA-A7-A26E-01B
1,val,TCGA-A7-A26E-01B_1289_TS,TCGA-A7-A26E,TCGA-A7-A26E-01B
1,val,TCGA-A7-A26E-01B_810_TS,TCGA-A7-A26E,TCGA-A7-A26E-01B
1,val,TCGA-A7-A26G-01A_1061_TS,TCGA-A7-A26G,TCGA-A7-A26G-01A
1,val,TCGA-A7-A3IY-01A_88_TS,TCGA-A7-A3IY,TCGA-A7-A3IY-01A
1,val,TCGA-A7-A3RF-01A_894_TS,TCGA-A7-A3RF,TCGA-A7-A3RF-01A
1,val,TCGA-A7-A4SB-01A_1118_TS,TCGA-A7-A4SB,TCGA-A7-A4SB-01A
1,val,TCGA-A7-A4SF-01A_788_TS,TCGA-A7-A4SF,TCGA-A7-A4SF-01A
1,val,TCGA-A7-A5ZX-01A_349_TS,TCGA-A7-A5ZX,TCGA-A7-A5ZX-01A
1,val,TCGA-A7-A6VY-01A_735_TS,TCGA-A7-A6VY,TCGA-A7-A6VY-01A
1,val,TCGA-A8-A06O-01A_900_TS,TCGA-A8-A06O,TCGA-A8-A06O-01A
1,val,TCGA-A8-A06O-01A_901_TS,TCGA-A8-A06O,TCGA-A8-A06O-01A
1,val,TCGA-A8-A06X-01A_1169_TS,TCGA-A8-A06X,TCGA-A8-A06X-01A
1,val,TCGA-A8-A06X-01A_1172_TS,TCGA-A8-A06X,TCGA-A8-A06X-01A
1,val,TCGA-A8-A076-01A_1339_TS,TCGA-A8-A076,TCGA-A8-A076-01A
1,val,TCGA-A8-A076-01A_1351_TS,TCGA-A8-A076,TCGA-A8-A076-01A
1,val,TCGA-A8-A07E-01A_907_TS,TCGA-A8-A07E,TCGA-A8-A07E-01A
1,val,TCGA-A8-A07E-01A_916_TS,TCGA-A8-A07E,TCGA-A8-A07E-01A
1,val,TCGA-A8-A07L-01A_1544_TS,TCGA-A8-A07L,TCGA-A8-A07L-01A
1,val,TCGA-A8-A07L-01A_702_TS,TCGA-A8-A07L,TCGA-A8-A07L-01A
1,val,TCGA-A8-A07S-01A_1023_TS,TCGA-A8-A07S,TCGA-A8-A07S-01A
1,val,TCGA-A8-A07S-01A_1122_TS,TCGA-A8-A07S,TCGA-A8-A07S-01A
1,val,TCGA-A8-A081-01A_1062_TS,TCGA-A8-A081,TCGA-A8-A081-01A
1,val,TCGA-A8-A081-01A_973_TS,TCGA-A8-A081,TCGA-A8-A081-01A
1,val,TCGA-A8-A085-01A_657_TS,TCGA-A8-A085,TCGA-A8-A085-01A
1,val,TCGA-A8-A085-01A_658_TS,TCGA-A8-A085,TCGA-A8-A085-01A
1,val,TCGA-A8-A08C-01A_438_TS,TCGA-A8-A08C,TCGA-A8-A08C-01A
1,val,TCGA-A8-A08C-01A_521_TS,TCGA-A8-A08C,TCGA-A8-A08C-01A
1,val,TCGA-A8-A08J-01A_1039_TS,TCGA-A8-A08J,TCGA-A8-A08J-01A
1,val,TCGA-A8-A08J-01A_53_TS,TCGA-A8-A08J,TCGA-A8-A08J-01A
1,val,TCGA-A8-A08R-01A_231_TS,TCGA-A8-A08R,TCGA-A8-A08R-01A
1,val,TCGA-A8-A08R-01A_307_TS,TCGA-A8-A08R,TCGA-A8-A08R-01A
1,val,TCGA-A8-A08Z-01A_1215_TS,TCGA-A8-A08Z,TCGA-A8-A08Z-01A
1,val,TCGA-A8-A08Z-01A_1262_TS,TCGA-A8-A08Z,TCGA-A8-A08Z-01A
1,val,TCGA-A8-A093-01A_875_TS,TCGA-A8-A093,TCGA-A8-A093-01A
1,val,TCGA-A8-A093-01A_975_TS,TCGA-A8-A093,TCGA-A8-A093-01A
1,val,TCGA-A8-A097-01A_260_TS,TCGA-A8-A097,TCGA-A8-A097-01A
1,val,TCGA-A8-A097-01A_430_TS,TCGA-A8-A097,TCGA-A8-A097-01A
1,val,TCGA-A8-A09D-01A_218_TS,TCGA-A8-A09D,TCGA-A8-A09D-01A
1,val,TCGA-A8-A09D-01A_297_TS,TCGA-A8-A09D,TCGA-A8-A09D-01A
1,val,TCGA-A8-A09K-01A_1108_TS,TCGA-A8-A09K,TCGA-A8-A09K-01A
1,val,TCGA-A8-A09K-01A_910_TS,TCGA-A8-A09K,TCGA-A8-A09K-01A
1,val,TCGA-A8-A09R-01A_175_TS,TCGA-A8-A09R,TCGA-A8-A09R-01A
1,val,TCGA-A8-A09R-01A_423_TS,TCGA-A8-A09R,TCGA-A8-A09R-01A
1,val,TCGA-A8-A09X-01A_263_TS,TCGA-A8-A09X,TCGA-A8-A09X-01A
1,val,TCGA-A8-A09X-01A_517_TS,TCGA-A8-A09X,TCGA-A8-A09X-01A
1,val,TCGA-A8-A0A6-01A_250_TS,TCGA-A8-A0A6,TCGA-A8-A0A6-01A
1,val,TCGA-A8-A0A6-01A_252_TS,TCGA-A8-A0A6,TCGA-A8-A0A6-01A
1,val,TCGA-A8-A0AD-01A_682_TS,TCGA-A8-A0AD,TCGA-A8-A0AD-01A
1,val,TCGA-A8-A0AD-01A_683_TS,TCGA-A8-A0AD,TCGA-A8-A0AD-01A
1,val,TCGA-AC-A23G-01A_1476_TS,TCGA-AC-A23G,TCGA-AC-A23G-01A
1,val,TCGA-AC-A2BM-01A_1146_TS,TCGA-AC-A2BM,TCGA-AC-A2BM-01A
1,val,TCGA-AC-A2FG-01A_39_TS,TCGA-AC-A2FG,TCGA-AC-A2FG-01A
1,val,TCGA-AC-A2QI-01A_1524_TS,TCGA-AC-A2QI,TCGA-AC-A2QI-01A
1,val,TCGA-AC-A3HN-01A_64_TS,TCGA-AC-A3HN,TCGA-AC-A3HN-01A
1,val,TCGA-AC-A3W5-01A_505_TS,TCGA-AC-A3W5,TCGA-AC-A3W5-01A
1,val,TCGA-AC-A3YJ-01A_424_TS,TCGA-AC-A3YJ,TCGA-AC-A3YJ-01A
1,val,TCGA-AC-A5XU-01A_221_TS,TCGA-AC-A5XU,TCGA-AC-A5XU-01A
1,val,TCGA-AC-A6IV-01A_1165_TS,TCGA-AC-A6IV,TCGA-AC-A6IV-01A
1,val,TCGA-AC-A7VB-01A_1425_TS,TCGA-AC-A7VB,TCGA-AC-A7VB-01A
1,val,TCGA-AC-A8OR-01A_119_TS,TCGA-AC-A8OR,TCGA-AC-A8OR-01A
1,val,TCGA-AN-A03Y-01A_1399_TS,TCGA-AN-A03Y,TCGA-AN-A03Y-01A
1,val,TCGA-AN-A03Y-01A_1505_TS,TCGA-AN-A03Y,TCGA-AN-A03Y-01A
1,val,TCGA-AN-A04A-01A_1512_TS,TCGA-AN-A04A,TCGA-AN-A04A-01A
1,val,TCGA-AN-A04A-01A_696_TS,TCGA-AN-A04A,TCGA-AN-A04A-01A
1,val,TCGA-AN-A0AK-01A_32_TS,TCGA-AN-A0AK,TCGA-AN-A0AK-01A
1,val,TCGA-AN-A0AK-01A_746_TS,TCGA-AN-A0AK,TCGA-AN-A0AK-01A
1,val,TCGA-AN-A0AS-01A_273_TS,TCGA-AN-A0AS,TCGA-AN-A0AS-01A
1,val,TCGA-AN-A0AS-01A_274_TS,TCGA-AN-A0AS,TCGA-AN-A0AS-01A
1,val,TCGA-AN-A0FJ-01A_1206_TS,TCGA-AN-A0FJ,TCGA-AN-A0FJ-01A
1,val,TCGA-AN-A0FJ-01A_1418_TS,TCGA-AN-A0FJ,TCGA-AN-A0FJ-01A
1,val,TCGA-AN-A0FS-01A_1189_TS,TCGA-AN-A0FS,TCGA-AN-A0FS-01A
1,val,TCGA-AN-A0FS-01A_90_TS,TCGA-AN-A0FS,TCGA-AN-A0FS-01A
1,val,TCGA-AN-A0FY-01A_1367_TS,TCGA-AN-A0FY,TCGA-AN-A0FY-01A
1,val,TCGA-AN-A0FY-01A_646_TS,TCGA-AN-A0FY,TCGA-AN-A0FY-01A
1,val,TCGA-AN-A0XN-01A_1504_TS,TCGA-AN-A0XN,TCGA-AN-A0XN-01A
1,val,TCGA-AN-A0XN-01A_1527_TS,TCGA-AN-A0XN,TCGA-AN-A0XN-01A
1,val,TCGA-AN-A0XS-01A_303_TS,TCGA-AN-A0XS,TCGA-AN-A0XS-01A
1,val,TCGA-AN-A0XS-01A_391_TS,TCGA-AN-A0XS,TCGA-AN-A0XS-01A
1,val,TCGA-AN-A0XW-01A_20_TS,TCGA-AN-A0XW,TCGA-AN-A0XW-01A
1,val,TCGA-AN-A0XW-01A_741_TS,TCGA-AN-A0XW,TCGA-AN-A0XW-01A
1,val,TCGA-AO-A03P-01A_1529_TS,TCGA-AO-A03P,TCGA-AO-A03P-01A
1,val,TCGA-AO-A03P-01A_724_TS,TCGA-AO-A03P,TCGA-AO-A03P-01A
1,val,TCGA-AO-A0J4-01A_1568_TS,TCGA-AO-A0J4,TCGA-AO-A0J4-01A
1,val,TCGA-AO-A0J4-01A_704_TS,TCGA-AO-A0J4,TCGA-AO-A0J4-01A
1,val,TCGA-AO-A0J8-01A_1148_TS,TCGA-AO-A0J8,TCGA-AO-A0J8-01A
1,val,TCGA-AO-A0J8-01A_958_TS,TCGA-AO-A0J8,TCGA-AO-A0J8-01A
1,val,TCGA-AO-A0JE-01A_135_TS,TCGA-AO-A0JE,TCGA-AO-A0JE-01A
1,val,TCGA-AO-A0JE-01A_387_TS,TCGA-AO-A0JE,TCGA-AO-A0JE-01A
1,val,TCGA-AO-A0JJ-01A_159_TS,TCGA-AO-A0JJ,TCGA-AO-A0JJ-01A
1,val,TCGA-AO-A0JJ-01A_246_TS,TCGA-AO-A0JJ,TCGA-AO-A0JJ-01A
1,val,TCGA-AO-A126-01A_589_TS,TCGA-AO-A126,TCGA-AO-A126-01A
1,val,TCGA-AO-A126-01A_590_TS,TCGA-AO-A126,TCGA-AO-A126-01A
1,val,TCGA-AO-A12B-01A_1560_TS,TCGA-AO-A12B,TCGA-AO-A12B-01A
1,val,TCGA-AO-A12B-01A_703_TS,TCGA-AO-A12B,TCGA-AO-A12B-01A
1,val,TCGA-AO-A12F-01A_554_TS,TCGA-AO-A12F,TCGA-AO-A12F-01A
1,val,TCGA-AO-A12F-01A_556_TS,TCGA-AO-A12F,TCGA-AO-A12F-01A
1,val,TCGA-AO-A1KQ-01A_1014_TS,TCGA-AO-A1KQ,TCGA-AO-A1KQ-01A
1,val,TCGA-AQ-A04L-01B_360_TS,TCGA-AQ-A04L,TCGA-AQ-A04L-01B
1,val,TCGA-AQ-A04L-01B_444_TS,TCGA-AQ-A04L,TCGA-AQ-A04L-01B
1,val,TCGA-AQ-A1H3-01A_576_TS,TCGA-AQ-A1H3,TCGA-AQ-A1H3-01A
1,val,TCGA-AR-A0TR-01A_1477_TS,TCGA-AR-A0TR,TCGA-AR-A0TR-01A
1,val,TCGA-AR-A0TR-01A_1478_TS,TCGA-AR-A0TR,TCGA-AR-A0TR-01A
1,val,TCGA-AR-A0TV-01A_146_TS,TCGA-AR-A0TV,TCGA-AR-A0TV-01A
1,val,TCGA-AR-A0TV-01A_315_TS,TCGA-AR-A0TV,TCGA-AR-A0TV-01A
1,val,TCGA-AR-A0TZ-01A_1404_TS,TCGA-AR-A0TZ,TCGA-AR-A0TZ-01A
1,val,TCGA-AR-A0TZ-01A_726_TS,TCGA-AR-A0TZ,TCGA-AR-A0TZ-01A
1,val,TCGA-AR-A0U4-01A_993_TS,TCGA-AR-A0U4,TCGA-AR-A0U4-01A
1,val,TCGA-AR-A0U4-01A_996_TS,TCGA-AR-A0U4,TCGA-AR-A0U4-01A
1,val,TCGA-AR-A1AH-01A_443_TS,TCGA-AR-A1AH,TCGA-AR-A1AH-01A
1,val,TCGA-AR-A1AM-01A_709_TS,TCGA-AR-A1AM,TCGA-AR-A1AM-01A
1,val,TCGA-AR-A1AQ-01A_240_TS,TCGA-AR-A1AQ,TCGA-AR-A1AQ-01A
1,val,TCGA-AR-A1AU-01A_394_TS,TCGA-AR-A1AU,TCGA-AR-A1AU-01A
1,val,TCGA-AR-A1AY-01A_311_TS,TCGA-AR-A1AY,TCGA-AR-A1AY-01A
1,val,TCGA-AR-A24M-01A_840_TS,TCGA-AR-A24M,TCGA-AR-A24M-01A
1,val,TCGA-AR-A24Q-01A_920_TS,TCGA-AR-A24Q,TCGA-AR-A24Q-01A
1,val,TCGA-AR-A24U-01A_651_TS,TCGA-AR-A24U,TCGA-AR-A24U-01A
1,val,TCGA-AR-A24Z-01A_1281_TS,TCGA-AR-A24Z,TCGA-AR-A24Z-01A
1,val,TCGA-AR-A254-01A_397_TS,TCGA-AR-A254,TCGA-AR-A254-01A
1,val,TCGA-AR-A2LJ-01A_1049_TS,TCGA-AR-A2LJ,TCGA-AR-A2LJ-01A
1,val,TCGA-AR-A2LN-01A_769_TS,TCGA-AR-A2LN,TCGA-AR-A2LN-01A
1,val,TCGA-AR-A5QM-01A_1000_TS,TCGA-AR-A5QM,TCGA-AR-A5QM-01A
1,val,TCGA-B6-A0I8-01A_613_TS,TCGA-B6-A0I8,TCGA-B6-A0I8-01A
1,val,TCGA-B6-A0I8-01A_614_TS,TCGA-B6-A0I8,TCGA-B6-A0I8-01A
1,val,TCGA-B6-A0IC-01A_790_TS,TCGA-B6-A0IC,TCGA-B6-A0IC-01A
1,val,TCGA-B6-A0IC-01A_793_TS,TCGA-B6-A0IC,TCGA-B6-A0IC-01A
1,val,TCGA-B6-A0IJ-01A_1321_TS,TCGA-B6-A0IJ,TCGA-B6-A0IJ-01A
1,val,TCGA-B6-A0IJ-01A_1363_TS,TCGA-B6-A0IJ,TCGA-B6-A0IJ-01A
1,val,TCGA-B6-A0IP-01A_932_TS,TCGA-B6-A0IP,TCGA-B6-A0IP-01A
1,val,TCGA-B6-A0IP-01A_934_TS,TCGA-B6-A0IP,TCGA-B6-A0IP-01A
1,val,TCGA-B6-A0RH-01A_720_TS,TCGA-B6-A0RH,TCGA-B6-A0RH-01A
1,val,TCGA-B6-A0RH-01A_721_TS,TCGA-B6-A0RH,TCGA-B6-A0RH-01A
1,val,TCGA-B6-A0RN-01A_1338_TS,TCGA-B6-A0RN,TCGA-B6-A0RN-01A
1,val,TCGA-B6-A0RN-01A_641_TS,TCGA-B6-A0RN,TCGA-B6-A0RN-01A
1,val,TCGA-B6-A0RS-01A_472_TS,TCGA-B6-A0RS,TCGA-B6-A0RS-01A
1,val,TCGA-B6-A0RS-01A_558_TS,TCGA-B6-A0RS,TCGA-B6-A0RS-01A
1,val,TCGA-B6-A0WS-01A_1201_TS,TCGA-B6-A0WS,TCGA-B6-A0WS-01A
1,val,TCGA-B6-A0WS-01A_1231_TS,TCGA-B6-A0WS,TCGA-B6-A0WS-01A
1,val,TCGA-B6-A0WX-01A_59_TS,TCGA-B6-A0WX,TCGA-B6-A0WX-01A
1,val,TCGA-B6-A0WX-01A_770_TS,TCGA-B6-A0WX,TCGA-B6-A0WX-01A
1,val,TCGA-B6-A0X1-01A_1200_TS,TCGA-B6-A0X1,TCGA-B6-A0X1-01A
1,val,TCGA-B6-A0X1-01A_1274_TS,TCGA-B6-A0X1,TCGA-B6-A0X1-01A
1,val,TCGA-B6-A0X5-01A_828_TS,TCGA-B6-A0X5,TCGA-B6-A0X5-01A
1,val,TCGA-B6-A2IU-01A_318_TS,TCGA-B6-A2IU,TCGA-B6-A2IU-01A
1,val,TCGA-B6-A402-01A_196_TS,TCGA-B6-A402,TCGA-B6-A402-01A
1,val,TCGA-B6-A40C-01A_579_TS,TCGA-B6-A40C,TCGA-B6-A40C-01A
1,val,TCGA-BH-A0AV-01A_354_TS,TCGA-BH-A0AV,TCGA-BH-A0AV-01A
1,val,TCGA-BH-A0AV-01A_439_TS,TCGA-BH-A0AV,TCGA-BH-A0AV-01A
1,val,TCGA-BH-A0B1-01A_1117_TS,TCGA-BH-A0B1,TCGA-BH-A0B1-01A
1,val,TCGA-BH-A0B1-01A_919_TS,TCGA-BH-A0B1,TCGA-BH-A0B1-01A
1,val,TCGA-BH-A0B6-01A_871_TS,TCGA-BH-A0B6,TCGA-BH-A0B6-01A
1,val,TCGA-BH-A0B6-01A_872_TS,TCGA-BH-A0B6,TCGA-BH-A0B6-01A
1,val,TCGA-BH-A0BA-01A_160_TS,TCGA-BH-A0BA,TCGA-BH-A0BA-01A
1,val,TCGA-BH-A0BA-01A_577_TS,TCGA-BH-A0BA,TCGA-BH-A0BA-01A
1,val,TCGA-BH-A0BG-01A_1221_TS,TCGA-BH-A0BG,TCGA-BH-A0BG-01A
1,val,TCGA-BH-A0BG-01A_1223_TS,TCGA-BH-A0BG,TCGA-BH-A0BG-01A
1,val,TCGA-BH-A0BO-01A_101_TS,TCGA-BH-A0BO,TCGA-BH-A0BO-01A
1,val,TCGA-BH-A0BO-01A_186_TS,TCGA-BH-A0BO,TCGA-BH-A0BO-01A
1,val,TCGA-BH-A0BS-01A_35_TS,TCGA-BH-A0BS,TCGA-BH-A0BS-01A
1,val,TCGA-BH-A0BS-01A_751_TS,TCGA-BH-A0BS,TCGA-BH-A0BS-01A
1,val,TCGA-BH-A0BZ-01A_760_TS,TCGA-BH-A0BZ,TCGA-BH-A0BZ-01A
1,val,TCGA-BH-A0BZ-01A_845_TS,TCGA-BH-A0BZ,TCGA-BH-A0BZ-01A
1,val,TCGA-BH-A0C7-01B_290_TS,TCGA-BH-A0C7,TCGA-BH-A0C7-01B
1,val,TCGA-BH-A0C7-01B_464_TS,TCGA-BH-A0C7,TCGA-BH-A0C7-01B
1,val,TCGA-BH-A0DI-01A_34_TS,TCGA-BH-A0DI,TCGA-BH-A0DI-01A
1,val,TCGA-BH-A0DI-01A_929_TS,TCGA-BH-A0DI,TCGA-BH-A0DI-01A
1,val,TCGA-BH-A0DP-01A_1055_TS,TCGA-BH-A0DP,TCGA-BH-A0DP-01A
1,val,TCGA-BH-A0DP-01A_1152_TS,TCGA-BH-A0DP,TCGA-BH-A0DP-01A
1,val,TCGA-BH-A0DV-01A_129_TS,TCGA-BH-A0DV,TCGA-BH-A0DV-01A
1,val,TCGA-BH-A0DV-01A_298_TS,TCGA-BH-A0DV,TCGA-BH-A0DV-01A
1,val,TCGA-BH-A0E2-01A_592_TS,TCGA-BH-A0E2,TCGA-BH-A0E2-01A
1,val,TCGA-BH-A0E2-01A_593_TS,TCGA-BH-A0E2,TCGA-BH-A0E2-01A
1,val,TCGA-BH-A0EA-01A_1310_TS,TCGA-BH-A0EA,TCGA-BH-A0EA-01A
1,val,TCGA-BH-A0EA-01A_650_TS,TCGA-BH-A0EA,TCGA-BH-A0EA-01A
1,val,TCGA-BH-A0GY-01A_198_TS,TCGA-BH-A0GY,TCGA-BH-A0GY-01A
1,val,TCGA-BH-A0GY-01A_441_TS,TCGA-BH-A0GY,TCGA-BH-A0GY-01A
1,val,TCGA-BH-A0H7-01A_1318_TS,TCGA-BH-A0H7,TCGA-BH-A0H7-01A
1,val,TCGA-BH-A0H7-01A_1346_TS,TCGA-BH-A0H7,TCGA-BH-A0H7-01A
1,val,TCGA-BH-A0HF-01A_1195_TS,TCGA-BH-A0HF,TCGA-BH-A0HF-01A
1,val,TCGA-BH-A0HF-01A_1248_TS,TCGA-BH-A0HF,TCGA-BH-A0HF-01A
1,val,TCGA-BH-A0HP-01A_161_TS,TCGA-BH-A0HP,TCGA-BH-A0HP-01A
1,val,TCGA-BH-A0HP-01A_414_TS,TCGA-BH-A0HP,TCGA-BH-A0HP-01A
1,val,TCGA-BH-A0HX-01A_1460_TS,TCGA-BH-A0HX,TCGA-BH-A0HX-01A
1,val,TCGA-BH-A0HX-01A_707_TS,TCGA-BH-A0HX,TCGA-BH-A0HX-01A
1,val,TCGA-BH-A0W4-01A_630_TS,TCGA-BH-A0W4,TCGA-BH-A0W4-01A
1,val,TCGA-BH-A0W4-01A_631_TS,TCGA-BH-A0W4,TCGA-BH-A0W4-01A
1,val,TCGA-BH-A18G-01A_987_TS,TCGA-BH-A18G,TCGA-BH-A18G-01A
1,val,TCGA-BH-A18K-01A_1227_TS,TCGA-BH-A18K,TCGA-BH-A18K-01A
1,val,TCGA-BH-A18P-01A_1282_TS,TCGA-BH-A18P,TCGA-BH-A18P-01A
1,val,TCGA-BH-A18T-01A_62_TS,TCGA-BH-A18T,TCGA-BH-A18T-01A
1,val,TCGA-BH-A1EO-01A_449_TS,TCGA-BH-A1EO,TCGA-BH-A1EO-01A
1,val,TCGA-BH-A1EV-01A_312_TS,TCGA-BH-A1EV,TCGA-BH-A1EV-01A
1,val,TCGA-BH-A1F0-01A_645_TS,TCGA-BH-A1F0,TCGA-BH-A1F0-01A
1,val,TCGA-BH-A1F8-01A_52_TS,TCGA-BH-A1F8,TCGA-BH-A1F8-01A
1,val,TCGA-BH-A1FE-01A_755_TS,TCGA-BH-A1FE,TCGA-BH-A1FE-01A
1,val,TCGA-BH-A1FN-01A_100_TS,TCGA-BH-A1FN,TCGA-BH-A1FN-01A
1,val,TCGA-BH-A202-01A_1514_TS,TCGA-BH-A202,TCGA-BH-A202-01A
1,val,TCGA-BH-A209-01A_68_TS,TCGA-BH-A209,TCGA-BH-A209-01A
1,val,TCGA-BH-A42T-01A_1184_TS,TCGA-BH-A42T,TCGA-BH-A42T-01A
1,val,TCGA-BH-A5J0-01A_766_TS,TCGA-BH-A5J0,TCGA-BH-A5J0-01A
1,val,TCGA-BH-A8FZ-01A_1208_TS,TCGA-BH-A8FZ,TCGA-BH-A8FZ-01A
1,val,TCGA-C8-A12K-01A_1103_TS,TCGA-C8-A12K,TCGA-C8-A12K-01A
1,val,TCGA-C8-A12K-01A_1179_TS,TCGA-C8-A12K,TCGA-C8-A12K-01A
1,val,TCGA-C8-A12O-01A_581_TS,TCGA-C8-A12O,TCGA-C8-A12O-01A
1,val,TCGA-C8-A12O-01A_583_TS,TCGA-C8-A12O,TCGA-C8-A12O-01A
1,val,TCGA-C8-A12U-01A_147_TS,TCGA-C8-A12U,TCGA-C8-A12U-01A
1,val,TCGA-C8-A12U-01A_234_TS,TCGA-C8-A12U,TCGA-C8-A12U-01A
1,val,TCGA-C8-A12Y-01A_1141_TS,TCGA-C8-A12Y,TCGA-C8-A12Y-01A
1,val,TCGA-C8-A12Y-01A_947_TS,TCGA-C8-A12Y,TCGA-C8-A12Y-01A
1,val,TCGA-C8-A132-01A_339_TS,TCGA-C8-A132,TCGA-C8-A132-01A
1,val,TCGA-C8-A132-01A_511_TS,TCGA-C8-A132,TCGA-C8-A132-01A
1,val,TCGA-C8-A137-01A_1334_TS,TCGA-C8-A137,TCGA-C8-A137-01A
1,val,TCGA-C8-A137-01A_637_TS,TCGA-C8-A137,TCGA-C8-A137-01A
1,val,TCGA-C8-A1HF-01A_1355_TS,TCGA-C8-A1HF,TCGA-C8-A1HF-01A
1,val,TCGA-C8-A1HL-01A_600_TS,TCGA-C8-A1HL,TCGA-C8-A1HL-01A
1,val,TCGA-C8-A26V-01A_700_TS,TCGA-C8-A26V,TCGA-C8-A26V-01A
1,val,TCGA-C8-A26Z-01A_1429_TS,TCGA-C8-A26Z,TCGA-C8-A26Z-01A
1,val,TCGA-C8-A278-01A_1149_TS,TCGA-C8-A278,TCGA-C8-A278-01A
1,val,TCGA-C8-A8HP-01A_1244_TS,TCGA-C8-A8HP,TCGA-C8-A8HP-01A
1,val,TCGA-D8-A141-01A_197_TS,TCGA-D8-A141,TCGA-D8-A141-01A
1,val,TCGA-D8-A141-01A_362_TS,TCGA-D8-A141,TCGA-D8-A141-01A
1,val,TCGA-D8-A147-01A_323_TS,TCGA-D8-A147,TCGA-D8-A147-01A
1,val,TCGA-D8-A147-01A_325_TS,TCGA-D8-A147,TCGA-D8-A147-01A
1,val,TCGA-D8-A1J8-01A_227_TS,TCGA-D8-A1J8,TCGA-D8-A1J8-01A
1,val,TCGA-D8-A1JC-01A_1329_TS,TCGA-D8-A1JC,TCGA-D8-A1JC-01A
1,val,TCGA-D8-A1JG-01B_43_TS,TCGA-D8-A1JG,TCGA-D8-A1JG-01B
1,val,TCGA-D8-A1JK-01A_1238_TS,TCGA-D8-A1JK,TCGA-D8-A1JK-01A
1,val,TCGA-D8-A1JP-01A_745_TS,TCGA-D8-A1JP,TCGA-D8-A1JP-01A
1,val,TCGA-D8-A1X5-01A_1393_TS,TCGA-D8-A1X5,TCGA-D8-A1X5-01A
1,val,TCGA-D8-A1X9-01A_133_TS,TCGA-D8-A1X9,TCGA-D8-A1X9-01A
1,val,TCGA-D8-A1XD-01A_767_TS,TCGA-D8-A1XD,TCGA-D8-A1XD-01A
1,val,TCGA-D8-A1XK-01A_302_TS,TCGA-D8-A1XK,TCGA-D8-A1XK-01A
1,val,TCGA-D8-A1XQ-01A_139_TS,TCGA-D8-A1XQ,TCGA-D8-A1XQ-01A
1,val,TCGA-D8-A1XU-01A_21_TS,TCGA-D8-A1XU,TCGA-D8-A1XU-01A
1,val,TCGA-D8-A1XZ-01A_1324_TS,TCGA-D8-A1XZ,TCGA-D8-A1XZ-01A
1,val,TCGA-D8-A1Y3-01A_951_TS,TCGA-D8-A1Y3,TCGA-D8-A1Y3-01A
1,val,TCGA-D8-A27H-01A_180_TS,TCGA-D8-A27H,TCGA-D8-A27H-01A
1,val,TCGA-D8-A27M-01A_675_TS,TCGA-D8-A27M,TCGA-D8-A27M-01A
1,val,TCGA-D8-A27T-01A_350_TS,TCGA-D8-A27T,TCGA-D8-A27T-01A
1,val,TCGA-D8-A3Z6-01A_106_TS,TCGA-D8-A3Z6,TCGA-D8-A3Z6-01A
1,val,TCGA-D8-A73X-01A_692_TS,TCGA-D8-A73X,TCGA-D8-A73X-01A
1,val,TCGA-E2-A108-01A_765_TS,TCGA-E2-A108,TCGA-E2-A108-01A
1,val,TCGA-E2-A108-01A_967_TS,TCGA-E2-A108,TCGA-E2-A108-01A
1,val,TCGA-E2-A10C-01A_1084_TS,TCGA-E2-A10C,TCGA-E2-A10C-01A
1,val,TCGA-E2-A10C-01A_804_TS,TCGA-E2-A10C,TCGA-E2-A10C-01A
1,val,TCGA-E2-A14Q-01A_586_TS,TCGA-E2-A14Q,TCGA-E2-A14Q-01A
1,val,TCGA-E2-A14U-01A_1325_TS,TCGA-E2-A14U,TCGA-E2-A14U-01A
1,val,TCGA-E2-A14Y-01A_1234_TS,TCGA-E2-A14Y,TCGA-E2-A14Y-01A
1,val,TCGA-E2-A153-01A_436_TS,TCGA-E2-A153,TCGA-E2-A153-01A
1,val,TCGA-E2-A158-01A_1520_TS,TCGA-E2-A158,TCGA-E2-A158-01A
1,val,TCGA-E2-A15D-01A_1457_TS,TCGA-E2-A15D,TCGA-E2-A15D-01A
1,val,TCGA-E2-A15H-01A_1236_TS,TCGA-E2-A15H,TCGA-E2-A15H-01A
1,val,TCGA-E2-A15L-01A_756_TS,TCGA-E2-A15L,TCGA-E2-A15L-01A
1,val,TCGA-E2-A15R-01A_749_TS,TCGA-E2-A15R,TCGA-E2-A15R-01A
1,val,TCGA-E2-A1B0-01A_893_TS,TCGA-E2-A1B0,TCGA-E2-A1B0-01A
1,val,TCGA-E2-A1B6-01A_125_TS,TCGA-E2-A1B6,TCGA-E2-A1B6-01A
1,val,TCGA-E2-A1IF-01A_799_TS,TCGA-E2-A1IF,TCGA-E2-A1IF-01A
1,val,TCGA-E2-A1IJ-01A_778_TS,TCGA-E2-A1IJ,TCGA-E2-A1IJ-01A
1,val,TCGA-E2-A1IO-01A_930_TS,TCGA-E2-A1IO,TCGA-E2-A1IO-01A
1,val,TCGA-E2-A1L8-01A_1487_TS,TCGA-E2-A1L8,TCGA-E2-A1L8-01A
1,val,TCGA-E2-A1LE-01A_1120_TS,TCGA-E2-A1LE,TCGA-E2-A1LE-01A
1,val,TCGA-E2-A1LL-01A_1320_TS,TCGA-E2-A1LL,TCGA-E2-A1LL-01A
1,val,TCGA-E2-A56Z-01A_121_TS,TCGA-E2-A56Z,TCGA-E2-A56Z-01A
1,val,TCGA-E2-A574-01A_1154_TS,TCGA-E2-A574,TCGA-E2-A574-01A
1,val,TCGA-E9-A1N4-01A_1094_TS,TCGA-E9-A1N4,TCGA-E9-A1N4-01A
1,val,TCGA-E9-A1N9-01A_400_TS,TCGA-E9-A1N9,TCGA-E9-A1N9-01A
1,val,TCGA-E9-A1NF-01A_1040_TS,TCGA-E9-A1NF,TCGA-E9-A1NF-01A
1,val,TCGA-E9-A1QZ-01A_861_TS,TCGA-E9-A1QZ,TCGA-E9-A1QZ-01A
1,val,TCGA-E9-A1R4-01A_822_TS,TCGA-E9-A1R4,TCGA-E9-A1R4-01A
1,val,TCGA-E9-A1RA-01A_168_TS,TCGA-E9-A1RA,TCGA-E9-A1RA-01A
1,val,TCGA-E9-A1RE-01A_1342_TS,TCGA-E9-A1RE,TCGA-E9-A1RE-01A
1,val,TCGA-E9-A1RI-01A_65_TS,TCGA-E9-A1RI,TCGA-E9-A1RI-01A
1,val,TCGA-E9-A229-01A_122_TS,TCGA-E9-A229,TCGA-E9-A229-01A
1,val,TCGA-E9-A22E-01A_1198_TS,TCGA-E9-A22E,TCGA-E9-A22E-01A
1,val,TCGA-E9-A244-01A_1279_TS,TCGA-E9-A244,TCGA-E9-A244-01A
1,val,TCGA-E9-A24A-01A_806_TS,TCGA-E9-A24A,TCGA-E9-A24A-01A
1,val,TCGA-E9-A3Q9-01A_1397_TS,TCGA-E9-A3Q9,TCGA-E9-A3Q9-01A
1,val,TCGA-E9-A5FK-01A_1552_TS,TCGA-E9-A5FK,TCGA-E9-A5FK-01A
1,val,TCGA-EW-A1IW-01A_368_TS,TCGA-EW-A1IW,TCGA-EW-A1IW-01A
1,val,TCGA-EW-A1J1-01A_1496_TS,TCGA-EW-A1J1,TCGA-EW-A1J1-01A
1,val,TCGA-EW-A1OV-01A_671_TS,TCGA-EW-A1OV,TCGA-EW-A1OV-01A
1,val,TCGA-EW-A1OZ-01A_373_TS,TCGA-EW-A1OZ,TCGA-EW-A1OZ-01A
1,val,TCGA-EW-A1P4-01A_1406_TS,TCGA-EW-A1P4,TCGA-EW-A1P4-01A
1,val,TCGA-EW-A1P8-01A_970_TS,TCGA-EW-A1P8,TCGA-EW-A1P8-01A
1,val,TCGA-EW-A1PD-01A_1448_TS,TCGA-EW-A1PD,TCGA-EW-A1PD-01A
1,val,TCGA-EW-A1PH-01A_1048_TS,TCGA-EW-A1PH,TCGA-EW-A1PH-01A
1,val,TCGA-EW-A2FW-01A_821_TS,TCGA-EW-A2FW,TCGA-EW-A2FW-01A
1,val,TCGA-EW-A424-01A_874_TS,TCGA-EW-A424,TCGA-EW-A424-01A
1,val,TCGA-EW-A6SC-01A_477_TS,TCGA-EW-A6SC,TCGA-EW-A6SC-01A
1,val,TCGA-GM-A2D9-01A_594_TS,TCGA-GM-A2D9,TCGA-GM-A2D9-01A
1,val,TCGA-GM-A2DL-01A_1499_TS,TCGA-GM-A2DL,TCGA-GM-A2DL-01A
1,val,TCGA-GM-A3NW-01A_184_TS,TCGA-GM-A3NW,TCGA-GM-A3NW-01A
1,val,TCGA-GM-A3XN-01A_1343_TS,TCGA-GM-A3XN,TCGA-GM-A3XN-01A
1,val,TCGA-HN-A2OB-01A_223_TS,TCGA-HN-A2OB,TCGA-HN-A2OB-01A
1,val,TCGA-LD-A74U-01A_392_TS,TCGA-LD-A74U,TCGA-LD-A74U-01A
1,val,TCGA-LL-A440-01A_87_TS,TCGA-LL-A440,TCGA-LL-A440-01A
1,val,TCGA-LL-A5YL-01A_1366_TS,TCGA-LL-A5YL,TCGA-LL-A5YL-01A
1,val,TCGA-LL-A5YP-01A_898_TS,TCGA-LL-A5YP,TCGA-LL-A5YP-01A
1,val,TCGA-LL-A73Y-01A_1467_TS,TCGA-LL-A73Y,TCGA-LL-A73Y-01A
1,val,TCGA-LL-A7T0-01A_1240_TS,TCGA-LL-A7T0,TCGA-LL-A7T0-01A
1,val,TCGA-MS-A51U-01A_465_TS,TCGA-MS-A51U,TCGA-MS-A51U-01A
1,val,TCGA-OL-A5D8-01A_341_TS,TCGA-OL-A5D8,TCGA-OL-A5D8-01A
1,val,TCGA-OL-A5RW-01A_1364_TS,TCGA-OL-A5RW,TCGA-OL-A5RW-01A
1,val,TCGA-OL-A5S0-01A_453_TS,TCGA-OL-A5S0,TCGA-OL-A5S0-01A
1,val,TCGA-OL-A66K-01A_757_TS,TCGA-OL-A66K,TCGA-OL-A66K-01A
1,val,TCGA-OL-A66P-01A_487_TS,TCGA-OL-A66P,TCGA-OL-A66P-01A
1,val,TCGA-OL-A97C-01A_81_TS,TCGA-OL-A97C,TCGA-OL-A97C-01A
1,val,TCGA-S3-A6ZF-01A_408_TS,TCGA-S3-A6ZF,TCGA-S3-A6ZF-01A
1,val,TCGA-S3-AA10-01A_643_TS,TCGA-S3-AA10,TCGA-S3-AA10-01A
1,val,TCGA-S3-AA15-01A_157_TS,TCGA-S3-AA15,TCGA-S3-AA15-01A
1,val,TCGA-V7-A7HQ-01A_1287_TS,TCGA-V7-A7HQ,TCGA-V7-A7HQ-01A
1,val,TCGA-XX-A89A-01A_783_TS,TCGA-XX-A89A,TCGA-XX-A89A-01A
2,test,TCGA-3C-AALI-01A_1280_TS,TCGA-3C-AALI,TCGA-3C-AALI-01A
2,test,TCGA-4H-AAAK-01A_1006_TS,TCGA-4H-AAAK,TCGA-4H-AAAK-01A
2,test,TCGA-A1-A0SE-01A_1506_TS,TCGA-A1-A0SE,TCGA-A1-A0SE-01A
2,test,TCGA-A1-A0SE-01A_725_TS,TCGA-A1-A0SE,TCGA-A1-A0SE-01A
2,test,TCGA-A1-A0SI-01A_1193_TS,TCGA-A1-A0SI,TCGA-A1-A0SI-01A
2,test,TCGA-A1-A0SI-01A_1411_TS,TCGA-A1-A0SI,TCGA-A1-A0SI-01A
2,test,TCGA-A1-A0SN-01A_750_TS,TCGA-A1-A0SN,TCGA-A1-A0SN-01A
2,test,TCGA-A1-A0SN-01A_752_TS,TCGA-A1-A0SN,TCGA-A1-A0SN-01A
2,test,TCGA-A2-A04N-01A_1250_TS,TCGA-A2-A04N,TCGA-A2-A04N-01A
2,test,TCGA-A2-A04N-01A_1251_TS,TCGA-A2-A04N,TCGA-A2-A04N-01A
2,test,TCGA-A2-A04U-01A_418_TS,TCGA-A2-A04U,TCGA-A2-A04U-01A
2,test,TCGA-A2-A04U-01A_506_TS,TCGA-A2-A04U,TCGA-A2-A04U-01A
2,test,TCGA-A2-A0CL-01A_61_TS,TCGA-A2-A0CL,TCGA-A2-A0CL-01A
2,test,TCGA-A2-A0CL-01A_772_TS,TCGA-A2-A0CL,TCGA-A2-A0CL-01A
2,test,TCGA-A2-A0CQ-01A_58_TS,TCGA-A2-A0CQ,TCGA-A2-A0CQ-01A
2,test,TCGA-A2-A0CQ-01A_768_TS,TCGA-A2-A0CQ,TCGA-A2-A0CQ-01A
2,test,TCGA-A2-A0CU-01A_141_TS,TCGA-A2-A0CU,TCGA-A2-A0CU-01A
2,test,TCGA-A2-A0CU-01A_559_TS,TCGA-A2-A0CU,TCGA-A2-A0CU-01A
2,test,TCGA-A2-A0CZ-01A_1207_TS,TCGA-A2-A0CZ,TCGA-A2-A0CZ-01A
2,test,TCGA-A2-A0CZ-01A_1420_TS,TCGA-A2-A0CZ,TCGA-A2-A0CZ-01A
2,test,TCGA-A2-A0D3-01A_493_TS,TCGA-A2-A0D3,TCGA-A2-A0D3-01A
2,test,TCGA-A2-A0D3-01A_497_TS,TCGA-A2-A0D3,TCGA-A2-A0D3-01A
2,test,TCGA-A2-A0EO-01A_1140_TS,TCGA-A2-A0EO,TCGA-A2-A0EO-01A
2,test,TCGA-A2-A0EO-01A_946_TS,TCGA-A2-A0EO,TCGA-A2-A0EO-01A
2,test,TCGA-A2-A0EP-01A_826_TS,TCGA-A2-A0EP,TCGA-A2-A0EP-01A
2,test,TCGA-A2-A0ET-01A_1136_TS,TCGA-A2-A0ET,TCGA-A2-A0ET-01A
2,test,TCGA-A2-A0ET-01A_850_TS,TCGA-A2-A0ET,TCGA-A2-A0ET-01A
2,test,TCGA-A2-A0EX-01A_1007_TS,TCGA-A2-A0EX,TCGA-A2-A0EX-01A
2,test,TCGA-A2-A0EX-01A_902_TS,TCGA-A2-A0EX,TCGA-A2-A0EX-01A
2,test,TCGA-A2-A0SV-01A_1024_TS,TCGA-A2-A0SV,TCGA-A2-A0SV-01A
2,test,TCGA-A2-A0SV-01A_924_TS,TCGA-A2-A0SV,TCGA-A2-A0SV-01A
2,test,TCGA-A2-A0T0-01A_220_TS,TCGA-A2-A0T0,TCGA-A2-A0T0-01A
2,test,TCGA-A2-A0T0-01A_300_TS,TCGA-A2-A0T0,TCGA-A2-A0T0-01A
2,test,TCGA-A2-A0T4-01A_688_TS,TCGA-A2-A0T4,TCGA-A2-A0T4-01A
2,test,TCGA-A2-A0T4-01A_689_TS,TCGA-A2-A0T4,TCGA-A2-A0T4-01A
2,test,TCGA-A2-A0YC-01A_616_TS,TCGA-A2-A0YC,TCGA-A2-A0YC-01A
2,test,TCGA-A2-A0YC-01A_617_TS,TCGA-A2-A0YC,TCGA-A2-A0YC-01A
2,test,TCGA-A2-A0YG-01A_1398_TS,TCGA-A2-A0YG,TCGA-A2-A0YG-01A
2,test,TCGA-A2-A0YG-01A_1482_TS,TCGA-A2-A0YG,TCGA-A2-A0YG-01A
2,test,TCGA-A2-A0YK-01A_470_TS,TCGA-A2-A0YK,TCGA-A2-A0YK-01A
2,test,TCGA-A2-A0YK-01A_471_TS,TCGA-A2-A0YK,TCGA-A2-A0YK-01A
2,test,TCGA-A2-A1G0-01A_1037_TS,TCGA-A2-A1G0,TCGA-A2-A1G0-01A
2,test,TCGA-A2-A259-01A_33_TS,TCGA-A2-A259,TCGA-A2-A259-01A
2,test,TCGA-A2-A25D-01A_655_TS,TCGA-A2-A25D,TCGA-A2-A25D-01A
2,test,TCGA-A2-A3KD-01A_69_TS,TCGA-A2-A3KD,TCGA-A2-A3KD-01A
2,test,TCGA-A2-A3XV-01A_1230_TS,TCGA-A2-A3XV,TCGA-A2-A3XV-01A
2,test,TCGA-A2-A3XZ-01A_244_TS,TCGA-A2-A3XZ,TCGA-A2-A3XZ-01A
2,test,TCGA-A2-A4RY-01A_535_TS,TCGA-A2-A4RY,TCGA-A2-A4RY-01A
2,test,TCGA-A2-A4S3-01A_314_TS,TCGA-A2-A4S3,TCGA-A2-A4S3-01A
2,test,TCGA-A7-A0CD-01A_10_TS,TCGA-A7-A0CD,TCGA-A7-A0CD-01A
2,test,TCGA-A7-A0CD-01A_8_TS,TCGA-A7-A0CD,TCGA-A7-A0CD-01A
2,test,TCGA-A7-A0CJ-01A_187_TS,TCGA-A7-A0CJ,TCGA-A7-A0CJ-01A
2,test,TCGA-A7-A0CJ-01A_258_TS,TCGA-A7-A0CJ,TCGA-A7-A0CJ-01A
2,test,TCGA-A7-A13F-01A_1370_TS,TCGA-A7-A13F,TCGA-A7-A13F-01A
2,test,TCGA-A7-A13F-01A_649_TS,TCGA-A7-A13F,TCGA-A7-A13F-01A
2,test,TCGA-A7-A26J-01A_1004_TS,TCGA-A7-A26J,TCGA-A7-A26J-01A
2,test,TCGA-A7-A3J0-01A_179_TS,TCGA-A7-A3J0,TCGA-A7-A3J0-01A
2,test,TCGA-A7-A426-01A_1283_TS,TCGA-A7-A426,TCGA-A7-A426-01A
2,test,TCGA-A7-A4SD-01A_585_TS,TCGA-A7-A4SD,TCGA-A7-A4SD-01A
2,test,TCGA-A7-A5ZV-01A_96_TS,TCGA-A7-A5ZV,TCGA-A7-A5ZV-01A
2,test,TCGA-A7-A6VW-01A_241_TS,TCGA-A7-A6VW,TCGA-A7-A6VW-01A
2,test,TCGA-A8-A06P-01A_30_TS,TCGA-A8-A06P,TCGA-A8-A06P-01A
2,test,TCGA-A8-A06P-01A_744_TS,TCGA-A8-A06P,TCGA-A8-A06P-01A
2,test,TCGA-A8-A06Y-01A_1228_TS,TCGA-A8-A06Y,TCGA-A8-A06Y-01A
2,test,TCGA-A8-A06Y-01A_1412_TS,TCGA-A8-A06Y,TCGA-A8-A06Y-01A
2,test,TCGA-A8-A079-01A_248_TS,TCGA-A8-A079,TCGA-A8-A079-01A
2,test,TCGA-A8-A079-01A_413_TS,TCGA-A8-A079,TCGA-A8-A079-01A
2,test,TCGA-A8-A07F-01A_1139_TS,TCGA-A8-A07F,TCGA-A8-A07F-01A
2,test,TCGA-A8-A07F-01A_945_TS,TCGA-A8-A07F,TCGA-A8-A07F-01A
2,test,TCGA-A8-A07J-01A_74_TS,TCGA-A8-A07J,TCGA-A8-A07J-01A
2,test,TCGA-A8-A07J-01A_75_TS,TCGA-A8-A07J,TCGA-A8-A07J-01A
2,test,TCGA-A8-A07J-01A_792_TS,TCGA-A8-A07J,TCGA-A8-A07J-01A
2,test,TCGA-A8-A07O-01A_463_TS,TCGA-A8-A07O,TCGA-A8-A07O-01A
2,test,TCGA-A8-A07O-01A_553_TS,TCGA-A8-A07O,TCGA-A8-A07O-01A
2,test,TCGA-A8-A07U-01A_994_TS,TCGA-A8-A07U,TCGA-A8-A07U-01A
2,test,TCGA-A8-A07U-01A_995_TS,TCGA-A8-A07U,TCGA-A8-A07U-01A
2,test,TCGA-A8-A082-01A_541_TS,TCGA-A8-A082,TCGA-A8-A082-01A
2,test,TCGA-A8-A082-01A_543_TS,TCGA-A8-A082,TCGA-A8-A082-01A
2,test,TCGA-A8-A086-01A_321_TS,TCGA-A8-A086,TCGA-A8-A086-01A
2,test,TCGA-A8-A086-01A_410_TS,TCGA-A8-A086,TCGA-A8-A086-01A
2,test,TCGA-A8-A08F-01A_1104_TS,TCGA-A8-A08F,TCGA-A8-A08F-01A
2,test,TCGA-A8-A08F-01A_5_TS,TCGA-A8-A08F,TCGA-A8-A08F-01A
2,test,TCGA-A8-A08L-01A_332_TS,TCGA-A8-A08L,TCGA-A8-A08L-01A
2,test,TCGA-A8-A08L-01A_584_TS,TCGA-A8-A08L,TCGA-A8-A08L-01A
2,test,TCGA-A8-A08S-01A_775_TS,TCGA-A8-A08S,TCGA-A8-A08S-01A
2,test,TCGA-A8-A08S-01A_776_TS,TCGA-A8-A08S,TCGA-A8-A08S-01A
2,test,TCGA-A8-A090-01A_1537_TS,TCGA-A8-A090,TCGA-A8-A090-01A
2,test,TCGA-A8-A090-01A_1546_TS,TCGA-A8-A090,TCGA-A8-A090-01A
2,test,TCGA-A8-A094-01A_233_TS,TCGA-A8-A094,TCGA-A8-A094-01A
2,test,TCGA-A8-A094-01A_399_TS,TCGA-A8-A094,TCGA-A8-A094-01A
2,test,TCGA-A8-A099-01A_1489_TS,TCGA-A8-A099,TCGA-A8-A099-01A
2,test,TCGA-A8-A099-01A_710_TS,TCGA-A8-A099,TCGA-A8-A099-01A
2,test,TCGA-A8-A09E-01A_0_TS,TCGA-A8-A09E,TCGA-A8-A09E-01A
2,test,TCGA-A8-A09E-01A_1159_TS,TCGA-A8-A09E,TCGA-A8-A09E-01A
2,test,TCGA-A8-A09M-01A_304_TS,TCGA-A8-A09M,TCGA-A8-A09M-01A
2,test,TCGA-A8-A09M-01A_568_TS,TCGA-A8-A09M,TCGA-A8-A09M-01A
2,test,TCGA-A8-A09T-01A_1026_TS,TCGA-A8-A09T,TCGA-A8-A09T-01A
2,test,TCGA-A8-A09T-01A_831_TS,TCGA-A8-A09T,TCGA-A8-A09T-01A
2,test,TCGA-A8-A09Z-01A_316_TS,TCGA-A8-A09Z,TCGA-A8-A09Z-01A
2,test,TCGA-A8-A09Z-01A_485_TS,TCGA-A8-A09Z,TCGA-A8-A09Z-01A
2,test,TCGA-A8-A0A7-01A_317_TS,TCGA-A8-A0A7,TCGA-A8-A0A7-01A
2,test,TCGA-A8-A0A7-01A_402_TS,TCGA-A8-A0A7,TCGA-A8-A0A7-01A
2,test,TCGA-AC-A23C-01A_665_TS,TCGA-AC-A23C,TCGA-AC-A23C-01A
2,test,TCGA-AC-A2B8-01A_612_TS,TCGA-AC-A2B8,TCGA-AC-A2B8-01A
2,test,TCGA-AC-A2FE-01A_1433_TS,TCGA-AC-A2FE,TCGA-AC-A2FE-01A
2,test,TCGA-AC-A2FM-01A_1545_TS,TCGA-AC-A2FM,TCGA-AC-A2FM-01A
2,test,TCGA-AC-A2QH-01B_14_TS,TCGA-AC-A2QH,TCGA-AC-A2QH-01B
2,test,TCGA-AC-A2QH-01B_820_TS,TCGA-AC-A2QH,TCGA-AC-A2QH-01B
2,test,TCGA-AC-A3BB-01A_636_TS,TCGA-AC-A3BB,TCGA-AC-A3BB-01A
2,test,TCGA-AC-A3TM-01A_805_TS,TCGA-AC-A3TM,TCGA-AC-A3TM-01A
2,test,TCGA-AC-A3W7-01A_858_TS,TCGA-AC-A3W7,TCGA-AC-A3W7-01A
2,test,TCGA-AC-A5EH-01A_1446_TS,TCGA-AC-A5EH,TCGA-AC-A5EH-01A
2,test,TCGA-AC-A62X-01A_67_TS,TCGA-AC-A62X,TCGA-AC-A62X-01A
2,test,TCGA-AC-A6IX-01A_1088_TS,TCGA-AC-A6IX,TCGA-AC-A6IX-01A
2,test,TCGA-AC-A8OP-01A_1018_TS,TCGA-AC-A8OP,TCGA-AC-A8OP-01A
2,test,TCGA-AN-A041-01A_251_TS,TCGA-AN-A041,TCGA-AN-A041-01A
2,test,TCGA-AN-A041-01A_417_TS,TCGA-AN-A041,TCGA-AN-A041-01A
2,test,TCGA-AN-A04C-01A_1097_TS,TCGA-AN-A04C,TCGA-AN-A04C-01A
2,test,TCGA-AN-A04C-01A_86_TS,TCGA-AN-A04C,TCGA-AN-A04C-01A
2,test,TCGA-AN-A0AL-01A_608_TS,TCGA-AN-A0AL,TCGA-AN-A0AL-01A
2,test,TCGA-AN-A0AL-01A_609_TS,TCGA-AN-A0AL,TCGA-AN-A0AL-01A
2,test,TCGA-AN-A0AT-01A_622_TS,TCGA-AN-A0AT,TCGA-AN-A0AT-01A
2,test,TCGA-AN-A0AT-01A_623_TS,TCGA-AN-A0AT,TCGA-AN-A0AT-01A
2,test,TCGA-AN-A0FK-01A_178_TS,TCGA-AN-A0FK,TCGA-AN-A0FK-01A
2,test,TCGA-AN-A0FK-01A_588_TS,TCGA-AN-A0FK,TCGA-AN-A0FK-01A
2,test,TCGA-AN-A0FV-01A_177_TS,TCGA-AN-A0FV,TCGA-AN-A0FV-01A
2,test,TCGA-AN-A0FV-01A_256_TS,TCGA-AN-A0FV,TCGA-AN-A0FV-01A
2,test,TCGA-AN-A0FZ-01A_44_TS,TCGA-AN-A0FZ,TCGA-AN-A0FZ-01A
2,test,TCGA-AN-A0FZ-01A_843_TS,TCGA-AN-A0FZ,TCGA-AN-A0FZ-01A
2,test,TCGA-AN-A0XO-01A_1229_TS,TCGA-AN-A0XO,TCGA-AN-A0XO-01A
2,test,TCGA-AN-A0XO-01A_1255_TS,TCGA-AN-A0XO,TCGA-AN-A0XO-01A
2,test,TCGA-AN-A0XT-01A_604_TS,TCGA-AN-A0XT,TCGA-AN-A0XT-01A
2,test,TCGA-AN-A0XT-01A_605_TS,TCGA-AN-A0XT,TCGA-AN-A0XT-01A
2,test,TCGA-AO-A03L-01A_1101_TS,TCGA-AO-A03L,TCGA-AO-A03L-01A
2,test,TCGA-AO-A03L-01A_596_TS,TCGA-AO-A03L,TCGA-AO-A03L-01A
2,test,TCGA-AO-A03U-01B_627_TS,TCGA-AO-A03U,TCGA-AO-A03U-01B
2,test,TCGA-AO-A03U-01B_628_TS,TCGA-AO-A03U,TCGA-AO-A03U-01B
2,test,TCGA-AO-A0J5-01A_1109_TS,TCGA-AO-A0J5,TCGA-AO-A0J5-01A
2,test,TCGA-AO-A0J5-01A_814_TS,TCGA-AO-A0J5,TCGA-AO-A0J5-01A
2,test,TCGA-AO-A0JA-01A_1513_TS,TCGA-AO-A0JA,TCGA-AO-A0JA-01A
2,test,TCGA-AO-A0JA-01A_1553_TS,TCGA-AO-A0JA,TCGA-AO-A0JA-01A
2,test,TCGA-AO-A0JF-01A_1380_TS,TCGA-AO-A0JF,TCGA-AO-A0JF-01A
2,test,TCGA-AO-A0JF-01A_1434_TS,TCGA-AO-A0JF,TCGA-AO-A0JF-01A
2,test,TCGA-AO-A0JM-01A_282_TS,TCGA-AO-A0JM,TCGA-AO-A0JM-01A
2,test,TCGA-AO-A0JM-01A_454_TS,TCGA-AO-A0JM,TCGA-AO-A0JM-01A
2,test,TCGA-AO-A128-01A_1032_TS,TCGA-AO-A128,TCGA-AO-A128-01A
2,test,TCGA-AO-A128-01A_1135_TS,TCGA-AO-A128,TCGA-AO-A128-01A
2,test,TCGA-AO-A12C-01A_79_TS,TCGA-AO-A12C,TCGA-AO-A12C-01A
2,test,TCGA-AO-A12C-01A_989_TS,TCGA-AO-A12C,TCGA-AO-A12C-01A
2,test,TCGA-AO-A12H-01A_1073_TS,TCGA-AO-A12H,TCGA-AO-A12H-01A
2,test,TCGA-AO-A12H-01A_1163_TS,TCGA-AO-A12H,TCGA-AO-A12H-01A
2,test,TCGA-AO-A1KO-01A_1485_TS,TCGA-AO-A1KO,TCGA-AO-A1KO-01A
2,test,TCGA-AO-A1KT-01A_1246_TS,TCGA-AO-A1KT,TCGA-AO-A1KT-01A
2,test,TCGA-AQ-A0Y5-01A_6_TS,TCGA-AQ-A0Y5,TCGA-AQ-A0Y5-01A
2,test,TCGA-AQ-A0Y5-01A_7_TS,TCGA-AQ-A0Y5,TCGA-AQ-A0Y5-01A
2,test,TCGA-AQ-A54O-01A_138_TS,TCGA-AQ-A54O,TCGA-AQ-A54O-01A
2,test,TCGA-AR-A0TS-01A_931_TS,TCGA-AR-A0TS,TCGA-AR-A0TS-01A
2,test,TCGA-AR-A0TS-01A_933_TS,TCGA-AR-A0TS,TCGA-AR-A0TS-01A
2,test,TCGA-AR-A0TW-01A_1029_TS,TCGA-AR-A0TW,TCGA-AR-A0TW-01A
2,test,TCGA-AR-A0TW-01A_42_TS,TCGA-AR-A0TW,TCGA-AR-A0TW-01A
2,test,TCGA-AR-A0U0-01A_736_TS,TCGA-AR-A0U0,TCGA-AR-A0U0-01A
2,test,TCGA-AR-A0U0-01A_816_TS,TCGA-AR-A0U0,TCGA-AR-A0U0-01A
2,test,TCGA-AR-A1AK-01A_563_TS,TCGA-AR-A1AK,TCGA-AR-A1AK-01A
2,test,TCGA-AR-A1AO-01A_225_TS,TCGA-AR-A1AO,TCGA-AR-A1AO-01A
2,test,TCGA-AR-A1AS-01A_862_TS,TCGA-AR-A1AS,TCGA-AR-A1AS-01A
2,test,TCGA-AR-A1AW-01A_1422_TS,TCGA-AR-A1AW,TCGA-AR-A1AW-01A
2,test,TCGA-AR-A24K-01A_964_TS,TCGA-AR-A24K,TCGA-AR-A24K-01A
2,test,TCGA-AR-A24O-01A_1008_TS,TCGA-AR-A24O,TCGA-AR-A24O-01A
2,test,TCGA-AR-A24S-01A_80_TS,TCGA-AR-A24S,TCGA-AR-A24S-01A
2,test,TCGA-AR-A24W-01A_1090_TS,TCGA-AR-A24W,TCGA-AR-A24W-01A
2,test,TCGA-AR-A251-01A_205_TS,TCGA-AR-A251,TCGA-AR-A251-01A
2,test,TCGA-AR-A256-01A_1243_TS,TCGA-AR-A256,TCGA-AR-A256-01A
2,test,TCGA-AR-A2LL-01A_19_TS,TCGA-AR-A2LL,TCGA-AR-A2LL-01A
2,test,TCGA-AR-A2LQ-01A_238_TS,TCGA-AR-A2LQ,TCGA-AR-A2LQ-01A
2,test,TCGA-AR-A5QP-01A_659_TS,TCGA-AR-A5QP,TCGA-AR-A5QP-01A
2,test,TCGA-B6-A0I1-01A_114_TS,TCGA-B6-A0I1,TCGA-B6-A0I1-01A
2,test,TCGA-B6-A0I1-01A_201_TS,TCGA-B6-A0I1,TCGA-B6-A0I1-01A
2,test,TCGA-B6-A0I9-01A_113_TS,TCGA-B6-A0I9,TCGA-B6-A0I9-01A
2,test,TCGA-B6-A0I9-01A_367_TS,TCGA-B6-A0I9,TCGA-B6-A0I9-01A
2,test,TCGA-B6-A0IE-01A_859_TS,TCGA-B6-A0IE,TCGA-B6-A0IE-01A
2,test,TCGA-B6-A0IE-01A_860_TS,TCGA-B6-A0IE,TCGA-B6-A0IE-01A
2,test,TCGA-B6-A0IK-01A_18_TS,TCGA-B6-A0IK,TCGA-B6-A0IK-01A
2,test,TCGA-B6-A0IK-01A_915_TS,TCGA-B6-A0IK,TCGA-B6-A0IK-01A
2,test,TCGA-B6-A0IQ-01A_1188_TS,TCGA-B6-A0IQ,TCGA-B6-A0IQ-01A
2,test,TCGA-B6-A0IQ-01A_1360_TS,TCGA-B6-A0IQ,TCGA-B6-A0IQ-01A
2,test,TCGA-B6-A0RI-01A_164_TS,TCGA-B6-A0RI,TCGA-B6-A0RI-01A
2,test,TCGA-B6-A0RI-01A_327_TS,TCGA-B6-A0RI,TCGA-B6-A0RI-01A
2,test,TCGA-B6-A0RO-01A_1072_TS,TCGA-B6-A0RO,TCGA-B6-A0RO-01A
2,test,TCGA-B6-A0RO-01A_1074_TS,TCGA-B6-A0RO,TCGA-B6-A0RO-01A
2,test,TCGA-B6-A0RT-01A_948_TS,TCGA-B6-A0RT,TCGA-B6-A0RT-01A
2,test,TCGA-B6-A0RT-01A_949_TS,TCGA-B6-A0RT,TCGA-B6-A0RT-01A
2,test,TCGA-B6-A0WT-01A_1143_TS,TCGA-B6-A0WT,TCGA-B6-A0WT-01A
2,test,TCGA-B6-A0WT-01A_853_TS,TCGA-B6-A0WT,TCGA-B6-A0WT-01A
2,test,TCGA-B6-A0WY-01A_1075_TS,TCGA-B6-A0WY,TCGA-B6-A0WY-01A
2,test,TCGA-B6-A0WY-01A_1078_TS,TCGA-B6-A0WY,TCGA-B6-A0WY-01A
2,test,TCGA-B6-A0X4-01A_419_TS,TCGA-B6-A0X4,TCGA-B6-A0X4-01A
2,test,TCGA-B6-A0X4-01A_508_TS,TCGA-B6-A0X4,TCGA-B6-A0X4-01A
2,test,TCGA-B6-A1KI-01A_37_TS,TCGA-B6-A1KI,TCGA-B6-A1KI-01A
2,test,TCGA-B6-A400-01A_1214_TS,TCGA-B6-A400,TCGA-B6-A400-01A
2,test,TCGA-B6-A409-01A_1267_TS,TCGA-B6-A409,TCGA-B6-A409-01A
2,test,TCGA-BH-A0AW-01A_1526_TS,TCGA-BH-A0AW,TCGA-BH-A0AW-01A
2,test,TCGA-BH-A0AW-01A_1528_TS,TCGA-BH-A0AW,TCGA-BH-A0AW-01A
2,test,TCGA-BH-A0B2-01A_1114_TS,TCGA-BH-A0B2,TCGA-BH-A0B2-01A
2,test,TCGA-BH-A0B2-01A_773_TS,TCGA-BH-A0B2,TCGA-BH-A0B2-01A
2,test,TCGA-BH-A0B7-01A_1302_TS,TCGA-BH-A0B7,TCGA-BH-A0B7-01A
2,test,TCGA-BH-A0B7-01A_1349_TS,TCGA-BH-A0B7,TCGA-BH-A0B7-01A
2,test,TCGA-BH-A0BC-01A_330_TS,TCGA-BH-A0BC,TCGA-BH-A0BC-01A
2,test,TCGA-BH-A0BC-01A_499_TS,TCGA-BH-A0BC,TCGA-BH-A0BC-01A
2,test,TCGA-BH-A0BJ-01A_1256_TS,TCGA-BH-A0BJ,TCGA-BH-A0BJ-01A
2,test,TCGA-BH-A0BJ-01A_432_TS,TCGA-BH-A0BJ,TCGA-BH-A0BJ-01A
2,test,TCGA-BH-A0BP-01A_1491_TS,TCGA-BH-A0BP,TCGA-BH-A0BP-01A
2,test,TCGA-BH-A0BP-01A_711_TS,TCGA-BH-A0BP,TCGA-BH-A0BP-01A
2,test,TCGA-BH-A0BT-01A_1350_TS,TCGA-BH-A0BT,TCGA-BH-A0BT-01A
2,test,TCGA-BH-A0BT-01A_1365_TS,TCGA-BH-A0BT,TCGA-BH-A0BT-01A
2,test,TCGA-BH-A0C0-01A_1011_TS,TCGA-BH-A0C0,TCGA-BH-A0C0-01A
2,test,TCGA-BH-A0C0-01A_1113_TS,TCGA-BH-A0C0,TCGA-BH-A0C0-01A
2,test,TCGA-BH-A0DD-01A_259_TS,TCGA-BH-A0DD,TCGA-BH-A0DD-01A
2,test,TCGA-BH-A0DD-01A_514_TS,TCGA-BH-A0DD,TCGA-BH-A0DD-01A
2,test,TCGA-BH-A0DK-01A_1389_TS,TCGA-BH-A0DK,TCGA-BH-A0DK-01A
2,test,TCGA-BH-A0DK-01A_1442_TS,TCGA-BH-A0DK,TCGA-BH-A0DK-01A
2,test,TCGA-BH-A0DQ-01A_597_TS,TCGA-BH-A0DQ,TCGA-BH-A0DQ-01A
2,test,TCGA-BH-A0DQ-01A_598_TS,TCGA-BH-A0DQ,TCGA-BH-A0DQ-01A
2,test,TCGA-BH-A0DX-01A_1291_TS,TCGA-BH-A0DX,TCGA-BH-A0DX-01A
2,test,TCGA-BH-A0DX-01A_1332_TS,TCGA-BH-A0DX,TCGA-BH-A0DX-01A
2,test,TCGA-BH-A0E6-01A_1095_TS,TCGA-BH-A0E6,TCGA-BH-A0E6-01A
2,test,TCGA-BH-A0E6-01A_85_TS,TCGA-BH-A0E6,TCGA-BH-A0E6-01A
2,test,TCGA-BH-A0EB-01A_1390_TS,TCGA-BH-A0EB,TCGA-BH-A0EB-01A
2,test,TCGA-BH-A0EB-01A_1474_TS,TCGA-BH-A0EB,TCGA-BH-A0EB-01A
2,test,TCGA-BH-A0H3-01A_1180_TS,TCGA-BH-A0H3,TCGA-BH-A0H3-01A
2,test,TCGA-BH-A0H3-01A_1331_TS,TCGA-BH-A0H3,TCGA-BH-A0H3-01A
2,test,TCGA-BH-A0H9-01A_1151_TS,TCGA-BH-A0H9,TCGA-BH-A0H9-01A
2,test,TCGA-BH-A0H9-01A_968_TS,TCGA-BH-A0H9,TCGA-BH-A0H9-01A
2,test,TCGA-BH-A0HI-01A_211_TS,TCGA-BH-A0HI,TCGA-BH-A0HI-01A
2,test,TCGA-BH-A0HL-01A_855_TS,TCGA-BH-A0HL,TCGA-BH-A0HL-01A
2,test,TCGA-BH-A0HL-01A_956_TS,TCGA-BH-A0HL,TCGA-BH-A0HL-01A
2,test,TCGA-BH-A0HQ-01A_1431_TS,TCGA-BH-A0HQ,TCGA-BH-A0HQ-01A
2,test,TCGA-BH-A0HQ-01A_1432_TS,TCGA-BH-A0HQ,TCGA-BH-A0HQ-01A
2,test,TCGA-BH-A0HY-01A_155_TS,TCGA-BH-A0HY,TCGA-BH-A0HY-01A
2,test,TCGA-BH-A0HY-01A_489_TS,TCGA-BH-A0HY,TCGA-BH-A0HY-01A
2,test,TCGA-BH-A0W5-01A_832_TS,TCGA-BH-A0W5,TCGA-BH-A0W5-01A
2,test,TCGA-BH-A0W5-01A_935_TS,TCGA-BH-A0W5,TCGA-BH-A0W5-01A
2,test,TCGA-BH-A18I-01A_998_TS,TCGA-BH-A18I,TCGA-BH-A18I-01A
2,test,TCGA-BH-A18M-01A_1396_TS,TCGA-BH-A18M,TCGA-BH-A18M-01A
2,test,TCGA-BH-A18R-01A_1559_TS,TCGA-BH-A18R,TCGA-BH-A18R-01A
2,test,TCGA-BH-A18V-01A_1093_TS,TCGA-BH-A18V,TCGA-BH-A18V-01A
2,test,TCGA-BH-A1ET-01A_335_TS,TCGA-BH-A1ET,TCGA-BH-A1ET-01A
2,test,TCGA-BH-A1EX-01A_528_TS,TCGA-BH-A1EX,TCGA-BH-A1EX-01A
2,test,TCGA-BH-A1F5-01A_777_TS,TCGA-BH-A1F5,TCGA-BH-A1F5-01A
2,test,TCGA-BH-A1FC-01A_398_TS,TCGA-BH-A1FC,TCGA-BH-A1FC-01A
2,test,TCGA-BH-A1FJ-01A_1557_TS,TCGA-BH-A1FJ,TCGA-BH-A1FJ-01A
2,test,TCGA-BH-A1FU-01A_1502_TS,TCGA-BH-A1FU,TCGA-BH-A1FU-01A
2,test,TCGA-BH-A204-01A_621_TS,TCGA-BH-A204,TCGA-BH-A204-01A
2,test,TCGA-BH-A28Q-01A_747_TS,TCGA-BH-A28Q,TCGA-BH-A28Q-01A
2,test,TCGA-BH-A42V-01A_539_TS,TCGA-BH-A42V,TCGA-BH-A42V-01A
2,test,TCGA-BH-A6R9-01A_531_TS,TCGA-BH-A6R9,TCGA-BH-A6R9-01A
2,test,TCGA-BH-AB28-01A_1344_TS,TCGA-BH-AB28,TCGA-BH-AB28-01A
2,test,TCGA-C8-A12L-01A_111_TS,TCGA-C8-A12L,TCGA-C8-A12L-01A
2,test,TCGA-C8-A12L-01A_534_TS,TCGA-C8-A12L,TCGA-C8-A12L-01A
2,test,TCGA-C8-A12P-01A_666_TS,TCGA-C8-A12P,TCGA-C8-A12P-01A
2,test,TCGA-C8-A12P-01A_667_TS,TCGA-C8-A12P,TCGA-C8-A12P-01A
2,test,TCGA-C8-A12V-01A_848_TS,TCGA-C8-A12V,TCGA-C8-A12V-01A
2,test,TCGA-C8-A12V-01A_943_TS,TCGA-C8-A12V,TCGA-C8-A12V-01A
2,test,TCGA-C8-A12Z-01A_149_TS,TCGA-C8-A12Z,TCGA-C8-A12Z-01A
2,test,TCGA-C8-A12Z-01A_153_TS,TCGA-C8-A12Z,TCGA-C8-A12Z-01A
2,test,TCGA-C8-A133-01A_403_TS,TCGA-C8-A133,TCGA-C8-A133-01A
2,test,TCGA-C8-A133-01A_572_TS,TCGA-C8-A133,TCGA-C8-A133-01A
2,test,TCGA-C8-A1HI-01A_1010_TS,TCGA-C8-A1HI,TCGA-C8-A1HI-01A
2,test,TCGA-C8-A1HN-01A_1034_TS,TCGA-C8-A1HN,TCGA-C8-A1HN-01A
2,test,TCGA-C8-A26X-01A_883_TS,TCGA-C8-A26X,TCGA-C8-A26X-01A
2,test,TCGA-C8-A274-01A_739_TS,TCGA-C8-A274,TCGA-C8-A274-01A
2,test,TCGA-C8-A27B-01A_1472_TS,TCGA-C8-A27B,TCGA-C8-A27B-01A
2,test,TCGA-C8-A8HR-01A_346_TS,TCGA-C8-A8HR,TCGA-C8-A8HR-01A
2,test,TCGA-D8-A13Y-01A_1197_TS,TCGA-D8-A13Y,TCGA-D8-A13Y-01A
2,test,TCGA-D8-A13Y-01A_1249_TS,TCGA-D8-A13Y,TCGA-D8-A13Y-01A
2,test,TCGA-D8-A142-01A_294_TS,TCGA-D8-A142,TCGA-D8-A142-01A
2,test,TCGA-D8-A142-01A_379_TS,TCGA-D8-A142,TCGA-D8-A142-01A
2,test,TCGA-D8-A1JA-01A_1096_TS,TCGA-D8-A1JA,TCGA-D8-A1JA-01A
2,test,TCGA-D8-A1JE-01A_595_TS,TCGA-D8-A1JE,TCGA-D8-A1JE-01A
2,test,TCGA-D8-A1JI-01A_192_TS,TCGA-D8-A1JI,TCGA-D8-A1JI-01A
2,test,TCGA-D8-A1JM-01A_607_TS,TCGA-D8-A1JM,TCGA-D8-A1JM-01A
2,test,TCGA-D8-A1JT-01A_374_TS,TCGA-D8-A1JT,TCGA-D8-A1JT-01A
2,test,TCGA-D8-A1X7-01A_466_TS,TCGA-D8-A1X7,TCGA-D8-A1X7-01A
2,test,TCGA-D8-A1XB-01A_742_TS,TCGA-D8-A1XB,TCGA-D8-A1XB-01A
2,test,TCGA-D8-A1XG-01A_1322_TS,TCGA-D8-A1XG,TCGA-D8-A1XG-01A
2,test,TCGA-D8-A1XM-01A_295_TS,TCGA-D8-A1XM,TCGA-D8-A1XM-01A
2,test,TCGA-D8-A1XS-01A_1182_TS,TCGA-D8-A1XS,TCGA-D8-A1XS-01A
2,test,TCGA-D8-A1XW-01A_1562_TS,TCGA-D8-A1XW,TCGA-D8-A1XW-01A
2,test,TCGA-D8-A1Y1-01A_228_TS,TCGA-D8-A1Y1,TCGA-D8-A1Y1-01A
2,test,TCGA-D8-A27F-01A_1271_TS,TCGA-D8-A27F,TCGA-D8-A27F-01A
2,test,TCGA-D8-A27K-01A_1047_TS,TCGA-D8-A27K,TCGA-D8-A27K-01A
2,test,TCGA-D8-A27P-01A_719_TS,TCGA-D8-A27P,TCGA-D8-A27P-01A
2,test,TCGA-D8-A27W-01A_865_TS,TCGA-D8-A27W,TCGA-D8-A27W-01A
2,test,TCGA-D8-A73U-01A_385_TS,TCGA-D8-A73U,TCGA-D8-A73U-01A
2,test,TCGA-E2-A105-01A_686_TS,TCGA-E2-A105,TCGA-E2-A105-01A
2,test,TCGA-E2-A105-01A_687_TS,TCGA-E2-A105,TCGA-E2-A105-01A
2,test,TCGA-E2-A109-01A_1385_TS,TCGA-E2-A109,TCGA-E2-A109-01A
2,test,TCGA-E2-A109-01A_1492_TS,TCGA-E2-A109,TCGA-E2-A109-01A
2,test,TCGA-E2-A10E-01A_181_TS,TCGA-E2-A10E,TCGA-E2-A10E-01A
2,test,TCGA-E2-A10E-01A_98_TS,TCGA-E2-A10E,TCGA-E2-A10E-01A
2,test,TCGA-E2-A14O-01A_488_TS,TCGA-E2-A14O,TCGA-E2-A14O-01A
2,test,TCGA-E2-A14S-01A_1044_TS,TCGA-E2-A14S,TCGA-E2-A14S-01A
2,test,TCGA-E2-A14W-01A_1471_TS,TCGA-E2-A14W,TCGA-E2-A14W-01A
2,test,TCGA-E2-A150-01A_502_TS,TCGA-E2-A150,TCGA-E2-A150-01A
2,test,TCGA-E2-A155-01A_1121_TS,TCGA-E2-A155,TCGA-E2-A155-01A
2,test,TCGA-E2-A15A-01A_991_TS,TCGA-E2-A15A,TCGA-E2-A15A-01A
2,test,TCGA-E2-A15F-01A_716_TS,TCGA-E2-A15F,TCGA-E2-A15F-01A
2,test,TCGA-E2-A15J-01A_1340_TS,TCGA-E2-A15J,TCGA-E2-A15J-01A
2,test,TCGA-E2-A15O-01A_1387_TS,TCGA-E2-A15O,TCGA-E2-A15O-01A
2,test,TCGA-E2-A15T-01A_758_TS,TCGA-E2-A15T,TCGA-E2-A15T-01A
2,test,TCGA-E2-A1B4-01A_431_TS,TCGA-E2-A1B4,TCGA-E2-A1B4-01A
2,test,TCGA-E2-A1BD-01A_95_TS,TCGA-E2-A1BD,TCGA-E2-A1BD-01A
2,test,TCGA-E2-A1IH-01A_1490_TS,TCGA-E2-A1IH,TCGA-E2-A1IH-01A
2,test,TCGA-E2-A1IL-01A_1563_TS,TCGA-E2-A1IL,TCGA-E2-A1IL-01A
2,test,TCGA-E2-A1L6-01A_73_TS,TCGA-E2-A1L6,TCGA-E2-A1L6-01A
2,test,TCGA-E2-A1LA-01A_285_TS,TCGA-E2-A1LA,TCGA-E2-A1LA-01A
2,test,TCGA-E2-A1LI-01A_1021_TS,TCGA-E2-A1LI,TCGA-E2-A1LI-01A
2,test,TCGA-E2-A2P6-01A_405_TS,TCGA-E2-A2P6,TCGA-E2-A2P6-01A
2,test,TCGA-E2-A572-01A_1128_TS,TCGA-E2-A572,TCGA-E2-A572-01A
2,test,TCGA-E2-A9RU-01A_538_TS,TCGA-E2-A9RU,TCGA-E2-A9RU-01A
2,test,TCGA-E9-A1N6-01A_1077_TS,TCGA-E9-A1N6,TCGA-E9-A1N6-01A
2,test,TCGA-E9-A1ND-01A_1488_TS,TCGA-E9-A1ND,TCGA-E9-A1ND-01A
2,test,TCGA-E9-A1NH-01A_1550_TS,TCGA-E9-A1NH,TCGA-E9-A1NH-01A
2,test,TCGA-E9-A1R2-01A_917_TS,TCGA-E9-A1R2,TCGA-E9-A1R2-01A
2,test,TCGA-E9-A1R6-01A_288_TS,TCGA-E9-A1R6,TCGA-E9-A1R6-01A
2,test,TCGA-E9-A1RC-01A_363_TS,TCGA-E9-A1RC,TCGA-E9-A1RC-01A
2,test,TCGA-E9-A1RG-01A_340_TS,TCGA-E9-A1RG,TCGA-E9-A1RG-01A
2,test,TCGA-E9-A227-01A_422_TS,TCGA-E9-A227,TCGA-E9-A227-01A
2,test,TCGA-E9-A22B-01A_395_TS,TCGA-E9-A22B,TCGA-E9-A22B-01A
2,test,TCGA-E9-A22H-01A_1276_TS,TCGA-E9-A22H,TCGA-E9-A22H-01A
2,test,TCGA-E9-A248-01A_1270_TS,TCGA-E9-A248,TCGA-E9-A248-01A
2,test,TCGA-E9-A2JS-01A_416_TS,TCGA-E9-A2JS,TCGA-E9-A2JS-01A
2,test,TCGA-E9-A3X8-01A_384_TS,TCGA-E9-A3X8,TCGA-E9-A3X8-01A
2,test,TCGA-E9-A5UP-01A_1038_TS,TCGA-E9-A5UP,TCGA-E9-A5UP-01A
2,test,TCGA-EW-A1IY-01A_309_TS,TCGA-EW-A1IY,TCGA-EW-A1IY-01A
2,test,TCGA-EW-A1J3-01A_527_TS,TCGA-EW-A1J3,TCGA-EW-A1J3-01A
2,test,TCGA-EW-A1OX-01A_308_TS,TCGA-EW-A1OX,TCGA-EW-A1OX-01A
2,test,TCGA-EW-A1P1-01A_1392_TS,TCGA-EW-A1P1,TCGA-EW-A1P1-01A
2,test,TCGA-EW-A1P6-01A_1465_TS,TCGA-EW-A1P6,TCGA-EW-A1P6-01A
2,test,TCGA-EW-A1PB-01A_1516_TS,TCGA-EW-A1PB,TCGA-EW-A1PB-01A
2,test,TCGA-EW-A1PF-01A_409_TS,TCGA-EW-A1PF,TCGA-EW-A1PF-01A
2,test,TCGA-EW-A2FS-01A_1239_TS,TCGA-EW-A2FS,TCGA-EW-A2FS-01A
2,test,TCGA-EW-A3U0-01A_1428_TS,TCGA-EW-A3U0,TCGA-EW-A3U0-01A
2,test,TCGA-EW-A6SA-01A_1564_TS,TCGA-EW-A6SA,TCGA-EW-A6SA-01A
2,test,TCGA-GI-A2C8-01A_811_TS,TCGA-GI-A2C8,TCGA-GI-A2C8-01A
2,test,TCGA-GM-A2DH-01A_537_TS,TCGA-GM-A2DH,TCGA-GM-A2DH-01A
2,test,TCGA-GM-A2DN-01A_365_TS,TCGA-GM-A2DN,TCGA-GM-A2DN-01A
2,test,TCGA-GM-A3XG-01A_990_TS,TCGA-GM-A3XG,TCGA-GM-A3XG-01A
2,test,TCGA-GM-A5PX-01A_1459_TS,TCGA-GM-A5PX,TCGA-GM-A5PX-01A
2,test,TCGA-JL-A3YX-01A_435_TS,TCGA-JL-A3YX,TCGA-JL-A3YX-01A
2,test,TCGA-LD-A7W6-01A_93_TS,TCGA-LD-A7W6,TCGA-LD-A7W6-01A
2,test,TCGA-LL-A442-01A_27_TS,TCGA-LL-A442,TCGA-LL-A442-01A
2,test,TCGA-LL-A5YN-01A_1468_TS,TCGA-LL-A5YN,TCGA-LL-A5YN-01A
2,test,TCGA-LL-A6FQ-01A_468_TS,TCGA-LL-A6FQ,TCGA-LL-A6FQ-01A
2,test,TCGA-LL-A740-01A_1162_TS,TCGA-LL-A740,TCGA-LL-A740-01A
2,test,TCGA-LL-A9Q3-01A_921_TS,TCGA-LL-A9Q3,TCGA-LL-A9Q3-01A
2,test,TCGA-OL-A5D6-01A_1483_TS,TCGA-OL-A5D6,TCGA-OL-A5D6-01A
2,test,TCGA-OL-A5RU-01A_319_TS,TCGA-OL-A5RU,TCGA-OL-A5RU-01A
2,test,TCGA-OL-A5RY-01A_1022_TS,TCGA-OL-A5RY,TCGA-OL-A5RY-01A
2,test,TCGA-OL-A66I-01A_224_TS,TCGA-OL-A66I,TCGA-OL-A66I-01A
2,test,TCGA-OL-A66N-01A_1486_TS,TCGA-OL-A66N,TCGA-OL-A66N-01A
2,test,TCGA-OL-A6VQ-01A_1020_TS,TCGA-OL-A6VQ,TCGA-OL-A6VQ-01A
2,test,TCGA-PE-A5DD-01A_685_TS,TCGA-PE-A5DD,TCGA-PE-A5DD-01A
2,test,TCGA-S3-A6ZH-01A_1473_TS,TCGA-S3-A6ZH,TCGA-S3-A6ZH-01A
2,test,TCGA-S3-AA12-01A_1304_TS,TCGA-S3-AA12,TCGA-S3-AA12-01A
2,test,TCGA-UL-AAZ6-01A_962_TS,TCGA-UL-AAZ6,TCGA-UL-AAZ6-01A
2,test,TCGA-WT-AB41-01A_1542_TS,TCGA-WT-AB41,TCGA-WT-AB41-01A
2,test,TCGA-Z7-A8R6-01A_690_TS,TCGA-Z7-A8R6,TCGA-Z7-A8R6-01A
2,train,TCGA-3C-AAAU-01A_23_TS,TCGA-3C-AAAU,TCGA-3C-AAAU-01A
2,train,TCGA-3C-AALJ-01A_1030_TS,TCGA-3C-AALJ,TCGA-3C-AALJ-01A
2,train,TCGA-5L-AAT0-01A_176_TS,TCGA-5L-AAT0,TCGA-5L-AAT0-01A
2,train,TCGA-5L-AAT1-01A_908_TS,TCGA-5L-AAT1,TCGA-5L-AAT1-01A
2,train,TCGA-A1-A0SB-01A_833_TS,TCGA-A1-A0SB,TCGA-A1-A0SB-01A
2,train,TCGA-A1-A0SB-01A_936_TS,TCGA-A1-A0SB,TCGA-A1-A0SB-01A
2,train,TCGA-A1-A0SD-01A_727_TS,TCGA-A1-A0SD,TCGA-A1-A0SD-01A
2,train,TCGA-A1-A0SD-01A_728_TS,TCGA-A1-A0SD,TCGA-A1-A0SD-01A
2,train,TCGA-A1-A0SG-01A_1060_TS,TCGA-A1-A0SG,TCGA-A1-A0SG-01A
2,train,TCGA-A1-A0SG-01A_1064_TS,TCGA-A1-A0SG,TCGA-A1-A0SG-01A
2,train,TCGA-A1-A0SH-01A_45_TS,TCGA-A1-A0SH,TCGA-A1-A0SH-01A
2,train,TCGA-A1-A0SH-01A_941_TS,TCGA-A1-A0SH,TCGA-A1-A0SH-01A
2,train,TCGA-A1-A0SK-01A_1056_TS,TCGA-A1-A0SK,TCGA-A1-A0SK-01A
2,train,TCGA-A1-A0SK-01A_866_TS,TCGA-A1-A0SK,TCGA-A1-A0SK-01A
2,train,TCGA-A1-A0SM-01A_359_TS,TCGA-A1-A0SM,TCGA-A1-A0SM-01A
2,train,TCGA-A1-A0SM-01A_526_TS,TCGA-A1-A0SM,TCGA-A1-A0SM-01A
2,train,TCGA-A1-A0SP-01A_51_TS,TCGA-A1-A0SP,TCGA-A1-A0SP-01A
2,train,TCGA-A1-A0SP-01A_950_TS,TCGA-A1-A0SP,TCGA-A1-A0SP-01A
2,train,TCGA-A1-A0SQ-01A_1356_TS,TCGA-A1-A0SQ,TCGA-A1-A0SQ-01A
2,train,TCGA-A1-A0SQ-01A_639_TS,TCGA-A1-A0SQ,TCGA-A1-A0SQ-01A
2,train,TCGA-A2-A04R-01A_1435_TS,TCGA-A2-A04R,TCGA-A2-A04R-01A
2,train,TCGA-A2-A04R-01A_706_TS,TCGA-A2-A04R,TCGA-A2-A04R-01A
2,train,TCGA-A2-A04T-01A_1518_TS,TCGA-A2-A04T,TCGA-A2-A04T-01A
2,train,TCGA-A2-A04T-01A_1566_TS,TCGA-A2-A04T,TCGA-A2-A04T-01A
2,train,TCGA-A2-A04X-01A_1173_TS,TCGA-A2-A04X,TCGA-A2-A04X-01A
2,train,TCGA-A2-A04X-01A_890_TS,TCGA-A2-A04X,TCGA-A2-A04X-01A
2,train,TCGA-A2-A0CK-01A_202_TS,TCGA-A2-A0CK,TCGA-A2-A0CK-01A
2,train,TCGA-A2-A0CK-01A_206_TS,TCGA-A2-A0CK,TCGA-A2-A0CK-01A
2,train,TCGA-A2-A0CO-01A_1123_TS,TCGA-A2-A0CO,TCGA-A2-A0CO-01A
2,train,TCGA-A2-A0CO-01A_926_TS,TCGA-A2-A0CO,TCGA-A2-A0CO-01A
2,train,TCGA-A2-A0CP-01A_326_TS,TCGA-A2-A0CP,TCGA-A2-A0CP-01A
2,train,TCGA-A2-A0CP-01A_582_TS,TCGA-A2-A0CP,TCGA-A2-A0CP-01A
2,train,TCGA-A2-A0CS-01A_127_TS,TCGA-A2-A0CS,TCGA-A2-A0CS-01A
2,train,TCGA-A2-A0CS-01A_377_TS,TCGA-A2-A0CS,TCGA-A2-A0CS-01A
2,train,TCGA-A2-A0CT-01A_478_TS,TCGA-A2-A0CT,TCGA-A2-A0CT-01A
2,train,TCGA-A2-A0CT-01A_566_TS,TCGA-A2-A0CT,TCGA-A2-A0CT-01A
2,train,TCGA-A2-A0CW-01A_171_TS,TCGA-A2-A0CW,TCGA-A2-A0CW-01A
2,train,TCGA-A2-A0CW-01A_421_TS,TCGA-A2-A0CW,TCGA-A2-A0CW-01A
2,train,TCGA-A2-A0CX-01A_731_TS,TCGA-A2-A0CX,TCGA-A2-A0CX-01A
2,train,TCGA-A2-A0CX-01A_732_TS,TCGA-A2-A0CX,TCGA-A2-A0CX-01A
2,train,TCGA-A2-A0D1-01A_1330_TS,TCGA-A2-A0D1,TCGA-A2-A0D1-01A
2,train,TCGA-A2-A0D1-01A_633_TS,TCGA-A2-A0D1,TCGA-A2-A0D1-01A
2,train,TCGA-A2-A0D2-01A_1178_TS,TCGA-A2-A0D2,TCGA-A2-A0D2-01A
2,train,TCGA-A2-A0D2-01A_896_TS,TCGA-A2-A0D2,TCGA-A2-A0D2-01A
2,train,TCGA-A2-A0EM-01A_331_TS,TCGA-A2-A0EM,TCGA-A2-A0EM-01A
2,train,TCGA-A2-A0EM-01A_333_TS,TCGA-A2-A0EM,TCGA-A2-A0EM-01A
2,train,TCGA-A2-A0EN-01A_120_TS,TCGA-A2-A0EN,TCGA-A2-A0EN-01A
2,train,TCGA-A2-A0EN-01A_455_TS,TCGA-A2-A0EN,TCGA-A2-A0EN-01A
2,train,TCGA-A2-A0ER-01A_801_TS,TCGA-A2-A0ER,TCGA-A2-A0ER-01A
2,train,TCGA-A2-A0ER-01A_83_TS,TCGA-A2-A0ER,TCGA-A2-A0ER-01A
2,train,TCGA-A2-A0ES-01A_1348_TS,TCGA-A2-A0ES,TCGA-A2-A0ES-01A
2,train,TCGA-A2-A0ES-01A_1362_TS,TCGA-A2-A0ES,TCGA-A2-A0ES-01A
2,train,TCGA-A2-A0EV-01A_1174_TS,TCGA-A2-A0EV,TCGA-A2-A0EV-01A
2,train,TCGA-A2-A0EV-01A_1175_TS,TCGA-A2-A0EV,TCGA-A2-A0EV-01A
2,train,TCGA-A2-A0EW-01A_1375_TS,TCGA-A2-A0EW,TCGA-A2-A0EW-01A
2,train,TCGA-A2-A0EW-01A_1426_TS,TCGA-A2-A0EW,TCGA-A2-A0EW-01A
2,train,TCGA-A2-A0ST-01A_1194_TS,TCGA-A2-A0ST,TCGA-A2-A0ST-01A
2,train,TCGA-A2-A0ST-01A_1226_TS,TCGA-A2-A0ST,TCGA-A2-A0ST-01A
2,train,TCGA-A2-A0SU-01A_1452_TS,TCGA-A2-A0SU,TCGA-A2-A0SU-01A
2,train,TCGA-A2-A0SU-01A_1481_TS,TCGA-A2-A0SU,TCGA-A2-A0SU-01A
2,train,TCGA-A2-A0SX-01A_1232_TS,TCGA-A2-A0SX,TCGA-A2-A0SX-01A
2,train,TCGA-A2-A0SX-01A_1415_TS,TCGA-A2-A0SX,TCGA-A2-A0SX-01A
2,train,TCGA-A2-A0SY-01A_880_TS,TCGA-A2-A0SY,TCGA-A2-A0SY-01A
2,train,TCGA-A2-A0SY-01A_882_TS,TCGA-A2-A0SY,TCGA-A2-A0SY-01A
2,train,TCGA-A2-A0T2-01A_1076_TS,TCGA-A2-A0T2,TCGA-A2-A0T2-01A
2,train,TCGA-A2-A0T2-01A_879_TS,TCGA-A2-A0T2,TCGA-A2-A0T2-01A
2,train,TCGA-A2-A0T3-01A_624_TS,TCGA-A2-A0T3,TCGA-A2-A0T3-01A
2,train,TCGA-A2-A0T3-01A_625_TS,TCGA-A2-A0T3,TCGA-A2-A0T3-01A
2,train,TCGA-A2-A0T6-01A_1312_TS,TCGA-A2-A0T6,TCGA-A2-A0T6-01A
2,train,TCGA-A2-A0T6-01A_1328_TS,TCGA-A2-A0T6,TCGA-A2-A0T6-01A
2,train,TCGA-A2-A0T7-01A_277_TS,TCGA-A2-A0T7,TCGA-A2-A0T7-01A
2,train,TCGA-A2-A0T7-01A_533_TS,TCGA-A2-A0T7,TCGA-A2-A0T7-01A
2,train,TCGA-A2-A0YE-01A_322_TS,TCGA-A2-A0YE,TCGA-A2-A0YE-01A
2,train,TCGA-A2-A0YE-01A_575_TS,TCGA-A2-A0YE,TCGA-A2-A0YE-01A
2,train,TCGA-A2-A0YF-01A_676_TS,TCGA-A2-A0YF,TCGA-A2-A0YF-01A
2,train,TCGA-A2-A0YF-01A_677_TS,TCGA-A2-A0YF,TCGA-A2-A0YF-01A
2,train,TCGA-A2-A0YI-01A_76_TS,TCGA-A2-A0YI,TCGA-A2-A0YI-01A
2,train,TCGA-A2-A0YI-01A_885_TS,TCGA-A2-A0YI,TCGA-A2-A0YI-01A
2,train,TCGA-A2-A0YJ-01A_105_TS,TCGA-A2-A0YJ,TCGA-A2-A0YJ-01A
2,train,TCGA-A2-A0YJ-01A_268_TS,TCGA-A2-A0YJ,TCGA-A2-A0YJ-01A
2,train,TCGA-A2-A0YM-01A_22_TS,TCGA-A2-A0YM,TCGA-A2-A0YM-01A
2,train,TCGA-A2-A0YM-01A_824_TS,TCGA-A2-A0YM,TCGA-A2-A0YM-01A
2,train,TCGA-A2-A0YT-01A_1066_TS,TCGA-A2-A0YT,TCGA-A2-A0YT-01A
2,train,TCGA-A2-A0YT-01A_779_TS,TCGA-A2-A0YT,TCGA-A2-A0YT-01A
2,train,TCGA-A2-A1FW-01A_63_TS,TCGA-A2-A1FW,TCGA-A2-A1FW-01A
2,train,TCGA-A2-A1FX-01A_672_TS,TCGA-A2-A1FX,TCGA-A2-A1FX-01A
2,train,TCGA-A2-A1G1-01A_190_TS,TCGA-A2-A1G1,TCGA-A2-A1G1-01A
2,train,TCGA-A2-A1G4-01A_1530_TS,TCGA-A2-A1G4,TCGA-A2-A1G4-01A
2,train,TCGA-A2-A25A-01A_1461_TS,TCGA-A2-A25A,TCGA-A2-A25A-01A
2,train,TCGA-A2-A25B-01A_1130_TS,TCGA-A2-A25B,TCGA-A2-A25B-01A
2,train,TCGA-A2-A25E-01A_519_TS,TCGA-A2-A25E,TCGA-A2-A25E-01A
2,train,TCGA-A2-A25F-01A_1455_TS,TCGA-A2-A25F,TCGA-A2-A25F-01A
2,train,TCGA-A2-A3XS-01A_1475_TS,TCGA-A2-A3XS,TCGA-A2-A3XS-01A
2,train,TCGA-A2-A3XT-01A_50_TS,TCGA-A2-A3XT,TCGA-A2-A3XT-01A
2,train,TCGA-A2-A3XW-01A_852_TS,TCGA-A2-A3XW,TCGA-A2-A3XW-01A
2,train,TCGA-A2-A3XX-01A_762_TS,TCGA-A2-A3XX,TCGA-A2-A3XX-01A
2,train,TCGA-A2-A3Y0-01A_1196_TS,TCGA-A2-A3Y0,TCGA-A2-A3Y0-01A
2,train,TCGA-A2-A4RW-01A_1116_TS,TCGA-A2-A4RW,TCGA-A2-A4RW-01A
2,train,TCGA-A2-A4S0-01A_355_TS,TCGA-A2-A4S0,TCGA-A2-A4S0-01A
2,train,TCGA-A2-A4S1-01A_329_TS,TCGA-A2-A4S1,TCGA-A2-A4S1-01A
2,train,TCGA-A7-A0CG-01A_84_TS,TCGA-A7-A0CG,TCGA-A7-A0CG-01A
2,train,TCGA-A7-A0CG-01A_897_TS,TCGA-A7-A0CG,TCGA-A7-A0CG-01A
2,train,TCGA-A7-A0CH-01A_1001_TS,TCGA-A7-A0CH,TCGA-A7-A0CH-01A
2,train,TCGA-A7-A0CH-01A_1002_TS,TCGA-A7-A0CH,TCGA-A7-A0CH-01A
2,train,TCGA-A7-A0DA-01A_1013_TS,TCGA-A7-A0DA,TCGA-A7-A0DA-01A
2,train,TCGA-A7-A13D-01A_1532_TS,TCGA-A7-A13D,TCGA-A7-A13D-01A
2,train,TCGA-A7-A13D-01A_1548_TS,TCGA-A7-A13D,TCGA-A7-A13D-01A
2,train,TCGA-A7-A13E-01A_372_TS,TCGA-A7-A13E,TCGA-A7-A13E-01A
2,train,TCGA-A7-A13E-01A_457_TS,TCGA-A7-A13E,TCGA-A7-A13E-01A
2,train,TCGA-A7-A26E-01A_634_TS,TCGA-A7-A26E,TCGA-A7-A26E-01A
2,train,TCGA-A7-A26E-01B_1009_TS,TCGA-A7-A26E,TCGA-A7-A26E-01B
2,train,TCGA-A7-A26E-01B_1190_TS,TCGA-A7-A26E,TCGA-A7-A26E-01B
2,train,TCGA-A7-A26E-01B_1289_TS,TCGA-A7-A26E,TCGA-A7-A26E-01B
2,train,TCGA-A7-A26E-01B_810_TS,TCGA-A7-A26E,TCGA-A7-A26E-01B
2,train,TCGA-A7-A26G-01A_1061_TS,TCGA-A7-A26G,TCGA-A7-A26G-01A
2,train,TCGA-A7-A2KD-01A_214_TS,TCGA-A7-A2KD,TCGA-A7-A2KD-01A
2,train,TCGA-A7-A3IY-01A_88_TS,TCGA-A7-A3IY,TCGA-A7-A3IY-01A
2,train,TCGA-A7-A3J1-01A_375_TS,TCGA-A7-A3J1,TCGA-A7-A3J1-01A
2,train,TCGA-A7-A3RF-01A_894_TS,TCGA-A7-A3RF,TCGA-A7-A3RF-01A
2,train,TCGA-A7-A4SA-01A_1222_TS,TCGA-A7-A4SA,TCGA-A7-A4SA-01A
2,train,TCGA-A7-A4SB-01A_1118_TS,TCGA-A7-A4SB,TCGA-A7-A4SB-01A
2,train,TCGA-A7-A4SE-01A_102_TS,TCGA-A7-A4SE,TCGA-A7-A4SE-01A
2,train,TCGA-A7-A4SF-01A_788_TS,TCGA-A7-A4SF,TCGA-A7-A4SF-01A
2,train,TCGA-A7-A5ZW-01A_1407_TS,TCGA-A7-A5ZW,TCGA-A7-A5ZW-01A
2,train,TCGA-A7-A5ZX-01A_349_TS,TCGA-A7-A5ZX,TCGA-A7-A5ZX-01A
2,train,TCGA-A7-A6VX-01A_1150_TS,TCGA-A7-A6VX,TCGA-A7-A6VX-01A
2,train,TCGA-A7-A6VY-01A_735_TS,TCGA-A7-A6VY,TCGA-A7-A6VY-01A
2,train,TCGA-A8-A06N-01A_1156_TS,TCGA-A8-A06N,TCGA-A8-A06N-01A
2,train,TCGA-A8-A06N-01A_876_TS,TCGA-A8-A06N,TCGA-A8-A06N-01A
2,train,TCGA-A8-A06O-01A_900_TS,TCGA-A8-A06O,TCGA-A8-A06O-01A
2,train,TCGA-A8-A06O-01A_901_TS,TCGA-A8-A06O,TCGA-A8-A06O-01A
2,train,TCGA-A8-A06T-01A_1105_TS,TCGA-A8-A06T,TCGA-A8-A06T-01A
2,train,TCGA-A8-A06T-01A_1107_TS,TCGA-A8-A06T,TCGA-A8-A06T-01A
2,train,TCGA-A8-A06X-01A_1169_TS,TCGA-A8-A06X,TCGA-A8-A06X-01A
2,train,TCGA-A8-A06X-01A_1172_TS,TCGA-A8-A06X,TCGA-A8-A06X-01A
2,train,TCGA-A8-A075-01A_271_TS,TCGA-A8-A075,TCGA-A8-A075-01A
2,train,TCGA-A8-A075-01A_446_TS,TCGA-A8-A075,TCGA-A8-A075-01A
2,train,TCGA-A8-A076-01A_1339_TS,TCGA-A8-A076,TCGA-A8-A076-01A
2,train,TCGA-A8-A076-01A_1351_TS,TCGA-A8-A076,TCGA-A8-A076-01A
2,train,TCGA-A8-A07C-01A_1555_TS,TCGA-A8-A07C,TCGA-A8-A07C-01A
2,train,TCGA-A8-A07C-01A_1556_TS,TCGA-A8-A07C,TCGA-A8-A07C-01A
2,train,TCGA-A8-A07E-01A_907_TS,TCGA-A8-A07E,TCGA-A8-A07E-01A
2,train,TCGA-A8-A07E-01A_916_TS,TCGA-A8-A07E,TCGA-A8-A07E-01A
2,train,TCGA-A8-A07I-01A_16_TS,TCGA-A8-A07I,TCGA-A8-A07I-01A
2,train,TCGA-A8-A07I-01A_913_TS,TCGA-A8-A07I,TCGA-A8-A07I-01A
2,train,TCGA-A8-A07L-01A_1544_TS,TCGA-A8-A07L,TCGA-A8-A07L-01A
2,train,TCGA-A8-A07L-01A_702_TS,TCGA-A8-A07L,TCGA-A8-A07L-01A
2,train,TCGA-A8-A07R-01A_1164_TS,TCGA-A8-A07R,TCGA-A8-A07R-01A
2,train,TCGA-A8-A07R-01A_985_TS,TCGA-A8-A07R,TCGA-A8-A07R-01A
2,train,TCGA-A8-A07S-01A_1023_TS,TCGA-A8-A07S,TCGA-A8-A07S-01A
2,train,TCGA-A8-A07S-01A_1122_TS,TCGA-A8-A07S,TCGA-A8-A07S-01A
2,train,TCGA-A8-A07Z-01A_1319_TS,TCGA-A8-A07Z,TCGA-A8-A07Z-01A
2,train,TCGA-A8-A07Z-01A_1347_TS,TCGA-A8-A07Z,TCGA-A8-A07Z-01A
2,train,TCGA-A8-A081-01A_1062_TS,TCGA-A8-A081,TCGA-A8-A081-01A
2,train,TCGA-A8-A081-01A_973_TS,TCGA-A8-A081,TCGA-A8-A081-01A
2,train,TCGA-A8-A084-01A_1157_TS,TCGA-A8-A084,TCGA-A8-A084-01A
2,train,TCGA-A8-A084-01A_1158_TS,TCGA-A8-A084,TCGA-A8-A084-01A
2,train,TCGA-A8-A085-01A_657_TS,TCGA-A8-A085,TCGA-A8-A085-01A
2,train,TCGA-A8-A085-01A_658_TS,TCGA-A8-A085,TCGA-A8-A085-01A
2,train,TCGA-A8-A08B-01A_1131_TS,TCGA-A8-A08B,TCGA-A8-A08B-01A
2,train,TCGA-A8-A08B-01A_40_TS,TCGA-A8-A08B,TCGA-A8-A08B-01A
2,train,TCGA-A8-A08C-01A_438_TS,TCGA-A8-A08C,TCGA-A8-A08C-01A
2,train,TCGA-A8-A08C-01A_521_TS,TCGA-A8-A08C,TCGA-A8-A08C-01A
2,train,TCGA-A8-A08I-01A_952_TS,TCGA-A8-A08I,TCGA-A8-A08I-01A
2,train,TCGA-A8-A08I-01A_953_TS,TCGA-A8-A08I,TCGA-A8-A08I-01A
2,train,TCGA-A8-A08J-01A_1039_TS,TCGA-A8-A08J,TCGA-A8-A08J-01A
2,train,TCGA-A8-A08J-01A_53_TS,TCGA-A8-A08J,TCGA-A8-A08J-01A
2,train,TCGA-A8-A08P-01A_1042_TS,TCGA-A8-A08P,TCGA-A8-A08P-01A
2,train,TCGA-A8-A08P-01A_856_TS,TCGA-A8-A08P,TCGA-A8-A08P-01A
2,train,TCGA-A8-A08R-01A_231_TS,TCGA-A8-A08R,TCGA-A8-A08R-01A
2,train,TCGA-A8-A08R-01A_307_TS,TCGA-A8-A08R,TCGA-A8-A08R-01A
2,train,TCGA-A8-A08X-01A_1525_TS,TCGA-A8-A08X,TCGA-A8-A08X-01A
2,train,TCGA-A8-A08X-01A_718_TS,TCGA-A8-A08X,TCGA-A8-A08X-01A
2,train,TCGA-A8-A08Z-01A_1215_TS,TCGA-A8-A08Z,TCGA-A8-A08Z-01A
2,train,TCGA-A8-A08Z-01A_1262_TS,TCGA-A8-A08Z,TCGA-A8-A08Z-01A
2,train,TCGA-A8-A092-01A_219_TS,TCGA-A8-A092,TCGA-A8-A092-01A
2,train,TCGA-A8-A092-01A_299_TS,TCGA-A8-A092,TCGA-A8-A092-01A
2,train,TCGA-A8-A093-01A_875_TS,TCGA-A8-A093,TCGA-A8-A093-01A
2,train,TCGA-A8-A093-01A_975_TS,TCGA-A8-A093,TCGA-A8-A093-01A
2,train,TCGA-A8-A096-01A_1263_TS,TCGA-A8-A096,TCGA-A8-A096-01A
2,train,TCGA-A8-A096-01A_1427_TS,TCGA-A8-A096,TCGA-A8-A096-01A
2,train,TCGA-A8-A097-01A_260_TS,TCGA-A8-A097,TCGA-A8-A097-01A
2,train,TCGA-A8-A097-01A_430_TS,TCGA-A8-A097,TCGA-A8-A097-01A
2,train,TCGA-A8-A09B-01A_1052_TS,TCGA-A8-A09B,TCGA-A8-A09B-01A
2,train,TCGA-A8-A09B-01A_969_TS,TCGA-A8-A09B,TCGA-A8-A09B-01A
2,train,TCGA-A8-A09D-01A_218_TS,TCGA-A8-A09D,TCGA-A8-A09D-01A
2,train,TCGA-A8-A09D-01A_297_TS,TCGA-A8-A09D,TCGA-A8-A09D-01A
2,train,TCGA-A8-A09I-01A_815_TS,TCGA-A8-A09I,TCGA-A8-A09I-01A
2,train,TCGA-A8-A09I-01A_911_TS,TCGA-A8-A09I,TCGA-A8-A09I-01A
2,train,TCGA-A8-A09K-01A_1108_TS,TCGA-A8-A09K,TCGA-A8-A09K-01A
2,train,TCGA-A8-A09K-01A_910_TS,TCGA-A8-A09K,TCGA-A8-A09K-01A
2,train,TCGA-A8-A09Q-01A_1335_TS,TCGA-A8-A09Q,TCGA-A8-A09Q-01A
2,train,TCGA-A8-A09Q-01A_638_TS,TCGA-A8-A09Q,TCGA-A8-A09Q-01A
2,train,TCGA-A8-A09R-01A_175_TS,TCGA-A8-A09R,TCGA-A8-A09R-01A
2,train,TCGA-A8-A09R-01A_423_TS,TCGA-A8-A09R,TCGA-A8-A09R-01A
2,train,TCGA-A8-A09W-01A_207_TS,TCGA-A8-A09W,TCGA-A8-A09W-01A
2,train,TCGA-A8-A09W-01A_284_TS,TCGA-A8-A09W,TCGA-A8-A09W-01A
2,train,TCGA-A8-A09X-01A_263_TS,TCGA-A8-A09X,TCGA-A8-A09X-01A
2,train,TCGA-A8-A09X-01A_517_TS,TCGA-A8-A09X,TCGA-A8-A09X-01A
2,train,TCGA-A8-A0A2-01A_759_TS,TCGA-A8-A0A2,TCGA-A8-A0A2-01A
2,train,TCGA-A8-A0A2-01A_844_TS,TCGA-A8-A0A2,TCGA-A8-A0A2-01A
2,train,TCGA-A8-A0A6-01A_250_TS,TCGA-A8-A0A6,TCGA-A8-A0A6-01A
2,train,TCGA-A8-A0A6-01A_252_TS,TCGA-A8-A0A6,TCGA-A8-A0A6-01A
2,train,TCGA-A8-A0AB-01A_1327_TS,TCGA-A8-A0AB,TCGA-A8-A0AB-01A
2,train,TCGA-A8-A0AB-01A_1369_TS,TCGA-A8-A0AB,TCGA-A8-A0AB-01A
2,train,TCGA-A8-A0AD-01A_682_TS,TCGA-A8-A0AD,TCGA-A8-A0AD-01A
2,train,TCGA-A8-A0AD-01A_683_TS,TCGA-A8-A0AD,TCGA-A8-A0AD-01A
2,train,TCGA-AC-A23E-01A_965_TS,TCGA-AC-A23E,TCGA-AC-A23E-01A
2,train,TCGA-AC-A23G-01A_1476_TS,TCGA-AC-A23G,TCGA-AC-A23G-01A
2,train,TCGA-AC-A2BK-01A_1082_TS,TCGA-AC-A2BK,TCGA-AC-A2BK-01A
2,train,TCGA-AC-A2BM-01A_1146_TS,TCGA-AC-A2BM,TCGA-AC-A2BM-01A
2,train,TCGA-AC-A2FF-01A_835_TS,TCGA-AC-A2FF,TCGA-AC-A2FF-01A
2,train,TCGA-AC-A2FG-01A_39_TS,TCGA-AC-A2FG,TCGA-AC-A2FG-01A
2,train,TCGA-AC-A2FO-01A_1451_TS,TCGA-AC-A2FO,TCGA-AC-A2FO-01A
2,train,TCGA-AC-A2QI-01A_1524_TS,TCGA-AC-A2QI,TCGA-AC-A2QI-01A
2,train,TCGA-AC-A3EH-01A_411_TS,TCGA-AC-A3EH,TCGA-AC-A3EH-01A
2,train,TCGA-AC-A3HN-01A_64_TS,TCGA-AC-A3HN,TCGA-AC-A3HN-01A
2,train,TCGA-AC-A3TN-01A_154_TS,TCGA-AC-A3TN,TCGA-AC-A3TN-01A
2,train,TCGA-AC-A3W5-01A_505_TS,TCGA-AC-A3W5,TCGA-AC-A3W5-01A
2,train,TCGA-AC-A3YI-01A_1341_TS,TCGA-AC-A3YI,TCGA-AC-A3YI-01A
2,train,TCGA-AC-A3YJ-01A_424_TS,TCGA-AC-A3YJ,TCGA-AC-A3YJ-01A
2,train,TCGA-AC-A5XS-01A_1258_TS,TCGA-AC-A5XS,TCGA-AC-A5XS-01A
2,train,TCGA-AC-A5XU-01A_221_TS,TCGA-AC-A5XU,TCGA-AC-A5XU-01A
2,train,TCGA-AC-A62Y-01A_626_TS,TCGA-AC-A62Y,TCGA-AC-A62Y-01A
2,train,TCGA-AC-A6IV-01A_1165_TS,TCGA-AC-A6IV,TCGA-AC-A6IV-01A
2,train,TCGA-AC-A6NO-01A_1218_TS,TCGA-AC-A6NO,TCGA-AC-A6NO-01A
2,train,TCGA-AC-A7VB-01A_1425_TS,TCGA-AC-A7VB,TCGA-AC-A7VB-01A
2,train,TCGA-AC-A8OQ-01A_664_TS,TCGA-AC-A8OQ,TCGA-AC-A8OQ-01A
2,train,TCGA-AC-A8OR-01A_119_TS,TCGA-AC-A8OR,TCGA-AC-A8OR-01A
2,train,TCGA-AN-A03X-01A_1534_TS,TCGA-AN-A03X,TCGA-AN-A03X-01A
2,train,TCGA-AN-A03X-01A_698_TS,TCGA-AN-A03X,TCGA-AN-A03X-01A
2,train,TCGA-AN-A03Y-01A_1399_TS,TCGA-AN-A03Y,TCGA-AN-A03Y-01A
2,train,TCGA-AN-A03Y-01A_1505_TS,TCGA-AN-A03Y,TCGA-AN-A03Y-01A
2,train,TCGA-AN-A049-01A_162_TS,TCGA-AN-A049,TCGA-AN-A049-01A
2,train,TCGA-AN-A049-01A_498_TS,TCGA-AN-A049,TCGA-AN-A049-01A
2,train,TCGA-AN-A04A-01A_1512_TS,TCGA-AN-A04A,TCGA-AN-A04A-01A
2,train,TCGA-AN-A04A-01A_696_TS,TCGA-AN-A04A,TCGA-AN-A04A-01A
2,train,TCGA-AN-A0AJ-01A_382_TS,TCGA-AN-A0AJ,TCGA-AN-A0AJ-01A
2,train,TCGA-AN-A0AJ-01A_383_TS,TCGA-AN-A0AJ,TCGA-AN-A0AJ-01A
2,train,TCGA-AN-A0AK-01A_32_TS,TCGA-AN-A0AK,TCGA-AN-A0AK-01A
2,train,TCGA-AN-A0AK-01A_746_TS,TCGA-AN-A0AK,TCGA-AN-A0AK-01A
2,train,TCGA-AN-A0AR-01A_1464_TS,TCGA-AN-A0AR,TCGA-AN-A0AR-01A
2,train,TCGA-AN-A0AR-01A_708_TS,TCGA-AN-A0AR,TCGA-AN-A0AR-01A
2,train,TCGA-AN-A0AS-01A_273_TS,TCGA-AN-A0AS,TCGA-AN-A0AS-01A
2,train,TCGA-AN-A0AS-01A_274_TS,TCGA-AN-A0AS,TCGA-AN-A0AS-01A
2,train,TCGA-AN-A0FF-01A_1137_TS,TCGA-AN-A0FF,TCGA-AN-A0FF-01A
2,train,TCGA-AN-A0FF-01A_763_TS,TCGA-AN-A0FF,TCGA-AN-A0FF-01A
2,train,TCGA-AN-A0FJ-01A_1206_TS,TCGA-AN-A0FJ,TCGA-AN-A0FJ-01A
2,train,TCGA-AN-A0FJ-01A_1418_TS,TCGA-AN-A0FJ,TCGA-AN-A0FJ-01A
2,train,TCGA-AN-A0FN-01A_1447_TS,TCGA-AN-A0FN,TCGA-AN-A0FN-01A
2,train,TCGA-AN-A0FN-01A_1523_TS,TCGA-AN-A0FN,TCGA-AN-A0FN-01A
2,train,TCGA-AN-A0FS-01A_1189_TS,TCGA-AN-A0FS,TCGA-AN-A0FS-01A
2,train,TCGA-AN-A0FS-01A_90_TS,TCGA-AN-A0FS,TCGA-AN-A0FS-01A
2,train,TCGA-AN-A0FX-01A_1192_TS,TCGA-AN-A0FX,TCGA-AN-A0FX-01A
2,train,TCGA-AN-A0FX-01A_1219_TS,TCGA-AN-A0FX,TCGA-AN-A0FX-01A
2,train,TCGA-AN-A0FY-01A_1367_TS,TCGA-AN-A0FY,TCGA-AN-A0FY-01A
2,train,TCGA-AN-A0FY-01A_646_TS,TCGA-AN-A0FY,TCGA-AN-A0FY-01A
2,train,TCGA-AN-A0XL-01A_459_TS,TCGA-AN-A0XL,TCGA-AN-A0XL-01A
2,train,TCGA-AN-A0XL-01A_547_TS,TCGA-AN-A0XL,TCGA-AN-A0XL-01A
2,train,TCGA-AN-A0XN-01A_1504_TS,TCGA-AN-A0XN,TCGA-AN-A0XN-01A
2,train,TCGA-AN-A0XN-01A_1527_TS,TCGA-AN-A0XN,TCGA-AN-A0XN-01A
2,train,TCGA-AN-A0XR-01A_1500_TS,TCGA-AN-A0XR,TCGA-AN-A0XR-01A
2,train,TCGA-AN-A0XR-01A_1501_TS,TCGA-AN-A0XR,TCGA-AN-A0XR-01A
2,train,TCGA-AN-A0XS-01A_303_TS,TCGA-AN-A0XS,TCGA-AN-A0XS-01A
2,train,TCGA-AN-A0XS-01A_391_TS,TCGA-AN-A0XS,TCGA-AN-A0XS-01A
2,train,TCGA-AN-A0XV-01A_669_TS,TCGA-AN-A0XV,TCGA-AN-A0XV-01A
2,train,TCGA-AN-A0XV-01A_670_TS,TCGA-AN-A0XV,TCGA-AN-A0XV-01A
2,train,TCGA-AN-A0XW-01A_20_TS,TCGA-AN-A0XW,TCGA-AN-A0XW-01A
2,train,TCGA-AN-A0XW-01A_741_TS,TCGA-AN-A0XW,TCGA-AN-A0XW-01A
2,train,TCGA-AO-A03O-01A_1028_TS,TCGA-AO-A03O,TCGA-AO-A03O-01A
2,train,TCGA-AO-A03O-01A_1126_TS,TCGA-AO-A03O,TCGA-AO-A03O-01A
2,train,TCGA-AO-A03P-01A_1529_TS,TCGA-AO-A03P,TCGA-AO-A03P-01A
2,train,TCGA-AO-A03P-01A_724_TS,TCGA-AO-A03P,TCGA-AO-A03P-01A
2,train,TCGA-AO-A0J2-01A_1209_TS,TCGA-AO-A0J2,TCGA-AO-A0J2-01A
2,train,TCGA-AO-A0J2-01A_1237_TS,TCGA-AO-A0J2,TCGA-AO-A0J2-01A
2,train,TCGA-AO-A0J4-01A_1568_TS,TCGA-AO-A0J4,TCGA-AO-A0J4-01A
2,train,TCGA-AO-A0J4-01A_704_TS,TCGA-AO-A0J4,TCGA-AO-A0J4-01A
2,train,TCGA-AO-A0J7-01A_296_TS,TCGA-AO-A0J7,TCGA-AO-A0J7-01A
2,train,TCGA-AO-A0J7-01A_474_TS,TCGA-AO-A0J7,TCGA-AO-A0J7-01A
2,train,TCGA-AO-A0J8-01A_1148_TS,TCGA-AO-A0J8,TCGA-AO-A0J8-01A
2,train,TCGA-AO-A0J8-01A_958_TS,TCGA-AO-A0J8,TCGA-AO-A0J8-01A
2,train,TCGA-AO-A0JD-01A_1133_TS,TCGA-AO-A0JD,TCGA-AO-A0JD-01A
2,train,TCGA-AO-A0JD-01A_939_TS,TCGA-AO-A0JD,TCGA-AO-A0JD-01A
2,train,TCGA-AO-A0JE-01A_135_TS,TCGA-AO-A0JE,TCGA-AO-A0JE-01A
2,train,TCGA-AO-A0JE-01A_387_TS,TCGA-AO-A0JE,TCGA-AO-A0JE-01A
2,train,TCGA-AO-A0JI-01A_1110_TS,TCGA-AO-A0JI,TCGA-AO-A0JI-01A
2,train,TCGA-AO-A0JI-01A_914_TS,TCGA-AO-A0JI,TCGA-AO-A0JI-01A
2,train,TCGA-AO-A0JJ-01A_159_TS,TCGA-AO-A0JJ,TCGA-AO-A0JJ-01A
2,train,TCGA-AO-A0JJ-01A_246_TS,TCGA-AO-A0JJ,TCGA-AO-A0JJ-01A
2,train,TCGA-AO-A125-01A_247_TS,TCGA-AO-A125,TCGA-AO-A125-01A
2,train,TCGA-AO-A125-01A_578_TS,TCGA-AO-A125,TCGA-AO-A125-01A
2,train,TCGA-AO-A126-01A_589_TS,TCGA-AO-A126,TCGA-AO-A126-01A
2,train,TCGA-AO-A126-01A_590_TS,TCGA-AO-A126,TCGA-AO-A126-01A
2,train,TCGA-AO-A12A-01A_1086_TS,TCGA-AO-A12A,TCGA-AO-A12A-01A
2,train,TCGA-AO-A12A-01A_800_TS,TCGA-AO-A12A,TCGA-AO-A12A-01A
2,train,TCGA-AO-A12B-01A_1560_TS,TCGA-AO-A12B,TCGA-AO-A12B-01A
2,train,TCGA-AO-A12B-01A_703_TS,TCGA-AO-A12B,TCGA-AO-A12B-01A
2,train,TCGA-AO-A12E-01A_1368_TS,TCGA-AO-A12E,TCGA-AO-A12E-01A
2,train,TCGA-AO-A12E-01A_647_TS,TCGA-AO-A12E,TCGA-AO-A12E-01A
2,train,TCGA-AO-A12F-01A_554_TS,TCGA-AO-A12F,TCGA-AO-A12F-01A
2,train,TCGA-AO-A12F-01A_556_TS,TCGA-AO-A12F,TCGA-AO-A12F-01A
2,train,TCGA-AO-A1KP-01A_229_TS,TCGA-AO-A1KP,TCGA-AO-A1KP-01A
2,train,TCGA-AO-A1KQ-01A_1014_TS,TCGA-AO-A1KQ,TCGA-AO-A1KQ-01A
2,train,TCGA-AQ-A04J-01A_313_TS,TCGA-AQ-A04J,TCGA-AQ-A04J-01A
2,train,TCGA-AQ-A04J-01A_482_TS,TCGA-AQ-A04J,TCGA-AQ-A04J-01A
2,train,TCGA-AQ-A04L-01B_360_TS,TCGA-AQ-A04L,TCGA-AQ-A04L-01B
2,train,TCGA-AQ-A04L-01B_444_TS,TCGA-AQ-A04L,TCGA-AQ-A04L-01B
2,train,TCGA-AQ-A1H2-01A_1449_TS,TCGA-AQ-A1H2,TCGA-AQ-A1H2-01A
2,train,TCGA-AQ-A1H3-01A_576_TS,TCGA-AQ-A1H3,TCGA-AQ-A1H3-01A
2,train,TCGA-AQ-A7U7-01A_1129_TS,TCGA-AQ-A7U7,TCGA-AQ-A7U7-01A
2,train,TCGA-AR-A0TQ-01A_279_TS,TCGA-AR-A0TQ,TCGA-AR-A0TQ-01A
2,train,TCGA-AR-A0TQ-01A_364_TS,TCGA-AR-A0TQ,TCGA-AR-A0TQ-01A
2,train,TCGA-AR-A0TR-01A_1477_TS,TCGA-AR-A0TR,TCGA-AR-A0TR-01A
2,train,TCGA-AR-A0TR-01A_1478_TS,TCGA-AR-A0TR,TCGA-AR-A0TR-01A
2,train,TCGA-AR-A0TU-01A_209_TS,TCGA-AR-A0TU,TCGA-AR-A0TU-01A
2,train,TCGA-AR-A0TU-01A_381_TS,TCGA-AR-A0TU,TCGA-AR-A0TU-01A
2,train,TCGA-AR-A0TV-01A_146_TS,TCGA-AR-A0TV,TCGA-AR-A0TV-01A
2,train,TCGA-AR-A0TV-01A_315_TS,TCGA-AR-A0TV,TCGA-AR-A0TV-01A
2,train,TCGA-AR-A0TY-01A_1379_TS,TCGA-AR-A0TY,TCGA-AR-A0TY-01A
2,train,TCGA-AR-A0TY-01A_91_TS,TCGA-AR-A0TY,TCGA-AR-A0TY-01A
2,train,TCGA-AR-A0TZ-01A_1404_TS,TCGA-AR-A0TZ,TCGA-AR-A0TZ-01A
2,train,TCGA-AR-A0TZ-01A_726_TS,TCGA-AR-A0TZ,TCGA-AR-A0TZ-01A
2,train,TCGA-AR-A0U3-01A_1145_TS,TCGA-AR-A0U3,TCGA-AR-A0U3-01A
2,train,TCGA-AR-A0U3-01A_1147_TS,TCGA-AR-A0U3,TCGA-AR-A0U3-01A
2,train,TCGA-AR-A0U4-01A_993_TS,TCGA-AR-A0U4,TCGA-AR-A0U4-01A
2,train,TCGA-AR-A0U4-01A_996_TS,TCGA-AR-A0U4,TCGA-AR-A0U4-01A
2,train,TCGA-AR-A1AH-01A_443_TS,TCGA-AR-A1AH,TCGA-AR-A1AH-01A
2,train,TCGA-AR-A1AL-01A_974_TS,TCGA-AR-A1AL,TCGA-AR-A1AL-01A
2,train,TCGA-AR-A1AM-01A_709_TS,TCGA-AR-A1AM,TCGA-AR-A1AM-01A
2,train,TCGA-AR-A1AP-01A_130_TS,TCGA-AR-A1AP,TCGA-AR-A1AP-01A
2,train,TCGA-AR-A1AQ-01A_240_TS,TCGA-AR-A1AQ,TCGA-AR-A1AQ-01A
2,train,TCGA-AR-A1AT-01A_1479_TS,TCGA-AR-A1AT,TCGA-AR-A1AT-01A
2,train,TCGA-AR-A1AU-01A_394_TS,TCGA-AR-A1AU,TCGA-AR-A1AU-01A
2,train,TCGA-AR-A1AX-01A_1382_TS,TCGA-AR-A1AX,TCGA-AR-A1AX-01A
2,train,TCGA-AR-A1AY-01A_311_TS,TCGA-AR-A1AY,TCGA-AR-A1AY-01A
2,train,TCGA-AR-A24L-01A_1305_TS,TCGA-AR-A24L,TCGA-AR-A24L-01A
2,train,TCGA-AR-A24M-01A_840_TS,TCGA-AR-A24M,TCGA-AR-A24M-01A
2,train,TCGA-AR-A24P-01A_1205_TS,TCGA-AR-A24P,TCGA-AR-A24P-01A
2,train,TCGA-AR-A24Q-01A_920_TS,TCGA-AR-A24Q,TCGA-AR-A24Q-01A
2,train,TCGA-AR-A24T-01A_937_TS,TCGA-AR-A24T,TCGA-AR-A24T-01A
2,train,TCGA-AR-A24U-01A_651_TS,TCGA-AR-A24U,TCGA-AR-A24U-01A
2,train,TCGA-AR-A24X-01A_460_TS,TCGA-AR-A24X,TCGA-AR-A24X-01A
2,train,TCGA-AR-A24Z-01A_1281_TS,TCGA-AR-A24Z,TCGA-AR-A24Z-01A
2,train,TCGA-AR-A252-01A_829_TS,TCGA-AR-A252,TCGA-AR-A252-01A
2,train,TCGA-AR-A254-01A_397_TS,TCGA-AR-A254,TCGA-AR-A254-01A
2,train,TCGA-AR-A2LH-01A_222_TS,TCGA-AR-A2LH,TCGA-AR-A2LH-01A
2,train,TCGA-AR-A2LJ-01A_1049_TS,TCGA-AR-A2LJ,TCGA-AR-A2LJ-01A
2,train,TCGA-AR-A2LM-01A_29_TS,TCGA-AR-A2LM,TCGA-AR-A2LM-01A
2,train,TCGA-AR-A2LN-01A_769_TS,TCGA-AR-A2LN,TCGA-AR-A2LN-01A
2,train,TCGA-AR-A2LR-01A_11_TS,TCGA-AR-A2LR,TCGA-AR-A2LR-01A
2,train,TCGA-AR-A5QM-01A_1000_TS,TCGA-AR-A5QM,TCGA-AR-A5QM-01A
2,train,TCGA-AR-A5QQ-01A_1381_TS,TCGA-AR-A5QQ,TCGA-AR-A5QQ-01A
2,train,TCGA-B6-A0I6-01A_1290_TS,TCGA-B6-A0I6,TCGA-B6-A0I6-01A
2,train,TCGA-B6-A0I6-01A_632_TS,TCGA-B6-A0I6,TCGA-B6-A0I6-01A
2,train,TCGA-B6-A0I8-01A_613_TS,TCGA-B6-A0I8,TCGA-B6-A0I8-01A
2,train,TCGA-B6-A0I8-01A_614_TS,TCGA-B6-A0I8,TCGA-B6-A0I8-01A
2,train,TCGA-B6-A0IB-01A_1272_TS,TCGA-B6-A0IB,TCGA-B6-A0IB-01A
2,train,TCGA-B6-A0IB-01A_1413_TS,TCGA-B6-A0IB,TCGA-B6-A0IB-01A
2,train,TCGA-B6-A0IC-01A_790_TS,TCGA-B6-A0IC,TCGA-B6-A0IC-01A
2,train,TCGA-B6-A0IC-01A_793_TS,TCGA-B6-A0IC,TCGA-B6-A0IC-01A
2,train,TCGA-B6-A0IH-01A_1065_TS,TCGA-B6-A0IH,TCGA-B6-A0IH-01A
2,train,TCGA-B6-A0IH-01A_870_TS,TCGA-B6-A0IH,TCGA-B6-A0IH-01A
2,train,TCGA-B6-A0IJ-01A_1321_TS,TCGA-B6-A0IJ,TCGA-B6-A0IJ-01A
2,train,TCGA-B6-A0IJ-01A_1363_TS,TCGA-B6-A0IJ,TCGA-B6-A0IJ-01A
2,train,TCGA-B6-A0IO-01A_1353_TS,TCGA-B6-A0IO,TCGA-B6-A0IO-01A
2,train,TCGA-B6-A0IO-01A_1354_TS,TCGA-B6-A0IO,TCGA-B6-A0IO-01A
2,train,TCGA-B6-A0IP-01A_932_TS,TCGA-B6-A0IP,TCGA-B6-A0IP-01A
2,train,TCGA-B6-A0IP-01A_934_TS,TCGA-B6-A0IP,TCGA-B6-A0IP-01A
2,train,TCGA-B6-A0RG-01A_1085_TS,TCGA-B6-A0RG,TCGA-B6-A0RG-01A
2,train,TCGA-B6-A0RG-01A_895_TS,TCGA-B6-A0RG,TCGA-B6-A0RG-01A
2,train,TCGA-B6-A0RH-01A_720_TS,TCGA-B6-A0RH,TCGA-B6-A0RH-01A
2,train,TCGA-B6-A0RH-01A_721_TS,TCGA-B6-A0RH,TCGA-B6-A0RH-01A
2,train,TCGA-B6-A0RM-01A_841_TS,TCGA-B6-A0RM,TCGA-B6-A0RM-01A
2,train,TCGA-B6-A0RM-01A_940_TS,TCGA-B6-A0RM,TCGA-B6-A0RM-01A
2,train,TCGA-B6-A0RN-01A_1338_TS,TCGA-B6-A0RN,TCGA-B6-A0RN-01A
2,train,TCGA-B6-A0RN-01A_641_TS,TCGA-B6-A0RN,TCGA-B6-A0RN-01A
2,train,TCGA-B6-A0RQ-01A_733_TS,TCGA-B6-A0RQ,TCGA-B6-A0RQ-01A
2,train,TCGA-B6-A0RQ-01A_734_TS,TCGA-B6-A0RQ,TCGA-B6-A0RQ-01A
2,train,TCGA-B6-A0RS-01A_472_TS,TCGA-B6-A0RS,TCGA-B6-A0RS-01A
2,train,TCGA-B6-A0RS-01A_558_TS,TCGA-B6-A0RS,TCGA-B6-A0RS-01A
2,train,TCGA-B6-A0RV-01A_123_TS,TCGA-B6-A0RV,TCGA-B6-A0RV-01A
2,train,TCGA-B6-A0RV-01A_549_TS,TCGA-B6-A0RV,TCGA-B6-A0RV-01A
2,train,TCGA-B6-A0WS-01A_1201_TS,TCGA-B6-A0WS,TCGA-B6-A0WS-01A
2,train,TCGA-B6-A0WS-01A_1231_TS,TCGA-B6-A0WS,TCGA-B6-A0WS-01A
2,train,TCGA-B6-A0WW-01A_1391_TS,TCGA-B6-A0WW,TCGA-B6-A0WW-01A
2,train,TCGA-B6-A0WW-01A_713_TS,TCGA-B6-A0WW,TCGA-B6-A0WW-01A
2,train,TCGA-B6-A0WX-01A_59_TS,TCGA-B6-A0WX,TCGA-B6-A0WX-01A
2,train,TCGA-B6-A0WX-01A_770_TS,TCGA-B6-A0WX,TCGA-B6-A0WX-01A
2,train,TCGA-B6-A0X0-01A_1306_TS,TCGA-B6-A0X0,TCGA-B6-A0X0-01A
2,train,TCGA-B6-A0X0-01A_648_TS,TCGA-B6-A0X0,TCGA-B6-A0X0-01A
2,train,TCGA-B6-A0X1-01A_1200_TS,TCGA-B6-A0X1,TCGA-B6-A0X1-01A
2,train,TCGA-B6-A0X1-01A_1274_TS,TCGA-B6-A0X1,TCGA-B6-A0X1-01A
2,train,TCGA-B6-A0X5-01A_828_TS,TCGA-B6-A0X5,TCGA-B6-A0X5-01A
2,train,TCGA-B6-A1KN-01A_347_TS,TCGA-B6-A1KN,TCGA-B6-A1KN-01A
2,train,TCGA-B6-A2IU-01A_318_TS,TCGA-B6-A2IU,TCGA-B6-A2IU-01A
2,train,TCGA-B6-A401-01A_551_TS,TCGA-B6-A401,TCGA-B6-A401-01A
2,train,TCGA-B6-A402-01A_196_TS,TCGA-B6-A402,TCGA-B6-A402-01A
2,train,TCGA-B6-A40B-01A_492_TS,TCGA-B6-A40B,TCGA-B6-A40B-01A
2,train,TCGA-B6-A40C-01A_579_TS,TCGA-B6-A40C,TCGA-B6-A40C-01A
2,train,TCGA-BH-A0AU-01A_140_TS,TCGA-BH-A0AU,TCGA-BH-A0AU-01A
2,train,TCGA-BH-A0AU-01A_143_TS,TCGA-BH-A0AU,TCGA-BH-A0AU-01A
2,train,TCGA-BH-A0AV-01A_354_TS,TCGA-BH-A0AV,TCGA-BH-A0AV-01A
2,train,TCGA-BH-A0AV-01A_439_TS,TCGA-BH-A0AV,TCGA-BH-A0AV-01A
2,train,TCGA-BH-A0B0-01A_1031_TS,TCGA-BH-A0B0,TCGA-BH-A0B0-01A
2,train,TCGA-BH-A0B0-01A_1132_TS,TCGA-BH-A0B0,TCGA-BH-A0B0-01A
2,train,TCGA-BH-A0B1-01A_1117_TS,TCGA-BH-A0B1,TCGA-BH-A0B1-01A
2,train,TCGA-BH-A0B1-01A_919_TS,TCGA-BH-A0B1,TCGA-BH-A0B1-01A
2,train,TCGA-BH-A0B5-01A_71_TS,TCGA-BH-A0B5,TCGA-BH-A0B5-01A
2,train,TCGA-BH-A0B5-01A_781_TS,TCGA-BH-A0B5,TCGA-BH-A0B5-01A
2,train,TCGA-BH-A0B6-01A_871_TS,TCGA-BH-A0B6,TCGA-BH-A0B6-01A
2,train,TCGA-BH-A0B6-01A_872_TS,TCGA-BH-A0B6,TCGA-BH-A0B6-01A
2,train,TCGA-BH-A0B9-01A_280_TS,TCGA-BH-A0B9,TCGA-BH-A0B9-01A
2,train,TCGA-BH-A0B9-01A_540_TS,TCGA-BH-A0B9,TCGA-BH-A0B9-01A
2,train,TCGA-BH-A0BA-01A_160_TS,TCGA-BH-A0BA,TCGA-BH-A0BA-01A
2,train,TCGA-BH-A0BA-01A_577_TS,TCGA-BH-A0BA,TCGA-BH-A0BA-01A
2,train,TCGA-BH-A0BF-01A_1051_TS,TCGA-BH-A0BF,TCGA-BH-A0BF-01A
2,train,TCGA-BH-A0BF-01A_66_TS,TCGA-BH-A0BF,TCGA-BH-A0BF-01A
2,train,TCGA-BH-A0BG-01A_1221_TS,TCGA-BH-A0BG,TCGA-BH-A0BG-01A
2,train,TCGA-BH-A0BG-01A_1223_TS,TCGA-BH-A0BG,TCGA-BH-A0BG-01A
2,train,TCGA-BH-A0BM-01A_754_TS,TCGA-BH-A0BM,TCGA-BH-A0BM-01A
2,train,TCGA-BH-A0BM-01A_842_TS,TCGA-BH-A0BM,TCGA-BH-A0BM-01A
2,train,TCGA-BH-A0BO-01A_101_TS,TCGA-BH-A0BO,TCGA-BH-A0BO-01A
2,train,TCGA-BH-A0BO-01A_186_TS,TCGA-BH-A0BO,TCGA-BH-A0BO-01A
2,train,TCGA-BH-A0BR-01A_306_TS,TCGA-BH-A0BR,TCGA-BH-A0BR-01A
2,train,TCGA-BH-A0BR-01A_393_TS,TCGA-BH-A0BR,TCGA-BH-A0BR-01A
2,train,TCGA-BH-A0BS-01A_35_TS,TCGA-BH-A0BS,TCGA-BH-A0BS-01A
2,train,TCGA-BH-A0BS-01A_751_TS,TCGA-BH-A0BS,TCGA-BH-A0BS-01A
2,train,TCGA-BH-A0BW-01A_1138_TS,TCGA-BH-A0BW,TCGA-BH-A0BW-01A
2,train,TCGA-BH-A0BW-01A_944_TS,TCGA-BH-A0BW,TCGA-BH-A0BW-01A
2,train,TCGA-BH-A0BZ-01A_760_TS,TCGA-BH-A0BZ,TCGA-BH-A0BZ-01A
2,train,TCGA-BH-A0BZ-01A_845_TS,TCGA-BH-A0BZ,TCGA-BH-A0BZ-01A
2,train,TCGA-BH-A0C3-01A_107_TS,TCGA-BH-A0C3,TCGA-BH-A0C3-01A
2,train,TCGA-BH-A0C3-01A_108_TS,TCGA-BH-A0C3,TCGA-BH-A0C3-01A
2,train,TCGA-BH-A0C7-01B_290_TS,TCGA-BH-A0C7,TCGA-BH-A0C7-01B
2,train,TCGA-BH-A0C7-01B_464_TS,TCGA-BH-A0C7,TCGA-BH-A0C7-01B
2,train,TCGA-BH-A0DH-01A_210_TS,TCGA-BH-A0DH,TCGA-BH-A0DH-01A
2,train,TCGA-BH-A0DH-01A_548_TS,TCGA-BH-A0DH,TCGA-BH-A0DH-01A
2,train,TCGA-BH-A0DI-01A_34_TS,TCGA-BH-A0DI,TCGA-BH-A0DI-01A
2,train,TCGA-BH-A0DI-01A_929_TS,TCGA-BH-A0DI,TCGA-BH-A0DI-01A
2,train,TCGA-BH-A0DO-01B_1216_TS,TCGA-BH-A0DO,TCGA-BH-A0DO-01B
2,train,TCGA-BH-A0DO-01B_1217_TS,TCGA-BH-A0DO,TCGA-BH-A0DO-01B
2,train,TCGA-BH-A0DP-01A_1055_TS,TCGA-BH-A0DP,TCGA-BH-A0DP-01A
2,train,TCGA-BH-A0DP-01A_1152_TS,TCGA-BH-A0DP,TCGA-BH-A0DP-01A
2,train,TCGA-BH-A0DT-01A_796_TS,TCGA-BH-A0DT,TCGA-BH-A0DT-01A
2,train,TCGA-BH-A0DT-01A_988_TS,TCGA-BH-A0DT,TCGA-BH-A0DT-01A
2,train,TCGA-BH-A0DV-01A_129_TS,TCGA-BH-A0DV,TCGA-BH-A0DV-01A
2,train,TCGA-BH-A0DV-01A_298_TS,TCGA-BH-A0DV,TCGA-BH-A0DV-01A
2,train,TCGA-BH-A0E1-01A_236_TS,TCGA-BH-A0E1,TCGA-BH-A0E1-01A
2,train,TCGA-BH-A0E1-01A_237_TS,TCGA-BH-A0E1,TCGA-BH-A0E1-01A
2,train,TCGA-BH-A0E2-01A_592_TS,TCGA-BH-A0E2,TCGA-BH-A0E2-01A
2,train,TCGA-BH-A0E2-01A_593_TS,TCGA-BH-A0E2,TCGA-BH-A0E2-01A
2,train,TCGA-BH-A0E9-01B_103_TS,TCGA-BH-A0E9,TCGA-BH-A0E9-01B
2,train,TCGA-BH-A0E9-01B_352_TS,TCGA-BH-A0E9,TCGA-BH-A0E9-01B
2,train,TCGA-BH-A0EA-01A_1310_TS,TCGA-BH-A0EA,TCGA-BH-A0EA-01A
2,train,TCGA-BH-A0EA-01A_650_TS,TCGA-BH-A0EA,TCGA-BH-A0EA-01A
2,train,TCGA-BH-A0EI-01A_1127_TS,TCGA-BH-A0EI,TCGA-BH-A0EI-01A
2,train,TCGA-BH-A0EI-01A_834_TS,TCGA-BH-A0EI,TCGA-BH-A0EI-01A
2,train,TCGA-BH-A0GY-01A_198_TS,TCGA-BH-A0GY,TCGA-BH-A0GY-01A
2,train,TCGA-BH-A0GY-01A_441_TS,TCGA-BH-A0GY,TCGA-BH-A0GY-01A
2,train,TCGA-BH-A0H6-01A_678_TS,TCGA-BH-A0H6,TCGA-BH-A0H6-01A
2,train,TCGA-BH-A0H6-01A_679_TS,TCGA-BH-A0H6,TCGA-BH-A0H6-01A
2,train,TCGA-BH-A0H7-01A_1318_TS,TCGA-BH-A0H7,TCGA-BH-A0H7-01A
2,train,TCGA-BH-A0H7-01A_1346_TS,TCGA-BH-A0H7,TCGA-BH-A0H7-01A
2,train,TCGA-BH-A0HB-01A_344_TS,TCGA-BH-A0HB,TCGA-BH-A0HB-01A
2,train,TCGA-BH-A0HB-01A_428_TS,TCGA-BH-A0HB,TCGA-BH-A0HB-01A
2,train,TCGA-BH-A0HF-01A_1195_TS,TCGA-BH-A0HF,TCGA-BH-A0HF-01A
2,train,TCGA-BH-A0HF-01A_1248_TS,TCGA-BH-A0HF,TCGA-BH-A0HF-01A
2,train,TCGA-BH-A0HO-01A_412_TS,TCGA-BH-A0HO,TCGA-BH-A0HO-01A
2,train,TCGA-BH-A0HO-01A_496_TS,TCGA-BH-A0HO,TCGA-BH-A0HO-01A
2,train,TCGA-BH-A0HP-01A_161_TS,TCGA-BH-A0HP,TCGA-BH-A0HP-01A
2,train,TCGA-BH-A0HP-01A_414_TS,TCGA-BH-A0HP,TCGA-BH-A0HP-01A
2,train,TCGA-BH-A0HW-01A_189_TS,TCGA-BH-A0HW,TCGA-BH-A0HW-01A
2,train,TCGA-BH-A0HW-01A_261_TS,TCGA-BH-A0HW,TCGA-BH-A0HW-01A
2,train,TCGA-BH-A0HX-01A_1460_TS,TCGA-BH-A0HX,TCGA-BH-A0HX-01A
2,train,TCGA-BH-A0HX-01A_707_TS,TCGA-BH-A0HX,TCGA-BH-A0HX-01A
2,train,TCGA-BH-A0W3-01A_660_TS,TCGA-BH-A0W3,TCGA-BH-A0W3-01A
2,train,TCGA-BH-A0W3-01A_661_TS,TCGA-BH-A0W3,TCGA-BH-A0W3-01A
2,train,TCGA-BH-A0W4-01A_630_TS,TCGA-BH-A0W4,TCGA-BH-A0W4-01A
2,train,TCGA-BH-A0W4-01A_631_TS,TCGA-BH-A0W4,TCGA-BH-A0W4-01A
2,train,TCGA-BH-A0WA-01A_272_TS,TCGA-BH-A0WA,TCGA-BH-A0WA-01A
2,train,TCGA-BH-A0WA-01A_361_TS,TCGA-BH-A0WA,TCGA-BH-A0WA-01A
2,train,TCGA-BH-A18F-01A_415_TS,TCGA-BH-A18F,TCGA-BH-A18F-01A
2,train,TCGA-BH-A18G-01A_987_TS,TCGA-BH-A18G,TCGA-BH-A18G-01A
2,train,TCGA-BH-A18J-01A_425_TS,TCGA-BH-A18J,TCGA-BH-A18J-01A
2,train,TCGA-BH-A18K-01A_1227_TS,TCGA-BH-A18K,TCGA-BH-A18K-01A
2,train,TCGA-BH-A18N-01A_997_TS,TCGA-BH-A18N,TCGA-BH-A18N-01A
2,train,TCGA-BH-A18P-01A_1282_TS,TCGA-BH-A18P,TCGA-BH-A18P-01A
2,train,TCGA-BH-A18S-01A_366_TS,TCGA-BH-A18S,TCGA-BH-A18S-01A
2,train,TCGA-BH-A18T-01A_62_TS,TCGA-BH-A18T,TCGA-BH-A18T-01A
2,train,TCGA-BH-A1EN-01A_849_TS,TCGA-BH-A1EN,TCGA-BH-A1EN-01A
2,train,TCGA-BH-A1EO-01A_449_TS,TCGA-BH-A1EO,TCGA-BH-A1EO-01A
2,train,TCGA-BH-A1EU-01A_1419_TS,TCGA-BH-A1EU,TCGA-BH-A1EU-01A
2,train,TCGA-BH-A1EV-01A_312_TS,TCGA-BH-A1EV,TCGA-BH-A1EV-01A
2,train,TCGA-BH-A1EY-01A_629_TS,TCGA-BH-A1EY,TCGA-BH-A1EY-01A
2,train,TCGA-BH-A1F0-01A_645_TS,TCGA-BH-A1F0,TCGA-BH-A1F0-01A
2,train,TCGA-BH-A1F6-01A_873_TS,TCGA-BH-A1F6,TCGA-BH-A1F6-01A
2,train,TCGA-BH-A1F8-01A_52_TS,TCGA-BH-A1F8,TCGA-BH-A1F8-01A
2,train,TCGA-BH-A1FD-01A_922_TS,TCGA-BH-A1FD,TCGA-BH-A1FD-01A
2,train,TCGA-BH-A1FE-01A_755_TS,TCGA-BH-A1FE,TCGA-BH-A1FE-01A
2,train,TCGA-BH-A1FL-01A_1269_TS,TCGA-BH-A1FL,TCGA-BH-A1FL-01A
2,train,TCGA-BH-A1FN-01A_100_TS,TCGA-BH-A1FN,TCGA-BH-A1FN-01A
2,train,TCGA-BH-A201-01A_656_TS,TCGA-BH-A201,TCGA-BH-A201-01A
2,train,TCGA-BH-A202-01A_1514_TS,TCGA-BH-A202,TCGA-BH-A202-01A
2,train,TCGA-BH-A208-01A_266_TS,TCGA-BH-A208,TCGA-BH-A208-01A
2,train,TCGA-BH-A209-01A_68_TS,TCGA-BH-A209,TCGA-BH-A209-01A
2,train,TCGA-BH-A2L8-01A_522_TS,TCGA-BH-A2L8,TCGA-BH-A2L8-01A
2,train,TCGA-BH-A42T-01A_1184_TS,TCGA-BH-A42T,TCGA-BH-A42T-01A
2,train,TCGA-BH-A5IZ-01A_601_TS,TCGA-BH-A5IZ,TCGA-BH-A5IZ-01A
2,train,TCGA-BH-A5J0-01A_766_TS,TCGA-BH-A5J0,TCGA-BH-A5J0-01A
2,train,TCGA-BH-A8FY-01A_278_TS,TCGA-BH-A8FY,TCGA-BH-A8FY-01A
2,train,TCGA-BH-A8FZ-01A_1208_TS,TCGA-BH-A8FZ,TCGA-BH-A8FZ-01A
2,train,TCGA-C8-A12K-01A_1103_TS,TCGA-C8-A12K,TCGA-C8-A12K-01A
2,train,TCGA-C8-A12K-01A_1179_TS,TCGA-C8-A12K,TCGA-C8-A12K-01A
2,train,TCGA-C8-A12N-01A_145_TS,TCGA-C8-A12N,TCGA-C8-A12N-01A
2,train,TCGA-C8-A12N-01A_481_TS,TCGA-C8-A12N,TCGA-C8-A12N-01A
2,train,TCGA-C8-A12O-01A_581_TS,TCGA-C8-A12O,TCGA-C8-A12O-01A
2,train,TCGA-C8-A12O-01A_583_TS,TCGA-C8-A12O,TCGA-C8-A12O-01A
2,train,TCGA-C8-A12T-01A_795_TS,TCGA-C8-A12T,TCGA-C8-A12T-01A
2,train,TCGA-C8-A12T-01A_887_TS,TCGA-C8-A12T,TCGA-C8-A12T-01A
2,train,TCGA-C8-A12U-01A_147_TS,TCGA-C8-A12U,TCGA-C8-A12U-01A
2,train,TCGA-C8-A12U-01A_234_TS,TCGA-C8-A12U,TCGA-C8-A12U-01A
2,train,TCGA-C8-A12X-01A_78_TS,TCGA-C8-A12X,TCGA-C8-A12X-01A
2,train,TCGA-C8-A12X-01A_798_TS,TCGA-C8-A12X,TCGA-C8-A12X-01A
2,train,TCGA-C8-A12Y-01A_1141_TS,TCGA-C8-A12Y,TCGA-C8-A12Y-01A
2,train,TCGA-C8-A12Y-01A_947_TS,TCGA-C8-A12Y,TCGA-C8-A12Y-01A
2,train,TCGA-C8-A131-01A_1050_TS,TCGA-C8-A131,TCGA-C8-A131-01A
2,train,TCGA-C8-A131-01A_976_TS,TCGA-C8-A131,TCGA-C8-A131-01A
2,train,TCGA-C8-A132-01A_339_TS,TCGA-C8-A132,TCGA-C8-A132-01A
2,train,TCGA-C8-A132-01A_511_TS,TCGA-C8-A132,TCGA-C8-A132-01A
2,train,TCGA-C8-A135-01A_132_TS,TCGA-C8-A135,TCGA-C8-A135-01A
2,train,TCGA-C8-A135-01A_476_TS,TCGA-C8-A135,TCGA-C8-A135-01A
2,train,TCGA-C8-A137-01A_1334_TS,TCGA-C8-A137,TCGA-C8-A137-01A
2,train,TCGA-C8-A137-01A_637_TS,TCGA-C8-A137,TCGA-C8-A137-01A
2,train,TCGA-C8-A1HE-01A_1540_TS,TCGA-C8-A1HE,TCGA-C8-A1HE-01A
2,train,TCGA-C8-A1HF-01A_1355_TS,TCGA-C8-A1HF,TCGA-C8-A1HF-01A
2,train,TCGA-C8-A1HK-01A_1063_TS,TCGA-C8-A1HK,TCGA-C8-A1HK-01A
2,train,TCGA-C8-A1HL-01A_600_TS,TCGA-C8-A1HL,TCGA-C8-A1HL-01A
2,train,TCGA-C8-A1HO-01A_738_TS,TCGA-C8-A1HO,TCGA-C8-A1HO-01A
2,train,TCGA-C8-A26V-01A_700_TS,TCGA-C8-A26V,TCGA-C8-A26V-01A
2,train,TCGA-C8-A26Y-01A_353_TS,TCGA-C8-A26Y,TCGA-C8-A26Y-01A
2,train,TCGA-C8-A26Z-01A_1429_TS,TCGA-C8-A26Z,TCGA-C8-A26Z-01A
2,train,TCGA-C8-A275-01A_378_TS,TCGA-C8-A275,TCGA-C8-A275-01A
2,train,TCGA-C8-A278-01A_1149_TS,TCGA-C8-A278,TCGA-C8-A278-01A
2,train,TCGA-C8-A3M7-01A_386_TS,TCGA-C8-A3M7,TCGA-C8-A3M7-01A
2,train,TCGA-C8-A8HP-01A_1244_TS,TCGA-C8-A8HP,TCGA-C8-A8HP-01A
2,train,TCGA-D8-A140-01A_1538_TS,TCGA-D8-A140,TCGA-D8-A140-01A
2,train,TCGA-D8-A140-01A_1567_TS,TCGA-D8-A140,TCGA-D8-A140-01A
2,train,TCGA-D8-A141-01A_197_TS,TCGA-D8-A141,TCGA-D8-A141-01A
2,train,TCGA-D8-A141-01A_362_TS,TCGA-D8-A141,TCGA-D8-A141-01A
2,train,TCGA-D8-A145-01A_376_TS,TCGA-D8-A145,TCGA-D8-A145-01A
2,train,TCGA-D8-A145-01A_552_TS,TCGA-D8-A145,TCGA-D8-A145-01A
2,train,TCGA-D8-A146-01A_740_TS,TCGA-D8-A146,TCGA-D8-A146-01A
2,train,TCGA-D8-A147-01A_323_TS,TCGA-D8-A147,TCGA-D8-A147-01A
2,train,TCGA-D8-A147-01A_325_TS,TCGA-D8-A147,TCGA-D8-A147-01A
2,train,TCGA-D8-A1J8-01A_227_TS,TCGA-D8-A1J8,TCGA-D8-A1J8-01A
2,train,TCGA-D8-A1JB-01A_265_TS,TCGA-D8-A1JB,TCGA-D8-A1JB-01A
2,train,TCGA-D8-A1JC-01A_1329_TS,TCGA-D8-A1JC,TCGA-D8-A1JC-01A
2,train,TCGA-D8-A1JF-01A_429_TS,TCGA-D8-A1JF,TCGA-D8-A1JF-01A
2,train,TCGA-D8-A1JG-01B_43_TS,TCGA-D8-A1JG,TCGA-D8-A1JG-01B
2,train,TCGA-D8-A1JJ-01A_1025_TS,TCGA-D8-A1JJ,TCGA-D8-A1JJ-01A
2,train,TCGA-D8-A1JK-01A_1238_TS,TCGA-D8-A1JK,TCGA-D8-A1JK-01A
2,train,TCGA-D8-A1JN-01A_520_TS,TCGA-D8-A1JN,TCGA-D8-A1JN-01A
2,train,TCGA-D8-A1JP-01A_745_TS,TCGA-D8-A1JP,TCGA-D8-A1JP-01A
2,train,TCGA-D8-A1JU-01A_681_TS,TCGA-D8-A1JU,TCGA-D8-A1JU-01A
2,train,TCGA-D8-A1X5-01A_1393_TS,TCGA-D8-A1X5,TCGA-D8-A1X5-01A
2,train,TCGA-D8-A1X8-01A_1547_TS,TCGA-D8-A1X8,TCGA-D8-A1X8-01A
2,train,TCGA-D8-A1X9-01A_133_TS,TCGA-D8-A1X9,TCGA-D8-A1X9-01A
2,train,TCGA-D8-A1XC-01A_70_TS,TCGA-D8-A1XC,TCGA-D8-A1XC-01A
2,train,TCGA-D8-A1XD-01A_767_TS,TCGA-D8-A1XD,TCGA-D8-A1XD-01A
2,train,TCGA-D8-A1XJ-01A_469_TS,TCGA-D8-A1XJ,TCGA-D8-A1XJ-01A
2,train,TCGA-D8-A1XK-01A_302_TS,TCGA-D8-A1XK,TCGA-D8-A1XK-01A
2,train,TCGA-D8-A1XO-01A_808_TS,TCGA-D8-A1XO,TCGA-D8-A1XO-01A
2,train,TCGA-D8-A1XQ-01A_139_TS,TCGA-D8-A1XQ,TCGA-D8-A1XQ-01A
2,train,TCGA-D8-A1XT-01A_1259_TS,TCGA-D8-A1XT,TCGA-D8-A1XT-01A
2,train,TCGA-D8-A1XU-01A_21_TS,TCGA-D8-A1XU,TCGA-D8-A1XU-01A
2,train,TCGA-D8-A1XY-01A_1295_TS,TCGA-D8-A1XY,TCGA-D8-A1XY-01A
2,train,TCGA-D8-A1XZ-01A_1324_TS,TCGA-D8-A1XZ,TCGA-D8-A1XZ-01A
2,train,TCGA-D8-A1Y2-01A_1035_TS,TCGA-D8-A1Y2,TCGA-D8-A1Y2-01A
2,train,TCGA-D8-A1Y3-01A_951_TS,TCGA-D8-A1Y3,TCGA-D8-A1Y3-01A
2,train,TCGA-D8-A27G-01A_1142_TS,TCGA-D8-A27G,TCGA-D8-A27G-01A
2,train,TCGA-D8-A27H-01A_180_TS,TCGA-D8-A27H,TCGA-D8-A27H-01A
2,train,TCGA-D8-A27L-01A_483_TS,TCGA-D8-A27L,TCGA-D8-A27L-01A
2,train,TCGA-D8-A27M-01A_675_TS,TCGA-D8-A27M,TCGA-D8-A27M-01A
2,train,TCGA-D8-A27R-01A_28_TS,TCGA-D8-A27R,TCGA-D8-A27R-01A
2,train,TCGA-D8-A27T-01A_350_TS,TCGA-D8-A27T,TCGA-D8-A27T-01A
2,train,TCGA-D8-A3Z5-01A_269_TS,TCGA-D8-A3Z5,TCGA-D8-A3Z5-01A
2,train,TCGA-D8-A3Z6-01A_106_TS,TCGA-D8-A3Z6,TCGA-D8-A3Z6-01A
2,train,TCGA-D8-A73W-01A_1438_TS,TCGA-D8-A73W,TCGA-D8-A73W-01A
2,train,TCGA-D8-A73X-01A_692_TS,TCGA-D8-A73X,TCGA-D8-A73X-01A
2,train,TCGA-E2-A107-01A_1440_TS,TCGA-E2-A107,TCGA-E2-A107-01A
2,train,TCGA-E2-A107-01A_1493_TS,TCGA-E2-A107,TCGA-E2-A107-01A
2,train,TCGA-E2-A108-01A_765_TS,TCGA-E2-A108,TCGA-E2-A108-01A
2,train,TCGA-E2-A108-01A_967_TS,TCGA-E2-A108,TCGA-E2-A108-01A
2,train,TCGA-E2-A10B-01A_151_TS,TCGA-E2-A10B,TCGA-E2-A10B-01A
2,train,TCGA-E2-A10B-01A_486_TS,TCGA-E2-A10B,TCGA-E2-A10B-01A
2,train,TCGA-E2-A10C-01A_1084_TS,TCGA-E2-A10C,TCGA-E2-A10C-01A
2,train,TCGA-E2-A10C-01A_804_TS,TCGA-E2-A10C,TCGA-E2-A10C-01A
2,train,TCGA-E2-A14P-01A_1515_TS,TCGA-E2-A14P,TCGA-E2-A14P-01A
2,train,TCGA-E2-A14Q-01A_586_TS,TCGA-E2-A14Q,TCGA-E2-A14Q-01A
2,train,TCGA-E2-A14T-01A_287_TS,TCGA-E2-A14T,TCGA-E2-A14T-01A
2,train,TCGA-E2-A14U-01A_1325_TS,TCGA-E2-A14U,TCGA-E2-A14U-01A
2,train,TCGA-E2-A14X-01A_401_TS,TCGA-E2-A14X,TCGA-E2-A14X-01A
2,train,TCGA-E2-A14Y-01A_1234_TS,TCGA-E2-A14Y,TCGA-E2-A14Y-01A
2,train,TCGA-E2-A152-01A_1522_TS,TCGA-E2-A152,TCGA-E2-A152-01A
2,train,TCGA-E2-A153-01A_436_TS,TCGA-E2-A153,TCGA-E2-A153-01A
2,train,TCGA-E2-A156-01A_1497_TS,TCGA-E2-A156,TCGA-E2-A156-01A
2,train,TCGA-E2-A158-01A_1520_TS,TCGA-E2-A158,TCGA-E2-A158-01A
2,train,TCGA-E2-A15C-01A_94_TS,TCGA-E2-A15C,TCGA-E2-A15C-01A
2,train,TCGA-E2-A15D-01A_1457_TS,TCGA-E2-A15D,TCGA-E2-A15D-01A
2,train,TCGA-E2-A15G-01A_515_TS,TCGA-E2-A15G,TCGA-E2-A15G-01A
2,train,TCGA-E2-A15H-01A_1236_TS,TCGA-E2-A15H,TCGA-E2-A15H-01A
2,train,TCGA-E2-A15K-01A_1247_TS,TCGA-E2-A15K,TCGA-E2-A15K-01A
2,train,TCGA-E2-A15L-01A_756_TS,TCGA-E2-A15L,TCGA-E2-A15L-01A
2,train,TCGA-E2-A15P-01A_1424_TS,TCGA-E2-A15P,TCGA-E2-A15P-01A
2,train,TCGA-E2-A15R-01A_749_TS,TCGA-E2-A15R,TCGA-E2-A15R-01A
2,train,TCGA-E2-A1AZ-01A_1558_TS,TCGA-E2-A1AZ,TCGA-E2-A1AZ-01A
2,train,TCGA-E2-A1B0-01A_893_TS,TCGA-E2-A1B0,TCGA-E2-A1B0-01A
2,train,TCGA-E2-A1B5-01A_1087_TS,TCGA-E2-A1B5,TCGA-E2-A1B5-01A
2,train,TCGA-E2-A1B6-01A_125_TS,TCGA-E2-A1B6,TCGA-E2-A1B6-01A
2,train,TCGA-E2-A1IE-01A_1358_TS,TCGA-E2-A1IE,TCGA-E2-A1IE-01A
2,train,TCGA-E2-A1IF-01A_799_TS,TCGA-E2-A1IF,TCGA-E2-A1IF-01A
2,train,TCGA-E2-A1II-01A_899_TS,TCGA-E2-A1II,TCGA-E2-A1II-01A
2,train,TCGA-E2-A1IJ-01A_778_TS,TCGA-E2-A1IJ,TCGA-E2-A1IJ-01A
2,train,TCGA-E2-A1IN-01A_1043_TS,TCGA-E2-A1IN,TCGA-E2-A1IN-01A
2,train,TCGA-E2-A1IO-01A_930_TS,TCGA-E2-A1IO,TCGA-E2-A1IO-01A
2,train,TCGA-E2-A1L7-01A_912_TS,TCGA-E2-A1L7,TCGA-E2-A1L7-01A
2,train,TCGA-E2-A1L8-01A_1487_TS,TCGA-E2-A1L8,TCGA-E2-A1L8-01A
2,train,TCGA-E2-A1LB-01A_881_TS,TCGA-E2-A1LB,TCGA-E2-A1LB-01A
2,train,TCGA-E2-A1LE-01A_1120_TS,TCGA-E2-A1LE,TCGA-E2-A1LE-01A
2,train,TCGA-E2-A1LK-01A_1423_TS,TCGA-E2-A1LK,TCGA-E2-A1LK-01A
2,train,TCGA-E2-A1LL-01A_1320_TS,TCGA-E2-A1LL,TCGA-E2-A1LL-01A
2,train,TCGA-E2-A3DX-01A_255_TS,TCGA-E2-A3DX,TCGA-E2-A3DX-01A
2,train,TCGA-E2-A56Z-01A_121_TS,TCGA-E2-A56Z,TCGA-E2-A56Z-01A
2,train,TCGA-E2-A573-01A_571_TS,TCGA-E2-A573,TCGA-E2-A573-01A
2,train,TCGA-E2-A574-01A_1154_TS,TCGA-E2-A574,TCGA-E2-A574-01A
2,train,TCGA-E9-A1N3-01A_906_TS,TCGA-E9-A1N3,TCGA-E9-A1N3-01A
2,train,TCGA-E9-A1N4-01A_1094_TS,TCGA-E9-A1N4,TCGA-E9-A1N4-01A
2,train,TCGA-E9-A1N8-01A_668_TS,TCGA-E9-A1N8,TCGA-E9-A1N8-01A
2,train,TCGA-E9-A1N9-01A_400_TS,TCGA-E9-A1N9,TCGA-E9-A1N9-01A
2,train,TCGA-E9-A1NC-01A_983_TS,TCGA-E9-A1NC,TCGA-E9-A1NC-01A
2,train,TCGA-E9-A1NC-01A_984_TS,TCGA-E9-A1NC,TCGA-E9-A1NC-01A
2,train,TCGA-E9-A1NE-01A_663_TS,TCGA-E9-A1NE,TCGA-E9-A1NE-01A
2,train,TCGA-E9-A1NF-01A_1040_TS,TCGA-E9-A1NF,TCGA-E9-A1NF-01A
2,train,TCGA-E9-A1NI-01A_1454_TS,TCGA-E9-A1NI,TCGA-E9-A1NI-01A
2,train,TCGA-E9-A1QZ-01A_861_TS,TCGA-E9-A1QZ,TCGA-E9-A1QZ-01A
2,train,TCGA-E9-A1R3-01A_550_TS,TCGA-E9-A1R3,TCGA-E9-A1R3-01A
2,train,TCGA-E9-A1R4-01A_822_TS,TCGA-E9-A1R4,TCGA-E9-A1R4-01A
2,train,TCGA-E9-A1R7-01A_188_TS,TCGA-E9-A1R7,TCGA-E9-A1R7-01A
2,train,TCGA-E9-A1RA-01A_168_TS,TCGA-E9-A1RA,TCGA-E9-A1RA-01A
2,train,TCGA-E9-A1RD-01A_569_TS,TCGA-E9-A1RD,TCGA-E9-A1RD-01A
2,train,TCGA-E9-A1RE-01A_1342_TS,TCGA-E9-A1RE,TCGA-E9-A1RE-01A
2,train,TCGA-E9-A1RH-01A_310_TS,TCGA-E9-A1RH,TCGA-E9-A1RH-01A
2,train,TCGA-E9-A1RI-01A_65_TS,TCGA-E9-A1RI,TCGA-E9-A1RI-01A
2,train,TCGA-E9-A228-01A_396_TS,TCGA-E9-A228,TCGA-E9-A228-01A
2,train,TCGA-E9-A229-01A_122_TS,TCGA-E9-A229,TCGA-E9-A229-01A
2,train,TCGA-E9-A22D-01A_213_TS,TCGA-E9-A22D,TCGA-E9-A22D-01A
2,train,TCGA-E9-A22E-01A_1198_TS,TCGA-E9-A22E,TCGA-E9-A22E-01A
2,train,TCGA-E9-A243-01A_1260_TS,TCGA-E9-A243,TCGA-E9-A243-01A
2,train,TCGA-E9-A244-01A_1279_TS,TCGA-E9-A244,TCGA-E9-A244-01A
2,train,TCGA-E9-A249-01A_243_TS,TCGA-E9-A249,TCGA-E9-A249-01A
2,train,TCGA-E9-A24A-01A_806_TS,TCGA-E9-A24A,TCGA-E9-A24A-01A
2,train,TCGA-E9-A2JT-01A_1535_TS,TCGA-E9-A2JT,TCGA-E9-A2JT-01A
2,train,TCGA-E9-A3Q9-01A_1397_TS,TCGA-E9-A3Q9,TCGA-E9-A3Q9-01A
2,train,TCGA-E9-A54X-01A_603_TS,TCGA-E9-A54X,TCGA-E9-A54X-01A
2,train,TCGA-E9-A5FK-01A_1552_TS,TCGA-E9-A5FK,TCGA-E9-A5FK-01A
2,train,TCGA-E9-A6HE-01A_837_TS,TCGA-E9-A6HE,TCGA-E9-A6HE-01A
2,train,TCGA-EW-A1IW-01A_368_TS,TCGA-EW-A1IW,TCGA-EW-A1IW-01A
2,train,TCGA-EW-A1IZ-01A_1400_TS,TCGA-EW-A1IZ,TCGA-EW-A1IZ-01A
2,train,TCGA-EW-A1J1-01A_1496_TS,TCGA-EW-A1J1,TCGA-EW-A1J1-01A
2,train,TCGA-EW-A1J5-01A_1166_TS,TCGA-EW-A1J5,TCGA-EW-A1J5-01A
2,train,TCGA-EW-A1OV-01A_671_TS,TCGA-EW-A1OV,TCGA-EW-A1OV-01A
2,train,TCGA-EW-A1OY-01A_1203_TS,TCGA-EW-A1OY,TCGA-EW-A1OY-01A
2,train,TCGA-EW-A1OZ-01A_373_TS,TCGA-EW-A1OZ,TCGA-EW-A1OZ-01A
2,train,TCGA-EW-A1P3-01A_1220_TS,TCGA-EW-A1P3,TCGA-EW-A1P3-01A
2,train,TCGA-EW-A1P4-01A_1406_TS,TCGA-EW-A1P4,TCGA-EW-A1P4-01A
2,train,TCGA-EW-A1P7-01A_1298_TS,TCGA-EW-A1P7,TCGA-EW-A1P7-01A
2,train,TCGA-EW-A1P8-01A_970_TS,TCGA-EW-A1P8,TCGA-EW-A1P8-01A
2,train,TCGA-EW-A1PC-01B_1144_TS,TCGA-EW-A1PC,TCGA-EW-A1PC-01B
2,train,TCGA-EW-A1PD-01A_1448_TS,TCGA-EW-A1PD,TCGA-EW-A1PD-01A
2,train,TCGA-EW-A1PG-01A_92_TS,TCGA-EW-A1PG,TCGA-EW-A1PG-01A
2,train,TCGA-EW-A1PH-01A_1048_TS,TCGA-EW-A1PH,TCGA-EW-A1PH-01A
2,train,TCGA-EW-A2FV-01A_701_TS,TCGA-EW-A2FV,TCGA-EW-A2FV-01A
2,train,TCGA-EW-A2FW-01A_821_TS,TCGA-EW-A2FW,TCGA-EW-A2FW-01A
2,train,TCGA-EW-A423-01A_191_TS,TCGA-EW-A423,TCGA-EW-A423-01A
2,train,TCGA-EW-A424-01A_874_TS,TCGA-EW-A424,TCGA-EW-A424-01A
2,train,TCGA-EW-A6SB-01A_794_TS,TCGA-EW-A6SB,TCGA-EW-A6SB-01A
2,train,TCGA-EW-A6SC-01A_477_TS,TCGA-EW-A6SC,TCGA-EW-A6SC-01A
2,train,TCGA-GI-A2C9-01A_1235_TS,TCGA-GI-A2C9,TCGA-GI-A2C9-01A
2,train,TCGA-GM-A2D9-01A_594_TS,TCGA-GM-A2D9,TCGA-GM-A2D9-01A
2,train,TCGA-GM-A2DI-01A_1177_TS,TCGA-GM-A2DI,TCGA-GM-A2DI-01A
2,train,TCGA-GM-A2DL-01A_1499_TS,TCGA-GM-A2DL,TCGA-GM-A2DL-01A
2,train,TCGA-GM-A2DO-01A_1111_TS,TCGA-GM-A2DO,TCGA-GM-A2DO-01A
2,train,TCGA-GM-A3NW-01A_184_TS,TCGA-GM-A3NW,TCGA-GM-A3NW-01A
2,train,TCGA-GM-A3XL-01A_1315_TS,TCGA-GM-A3XL,TCGA-GM-A3XL-01A
2,train,TCGA-GM-A3XN-01A_1343_TS,TCGA-GM-A3XN,TCGA-GM-A3XN-01A
2,train,TCGA-HN-A2NL-01A_1102_TS,TCGA-HN-A2NL,TCGA-HN-A2NL-01A
2,train,TCGA-HN-A2OB-01A_223_TS,TCGA-HN-A2OB,TCGA-HN-A2OB-01A
2,train,TCGA-LD-A66U-01A_134_TS,TCGA-LD-A66U,TCGA-LD-A66U-01A
2,train,TCGA-LD-A74U-01A_392_TS,TCGA-LD-A74U,TCGA-LD-A74U-01A
2,train,TCGA-LD-A9QF-01A_774_TS,TCGA-LD-A9QF,TCGA-LD-A9QF-01A
2,train,TCGA-LL-A440-01A_87_TS,TCGA-LL-A440,TCGA-LL-A440-01A
2,train,TCGA-LL-A50Y-01A_128_TS,TCGA-LL-A50Y,TCGA-LL-A50Y-01A
2,train,TCGA-LL-A5YL-01A_1366_TS,TCGA-LL-A5YL,TCGA-LL-A5YL-01A
2,train,TCGA-LL-A5YO-01A_235_TS,TCGA-LL-A5YO,TCGA-LL-A5YO-01A
2,train,TCGA-LL-A5YP-01A_898_TS,TCGA-LL-A5YP,TCGA-LL-A5YP-01A
2,train,TCGA-LL-A6FR-01A_1191_TS,TCGA-LL-A6FR,TCGA-LL-A6FR-01A
2,train,TCGA-LL-A73Y-01A_1467_TS,TCGA-LL-A73Y,TCGA-LL-A73Y-01A
2,train,TCGA-LL-A7SZ-01A_1316_TS,TCGA-LL-A7SZ,TCGA-LL-A7SZ-01A
2,train,TCGA-LL-A7T0-01A_1240_TS,TCGA-LL-A7T0,TCGA-LL-A7T0-01A
2,train,TCGA-LQ-A4E4-01A_338_TS,TCGA-LQ-A4E4,TCGA-LQ-A4E4-01A
2,train,TCGA-MS-A51U-01A_465_TS,TCGA-MS-A51U,TCGA-MS-A51U-01A
2,train,TCGA-OL-A5D7-01A_730_TS,TCGA-OL-A5D7,TCGA-OL-A5D7-01A
2,train,TCGA-OL-A5D8-01A_341_TS,TCGA-OL-A5D8,TCGA-OL-A5D8-01A
2,train,TCGA-OL-A5RV-01A_1373_TS,TCGA-OL-A5RV,TCGA-OL-A5RV-01A
2,train,TCGA-OL-A5RW-01A_1364_TS,TCGA-OL-A5RW,TCGA-OL-A5RW-01A
2,train,TCGA-OL-A5RZ-01A_445_TS,TCGA-OL-A5RZ,TCGA-OL-A5RZ-01A
2,train,TCGA-OL-A5S0-01A_453_TS,TCGA-OL-A5S0,TCGA-OL-A5S0-01A
2,train,TCGA-OL-A66J-01A_562_TS,TCGA-OL-A66J,TCGA-OL-A66J-01A
2,train,TCGA-OL-A66K-01A_757_TS,TCGA-OL-A66K,TCGA-OL-A66K-01A
2,train,TCGA-OL-A66O-01A_1307_TS,TCGA-OL-A66O,TCGA-OL-A66O-01A
2,train,TCGA-OL-A66P-01A_487_TS,TCGA-OL-A66P,TCGA-OL-A66P-01A
2,train,TCGA-OL-A6VR-01A_1378_TS,TCGA-OL-A6VR,TCGA-OL-A6VR-01A
2,train,TCGA-OL-A97C-01A_81_TS,TCGA-OL-A97C,TCGA-OL-A97C-01A
2,train,TCGA-PE-A5DE-01A_587_TS,TCGA-PE-A5DE,TCGA-PE-A5DE-01A
2,train,TCGA-S3-A6ZF-01A_408_TS,TCGA-S3-A6ZF,TCGA-S3-A6ZF-01A
2,train,TCGA-S3-AA0Z-01A_467_TS,TCGA-S3-AA0Z,TCGA-S3-AA0Z-01A
2,train,TCGA-S3-AA10-01A_643_TS,TCGA-S3-AA10,TCGA-S3-AA10-01A
2,train,TCGA-S3-AA14-01A_126_TS,TCGA-S3-AA14,TCGA-S3-AA14-01A
2,train,TCGA-S3-AA15-01A_157_TS,TCGA-S3-AA15,TCGA-S3-AA15-01A
2,train,TCGA-UU-A93S-01A_204_TS,TCGA-UU-A93S,TCGA-UU-A93S-01A
2,train,TCGA-V7-A7HQ-01A_1287_TS,TCGA-V7-A7HQ,TCGA-V7-A7HQ-01A
2,train,TCGA-XX-A899-01A_242_TS,TCGA-XX-A899,TCGA-XX-A899-01A
2,train,TCGA-XX-A89A-01A_783_TS,TCGA-XX-A89A,TCGA-XX-A89A-01A
2,val,TCGA-3C-AALK-01A_1057_TS,TCGA-3C-AALK,TCGA-3C-AALK-01A
2,val,TCGA-5T-A9QA-01A_1551_TS,TCGA-5T-A9QA,TCGA-5T-A9QA-01A
2,val,TCGA-A1-A0SF-01A_500_TS,TCGA-A1-A0SF,TCGA-A1-A0SF-01A
2,val,TCGA-A1-A0SF-01A_504_TS,TCGA-A1-A0SF,TCGA-A1-A0SF-01A
2,val,TCGA-A1-A0SJ-01A_1266_TS,TCGA-A1-A0SJ,TCGA-A1-A0SJ-01A
2,val,TCGA-A1-A0SJ-01A_1409_TS,TCGA-A1-A0SJ,TCGA-A1-A0SJ-01A
2,val,TCGA-A1-A0SO-01A_1100_TS,TCGA-A1-A0SO,TCGA-A1-A0SO-01A
2,val,TCGA-A1-A0SO-01A_1176_TS,TCGA-A1-A0SO,TCGA-A1-A0SO-01A
2,val,TCGA-A2-A04Q-01A_77_TS,TCGA-A2-A04Q,TCGA-A2-A04Q-01A
2,val,TCGA-A2-A04Q-01A_888_TS,TCGA-A2-A04Q,TCGA-A2-A04Q-01A
2,val,TCGA-A2-A04W-01A_1296_TS,TCGA-A2-A04W,TCGA-A2-A04W-01A
2,val,TCGA-A2-A04W-01A_1336_TS,TCGA-A2-A04W,TCGA-A2-A04W-01A
2,val,TCGA-A2-A0CM-01A_1443_TS,TCGA-A2-A0CM,TCGA-A2-A0CM-01A
2,val,TCGA-A2-A0CM-01A_1495_TS,TCGA-A2-A0CM,TCGA-A2-A0CM-01A
2,val,TCGA-A2-A0CR-01A_41_TS,TCGA-A2-A0CR,TCGA-A2-A0CR-01A
2,val,TCGA-A2-A0CR-01A_839_TS,TCGA-A2-A0CR,TCGA-A2-A0CR-01A
2,val,TCGA-A2-A0CV-01A_1168_TS,TCGA-A2-A0CV,TCGA-A2-A0CV-01A
2,val,TCGA-A2-A0CV-01A_791_TS,TCGA-A2-A0CV,TCGA-A2-A0CV-01A
2,val,TCGA-A2-A0D0-01A_163_TS,TCGA-A2-A0D0,TCGA-A2-A0D0-01A
2,val,TCGA-A2-A0D0-01A_580_TS,TCGA-A2-A0D0,TCGA-A2-A0D0-01A
2,val,TCGA-A2-A0D4-01A_1112_TS,TCGA-A2-A0D4,TCGA-A2-A0D4-01A
2,val,TCGA-A2-A0D4-01A_819_TS,TCGA-A2-A0D4,TCGA-A2-A0D4-01A
2,val,TCGA-A2-A0EQ-01A_60_TS,TCGA-A2-A0EQ,TCGA-A2-A0EQ-01A
2,val,TCGA-A2-A0EQ-01A_960_TS,TCGA-A2-A0EQ,TCGA-A2-A0EQ-01A
2,val,TCGA-A2-A0EU-01A_406_TS,TCGA-A2-A0EU,TCGA-A2-A0EU-01A
2,val,TCGA-A2-A0EU-01A_407_TS,TCGA-A2-A0EU,TCGA-A2-A0EU-01A
2,val,TCGA-A2-A0EY-01A_1071_TS,TCGA-A2-A0EY,TCGA-A2-A0EY-01A
2,val,TCGA-A2-A0EY-01A_787_TS,TCGA-A2-A0EY,TCGA-A2-A0EY-01A
2,val,TCGA-A2-A0SW-01A_144_TS,TCGA-A2-A0SW,TCGA-A2-A0SW-01A
2,val,TCGA-A2-A0SW-01A_232_TS,TCGA-A2-A0SW,TCGA-A2-A0SW-01A
2,val,TCGA-A2-A0T1-01A_1286_TS,TCGA-A2-A0T1,TCGA-A2-A0T1-01A
2,val,TCGA-A2-A0T1-01A_1288_TS,TCGA-A2-A0T1,TCGA-A2-A0T1-01A
2,val,TCGA-A2-A0T5-01A_131_TS,TCGA-A2-A0T5,TCGA-A2-A0T5-01A
2,val,TCGA-A2-A0T5-01A_561_TS,TCGA-A2-A0T5,TCGA-A2-A0T5-01A
2,val,TCGA-A2-A0YD-01A_1300_TS,TCGA-A2-A0YD,TCGA-A2-A0YD-01A
2,val,TCGA-A2-A0YD-01A_1359_TS,TCGA-A2-A0YD,TCGA-A2-A0YD-01A
2,val,TCGA-A2-A0YH-01A_440_TS,TCGA-A2-A0YH,TCGA-A2-A0YH-01A
2,val,TCGA-A2-A0YH-01A_523_TS,TCGA-A2-A0YH,TCGA-A2-A0YH-01A
2,val,TCGA-A2-A0YL-01A_1510_TS,TCGA-A2-A0YL,TCGA-A2-A0YL-01A
2,val,TCGA-A2-A0YL-01A_694_TS,TCGA-A2-A0YL,TCGA-A2-A0YL-01A
2,val,TCGA-A2-A1FZ-01A_152_TS,TCGA-A2-A1FZ,TCGA-A2-A1FZ-01A
2,val,TCGA-A2-A1G6-01A_267_TS,TCGA-A2-A1G6,TCGA-A2-A1G6-01A
2,val,TCGA-A2-A25C-01A_195_TS,TCGA-A2-A25C,TCGA-A2-A25C-01A
2,val,TCGA-A2-A3KC-01A_1361_TS,TCGA-A2-A3KC,TCGA-A2-A3KC-01A
2,val,TCGA-A2-A3XU-01A_602_TS,TCGA-A2-A3XU,TCGA-A2-A3XU-01A
2,val,TCGA-A2-A3XY-01A_1308_TS,TCGA-A2-A3XY,TCGA-A2-A3XY-01A
2,val,TCGA-A2-A4RX-01A_1519_TS,TCGA-A2-A4RX,TCGA-A2-A4RX-01A
2,val,TCGA-A2-A4S2-01A_802_TS,TCGA-A2-A4S2,TCGA-A2-A4S2-01A
2,val,TCGA-A7-A0CE-01A_1089_TS,TCGA-A7-A0CE,TCGA-A7-A0CE-01A
2,val,TCGA-A7-A0CE-01A_999_TS,TCGA-A7-A0CE,TCGA-A7-A0CE-01A
2,val,TCGA-A7-A0D9-01A_1233_TS,TCGA-A7-A0D9,TCGA-A7-A0D9-01A
2,val,TCGA-A7-A0D9-01A_1252_TS,TCGA-A7-A0D9,TCGA-A7-A0D9-01A
2,val,TCGA-A7-A0DB-01A_1441_TS,TCGA-A7-A0DB,TCGA-A7-A0DB-01A
2,val,TCGA-A7-A0DB-01A_1494_TS,TCGA-A7-A0DB,TCGA-A7-A0DB-01A
2,val,TCGA-A7-A0DB-01C_714_TS,TCGA-A7-A0DB,TCGA-A7-A0DB-01C
2,val,TCGA-A7-A0DB-01C_715_TS,TCGA-A7-A0DB,TCGA-A7-A0DB-01C
2,val,TCGA-A7-A13H-01A_249_TS,TCGA-A7-A13H,TCGA-A7-A13H-01A
2,val,TCGA-A7-A13H-01A_328_TS,TCGA-A7-A13H,TCGA-A7-A13H-01A
2,val,TCGA-A7-A26H-01A_351_TS,TCGA-A7-A26H,TCGA-A7-A26H-01A
2,val,TCGA-A7-A3IZ-01A_1275_TS,TCGA-A7-A3IZ,TCGA-A7-A3IZ-01A
2,val,TCGA-A7-A425-01A_512_TS,TCGA-A7-A425,TCGA-A7-A425-01A
2,val,TCGA-A7-A4SC-01A_1386_TS,TCGA-A7-A4SC,TCGA-A7-A4SC-01A
2,val,TCGA-A7-A56D-01A_1436_TS,TCGA-A7-A56D,TCGA-A7-A56D-01A
2,val,TCGA-A7-A6VV-01A_47_TS,TCGA-A7-A6VV,TCGA-A7-A6VV-01A
2,val,TCGA-A8-A06R-01A_1394_TS,TCGA-A8-A06R,TCGA-A8-A06R-01A
2,val,TCGA-A8-A06R-01A_1498_TS,TCGA-A8-A06R,TCGA-A8-A06R-01A
2,val,TCGA-A8-A06U-01A_812_TS,TCGA-A8-A06U,TCGA-A8-A06U-01A
2,val,TCGA-A8-A06Z-01A_1303_TS,TCGA-A8-A06Z,TCGA-A8-A06Z-01A
2,val,TCGA-A8-A06Z-01A_1323_TS,TCGA-A8-A06Z,TCGA-A8-A06Z-01A
2,val,TCGA-A8-A07B-01A_1517_TS,TCGA-A8-A07B,TCGA-A8-A07B-01A
2,val,TCGA-A8-A07B-01A_1565_TS,TCGA-A8-A07B,TCGA-A8-A07B-01A
2,val,TCGA-A8-A07G-01A_17_TS,TCGA-A8-A07G,TCGA-A8-A07G-01A
2,val,TCGA-A8-A07G-01A_737_TS,TCGA-A8-A07G,TCGA-A8-A07G-01A
2,val,TCGA-A8-A07P-01A_203_TS,TCGA-A8-A07P,TCGA-A8-A07P-01A
2,val,TCGA-A8-A07P-01A_542_TS,TCGA-A8-A07P,TCGA-A8-A07P-01A
2,val,TCGA-A8-A07W-01A_1293_TS,TCGA-A8-A07W,TCGA-A8-A07W-01A
2,val,TCGA-A8-A07W-01A_1333_TS,TCGA-A8-A07W,TCGA-A8-A07W-01A
2,val,TCGA-A8-A083-01A_1053_TS,TCGA-A8-A083,TCGA-A8-A083-01A
2,val,TCGA-A8-A083-01A_1054_TS,TCGA-A8-A083,TCGA-A8-A083-01A
2,val,TCGA-A8-A08A-01A_148_TS,TCGA-A8-A08A,TCGA-A8-A08A-01A
2,val,TCGA-A8-A08A-01A_484_TS,TCGA-A8-A08A,TCGA-A8-A08A-01A
2,val,TCGA-A8-A08H-01A_343_TS,TCGA-A8-A08H,TCGA-A8-A08H-01A
2,val,TCGA-A8-A08H-01A_345_TS,TCGA-A8-A08H,TCGA-A8-A08H-01A
2,val,TCGA-A8-A08O-01A_452_TS,TCGA-A8-A08O,TCGA-A8-A08O-01A
2,val,TCGA-A8-A08O-01A_536_TS,TCGA-A8-A08O,TCGA-A8-A08O-01A
2,val,TCGA-A8-A08T-01A_170_TS,TCGA-A8-A08T,TCGA-A8-A08T-01A
2,val,TCGA-A8-A08T-01A_253_TS,TCGA-A8-A08T,TCGA-A8-A08T-01A
2,val,TCGA-A8-A091-01A_1106_TS,TCGA-A8-A091,TCGA-A8-A091-01A
2,val,TCGA-A8-A091-01A_909_TS,TCGA-A8-A091,TCGA-A8-A091-01A
2,val,TCGA-A8-A095-01A_764_TS,TCGA-A8-A095,TCGA-A8-A095-01A
2,val,TCGA-A8-A095-01A_846_TS,TCGA-A8-A095,TCGA-A8-A095-01A
2,val,TCGA-A8-A09A-01A_1507_TS,TCGA-A8-A09A,TCGA-A8-A09A-01A
2,val,TCGA-A8-A09A-01A_1508_TS,TCGA-A8-A09A,TCGA-A8-A09A-01A
2,val,TCGA-A8-A09G-01A_301_TS,TCGA-A8-A09G,TCGA-A8-A09G-01A
2,val,TCGA-A8-A09G-01A_389_TS,TCGA-A8-A09G,TCGA-A8-A09G-01A
2,val,TCGA-A8-A09N-01A_473_TS,TCGA-A8-A09N,TCGA-A8-A09N-01A
2,val,TCGA-A8-A09N-01A_560_TS,TCGA-A8-A09N,TCGA-A8-A09N-01A
2,val,TCGA-A8-A09V-01A_691_TS,TCGA-A8-A09V,TCGA-A8-A09V-01A
2,val,TCGA-A8-A09V-01A_693_TS,TCGA-A8-A09V,TCGA-A8-A09V-01A
2,val,TCGA-A8-A0A1-01A_480_TS,TCGA-A8-A0A1,TCGA-A8-A0A1-01A
2,val,TCGA-A8-A0A1-01A_570_TS,TCGA-A8-A0A1,TCGA-A8-A0A1-01A
2,val,TCGA-A8-A0A9-01A_1081_TS,TCGA-A8-A0A9,TCGA-A8-A0A9-01A
2,val,TCGA-A8-A0A9-01A_889_TS,TCGA-A8-A0A9,TCGA-A8-A0A9-01A
2,val,TCGA-AC-A23H-01A_525_TS,TCGA-AC-A23H,TCGA-AC-A23H-01A
2,val,TCGA-AC-A2FB-01A_89_TS,TCGA-AC-A2FB,TCGA-AC-A2FB-01A
2,val,TCGA-AC-A2FK-01A_1068_TS,TCGA-AC-A2FK,TCGA-AC-A2FK-01A
2,val,TCGA-AC-A2QJ-01A_1264_TS,TCGA-AC-A2QJ,TCGA-AC-A2QJ-01A
2,val,TCGA-AC-A3OD-01B_1469_TS,TCGA-AC-A3OD,TCGA-AC-A3OD-01B
2,val,TCGA-AC-A3OD-01B_1470_TS,TCGA-AC-A3OD,TCGA-AC-A3OD-01B
2,val,TCGA-AC-A3QP-01A_115_TS,TCGA-AC-A3QP,TCGA-AC-A3QP-01A
2,val,TCGA-AC-A3W6-01A_591_TS,TCGA-AC-A3W6,TCGA-AC-A3W6-01A
2,val,TCGA-AC-A4ZE-01A_838_TS,TCGA-AC-A4ZE,TCGA-AC-A4ZE-01A
2,val,TCGA-AC-A62V-01A_1012_TS,TCGA-AC-A62V,TCGA-AC-A62V-01A
2,val,TCGA-AC-A6IW-01A_573_TS,TCGA-AC-A6IW,TCGA-AC-A6IW-01A
2,val,TCGA-AC-A7VC-01A_642_TS,TCGA-AC-A7VC,TCGA-AC-A7VC-01A
2,val,TCGA-AC-A8OS-01A_1285_TS,TCGA-AC-A8OS,TCGA-AC-A8OS-01A
2,val,TCGA-AN-A046-01A_782_TS,TCGA-AN-A046,TCGA-AN-A046-01A
2,val,TCGA-AN-A046-01A_877_TS,TCGA-AN-A046,TCGA-AN-A046-01A
2,val,TCGA-AN-A04D-01A_174_TS,TCGA-AN-A04D,TCGA-AN-A04D-01A
2,val,TCGA-AN-A04D-01A_336_TS,TCGA-AN-A04D,TCGA-AN-A04D-01A
2,val,TCGA-AN-A0AM-01A_1297_TS,TCGA-AN-A0AM,TCGA-AN-A0AM-01A
2,val,TCGA-AN-A0AM-01A_1357_TS,TCGA-AN-A0AM,TCGA-AN-A0AM-01A
2,val,TCGA-AN-A0FD-01A_748_TS,TCGA-AN-A0FD,TCGA-AN-A0FD-01A
2,val,TCGA-AN-A0FD-01A_830_TS,TCGA-AN-A0FD,TCGA-AN-A0FD-01A
2,val,TCGA-AN-A0FL-01A_49_TS,TCGA-AN-A0FL,TCGA-AN-A0FL-01A
2,val,TCGA-AN-A0FL-01A_851_TS,TCGA-AN-A0FL,TCGA-AN-A0FL-01A
2,val,TCGA-AN-A0FW-01A_291_TS,TCGA-AN-A0FW,TCGA-AN-A0FW-01A
2,val,TCGA-AN-A0FW-01A_555_TS,TCGA-AN-A0FW,TCGA-AN-A0FW-01A
2,val,TCGA-AN-A0G0-01A_305_TS,TCGA-AN-A0G0,TCGA-AN-A0G0-01A
2,val,TCGA-AN-A0G0-01A_479_TS,TCGA-AN-A0G0,TCGA-AN-A0G0-01A
2,val,TCGA-AN-A0XP-01A_786_TS,TCGA-AN-A0XP,TCGA-AN-A0XP-01A
2,val,TCGA-AN-A0XP-01A_982_TS,TCGA-AN-A0XP,TCGA-AN-A0XP-01A
2,val,TCGA-AN-A0XU-01A_618_TS,TCGA-AN-A0XU,TCGA-AN-A0XU-01A
2,val,TCGA-AN-A0XU-01A_619_TS,TCGA-AN-A0XU,TCGA-AN-A0XU-01A
2,val,TCGA-AO-A03M-01B_1070_TS,TCGA-AO-A03M,TCGA-AO-A03M-01B
2,val,TCGA-AO-A03M-01B_789_TS,TCGA-AO-A03M,TCGA-AO-A03M-01B
2,val,TCGA-AO-A03V-01A_193_TS,TCGA-AO-A03V,TCGA-AO-A03V-01A
2,val,TCGA-AO-A03V-01A_356_TS,TCGA-AO-A03V,TCGA-AO-A03V-01A
2,val,TCGA-AO-A0J6-01A_1437_TS,TCGA-AO-A0J6,TCGA-AO-A0J6-01A
2,val,TCGA-AO-A0J6-01A_1466_TS,TCGA-AO-A0J6,TCGA-AO-A0J6-01A
2,val,TCGA-AO-A0JC-01A_1313_TS,TCGA-AO-A0JC,TCGA-AO-A0JC-01A
2,val,TCGA-AO-A0JC-01A_1314_TS,TCGA-AO-A0JC,TCGA-AO-A0JC-01A
2,val,TCGA-AO-A0JG-01A_118_TS,TCGA-AO-A0JG,TCGA-AO-A0JG-01A
2,val,TCGA-AO-A0JG-01A_370_TS,TCGA-AO-A0JG,TCGA-AO-A0JG-01A
2,val,TCGA-AO-A124-01A_1033_TS,TCGA-AO-A124,TCGA-AO-A124-01A
2,val,TCGA-AO-A124-01A_1134_TS,TCGA-AO-A124,TCGA-AO-A124-01A
2,val,TCGA-AO-A129-01A_1484_TS,TCGA-AO-A129,TCGA-AO-A129-01A
2,val,TCGA-AO-A129-01A_729_TS,TCGA-AO-A129,TCGA-AO-A129-01A
2,val,TCGA-AO-A12D-01A_167_TS,TCGA-AO-A12D,TCGA-AO-A12D-01A
2,val,TCGA-AO-A12D-01A_169_TS,TCGA-AO-A12D,TCGA-AO-A12D-01A
2,val,TCGA-AO-A1KS-01A_1058_TS,TCGA-AO-A1KS,TCGA-AO-A1KS-01A
2,val,TCGA-AQ-A04H-01B_165_TS,TCGA-AQ-A04H,TCGA-AQ-A04H-01B
2,val,TCGA-AQ-A04H-01B_501_TS,TCGA-AQ-A04H,TCGA-AQ-A04H-01B
2,val,TCGA-AQ-A54N-01A_281_TS,TCGA-AQ-A54N,TCGA-AQ-A54N-01A
2,val,TCGA-AR-A0TP-01A_1462_TS,TCGA-AR-A0TP,TCGA-AR-A0TP-01A
2,val,TCGA-AR-A0TP-01A_1543_TS,TCGA-AR-A0TP,TCGA-AR-A0TP-01A
2,val,TCGA-AR-A0TT-01A_1224_TS,TCGA-AR-A0TT,TCGA-AR-A0TT-01A
2,val,TCGA-AR-A0TT-01A_1410_TS,TCGA-AR-A0TT,TCGA-AR-A0TT-01A
2,val,TCGA-AR-A0TX-01A_1480_TS,TCGA-AR-A0TX,TCGA-AR-A0TX-01A
2,val,TCGA-AR-A0TX-01A_723_TS,TCGA-AR-A0TX,TCGA-AR-A0TX-01A
2,val,TCGA-AR-A0U2-01A_971_TS,TCGA-AR-A0U2,TCGA-AR-A0U2-01A
2,val,TCGA-AR-A0U2-01A_972_TS,TCGA-AR-A0U2,TCGA-AR-A0U2-01A
2,val,TCGA-AR-A1AJ-01A_1309_TS,TCGA-AR-A1AJ,TCGA-AR-A1AJ-01A
2,val,TCGA-AR-A1AN-01A_110_TS,TCGA-AR-A1AN,TCGA-AR-A1AN-01A
2,val,TCGA-AR-A1AR-01A_1463_TS,TCGA-AR-A1AR,TCGA-AR-A1AR-01A
2,val,TCGA-AR-A1AV-01A_1242_TS,TCGA-AR-A1AV,TCGA-AR-A1AV-01A
2,val,TCGA-AR-A24H-01A_72_TS,TCGA-AR-A24H,TCGA-AR-A24H-01A
2,val,TCGA-AR-A24N-01A_172_TS,TCGA-AR-A24N,TCGA-AR-A24N-01A
2,val,TCGA-AR-A24R-01A_342_TS,TCGA-AR-A24R,TCGA-AR-A24R-01A
2,val,TCGA-AR-A24V-01A_662_TS,TCGA-AR-A24V,TCGA-AR-A24V-01A
2,val,TCGA-AR-A250-01A_1371_TS,TCGA-AR-A250,TCGA-AR-A250-01A
2,val,TCGA-AR-A255-01A_957_TS,TCGA-AR-A255,TCGA-AR-A255-01A
2,val,TCGA-AR-A2LK-01A_1509_TS,TCGA-AR-A2LK,TCGA-AR-A2LK-01A
2,val,TCGA-AR-A2LO-01A_673_TS,TCGA-AR-A2LO,TCGA-AR-A2LO-01A
2,val,TCGA-AR-A5QN-01A_1311_TS,TCGA-AR-A5QN,TCGA-AR-A5QN-01A
2,val,TCGA-B6-A0I2-01A_166_TS,TCGA-B6-A0I2,TCGA-B6-A0I2-01A
2,val,TCGA-B6-A0I2-01A_334_TS,TCGA-B6-A0I2,TCGA-B6-A0I2-01A
2,val,TCGA-B6-A0IA-01A_48_TS,TCGA-B6-A0IA,TCGA-B6-A0IA-01A
2,val,TCGA-B6-A0IA-01A_761_TS,TCGA-B6-A0IA,TCGA-B6-A0IA-01A
2,val,TCGA-B6-A0IG-01A_388_TS,TCGA-B6-A0IG,TCGA-B6-A0IG-01A
2,val,TCGA-B6-A0IG-01A_565_TS,TCGA-B6-A0IG,TCGA-B6-A0IG-01A
2,val,TCGA-B6-A0IM-01A_836_TS,TCGA-B6-A0IM,TCGA-B6-A0IM-01A
2,val,TCGA-B6-A0IM-01A_938_TS,TCGA-B6-A0IM,TCGA-B6-A0IM-01A
2,val,TCGA-B6-A0RE-01A_1317_TS,TCGA-B6-A0RE,TCGA-B6-A0RE-01A
2,val,TCGA-B6-A0RE-01A_1345_TS,TCGA-B6-A0RE,TCGA-B6-A0RE-01A
2,val,TCGA-B6-A0RL-01A_1372_TS,TCGA-B6-A0RL,TCGA-B6-A0RL-01A
2,val,TCGA-B6-A0RL-01A_1421_TS,TCGA-B6-A0RL,TCGA-B6-A0RL-01A
2,val,TCGA-B6-A0RP-01A_276_TS,TCGA-B6-A0RP,TCGA-B6-A0RP-01A
2,val,TCGA-B6-A0RP-01A_532_TS,TCGA-B6-A0RP,TCGA-B6-A0RP-01A
2,val,TCGA-B6-A0RU-01A_1091_TS,TCGA-B6-A0RU,TCGA-B6-A0RU-01A
2,val,TCGA-B6-A0RU-01A_1092_TS,TCGA-B6-A0RU,TCGA-B6-A0RU-01A
2,val,TCGA-B6-A0WV-01A_825_TS,TCGA-B6-A0WV,TCGA-B6-A0WV-01A
2,val,TCGA-B6-A0WV-01A_923_TS,TCGA-B6-A0WV,TCGA-B6-A0WV-01A
2,val,TCGA-B6-A0WZ-01A_1294_TS,TCGA-B6-A0WZ,TCGA-B6-A0WZ-01A
2,val,TCGA-B6-A0WZ-01A_635_TS,TCGA-B6-A0WZ,TCGA-B6-A0WZ-01A
2,val,TCGA-B6-A0X7-01A_371_TS,TCGA-B6-A0X7,TCGA-B6-A0X7-01A
2,val,TCGA-B6-A0X7-01A_530_TS,TCGA-B6-A0X7,TCGA-B6-A0X7-01A
2,val,TCGA-B6-A1KF-01A_1561_TS,TCGA-B6-A1KF,TCGA-B6-A1KF-01A
2,val,TCGA-B6-A3ZX-01A_475_TS,TCGA-B6-A3ZX,TCGA-B6-A3ZX-01A
2,val,TCGA-B6-A408-01A_992_TS,TCGA-B6-A408,TCGA-B6-A408-01A
2,val,TCGA-BH-A0AZ-01A_1352_TS,TCGA-BH-A0AZ,TCGA-BH-A0AZ-01A
2,val,TCGA-BH-A0AZ-01A_1405_TS,TCGA-BH-A0AZ,TCGA-BH-A0AZ-01A
2,val,TCGA-BH-A0B3-01A_1254_TS,TCGA-BH-A0B3,TCGA-BH-A0B3-01A
2,val,TCGA-BH-A0B3-01A_1277_TS,TCGA-BH-A0B3,TCGA-BH-A0B3-01A
2,val,TCGA-BH-A0B8-01A_1210_TS,TCGA-BH-A0B8,TCGA-BH-A0B8-01A
2,val,TCGA-BH-A0B8-01A_1257_TS,TCGA-BH-A0B8,TCGA-BH-A0B8-01A
2,val,TCGA-BH-A0BD-01A_1016_TS,TCGA-BH-A0BD,TCGA-BH-A0BD-01A
2,val,TCGA-BH-A0BD-01A_1017_TS,TCGA-BH-A0BD,TCGA-BH-A0BD-01A
2,val,TCGA-BH-A0BL-01A_1069_TS,TCGA-BH-A0BL,TCGA-BH-A0BL-01A
2,val,TCGA-BH-A0BL-01A_784_TS,TCGA-BH-A0BL,TCGA-BH-A0BL-01A
2,val,TCGA-BH-A0BQ-01A_1046_TS,TCGA-BH-A0BQ,TCGA-BH-A0BQ-01A
2,val,TCGA-BH-A0BQ-01A_966_TS,TCGA-BH-A0BQ,TCGA-BH-A0BQ-01A
2,val,TCGA-BH-A0BV-01A_1171_TS,TCGA-BH-A0BV,TCGA-BH-A0BV-01A
2,val,TCGA-BH-A0BV-01A_884_TS,TCGA-BH-A0BV,TCGA-BH-A0BV-01A
2,val,TCGA-BH-A0C1-01B_1456_TS,TCGA-BH-A0C1,TCGA-BH-A0C1-01B
2,val,TCGA-BH-A0C1-01B_1531_TS,TCGA-BH-A0C1,TCGA-BH-A0C1-01B
2,val,TCGA-BH-A0DG-01A_427_TS,TCGA-BH-A0DG,TCGA-BH-A0DG-01A
2,val,TCGA-BH-A0DG-01A_97_TS,TCGA-BH-A0DG,TCGA-BH-A0DG-01A
2,val,TCGA-BH-A0DL-01A_262_TS,TCGA-BH-A0DL,TCGA-BH-A0DL-01A
2,val,TCGA-BH-A0DL-01A_434_TS,TCGA-BH-A0DL,TCGA-BH-A0DL-01A
2,val,TCGA-BH-A0DS-01A_156_TS,TCGA-BH-A0DS,TCGA-BH-A0DS-01A
2,val,TCGA-BH-A0DS-01A_490_TS,TCGA-BH-A0DS,TCGA-BH-A0DS-01A
2,val,TCGA-BH-A0DZ-01A_124_TS,TCGA-BH-A0DZ,TCGA-BH-A0DZ-01A
2,val,TCGA-BH-A0DZ-01A_461_TS,TCGA-BH-A0DZ,TCGA-BH-A0DZ-01A
2,val,TCGA-BH-A0E7-01A_1212_TS,TCGA-BH-A0E7,TCGA-BH-A0E7-01A
2,val,TCGA-BH-A0E7-01A_1376_TS,TCGA-BH-A0E7,TCGA-BH-A0E7-01A
2,val,TCGA-BH-A0EE-01A_1402_TS,TCGA-BH-A0EE,TCGA-BH-A0EE-01A
2,val,TCGA-BH-A0EE-01A_1403_TS,TCGA-BH-A0EE,TCGA-BH-A0EE-01A
2,val,TCGA-BH-A0H0-01A_1045_TS,TCGA-BH-A0H0,TCGA-BH-A0H0-01A
2,val,TCGA-BH-A0H5-01A_509_TS,TCGA-BH-A0H5,TCGA-BH-A0H5-01A
2,val,TCGA-BH-A0H5-01A_510_TS,TCGA-BH-A0H5,TCGA-BH-A0H5-01A
2,val,TCGA-BH-A0HA-01A_1125_TS,TCGA-BH-A0HA,TCGA-BH-A0HA-01A
2,val,TCGA-BH-A0HA-01A_31_TS,TCGA-BH-A0HA,TCGA-BH-A0HA-01A
2,val,TCGA-BH-A0HN-01A_864_TS,TCGA-BH-A0HN,TCGA-BH-A0HN-01A
2,val,TCGA-BH-A0HN-01A_959_TS,TCGA-BH-A0HN,TCGA-BH-A0HN-01A
2,val,TCGA-BH-A0HU-01A_182_TS,TCGA-BH-A0HU,TCGA-BH-A0HU-01A
2,val,TCGA-BH-A0HU-01A_183_TS,TCGA-BH-A0HU,TCGA-BH-A0HU-01A
2,val,TCGA-BH-A0RX-01A_1536_TS,TCGA-BH-A0RX,TCGA-BH-A0RX-01A
2,val,TCGA-BH-A0RX-01A_699_TS,TCGA-BH-A0RX,TCGA-BH-A0RX-01A
2,val,TCGA-BH-A0W7-01A_771_TS,TCGA-BH-A0W7,TCGA-BH-A0W7-01A
2,val,TCGA-BH-A0W7-01A_863_TS,TCGA-BH-A0W7,TCGA-BH-A0W7-01A
2,val,TCGA-BH-A18H-01A_695_TS,TCGA-BH-A18H,TCGA-BH-A18H-01A
2,val,TCGA-BH-A18L-01A_1119_TS,TCGA-BH-A18L,TCGA-BH-A18L-01A
2,val,TCGA-BH-A18Q-01A_1430_TS,TCGA-BH-A18Q,TCGA-BH-A18Q-01A
2,val,TCGA-BH-A18U-01A_1301_TS,TCGA-BH-A18U,TCGA-BH-A18U-01A
2,val,TCGA-BH-A1ES-01A_886_TS,TCGA-BH-A1ES,TCGA-BH-A1ES-01A
2,val,TCGA-BH-A1EW-01A_1098_TS,TCGA-BH-A1EW,TCGA-BH-A1EW-01A
2,val,TCGA-BH-A1F2-01A_1099_TS,TCGA-BH-A1F2,TCGA-BH-A1F2-01A
2,val,TCGA-BH-A1FB-01A_1036_TS,TCGA-BH-A1FB,TCGA-BH-A1FB-01A
2,val,TCGA-BH-A1FH-01A_1273_TS,TCGA-BH-A1FH,TCGA-BH-A1FH-01A
2,val,TCGA-BH-A1FR-01A_494_TS,TCGA-BH-A1FR,TCGA-BH-A1FR-01A
2,val,TCGA-BH-A203-01A_697_TS,TCGA-BH-A203,TCGA-BH-A203-01A
2,val,TCGA-BH-A28O-01A_818_TS,TCGA-BH-A28O,TCGA-BH-A28O-01A
2,val,TCGA-BH-A42U-01A_495_TS,TCGA-BH-A42U,TCGA-BH-A42U-01A
2,val,TCGA-BH-A6R8-01A_963_TS,TCGA-BH-A6R8,TCGA-BH-A6R8-01A
2,val,TCGA-BH-A8G0-01A_199_TS,TCGA-BH-A8G0,TCGA-BH-A8G0-01A
2,val,TCGA-C8-A12M-01A_57_TS,TCGA-C8-A12M,TCGA-C8-A12M-01A
2,val,TCGA-C8-A12M-01A_857_TS,TCGA-C8-A12M,TCGA-C8-A12M-01A
2,val,TCGA-C8-A12Q-01A_980_TS,TCGA-C8-A12Q,TCGA-C8-A12Q-01A
2,val,TCGA-C8-A12Q-01A_981_TS,TCGA-C8-A12Q,TCGA-C8-A12Q-01A
2,val,TCGA-C8-A12W-01A_1185_TS,TCGA-C8-A12W,TCGA-C8-A12W-01A
2,val,TCGA-C8-A12W-01A_905_TS,TCGA-C8-A12W,TCGA-C8-A12W-01A
2,val,TCGA-C8-A130-01A_1211_TS,TCGA-C8-A130,TCGA-C8-A130-01A
2,val,TCGA-C8-A130-01A_1374_TS,TCGA-C8-A130,TCGA-C8-A130-01A
2,val,TCGA-C8-A134-01A_1124_TS,TCGA-C8-A134,TCGA-C8-A134-01A
2,val,TCGA-C8-A134-01A_927_TS,TCGA-C8-A134,TCGA-C8-A134-01A
2,val,TCGA-C8-A1HG-01A_185_TS,TCGA-C8-A1HG,TCGA-C8-A1HG-01A
2,val,TCGA-C8-A1HM-01A_503_TS,TCGA-C8-A1HM,TCGA-C8-A1HM-01A
2,val,TCGA-C8-A26W-01A_491_TS,TCGA-C8-A26W,TCGA-C8-A26W-01A
2,val,TCGA-C8-A273-01A_117_TS,TCGA-C8-A273,TCGA-C8-A273-01A
2,val,TCGA-C8-A27A-01A_654_TS,TCGA-C8-A27A,TCGA-C8-A27A-01A
2,val,TCGA-C8-A8HQ-01A_903_TS,TCGA-C8-A8HQ,TCGA-C8-A8HQ-01A
2,val,TCGA-D8-A13Z-01A_112_TS,TCGA-D8-A13Z,TCGA-D8-A13Z-01A
2,val,TCGA-D8-A13Z-01A_200_TS,TCGA-D8-A13Z,TCGA-D8-A13Z-01A
2,val,TCGA-D8-A143-01A_823_TS,TCGA-D8-A143,TCGA-D8-A143-01A
2,val,TCGA-D8-A143-01A_918_TS,TCGA-D8-A143,TCGA-D8-A143-01A
2,val,TCGA-D8-A1J9-01A_513_TS,TCGA-D8-A1J9,TCGA-D8-A1J9-01A
2,val,TCGA-D8-A1JD-01A_1408_TS,TCGA-D8-A1JD,TCGA-D8-A1JD-01A
2,val,TCGA-D8-A1JH-01A_722_TS,TCGA-D8-A1JH,TCGA-D8-A1JH-01A
2,val,TCGA-D8-A1JL-01A_705_TS,TCGA-D8-A1JL,TCGA-D8-A1JL-01A
2,val,TCGA-D8-A1JS-01A_516_TS,TCGA-D8-A1JS,TCGA-D8-A1JS-01A
2,val,TCGA-D8-A1X6-01A_977_TS,TCGA-D8-A1X6,TCGA-D8-A1X6-01A
2,val,TCGA-D8-A1XA-01A_797_TS,TCGA-D8-A1XA,TCGA-D8-A1XA-01A
2,val,TCGA-D8-A1XF-01A_369_TS,TCGA-D8-A1XF,TCGA-D8-A1XF-01A
2,val,TCGA-D8-A1XL-01A_1027_TS,TCGA-D8-A1XL,TCGA-D8-A1XL-01A
2,val,TCGA-D8-A1XR-01A_26_TS,TCGA-D8-A1XR,TCGA-D8-A1XR-01A
2,val,TCGA-D8-A1XV-01A_24_TS,TCGA-D8-A1XV,TCGA-D8-A1XV-01A
2,val,TCGA-D8-A1Y0-01A_462_TS,TCGA-D8-A1Y0,TCGA-D8-A1Y0-01A
2,val,TCGA-D8-A27E-01A_1005_TS,TCGA-D8-A27E,TCGA-D8-A27E-01A
2,val,TCGA-D8-A27I-01A_1080_TS,TCGA-D8-A27I,TCGA-D8-A27I-01A
2,val,TCGA-D8-A27N-01A_1241_TS,TCGA-D8-A27N,TCGA-D8-A27N-01A
2,val,TCGA-D8-A27V-01A_674_TS,TCGA-D8-A27V,TCGA-D8-A27V-01A
2,val,TCGA-D8-A4Z1-01A_150_TS,TCGA-D8-A4Z1,TCGA-D8-A4Z1-01A
2,val,TCGA-E2-A106-01A_1521_TS,TCGA-E2-A106,TCGA-E2-A106-01A
2,val,TCGA-E2-A106-01A_717_TS,TCGA-E2-A106,TCGA-E2-A106-01A
2,val,TCGA-E2-A10A-01A_357_TS,TCGA-E2-A10A,TCGA-E2-A10A-01A
2,val,TCGA-E2-A10A-01A_524_TS,TCGA-E2-A10A,TCGA-E2-A10A-01A
2,val,TCGA-E2-A10F-01A_217_TS,TCGA-E2-A10F,TCGA-E2-A10F-01A
2,val,TCGA-E2-A10F-01A_380_TS,TCGA-E2-A10F,TCGA-E2-A10F-01A
2,val,TCGA-E2-A14N-01A_891_TS,TCGA-E2-A14N,TCGA-E2-A14N-01A
2,val,TCGA-E2-A14R-01A_1268_TS,TCGA-E2-A14R,TCGA-E2-A14R-01A
2,val,TCGA-E2-A14V-01A_942_TS,TCGA-E2-A14V,TCGA-E2-A14V-01A
2,val,TCGA-E2-A14Z-01A_1377_TS,TCGA-E2-A14Z,TCGA-E2-A14Z-01A
2,val,TCGA-E2-A154-01A_420_TS,TCGA-E2-A154,TCGA-E2-A154-01A
2,val,TCGA-E2-A159-01A_1261_TS,TCGA-E2-A159,TCGA-E2-A159-01A
2,val,TCGA-E2-A15E-01A_640_TS,TCGA-E2-A15E,TCGA-E2-A15E-01A
2,val,TCGA-E2-A15I-01A_1167_TS,TCGA-E2-A15I,TCGA-E2-A15I-01A
2,val,TCGA-E2-A15M-01A_448_TS,TCGA-E2-A15M,TCGA-E2-A15M-01A
2,val,TCGA-E2-A15S-01A_785_TS,TCGA-E2-A15S,TCGA-E2-A15S-01A
2,val,TCGA-E2-A1B1-01A_955_TS,TCGA-E2-A1B1,TCGA-E2-A1B1-01A
2,val,TCGA-E2-A1BC-01A_99_TS,TCGA-E2-A1BC,TCGA-E2-A1BC-01A
2,val,TCGA-E2-A1IG-01A_827_TS,TCGA-E2-A1IG,TCGA-E2-A1IG-01A
2,val,TCGA-E2-A1IK-01A_437_TS,TCGA-E2-A1IK,TCGA-E2-A1IK-01A
2,val,TCGA-E2-A1IU-01A_1292_TS,TCGA-E2-A1IU,TCGA-E2-A1IU-01A
2,val,TCGA-E2-A1L9-01A_456_TS,TCGA-E2-A1L9,TCGA-E2-A1L9-01A
2,val,TCGA-E2-A1LG-01A_712_TS,TCGA-E2-A1LG,TCGA-E2-A1LG-01A
2,val,TCGA-E2-A2P5-01A_1388_TS,TCGA-E2-A2P5,TCGA-E2-A2P5-01A
2,val,TCGA-E2-A570-01A_216_TS,TCGA-E2-A570,TCGA-E2-A570-01A
2,val,TCGA-E2-A576-01A_1445_TS,TCGA-E2-A576,TCGA-E2-A576-01A
2,val,TCGA-E9-A1N5-01A_158_TS,TCGA-E9-A1N5,TCGA-E9-A1N5-01A
2,val,TCGA-E9-A1NA-01A_36_TS,TCGA-E9-A1NA,TCGA-E9-A1NA-01A
2,val,TCGA-E9-A1NG-01A_1202_TS,TCGA-E9-A1NG,TCGA-E9-A1NG-01A
2,val,TCGA-E9-A1R0-01A_1444_TS,TCGA-E9-A1R0,TCGA-E9-A1R0-01A
2,val,TCGA-E9-A1R5-01A_1160_TS,TCGA-E9-A1R5,TCGA-E9-A1R5-01A
2,val,TCGA-E9-A1RB-01A_564_TS,TCGA-E9-A1RB,TCGA-E9-A1RB-01A
2,val,TCGA-E9-A1RF-01A_1401_TS,TCGA-E9-A1RF,TCGA-E9-A1RF-01A
2,val,TCGA-E9-A226-01A_264_TS,TCGA-E9-A226,TCGA-E9-A226-01A
2,val,TCGA-E9-A22A-01A_847_TS,TCGA-E9-A22A,TCGA-E9-A22A-01A
2,val,TCGA-E9-A22G-01A_925_TS,TCGA-E9-A22G,TCGA-E9-A22G-01A
2,val,TCGA-E9-A247-01A_817_TS,TCGA-E9-A247,TCGA-E9-A247-01A
2,val,TCGA-E9-A295-01A_245_TS,TCGA-E9-A295,TCGA-E9-A295-01A
2,val,TCGA-E9-A3QA-01A_1395_TS,TCGA-E9-A3QA,TCGA-E9-A3QA-01A
2,val,TCGA-E9-A5UO-01A_979_TS,TCGA-E9-A5UO,TCGA-E9-A5UO-01A
2,val,TCGA-EW-A1IX-01A_1161_TS,TCGA-EW-A1IX,TCGA-EW-A1IX-01A
2,val,TCGA-EW-A1J2-01A_961_TS,TCGA-EW-A1J2,TCGA-EW-A1J2-01A
2,val,TCGA-EW-A1OW-01A_1503_TS,TCGA-EW-A1OW,TCGA-EW-A1OW-01A
2,val,TCGA-EW-A1P0-01A_320_TS,TCGA-EW-A1P0,TCGA-EW-A1P0-01A
2,val,TCGA-EW-A1P5-01A_1416_TS,TCGA-EW-A1P5,TCGA-EW-A1P5-01A
2,val,TCGA-EW-A1PA-01A_507_TS,TCGA-EW-A1PA,TCGA-EW-A1PA-01A
2,val,TCGA-EW-A1PE-01A_1383_TS,TCGA-EW-A1PE,TCGA-EW-A1PE-01A
2,val,TCGA-EW-A2FR-01A_684_TS,TCGA-EW-A2FR,TCGA-EW-A2FR-01A
2,val,TCGA-EW-A3E8-01B_1170_TS,TCGA-EW-A3E8,TCGA-EW-A3E8-01B
2,val,TCGA-EW-A6S9-01A_986_TS,TCGA-EW-A6S9,TCGA-EW-A6S9-01A
2,val,TCGA-EW-A6SD-01A_1015_TS,TCGA-EW-A6SD,TCGA-EW-A6SD-01A
2,val,TCGA-GM-A2DF-01A_46_TS,TCGA-GM-A2DF,TCGA-GM-A2DF-01A
2,val,TCGA-GM-A2DM-01A_442_TS,TCGA-GM-A2DM,TCGA-GM-A2DM-01A
2,val,TCGA-GM-A3NY-01A_348_TS,TCGA-GM-A3NY,TCGA-GM-A3NY-01A
2,val,TCGA-GM-A5PV-01A_56_TS,TCGA-GM-A5PV,TCGA-GM-A5PV-01A
2,val,TCGA-JL-A3YW-01A_620_TS,TCGA-JL-A3YW,TCGA-JL-A3YW-01A
2,val,TCGA-LD-A7W5-01A_1204_TS,TCGA-LD-A7W5,TCGA-LD-A7W5-01A
2,val,TCGA-LL-A441-01A_807_TS,TCGA-LL-A441,TCGA-LL-A441-01A
2,val,TCGA-LL-A5YM-01A_1384_TS,TCGA-LL-A5YM,TCGA-LL-A5YM-01A
2,val,TCGA-LL-A6FP-01A_9_TS,TCGA-LL-A6FP,TCGA-LL-A6FP-01A
2,val,TCGA-LL-A73Z-01A_606_TS,TCGA-LL-A73Z,TCGA-LL-A73Z-01A
2,val,TCGA-LL-A8F5-01A_215_TS,TCGA-LL-A8F5,TCGA-LL-A8F5-01A
2,val,TCGA-OK-A5Q2-01A_289_TS,TCGA-OK-A5Q2,TCGA-OK-A5Q2-01A
2,val,TCGA-OL-A5DA-01A_337_TS,TCGA-OL-A5DA,TCGA-OL-A5DA-01A
2,val,TCGA-OL-A5RX-01A_109_TS,TCGA-OL-A5RX,TCGA-OL-A5RX-01A
2,val,TCGA-OL-A66H-01A_104_TS,TCGA-OL-A66H,TCGA-OL-A66H-01A
2,val,TCGA-OL-A66L-01A_680_TS,TCGA-OL-A66L,TCGA-OL-A66L-01A
2,val,TCGA-OL-A6VO-01A_567_TS,TCGA-OL-A6VO,TCGA-OL-A6VO-01A
2,val,TCGA-PE-A5DC-01A_928_TS,TCGA-PE-A5DC,TCGA-PE-A5DC-01A
2,val,TCGA-S3-A6ZG-01A_1417_TS,TCGA-S3-A6ZG,TCGA-S3-A6ZG-01A
2,val,TCGA-S3-AA11-01A_38_TS,TCGA-S3-AA11,TCGA-S3-AA11-01A
2,val,TCGA-S3-AA17-01A_324_TS,TCGA-S3-AA17,TCGA-S3-AA17-01A
2,val,TCGA-W8-A86G-01A_1153_TS,TCGA-W8-A86G,TCGA-W8-A86G-01A
2,val,TCGA-Z7-A8R5-01A_82_TS,TCGA-Z7-A8R5,TCGA-Z7-A8R5-01A
3,test,TCGA-5L-AAT0-01A_176_TS,TCGA-5L-AAT0,TCGA-5L-AAT0-01A
3,test,TCGA-A1-A0SB-01A_833_TS,TCGA-A1-A0SB,TCGA-A1-A0SB-01A
3,test,TCGA-A1-A0SB-01A_936_TS,TCGA-A1-A0SB,TCGA-A1-A0SB-01A
3,test,TCGA-A1-A0SD-01A_727_TS,TCGA-A1-A0SD,TCGA-A1-A0SD-01A
3,test,TCGA-A1-A0SD-01A_728_TS,TCGA-A1-A0SD,TCGA-A1-A0SD-01A
3,test,TCGA-A1-A0SG-01A_1060_TS,TCGA-A1-A0SG,TCGA-A1-A0SG-01A
3,test,TCGA-A1-A0SG-01A_1064_TS,TCGA-A1-A0SG,TCGA-A1-A0SG-01A
3,test,TCGA-A1-A0SK-01A_1056_TS,TCGA-A1-A0SK,TCGA-A1-A0SK-01A
3,test,TCGA-A1-A0SK-01A_866_TS,TCGA-A1-A0SK,TCGA-A1-A0SK-01A
3,test,TCGA-A1-A0SP-01A_51_TS,TCGA-A1-A0SP,TCGA-A1-A0SP-01A
3,test,TCGA-A1-A0SP-01A_950_TS,TCGA-A1-A0SP,TCGA-A1-A0SP-01A
3,test,TCGA-A2-A04R-01A_1435_TS,TCGA-A2-A04R,TCGA-A2-A04R-01A
3,test,TCGA-A2-A04R-01A_706_TS,TCGA-A2-A04R,TCGA-A2-A04R-01A
3,test,TCGA-A2-A04X-01A_1173_TS,TCGA-A2-A04X,TCGA-A2-A04X-01A
3,test,TCGA-A2-A04X-01A_890_TS,TCGA-A2-A04X,TCGA-A2-A04X-01A
3,test,TCGA-A2-A0CO-01A_1123_TS,TCGA-A2-A0CO,TCGA-A2-A0CO-01A
3,test,TCGA-A2-A0CO-01A_926_TS,TCGA-A2-A0CO,TCGA-A2-A0CO-01A
3,test,TCGA-A2-A0CS-01A_127_TS,TCGA-A2-A0CS,TCGA-A2-A0CS-01A
3,test,TCGA-A2-A0CS-01A_377_TS,TCGA-A2-A0CS,TCGA-A2-A0CS-01A
3,test,TCGA-A2-A0CW-01A_171_TS,TCGA-A2-A0CW,TCGA-A2-A0CW-01A
3,test,TCGA-A2-A0CW-01A_421_TS,TCGA-A2-A0CW,TCGA-A2-A0CW-01A
3,test,TCGA-A2-A0D1-01A_1330_TS,TCGA-A2-A0D1,TCGA-A2-A0D1-01A
3,test,TCGA-A2-A0D1-01A_633_TS,TCGA-A2-A0D1,TCGA-A2-A0D1-01A
3,test,TCGA-A2-A0EM-01A_331_TS,TCGA-A2-A0EM,TCGA-A2-A0EM-01A
3,test,TCGA-A2-A0EM-01A_333_TS,TCGA-A2-A0EM,TCGA-A2-A0EM-01A
3,test,TCGA-A2-A0ER-01A_801_TS,TCGA-A2-A0ER,TCGA-A2-A0ER-01A
3,test,TCGA-A2-A0ER-01A_83_TS,TCGA-A2-A0ER,TCGA-A2-A0ER-01A
3,test,TCGA-A2-A0EV-01A_1174_TS,TCGA-A2-A0EV,TCGA-A2-A0EV-01A
3,test,TCGA-A2-A0EV-01A_1175_TS,TCGA-A2-A0EV,TCGA-A2-A0EV-01A
3,test,TCGA-A2-A0ST-01A_1194_TS,TCGA-A2-A0ST,TCGA-A2-A0ST-01A
3,test,TCGA-A2-A0ST-01A_1226_TS,TCGA-A2-A0ST,TCGA-A2-A0ST-01A
3,test,TCGA-A2-A0SX-01A_1232_TS,TCGA-A2-A0SX,TCGA-A2-A0SX-01A
3,test,TCGA-A2-A0SX-01A_1415_TS,TCGA-A2-A0SX,TCGA-A2-A0SX-01A
3,test,TCGA-A2-A0T2-01A_1076_TS,TCGA-A2-A0T2,TCGA-A2-A0T2-01A
3,test,TCGA-A2-A0T2-01A_879_TS,TCGA-A2-A0T2,TCGA-A2-A0T2-01A
3,test,TCGA-A2-A0T6-01A_1312_TS,TCGA-A2-A0T6,TCGA-A2-A0T6-01A
3,test,TCGA-A2-A0T6-01A_1328_TS,TCGA-A2-A0T6,TCGA-A2-A0T6-01A
3,test,TCGA-A2-A0YE-01A_322_TS,TCGA-A2-A0YE,TCGA-A2-A0YE-01A
3,test,TCGA-A2-A0YE-01A_575_TS,TCGA-A2-A0YE,TCGA-A2-A0YE-01A
3,test,TCGA-A2-A0YI-01A_76_TS,TCGA-A2-A0YI,TCGA-A2-A0YI-01A
3,test,TCGA-A2-A0YI-01A_885_TS,TCGA-A2-A0YI,TCGA-A2-A0YI-01A
3,test,TCGA-A2-A0YM-01A_22_TS,TCGA-A2-A0YM,TCGA-A2-A0YM-01A
3,test,TCGA-A2-A0YM-01A_824_TS,TCGA-A2-A0YM,TCGA-A2-A0YM-01A
3,test,TCGA-A2-A1FW-01A_63_TS,TCGA-A2-A1FW,TCGA-A2-A1FW-01A
3,test,TCGA-A2-A1G1-01A_190_TS,TCGA-A2-A1G1,TCGA-A2-A1G1-01A
3,test,TCGA-A2-A25A-01A_1461_TS,TCGA-A2-A25A,TCGA-A2-A25A-01A
3,test,TCGA-A2-A25E-01A_519_TS,TCGA-A2-A25E,TCGA-A2-A25E-01A
3,test,TCGA-A2-A3XS-01A_1475_TS,TCGA-A2-A3XS,TCGA-A2-A3XS-01A
3,test,TCGA-A2-A3XW-01A_852_TS,TCGA-A2-A3XW,TCGA-A2-A3XW-01A
3,test,TCGA-A2-A3Y0-01A_1196_TS,TCGA-A2-A3Y0,TCGA-A2-A3Y0-01A
3,test,TCGA-A2-A4S0-01A_355_TS,TCGA-A2-A4S0,TCGA-A2-A4S0-01A
3,test,TCGA-A7-A0CG-01A_84_TS,TCGA-A7-A0CG,TCGA-A7-A0CG-01A
3,test,TCGA-A7-A0CG-01A_897_TS,TCGA-A7-A0CG,TCGA-A7-A0CG-01A
3,test,TCGA-A7-A0DA-01A_1013_TS,TCGA-A7-A0DA,TCGA-A7-A0DA-01A
3,test,TCGA-A7-A13D-01A_1532_TS,TCGA-A7-A13D,TCGA-A7-A13D-01A
3,test,TCGA-A7-A13D-01A_1548_TS,TCGA-A7-A13D,TCGA-A7-A13D-01A
3,test,TCGA-A7-A2KD-01A_214_TS,TCGA-A7-A2KD,TCGA-A7-A2KD-01A
3,test,TCGA-A7-A3J1-01A_375_TS,TCGA-A7-A3J1,TCGA-A7-A3J1-01A
3,test,TCGA-A7-A4SA-01A_1222_TS,TCGA-A7-A4SA,TCGA-A7-A4SA-01A
3,test,TCGA-A7-A4SE-01A_102_TS,TCGA-A7-A4SE,TCGA-A7-A4SE-01A
3,test,TCGA-A7-A5ZW-01A_1407_TS,TCGA-A7-A5ZW,TCGA-A7-A5ZW-01A
3,test,TCGA-A7-A6VX-01A_1150_TS,TCGA-A7-A6VX,TCGA-A7-A6VX-01A
3,test,TCGA-A8-A06N-01A_1156_TS,TCGA-A8-A06N,TCGA-A8-A06N-01A
3,test,TCGA-A8-A06N-01A_876_TS,TCGA-A8-A06N,TCGA-A8-A06N-01A
3,test,TCGA-A8-A06T-01A_1105_TS,TCGA-A8-A06T,TCGA-A8-A06T-01A
3,test,TCGA-A8-A06T-01A_1107_TS,TCGA-A8-A06T,TCGA-A8-A06T-01A
3,test,TCGA-A8-A075-01A_271_TS,TCGA-A8-A075,TCGA-A8-A075-01A
3,test,TCGA-A8-A075-01A_446_TS,TCGA-A8-A075,TCGA-A8-A075-01A
3,test,TCGA-A8-A07C-01A_1555_TS,TCGA-A8-A07C,TCGA-A8-A07C-01A
3,test,TCGA-A8-A07C-01A_1556_TS,TCGA-A8-A07C,TCGA-A8-A07C-01A
3,test,TCGA-A8-A07I-01A_16_TS,TCGA-A8-A07I,TCGA-A8-A07I-01A
3,test,TCGA-A8-A07I-01A_913_TS,TCGA-A8-A07I,TCGA-A8-A07I-01A
3,test,TCGA-A8-A07R-01A_1164_TS,TCGA-A8-A07R,TCGA-A8-A07R-01A
3,test,TCGA-A8-A07R-01A_985_TS,TCGA-A8-A07R,TCGA-A8-A07R-01A
3,test,TCGA-A8-A07Z-01A_1319_TS,TCGA-A8-A07Z,TCGA-A8-A07Z-01A
3,test,TCGA-A8-A07Z-01A_1347_TS,TCGA-A8-A07Z,TCGA-A8-A07Z-01A
3,test,TCGA-A8-A084-01A_1157_TS,TCGA-A8-A084,TCGA-A8-A084-01A
3,test,TCGA-A8-A084-01A_1158_TS,TCGA-A8-A084,TCGA-A8-A084-01A
3,test,TCGA-A8-A08B-01A_1131_TS,TCGA-A8-A08B,TCGA-A8-A08B-01A
3,test,TCGA-A8-A08B-01A_40_TS,TCGA-A8-A08B,TCGA-A8-A08B-01A
3,test,TCGA-A8-A08I-01A_952_TS,TCGA-A8-A08I,TCGA-A8-A08I-01A
3,test,TCGA-A8-A08I-01A_953_TS,TCGA-A8-A08I,TCGA-A8-A08I-01A
3,test,TCGA-A8-A08P-01A_1042_TS,TCGA-A8-A08P,TCGA-A8-A08P-01A
3,test,TCGA-A8-A08P-01A_856_TS,TCGA-A8-A08P,TCGA-A8-A08P-01A
3,test,TCGA-A8-A08X-01A_1525_TS,TCGA-A8-A08X,TCGA-A8-A08X-01A
3,test,TCGA-A8-A08X-01A_718_TS,TCGA-A8-A08X,TCGA-A8-A08X-01A
3,test,TCGA-A8-A092-01A_219_TS,TCGA-A8-A092,TCGA-A8-A092-01A
3,test,TCGA-A8-A092-01A_299_TS,TCGA-A8-A092,TCGA-A8-A092-01A
3,test,TCGA-A8-A096-01A_1263_TS,TCGA-A8-A096,TCGA-A8-A096-01A
3,test,TCGA-A8-A096-01A_1427_TS,TCGA-A8-A096,TCGA-A8-A096-01A
3,test,TCGA-A8-A09B-01A_1052_TS,TCGA-A8-A09B,TCGA-A8-A09B-01A
3,test,TCGA-A8-A09B-01A_969_TS,TCGA-A8-A09B,TCGA-A8-A09B-01A
3,test,TCGA-A8-A09I-01A_815_TS,TCGA-A8-A09I,TCGA-A8-A09I-01A
3,test,TCGA-A8-A09I-01A_911_TS,TCGA-A8-A09I,TCGA-A8-A09I-01A
3,test,TCGA-A8-A09Q-01A_1335_TS,TCGA-A8-A09Q,TCGA-A8-A09Q-01A
3,test,TCGA-A8-A09Q-01A_638_TS,TCGA-A8-A09Q,TCGA-A8-A09Q-01A
3,test,TCGA-A8-A09W-01A_207_TS,TCGA-A8-A09W,TCGA-A8-A09W-01A
3,test,TCGA-A8-A09W-01A_284_TS,TCGA-A8-A09W,TCGA-A8-A09W-01A
3,test,TCGA-A8-A0A2-01A_759_TS,TCGA-A8-A0A2,TCGA-A8-A0A2-01A
3,test,TCGA-A8-A0A2-01A_844_TS,TCGA-A8-A0A2,TCGA-A8-A0A2-01A
3,test,TCGA-A8-A0AB-01A_1327_TS,TCGA-A8-A0AB,TCGA-A8-A0AB-01A
3,test,TCGA-A8-A0AB-01A_1369_TS,TCGA-A8-A0AB,TCGA-A8-A0AB-01A
3,test,TCGA-AC-A23E-01A_965_TS,TCGA-AC-A23E,TCGA-AC-A23E-01A
3,test,TCGA-AC-A2BK-01A_1082_TS,TCGA-AC-A2BK,TCGA-AC-A2BK-01A
3,test,TCGA-AC-A2FF-01A_835_TS,TCGA-AC-A2FF,TCGA-AC-A2FF-01A
3,test,TCGA-AC-A2FO-01A_1451_TS,TCGA-AC-A2FO,TCGA-AC-A2FO-01A
3,test,TCGA-AC-A3EH-01A_411_TS,TCGA-AC-A3EH,TCGA-AC-A3EH-01A
3,test,TCGA-AC-A3TN-01A_154_TS,TCGA-AC-A3TN,TCGA-AC-A3TN-01A
3,test,TCGA-AC-A3YI-01A_1341_TS,TCGA-AC-A3YI,TCGA-AC-A3YI-01A
3,test,TCGA-AC-A5XS-01A_1258_TS,TCGA-AC-A5XS,TCGA-AC-A5XS-01A
3,test,TCGA-AC-A62Y-01A_626_TS,TCGA-AC-A62Y,TCGA-AC-A62Y-01A
3,test,TCGA-AC-A6NO-01A_1218_TS,TCGA-AC-A6NO,TCGA-AC-A6NO-01A
3,test,TCGA-AC-A8OQ-01A_664_TS,TCGA-AC-A8OQ,TCGA-AC-A8OQ-01A
3,test,TCGA-AN-A03X-01A_1534_TS,TCGA-AN-A03X,TCGA-AN-A03X-01A
3,test,TCGA-AN-A03X-01A_698_TS,TCGA-AN-A03X,TCGA-AN-A03X-01A
3,test,TCGA-AN-A049-01A_162_TS,TCGA-AN-A049,TCGA-AN-A049-01A
3,test,TCGA-AN-A049-01A_498_TS,TCGA-AN-A049,TCGA-AN-A049-01A
3,test,TCGA-AN-A0AJ-01A_382_TS,TCGA-AN-A0AJ,TCGA-AN-A0AJ-01A
3,test,TCGA-AN-A0AJ-01A_383_TS,TCGA-AN-A0AJ,TCGA-AN-A0AJ-01A
3,test,TCGA-AN-A0AR-01A_1464_TS,TCGA-AN-A0AR,TCGA-AN-A0AR-01A
3,test,TCGA-AN-A0AR-01A_708_TS,TCGA-AN-A0AR,TCGA-AN-A0AR-01A
3,test,TCGA-AN-A0FF-01A_1137_TS,TCGA-AN-A0FF,TCGA-AN-A0FF-01A
3,test,TCGA-AN-A0FF-01A_763_TS,TCGA-AN-A0FF,TCGA-AN-A0FF-01A
3,test,TCGA-AN-A0FN-01A_1447_TS,TCGA-AN-A0FN,TCGA-AN-A0FN-01A
3,test,TCGA-AN-A0FN-01A_1523_TS,TCGA-AN-A0FN,TCGA-AN-A0FN-01A
3,test,TCGA-AN-A0FX-01A_1192_TS,TCGA-AN-A0FX,TCGA-AN-A0FX-01A
3,test,TCGA-AN-A0FX-01A_1219_TS,TCGA-AN-A0FX,TCGA-AN-A0FX-01A
3,test,TCGA-AN-A0XL-01A_459_TS,TCGA-AN-A0XL,TCGA-AN-A0XL-01A
3,test,TCGA-AN-A0XL-01A_547_TS,TCGA-AN-A0XL,TCGA-AN-A0XL-01A
3,test,TCGA-AN-A0XR-01A_1500_TS,TCGA-AN-A0XR,TCGA-AN-A0XR-01A
3,test,TCGA-AN-A0XR-01A_1501_TS,TCGA-AN-A0XR,TCGA-AN-A0XR-01A
3,test,TCGA-AN-A0XV-01A_669_TS,TCGA-AN-A0XV,TCGA-AN-A0XV-01A
3,test,TCGA-AN-A0XV-01A_670_TS,TCGA-AN-A0XV,TCGA-AN-A0XV-01A
3,test,TCGA-AO-A03O-01A_1028_TS,TCGA-AO-A03O,TCGA-AO-A03O-01A
3,test,TCGA-AO-A03O-01A_1126_TS,TCGA-AO-A03O,TCGA-AO-A03O-01A
3,test,TCGA-AO-A0J2-01A_1209_TS,TCGA-AO-A0J2,TCGA-AO-A0J2-01A
3,test,TCGA-AO-A0J2-01A_1237_TS,TCGA-AO-A0J2,TCGA-AO-A0J2-01A
3,test,TCGA-AO-A0J7-01A_296_TS,TCGA-AO-A0J7,TCGA-AO-A0J7-01A
3,test,TCGA-AO-A0J7-01A_474_TS,TCGA-AO-A0J7,TCGA-AO-A0J7-01A
3,test,TCGA-AO-A0JD-01A_1133_TS,TCGA-AO-A0JD,TCGA-AO-A0JD-01A
3,test,TCGA-AO-A0JD-01A_939_TS,TCGA-AO-A0JD,TCGA-AO-A0JD-01A
3,test,TCGA-AO-A0JI-01A_1110_TS,TCGA-AO-A0JI,TCGA-AO-A0JI-01A
3,test,TCGA-AO-A0JI-01A_914_TS,TCGA-AO-A0JI,TCGA-AO-A0JI-01A
3,test,TCGA-AO-A125-01A_247_TS,TCGA-AO-A125,TCGA-AO-A125-01A
3,test,TCGA-AO-A125-01A_578_TS,TCGA-AO-A125,TCGA-AO-A125-01A
3,test,TCGA-AO-A12A-01A_1086_TS,TCGA-AO-A12A,TCGA-AO-A12A-01A
3,test,TCGA-AO-A12A-01A_800_TS,TCGA-AO-A12A,TCGA-AO-A12A-01A
3,test,TCGA-AO-A12E-01A_1368_TS,TCGA-AO-A12E,TCGA-AO-A12E-01A
3,test,TCGA-AO-A12E-01A_647_TS,TCGA-AO-A12E,TCGA-AO-A12E-01A
3,test,TCGA-AO-A1KP-01A_229_TS,TCGA-AO-A1KP,TCGA-AO-A1KP-01A
3,test,TCGA-AQ-A04J-01A_313_TS,TCGA-AQ-A04J,TCGA-AQ-A04J-01A
3,test,TCGA-AQ-A04J-01A_482_TS,TCGA-AQ-A04J,TCGA-AQ-A04J-01A
3,test,TCGA-AQ-A1H2-01A_1449_TS,TCGA-AQ-A1H2,TCGA-AQ-A1H2-01A
3,test,TCGA-AQ-A7U7-01A_1129_TS,TCGA-AQ-A7U7,TCGA-AQ-A7U7-01A
3,test,TCGA-AR-A0TQ-01A_279_TS,TCGA-AR-A0TQ,TCGA-AR-A0TQ-01A
3,test,TCGA-AR-A0TQ-01A_364_TS,TCGA-AR-A0TQ,TCGA-AR-A0TQ-01A
3,test,TCGA-AR-A0TU-01A_209_TS,TCGA-AR-A0TU,TCGA-AR-A0TU-01A
3,test,TCGA-AR-A0TU-01A_381_TS,TCGA-AR-A0TU,TCGA-AR-A0TU-01A
3,test,TCGA-AR-A0TY-01A_1379_TS,TCGA-AR-A0TY,TCGA-AR-A0TY-01A
3,test,TCGA-AR-A0TY-01A_91_TS,TCGA-AR-A0TY,TCGA-AR-A0TY-01A
3,test,TCGA-AR-A0U3-01A_1145_TS,TCGA-AR-A0U3,TCGA-AR-A0U3-01A
3,test,TCGA-AR-A0U3-01A_1147_TS,TCGA-AR-A0U3,TCGA-AR-A0U3-01A
3,test,TCGA-AR-A1AL-01A_974_TS,TCGA-AR-A1AL,TCGA-AR-A1AL-01A
3,test,TCGA-AR-A1AP-01A_130_TS,TCGA-AR-A1AP,TCGA-AR-A1AP-01A
3,test,TCGA-AR-A1AT-01A_1479_TS,TCGA-AR-A1AT,TCGA-AR-A1AT-01A
3,test,TCGA-AR-A1AX-01A_1382_TS,TCGA-AR-A1AX,TCGA-AR-A1AX-01A
3,test,TCGA-AR-A24L-01A_1305_TS,TCGA-AR-A24L,TCGA-AR-A24L-01A
3,test,TCGA-AR-A24P-01A_1205_TS,TCGA-AR-A24P,TCGA-AR-A24P-01A
3,test,TCGA-AR-A24T-01A_937_TS,TCGA-AR-A24T,TCGA-AR-A24T-01A
3,test,TCGA-AR-A24X-01A_460_TS,TCGA-AR-A24X,TCGA-AR-A24X-01A
3,test,TCGA-AR-A252-01A_829_TS,TCGA-AR-A252,TCGA-AR-A252-01A
3,test,TCGA-AR-A2LH-01A_222_TS,TCGA-AR-A2LH,TCGA-AR-A2LH-01A
3,test,TCGA-AR-A2LM-01A_29_TS,TCGA-AR-A2LM,TCGA-AR-A2LM-01A
3,test,TCGA-AR-A2LR-01A_11_TS,TCGA-AR-A2LR,TCGA-AR-A2LR-01A
3,test,TCGA-AR-A5QQ-01A_1381_TS,TCGA-AR-A5QQ,TCGA-AR-A5QQ-01A
3,test,TCGA-B6-A0I6-01A_1290_TS,TCGA-B6-A0I6,TCGA-B6-A0I6-01A
3,test,TCGA-B6-A0I6-01A_632_TS,TCGA-B6-A0I6,TCGA-B6-A0I6-01A
3,test,TCGA-B6-A0IB-01A_1272_TS,TCGA-B6-A0IB,TCGA-B6-A0IB-01A
3,test,TCGA-B6-A0IB-01A_1413_TS,TCGA-B6-A0IB,TCGA-B6-A0IB-01A
3,test,TCGA-B6-A0IH-01A_1065_TS,TCGA-B6-A0IH,TCGA-B6-A0IH-01A
3,test,TCGA-B6-A0IH-01A_870_TS,TCGA-B6-A0IH,TCGA-B6-A0IH-01A
3,test,TCGA-B6-A0IO-01A_1353_TS,TCGA-B6-A0IO,TCGA-B6-A0IO-01A
3,test,TCGA-B6-A0IO-01A_1354_TS,TCGA-B6-A0IO,TCGA-B6-A0IO-01A
3,test,TCGA-B6-A0RG-01A_1085_TS,TCGA-B6-A0RG,TCGA-B6-A0RG-01A
3,test,TCGA-B6-A0RG-01A_895_TS,TCGA-B6-A0RG,TCGA-B6-A0RG-01A
3,test,TCGA-B6-A0RM-01A_841_TS,TCGA-B6-A0RM,TCGA-B6-A0RM-01A
3,test,TCGA-B6-A0RM-01A_940_TS,TCGA-B6-A0RM,TCGA-B6-A0RM-01A
3,test,TCGA-B6-A0RQ-01A_733_TS,TCGA-B6-A0RQ,TCGA-B6-A0RQ-01A
3,test,TCGA-B6-A0RQ-01A_734_TS,TCGA-B6-A0RQ,TCGA-B6-A0RQ-01A
3,test,TCGA-B6-A0RV-01A_123_TS,TCGA-B6-A0RV,TCGA-B6-A0RV-01A
3,test,TCGA-B6-A0RV-01A_549_TS,TCGA-B6-A0RV,TCGA-B6-A0RV-01A
3,test,TCGA-B6-A0WW-01A_1391_TS,TCGA-B6-A0WW,TCGA-B6-A0WW-01A
3,test,TCGA-B6-A0WW-01A_713_TS,TCGA-B6-A0WW,TCGA-B6-A0WW-01A
3,test,TCGA-B6-A0X0-01A_1306_TS,TCGA-B6-A0X0,TCGA-B6-A0X0-01A
3,test,TCGA-B6-A0X0-01A_648_TS,TCGA-B6-A0X0,TCGA-B6-A0X0-01A
3,test,TCGA-B6-A1KN-01A_347_TS,TCGA-B6-A1KN,TCGA-B6-A1KN-01A
3,test,TCGA-B6-A401-01A_551_TS,TCGA-B6-A401,TCGA-B6-A401-01A
3,test,TCGA-B6-A40B-01A_492_TS,TCGA-B6-A40B,TCGA-B6-A40B-01A
3,test,TCGA-BH-A0AU-01A_140_TS,TCGA-BH-A0AU,TCGA-BH-A0AU-01A
3,test,TCGA-BH-A0AU-01A_143_TS,TCGA-BH-A0AU,TCGA-BH-A0AU-01A
3,test,TCGA-BH-A0B0-01A_1031_TS,TCGA-BH-A0B0,TCGA-BH-A0B0-01A
3,test,TCGA-BH-A0B0-01A_1132_TS,TCGA-BH-A0B0,TCGA-BH-A0B0-01A
3,test,TCGA-BH-A0B5-01A_71_TS,TCGA-BH-A0B5,TCGA-BH-A0B5-01A
3,test,TCGA-BH-A0B5-01A_781_TS,TCGA-BH-A0B5,TCGA-BH-A0B5-01A
3,test,TCGA-BH-A0B9-01A_280_TS,TCGA-BH-A0B9,TCGA-BH-A0B9-01A
3,test,TCGA-BH-A0B9-01A_540_TS,TCGA-BH-A0B9,TCGA-BH-A0B9-01A
3,test,TCGA-BH-A0BF-01A_1051_TS,TCGA-BH-A0BF,TCGA-BH-A0BF-01A
3,test,TCGA-BH-A0BF-01A_66_TS,TCGA-BH-A0BF,TCGA-BH-A0BF-01A
3,test,TCGA-BH-A0BM-01A_754_TS,TCGA-BH-A0BM,TCGA-BH-A0BM-01A
3,test,TCGA-BH-A0BM-01A_842_TS,TCGA-BH-A0BM,TCGA-BH-A0BM-01A
3,test,TCGA-BH-A0BR-01A_306_TS,TCGA-BH-A0BR,TCGA-BH-A0BR-01A
3,test,TCGA-BH-A0BR-01A_393_TS,TCGA-BH-A0BR,TCGA-BH-A0BR-01A
3,test,TCGA-BH-A0BW-01A_1138_TS,TCGA-BH-A0BW,TCGA-BH-A0BW-01A
3,test,TCGA-BH-A0BW-01A_944_TS,TCGA-BH-A0BW,TCGA-BH-A0BW-01A
3,test,TCGA-BH-A0C3-01A_107_TS,TCGA-BH-A0C3,TCGA-BH-A0C3-01A
3,test,TCGA-BH-A0C3-01A_108_TS,TCGA-BH-A0C3,TCGA-BH-A0C3-01A
3,test,TCGA-BH-A0DH-01A_210_TS,TCGA-BH-A0DH,TCGA-BH-A0DH-01A
3,test,TCGA-BH-A0DH-01A_548_TS,TCGA-BH-A0DH,TCGA-BH-A0DH-01A
3,test,TCGA-BH-A0DO-01B_1216_TS,TCGA-BH-A0DO,TCGA-BH-A0DO-01B
3,test,TCGA-BH-A0DO-01B_1217_TS,TCGA-BH-A0DO,TCGA-BH-A0DO-01B
3,test,TCGA-BH-A0DT-01A_796_TS,TCGA-BH-A0DT,TCGA-BH-A0DT-01A
3,test,TCGA-BH-A0DT-01A_988_TS,TCGA-BH-A0DT,TCGA-BH-A0DT-01A
3,test,TCGA-BH-A0E1-01A_236_TS,TCGA-BH-A0E1,TCGA-BH-A0E1-01A
3,test,TCGA-BH-A0E1-01A_237_TS,TCGA-BH-A0E1,TCGA-BH-A0E1-01A
3,test,TCGA-BH-A0E9-01B_103_TS,TCGA-BH-A0E9,TCGA-BH-A0E9-01B
3,test,TCGA-BH-A0E9-01B_352_TS,TCGA-BH-A0E9,TCGA-BH-A0E9-01B
3,test,TCGA-BH-A0EI-01A_1127_TS,TCGA-BH-A0EI,TCGA-BH-A0EI-01A
3,test,TCGA-BH-A0EI-01A_834_TS,TCGA-BH-A0EI,TCGA-BH-A0EI-01A
3,test,TCGA-BH-A0H6-01A_678_TS,TCGA-BH-A0H6,TCGA-BH-A0H6-01A
3,test,TCGA-BH-A0H6-01A_679_TS,TCGA-BH-A0H6,TCGA-BH-A0H6-01A
3,test,TCGA-BH-A0HB-01A_344_TS,TCGA-BH-A0HB,TCGA-BH-A0HB-01A
3,test,TCGA-BH-A0HB-01A_428_TS,TCGA-BH-A0HB,TCGA-BH-A0HB-01A
3,test,TCGA-BH-A0HO-01A_412_TS,TCGA-BH-A0HO,TCGA-BH-A0HO-01A
3,test,TCGA-BH-A0HO-01A_496_TS,TCGA-BH-A0HO,TCGA-BH-A0HO-01A
3,test,TCGA-BH-A0HW-01A_189_TS,TCGA-BH-A0HW,TCGA-BH-A0HW-01A
3,test,TCGA-BH-A0HW-01A_261_TS,TCGA-BH-A0HW,TCGA-BH-A0HW-01A
3,test,TCGA-BH-A0W3-01A_660_TS,TCGA-BH-A0W3,TCGA-BH-A0W3-01A
3,test,TCGA-BH-A0W3-01A_661_TS,TCGA-BH-A0W3,TCGA-BH-A0W3-01A
3,test,TCGA-BH-A0WA-01A_272_TS,TCGA-BH-A0WA,TCGA-BH-A0WA-01A
3,test,TCGA-BH-A0WA-01A_361_TS,TCGA-BH-A0WA,TCGA-BH-A0WA-01A
3,test,TCGA-BH-A18F-01A_415_TS,TCGA-BH-A18F,TCGA-BH-A18F-01A
3,test,TCGA-BH-A18J-01A_425_TS,TCGA-BH-A18J,TCGA-BH-A18J-01A
3,test,TCGA-BH-A18N-01A_997_TS,TCGA-BH-A18N,TCGA-BH-A18N-01A
3,test,TCGA-BH-A18S-01A_366_TS,TCGA-BH-A18S,TCGA-BH-A18S-01A
3,test,TCGA-BH-A1EN-01A_849_TS,TCGA-BH-A1EN,TCGA-BH-A1EN-01A
3,test,TCGA-BH-A1EU-01A_1419_TS,TCGA-BH-A1EU,TCGA-BH-A1EU-01A
3,test,TCGA-BH-A1EY-01A_629_TS,TCGA-BH-A1EY,TCGA-BH-A1EY-01A
3,test,TCGA-BH-A1F6-01A_873_TS,TCGA-BH-A1F6,TCGA-BH-A1F6-01A
3,test,TCGA-BH-A1FD-01A_922_TS,TCGA-BH-A1FD,TCGA-BH-A1FD-01A
3,test,TCGA-BH-A1FL-01A_1269_TS,TCGA-BH-A1FL,TCGA-BH-A1FL-01A
3,test,TCGA-BH-A201-01A_656_TS,TCGA-BH-A201,TCGA-BH-A201-01A
3,test,TCGA-BH-A208-01A_266_TS,TCGA-BH-A208,TCGA-BH-A208-01A
3,test,TCGA-BH-A2L8-01A_522_TS,TCGA-BH-A2L8,TCGA-BH-A2L8-01A
3,test,TCGA-BH-A5IZ-01A_601_TS,TCGA-BH-A5IZ,TCGA-BH-A5IZ-01A
3,test,TCGA-BH-A8FY-01A_278_TS,TCGA-BH-A8FY,TCGA-BH-A8FY-01A
3,test,TCGA-C8-A12N-01A_145_TS,TCGA-C8-A12N,TCGA-C8-A12N-01A
3,test,TCGA-C8-A12N-01A_481_TS,TCGA-C8-A12N,TCGA-C8-A12N-01A
3,test,TCGA-C8-A12T-01A_795_TS,TCGA-C8-A12T,TCGA-C8-A12T-01A
3,test,TCGA-C8-A12T-01A_887_TS,TCGA-C8-A12T,TCGA-C8-A12T-01A
3,test,TCGA-C8-A12X-01A_78_TS,TCGA-C8-A12X,TCGA-C8-A12X-01A
3,test,TCGA-C8-A12X-01A_798_TS,TCGA-C8-A12X,TCGA-C8-A12X-01A
3,test,TCGA-C8-A131-01A_1050_TS,TCGA-C8-A131,TCGA-C8-A131-01A
3,test,TCGA-C8-A131-01A_976_TS,TCGA-C8-A131,TCGA-C8-A131-01A
3,test,TCGA-C8-A135-01A_132_TS,TCGA-C8-A135,TCGA-C8-A135-01A
3,test,TCGA-C8-A135-01A_476_TS,TCGA-C8-A135,TCGA-C8-A135-01A
3,test,TCGA-C8-A1HE-01A_1540_TS,TCGA-C8-A1HE,TCGA-C8-A1HE-01A
3,test,TCGA-C8-A1HK-01A_1063_TS,TCGA-C8-A1HK,TCGA-C8-A1HK-01A
3,test,TCGA-C8-A1HO-01A_738_TS,TCGA-C8-A1HO,TCGA-C8-A1HO-01A
3,test,TCGA-C8-A26Y-01A_353_TS,TCGA-C8-A26Y,TCGA-C8-A26Y-01A
3,test,TCGA-C8-A275-01A_378_TS,TCGA-C8-A275,TCGA-C8-A275-01A
3,test,TCGA-C8-A3M7-01A_386_TS,TCGA-C8-A3M7,TCGA-C8-A3M7-01A
3,test,TCGA-D8-A140-01A_1538_TS,TCGA-D8-A140,TCGA-D8-A140-01A
3,test,TCGA-D8-A140-01A_1567_TS,TCGA-D8-A140,TCGA-D8-A140-01A
3,test,TCGA-D8-A145-01A_376_TS,TCGA-D8-A145,TCGA-D8-A145-01A
3,test,TCGA-D8-A145-01A_552_TS,TCGA-D8-A145,TCGA-D8-A145-01A
3,test,TCGA-D8-A146-01A_740_TS,TCGA-D8-A146,TCGA-D8-A146-01A
3,test,TCGA-D8-A1JB-01A_265_TS,TCGA-D8-A1JB,TCGA-D8-A1JB-01A
3,test,TCGA-D8-A1JF-01A_429_TS,TCGA-D8-A1JF,TCGA-D8-A1JF-01A
3,test,TCGA-D8-A1JJ-01A_1025_TS,TCGA-D8-A1JJ,TCGA-D8-A1JJ-01A
3,test,TCGA-D8-A1JN-01A_520_TS,TCGA-D8-A1JN,TCGA-D8-A1JN-01A
3,test,TCGA-D8-A1JU-01A_681_TS,TCGA-D8-A1JU,TCGA-D8-A1JU-01A
3,test,TCGA-D8-A1X8-01A_1547_TS,TCGA-D8-A1X8,TCGA-D8-A1X8-01A
3,test,TCGA-D8-A1XC-01A_70_TS,TCGA-D8-A1XC,TCGA-D8-A1XC-01A
3,test,TCGA-D8-A1XJ-01A_469_TS,TCGA-D8-A1XJ,TCGA-D8-A1XJ-01A
3,test,TCGA-D8-A1XO-01A_808_TS,TCGA-D8-A1XO,TCGA-D8-A1XO-01A
3,test,TCGA-D8-A1XT-01A_1259_TS,TCGA-D8-A1XT,TCGA-D8-A1XT-01A
3,test,TCGA-D8-A1XY-01A_1295_TS,TCGA-D8-A1XY,TCGA-D8-A1XY-01A
3,test,TCGA-D8-A1Y2-01A_1035_TS,TCGA-D8-A1Y2,TCGA-D8-A1Y2-01A
3,test,TCGA-D8-A27G-01A_1142_TS,TCGA-D8-A27G,TCGA-D8-A27G-01A
3,test,TCGA-D8-A27L-01A_483_TS,TCGA-D8-A27L,TCGA-D8-A27L-01A
3,test,TCGA-D8-A27R-01A_28_TS,TCGA-D8-A27R,TCGA-D8-A27R-01A
3,test,TCGA-D8-A3Z5-01A_269_TS,TCGA-D8-A3Z5,TCGA-D8-A3Z5-01A
3,test,TCGA-D8-A73W-01A_1438_TS,TCGA-D8-A73W,TCGA-D8-A73W-01A
3,test,TCGA-E2-A107-01A_1440_TS,TCGA-E2-A107,TCGA-E2-A107-01A
3,test,TCGA-E2-A107-01A_1493_TS,TCGA-E2-A107,TCGA-E2-A107-01A
3,test,TCGA-E2-A10B-01A_151_TS,TCGA-E2-A10B,TCGA-E2-A10B-01A
3,test,TCGA-E2-A10B-01A_486_TS,TCGA-E2-A10B,TCGA-E2-A10B-01A
3,test,TCGA-E2-A14P-01A_1515_TS,TCGA-E2-A14P,TCGA-E2-A14P-01A
3,test,TCGA-E2-A14T-01A_287_TS,TCGA-E2-A14T,TCGA-E2-A14T-01A
3,test,TCGA-E2-A14X-01A_401_TS,TCGA-E2-A14X,TCGA-E2-A14X-01A
3,test,TCGA-E2-A152-01A_1522_TS,TCGA-E2-A152,TCGA-E2-A152-01A
3,test,TCGA-E2-A156-01A_1497_TS,TCGA-E2-A156,TCGA-E2-A156-01A
3,test,TCGA-E2-A15C-01A_94_TS,TCGA-E2-A15C,TCGA-E2-A15C-01A
3,test,TCGA-E2-A15G-01A_515_TS,TCGA-E2-A15G,TCGA-E2-A15G-01A
3,test,TCGA-E2-A15K-01A_1247_TS,TCGA-E2-A15K,TCGA-E2-A15K-01A
3,test,TCGA-E2-A15P-01A_1424_TS,TCGA-E2-A15P,TCGA-E2-A15P-01A
3,test,TCGA-E2-A1AZ-01A_1558_TS,TCGA-E2-A1AZ,TCGA-E2-A1AZ-01A
3,test,TCGA-E2-A1B5-01A_1087_TS,TCGA-E2-A1B5,TCGA-E2-A1B5-01A
3,test,TCGA-E2-A1IE-01A_1358_TS,TCGA-E2-A1IE,TCGA-E2-A1IE-01A
3,test,TCGA-E2-A1II-01A_899_TS,TCGA-E2-A1II,TCGA-E2-A1II-01A
3,test,TCGA-E2-A1IN-01A_1043_TS,TCGA-E2-A1IN,TCGA-E2-A1IN-01A
3,test,TCGA-E2-A1L7-01A_912_TS,TCGA-E2-A1L7,TCGA-E2-A1L7-01A
3,test,TCGA-E2-A1LB-01A_881_TS,TCGA-E2-A1LB,TCGA-E2-A1LB-01A
3,test,TCGA-E2-A1LK-01A_1423_TS,TCGA-E2-A1LK,TCGA-E2-A1LK-01A
3,test,TCGA-E2-A3DX-01A_255_TS,TCGA-E2-A3DX,TCGA-E2-A3DX-01A
3,test,TCGA-E2-A573-01A_571_TS,TCGA-E2-A573,TCGA-E2-A573-01A
3,test,TCGA-E9-A1N3-01A_906_TS,TCGA-E9-A1N3,TCGA-E9-A1N3-01A
3,test,TCGA-E9-A1N8-01A_668_TS,TCGA-E9-A1N8,TCGA-E9-A1N8-01A
3,test,TCGA-E9-A1NC-01A_983_TS,TCGA-E9-A1NC,TCGA-E9-A1NC-01A
3,test,TCGA-E9-A1NC-01A_984_TS,TCGA-E9-A1NC,TCGA-E9-A1NC-01A
3,test,TCGA-E9-A1NE-01A_663_TS,TCGA-E9-A1NE,TCGA-E9-A1NE-01A
3,test,TCGA-E9-A1NI-01A_1454_TS,TCGA-E9-A1NI,TCGA-E9-A1NI-01A
3,test,TCGA-E9-A1R3-01A_550_TS,TCGA-E9-A1R3,TCGA-E9-A1R3-01A
3,test,TCGA-E9-A1R7-01A_188_TS,TCGA-E9-A1R7,TCGA-E9-A1R7-01A
3,test,TCGA-E9-A1RD-01A_569_TS,TCGA-E9-A1RD,TCGA-E9-A1RD-01A
3,test,TCGA-E9-A1RH-01A_310_TS,TCGA-E9-A1RH,TCGA-E9-A1RH-01A
3,test,TCGA-E9-A228-01A_396_TS,TCGA-E9-A228,TCGA-E9-A228-01A
3,test,TCGA-E9-A22D-01A_213_TS,TCGA-E9-A22D,TCGA-E9-A22D-01A
3,test,TCGA-E9-A243-01A_1260_TS,TCGA-E9-A243,TCGA-E9-A243-01A
3,test,TCGA-E9-A249-01A_243_TS,TCGA-E9-A249,TCGA-E9-A249-01A
3,test,TCGA-E9-A2JT-01A_1535_TS,TCGA-E9-A2JT,TCGA-E9-A2JT-01A
3,test,TCGA-E9-A54X-01A_603_TS,TCGA-E9-A54X,TCGA-E9-A54X-01A
3,test,TCGA-E9-A6HE-01A_837_TS,TCGA-E9-A6HE,TCGA-E9-A6HE-01A
3,test,TCGA-EW-A1IZ-01A_1400_TS,TCGA-EW-A1IZ,TCGA-EW-A1IZ-01A
3,test,TCGA-EW-A1J5-01A_1166_TS,TCGA-EW-A1J5,TCGA-EW-A1J5-01A
3,test,TCGA-EW-A1OY-01A_1203_TS,TCGA-EW-A1OY,TCGA-EW-A1OY-01A
3,test,TCGA-EW-A1P3-01A_1220_TS,TCGA-EW-A1P3,TCGA-EW-A1P3-01A
3,test,TCGA-EW-A1P7-01A_1298_TS,TCGA-EW-A1P7,TCGA-EW-A1P7-01A
3,test,TCGA-EW-A1PC-01B_1144_TS,TCGA-EW-A1PC,TCGA-EW-A1PC-01B
3,test,TCGA-EW-A1PG-01A_92_TS,TCGA-EW-A1PG,TCGA-EW-A1PG-01A
3,test,TCGA-EW-A2FV-01A_701_TS,TCGA-EW-A2FV,TCGA-EW-A2FV-01A
3,test,TCGA-EW-A423-01A_191_TS,TCGA-EW-A423,TCGA-EW-A423-01A
3,test,TCGA-EW-A6SB-01A_794_TS,TCGA-EW-A6SB,TCGA-EW-A6SB-01A
3,test,TCGA-GI-A2C9-01A_1235_TS,TCGA-GI-A2C9,TCGA-GI-A2C9-01A
3,test,TCGA-GM-A2DI-01A_1177_TS,TCGA-GM-A2DI,TCGA-GM-A2DI-01A
3,test,TCGA-GM-A2DO-01A_1111_TS,TCGA-GM-A2DO,TCGA-GM-A2DO-01A
3,test,TCGA-GM-A3XL-01A_1315_TS,TCGA-GM-A3XL,TCGA-GM-A3XL-01A
3,test,TCGA-HN-A2NL-01A_1102_TS,TCGA-HN-A2NL,TCGA-HN-A2NL-01A
3,test,TCGA-LD-A66U-01A_134_TS,TCGA-LD-A66U,TCGA-LD-A66U-01A
3,test,TCGA-LD-A9QF-01A_774_TS,TCGA-LD-A9QF,TCGA-LD-A9QF-01A
3,test,TCGA-LL-A50Y-01A_128_TS,TCGA-LL-A50Y,TCGA-LL-A50Y-01A
3,test,TCGA-LL-A5YO-01A_235_TS,TCGA-LL-A5YO,TCGA-LL-A5YO-01A
3,test,TCGA-LL-A6FR-01A_1191_TS,TCGA-LL-A6FR,TCGA-LL-A6FR-01A
3,test,TCGA-LL-A7SZ-01A_1316_TS,TCGA-LL-A7SZ,TCGA-LL-A7SZ-01A
3,test,TCGA-LQ-A4E4-01A_338_TS,TCGA-LQ-A4E4,TCGA-LQ-A4E4-01A
3,test,TCGA-OL-A5D7-01A_730_TS,TCGA-OL-A5D7,TCGA-OL-A5D7-01A
3,test,TCGA-OL-A5RV-01A_1373_TS,TCGA-OL-A5RV,TCGA-OL-A5RV-01A
3,test,TCGA-OL-A5RZ-01A_445_TS,TCGA-OL-A5RZ,TCGA-OL-A5RZ-01A
3,test,TCGA-OL-A66J-01A_562_TS,TCGA-OL-A66J,TCGA-OL-A66J-01A
3,test,TCGA-OL-A66O-01A_1307_TS,TCGA-OL-A66O,TCGA-OL-A66O-01A
3,test,TCGA-OL-A6VR-01A_1378_TS,TCGA-OL-A6VR,TCGA-OL-A6VR-01A
3,test,TCGA-PE-A5DE-01A_587_TS,TCGA-PE-A5DE,TCGA-PE-A5DE-01A
3,test,TCGA-S3-AA0Z-01A_467_TS,TCGA-S3-AA0Z,TCGA-S3-AA0Z-01A
3,test,TCGA-S3-AA14-01A_126_TS,TCGA-S3-AA14,TCGA-S3-AA14-01A
3,test,TCGA-UU-A93S-01A_204_TS,TCGA-UU-A93S,TCGA-UU-A93S-01A
3,test,TCGA-XX-A899-01A_242_TS,TCGA-XX-A899,TCGA-XX-A899-01A
3,train,TCGA-3C-AAAU-01A_23_TS,TCGA-3C-AAAU,TCGA-3C-AAAU-01A
3,train,TCGA-3C-AALJ-01A_1030_TS,TCGA-3C-AALJ,TCGA-3C-AALJ-01A
3,train,TCGA-3C-AALK-01A_1057_TS,TCGA-3C-AALK,TCGA-3C-AALK-01A
3,train,TCGA-5L-AAT1-01A_908_TS,TCGA-5L-AAT1,TCGA-5L-AAT1-01A
3,train,TCGA-5T-A9QA-01A_1551_TS,TCGA-5T-A9QA,TCGA-5T-A9QA-01A
3,train,TCGA-A1-A0SF-01A_500_TS,TCGA-A1-A0SF,TCGA-A1-A0SF-01A
3,train,TCGA-A1-A0SF-01A_504_TS,TCGA-A1-A0SF,TCGA-A1-A0SF-01A
3,train,TCGA-A1-A0SH-01A_45_TS,TCGA-A1-A0SH,TCGA-A1-A0SH-01A
3,train,TCGA-A1-A0SH-01A_941_TS,TCGA-A1-A0SH,TCGA-A1-A0SH-01A
3,train,TCGA-A1-A0SJ-01A_1266_TS,TCGA-A1-A0SJ,TCGA-A1-A0SJ-01A
3,train,TCGA-A1-A0SJ-01A_1409_TS,TCGA-A1-A0SJ,TCGA-A1-A0SJ-01A
3,train,TCGA-A1-A0SM-01A_359_TS,TCGA-A1-A0SM,TCGA-A1-A0SM-01A
3,train,TCGA-A1-A0SM-01A_526_TS,TCGA-A1-A0SM,TCGA-A1-A0SM-01A
3,train,TCGA-A1-A0SO-01A_1100_TS,TCGA-A1-A0SO,TCGA-A1-A0SO-01A
3,train,TCGA-A1-A0SO-01A_1176_TS,TCGA-A1-A0SO,TCGA-A1-A0SO-01A
3,train,TCGA-A1-A0SQ-01A_1356_TS,TCGA-A1-A0SQ,TCGA-A1-A0SQ-01A
3,train,TCGA-A1-A0SQ-01A_639_TS,TCGA-A1-A0SQ,TCGA-A1-A0SQ-01A
3,train,TCGA-A2-A04Q-01A_77_TS,TCGA-A2-A04Q,TCGA-A2-A04Q-01A
3,train,TCGA-A2-A04Q-01A_888_TS,TCGA-A2-A04Q,TCGA-A2-A04Q-01A
3,train,TCGA-A2-A04T-01A_1518_TS,TCGA-A2-A04T,TCGA-A2-A04T-01A
3,train,TCGA-A2-A04T-01A_1566_TS,TCGA-A2-A04T,TCGA-A2-A04T-01A
3,train,TCGA-A2-A04W-01A_1296_TS,TCGA-A2-A04W,TCGA-A2-A04W-01A
3,train,TCGA-A2-A04W-01A_1336_TS,TCGA-A2-A04W,TCGA-A2-A04W-01A
3,train,TCGA-A2-A0CK-01A_202_TS,TCGA-A2-A0CK,TCGA-A2-A0CK-01A
3,train,TCGA-A2-A0CK-01A_206_TS,TCGA-A2-A0CK,TCGA-A2-A0CK-01A
3,train,TCGA-A2-A0CM-01A_1443_TS,TCGA-A2-A0CM,TCGA-A2-A0CM-01A
3,train,TCGA-A2-A0CM-01A_1495_TS,TCGA-A2-A0CM,TCGA-A2-A0CM-01A
3,train,TCGA-A2-A0CP-01A_326_TS,TCGA-A2-A0CP,TCGA-A2-A0CP-01A
3,train,TCGA-A2-A0CP-01A_582_TS,TCGA-A2-A0CP,TCGA-A2-A0CP-01A
3,train,TCGA-A2-A0CR-01A_41_TS,TCGA-A2-A0CR,TCGA-A2-A0CR-01A
3,train,TCGA-A2-A0CR-01A_839_TS,TCGA-A2-A0CR,TCGA-A2-A0CR-01A
3,train,TCGA-A2-A0CT-01A_478_TS,TCGA-A2-A0CT,TCGA-A2-A0CT-01A
3,train,TCGA-A2-A0CT-01A_566_TS,TCGA-A2-A0CT,TCGA-A2-A0CT-01A
3,train,TCGA-A2-A0CV-01A_1168_TS,TCGA-A2-A0CV,TCGA-A2-A0CV-01A
3,train,TCGA-A2-A0CV-01A_791_TS,TCGA-A2-A0CV,TCGA-A2-A0CV-01A
3,train,TCGA-A2-A0CX-01A_731_TS,TCGA-A2-A0CX,TCGA-A2-A0CX-01A
3,train,TCGA-A2-A0CX-01A_732_TS,TCGA-A2-A0CX,TCGA-A2-A0CX-01A
3,train,TCGA-A2-A0D0-01A_163_TS,TCGA-A2-A0D0,TCGA-A2-A0D0-01A
3,train,TCGA-A2-A0D0-01A_580_TS,TCGA-A2-A0D0,TCGA-A2-A0D0-01A
3,train,TCGA-A2-A0D2-01A_1178_TS,TCGA-A2-A0D2,TCGA-A2-A0D2-01A
3,train,TCGA-A2-A0D2-01A_896_TS,TCGA-A2-A0D2,TCGA-A2-A0D2-01A
3,train,TCGA-A2-A0D4-01A_1112_TS,TCGA-A2-A0D4,TCGA-A2-A0D4-01A
3,train,TCGA-A2-A0D4-01A_819_TS,TCGA-A2-A0D4,TCGA-A2-A0D4-01A
3,train,TCGA-A2-A0EN-01A_120_TS,TCGA-A2-A0EN,TCGA-A2-A0EN-01A
3,train,TCGA-A2-A0EN-01A_455_TS,TCGA-A2-A0EN,TCGA-A2-A0EN-01A
3,train,TCGA-A2-A0EQ-01A_60_TS,TCGA-A2-A0EQ,TCGA-A2-A0EQ-01A
3,train,TCGA-A2-A0EQ-01A_960_TS,TCGA-A2-A0EQ,TCGA-A2-A0EQ-01A
3,train,TCGA-A2-A0ES-01A_1348_TS,TCGA-A2-A0ES,TCGA-A2-A0ES-01A
3,train,TCGA-A2-A0ES-01A_1362_TS,TCGA-A2-A0ES,TCGA-A2-A0ES-01A
3,train,TCGA-A2-A0EU-01A_406_TS,TCGA-A2-A0EU,TCGA-A2-A0EU-01A
3,train,TCGA-A2-A0EU-01A_407_TS,TCGA-A2-A0EU,TCGA-A2-A0EU-01A
3,train,TCGA-A2-A0EW-01A_1375_TS,TCGA-A2-A0EW,TCGA-A2-A0EW-01A
3,train,TCGA-A2-A0EW-01A_1426_TS,TCGA-A2-A0EW,TCGA-A2-A0EW-01A
3,train,TCGA-A2-A0EY-01A_1071_TS,TCGA-A2-A0EY,TCGA-A2-A0EY-01A
3,train,TCGA-A2-A0EY-01A_787_TS,TCGA-A2-A0EY,TCGA-A2-A0EY-01A
3,train,TCGA-A2-A0SU-01A_1452_TS,TCGA-A2-A0SU,TCGA-A2-A0SU-01A
3,train,TCGA-A2-A0SU-01A_1481_TS,TCGA-A2-A0SU,TCGA-A2-A0SU-01A
3,train,TCGA-A2-A0SW-01A_144_TS,TCGA-A2-A0SW,TCGA-A2-A0SW-01A
3,train,TCGA-A2-A0SW-01A_232_TS,TCGA-A2-A0SW,TCGA-A2-A0SW-01A
3,train,TCGA-A2-A0SY-01A_880_TS,TCGA-A2-A0SY,TCGA-A2-A0SY-01A
3,train,TCGA-A2-A0SY-01A_882_TS,TCGA-A2-A0SY,TCGA-A2-A0SY-01A
3,train,TCGA-A2-A0T1-01A_1286_TS,TCGA-A2-A0T1,TCGA-A2-A0T1-01A
3,train,TCGA-A2-A0T1-01A_1288_TS,TCGA-A2-A0T1,TCGA-A2-A0T1-01A
3,train,TCGA-A2-A0T3-01A_624_TS,TCGA-A2-A0T3,TCGA-A2-A0T3-01A
3,train,TCGA-A2-A0T3-01A_625_TS,TCGA-A2-A0T3,TCGA-A2-A0T3-01A
3,train,TCGA-A2-A0T5-01A_131_TS,TCGA-A2-A0T5,TCGA-A2-A0T5-01A
3,train,TCGA-A2-A0T5-01A_561_TS,TCGA-A2-A0T5,TCGA-A2-A0T5-01A
3,train,TCGA-A2-A0T7-01A_277_TS,TCGA-A2-A0T7,TCGA-A2-A0T7-01A
3,train,TCGA-A2-A0T7-01A_533_TS,TCGA-A2-A0T7,TCGA-A2-A0T7-01A
3,train,TCGA-A2-A0YD-01A_1300_TS,TCGA-A2-A0YD,TCGA-A2-A0YD-01A
3,train,TCGA-A2-A0YD-01A_1359_TS,TCGA-A2-A0YD,TCGA-A2-A0YD-01A
3,train,TCGA-A2-A0YF-01A_676_TS,TCGA-A2-A0YF,TCGA-A2-A0YF-01A
3,train,TCGA-A2-A0YF-01A_677_TS,TCGA-A2-A0YF,TCGA-A2-A0YF-01A
3,train,TCGA-A2-A0YH-01A_440_TS,TCGA-A2-A0YH,TCGA-A2-A0YH-01A
3,train,TCGA-A2-A0YH-01A_523_TS,TCGA-A2-A0YH,TCGA-A2-A0YH-01A
3,train,TCGA-A2-A0YJ-01A_105_TS,TCGA-A2-A0YJ,TCGA-A2-A0YJ-01A
3,train,TCGA-A2-A0YJ-01A_268_TS,TCGA-A2-A0YJ,TCGA-A2-A0YJ-01A
3,train,TCGA-A2-A0YL-01A_1510_TS,TCGA-A2-A0YL,TCGA-A2-A0YL-01A
3,train,TCGA-A2-A0YL-01A_694_TS,TCGA-A2-A0YL,TCGA-A2-A0YL-01A
3,train,TCGA-A2-A0YT-01A_1066_TS,TCGA-A2-A0YT,TCGA-A2-A0YT-01A
3,train,TCGA-A2-A0YT-01A_779_TS,TCGA-A2-A0YT,TCGA-A2-A0YT-01A
3,train,TCGA-A2-A1FX-01A_672_TS,TCGA-A2-A1FX,TCGA-A2-A1FX-01A
3,train,TCGA-A2-A1FZ-01A_152_TS,TCGA-A2-A1FZ,TCGA-A2-A1FZ-01A
3,train,TCGA-A2-A1G4-01A_1530_TS,TCGA-A2-A1G4,TCGA-A2-A1G4-01A
3,train,TCGA-A2-A1G6-01A_267_TS,TCGA-A2-A1G6,TCGA-A2-A1G6-01A
3,train,TCGA-A2-A25B-01A_1130_TS,TCGA-A2-A25B,TCGA-A2-A25B-01A
3,train,TCGA-A2-A25C-01A_195_TS,TCGA-A2-A25C,TCGA-A2-A25C-01A
3,train,TCGA-A2-A25F-01A_1455_TS,TCGA-A2-A25F,TCGA-A2-A25F-01A
3,train,TCGA-A2-A3KC-01A_1361_TS,TCGA-A2-A3KC,TCGA-A2-A3KC-01A
3,train,TCGA-A2-A3XT-01A_50_TS,TCGA-A2-A3XT,TCGA-A2-A3XT-01A
3,train,TCGA-A2-A3XU-01A_602_TS,TCGA-A2-A3XU,TCGA-A2-A3XU-01A
3,train,TCGA-A2-A3XX-01A_762_TS,TCGA-A2-A3XX,TCGA-A2-A3XX-01A
3,train,TCGA-A2-A3XY-01A_1308_TS,TCGA-A2-A3XY,TCGA-A2-A3XY-01A
3,train,TCGA-A2-A4RW-01A_1116_TS,TCGA-A2-A4RW,TCGA-A2-A4RW-01A
3,train,TCGA-A2-A4RX-01A_1519_TS,TCGA-A2-A4RX,TCGA-A2-A4RX-01A
3,train,TCGA-A2-A4S1-01A_329_TS,TCGA-A2-A4S1,TCGA-A2-A4S1-01A
3,train,TCGA-A2-A4S2-01A_802_TS,TCGA-A2-A4S2,TCGA-A2-A4S2-01A
3,train,TCGA-A7-A0CE-01A_1089_TS,TCGA-A7-A0CE,TCGA-A7-A0CE-01A
3,train,TCGA-A7-A0CE-01A_999_TS,TCGA-A7-A0CE,TCGA-A7-A0CE-01A
3,train,TCGA-A7-A0CH-01A_1001_TS,TCGA-A7-A0CH,TCGA-A7-A0CH-01A
3,train,TCGA-A7-A0CH-01A_1002_TS,TCGA-A7-A0CH,TCGA-A7-A0CH-01A
3,train,TCGA-A7-A0D9-01A_1233_TS,TCGA-A7-A0D9,TCGA-A7-A0D9-01A
3,train,TCGA-A7-A0D9-01A_1252_TS,TCGA-A7-A0D9,TCGA-A7-A0D9-01A
3,train,TCGA-A7-A0DB-01A_1441_TS,TCGA-A7-A0DB,TCGA-A7-A0DB-01A
3,train,TCGA-A7-A0DB-01A_1494_TS,TCGA-A7-A0DB,TCGA-A7-A0DB-01A
3,train,TCGA-A7-A0DB-01C_714_TS,TCGA-A7-A0DB,TCGA-A7-A0DB-01C
3,train,TCGA-A7-A0DB-01C_715_TS,TCGA-A7-A0DB,TCGA-A7-A0DB-01C
3,train,TCGA-A7-A13E-01A_372_TS,TCGA-A7-A13E,TCGA-A7-A13E-01A
3,train,TCGA-A7-A13E-01A_457_TS,TCGA-A7-A13E,TCGA-A7-A13E-01A
3,train,TCGA-A7-A13H-01A_249_TS,TCGA-A7-A13H,TCGA-A7-A13H-01A
3,train,TCGA-A7-A13H-01A_328_TS,TCGA-A7-A13H,TCGA-A7-A13H-01A
3,train,TCGA-A7-A26E-01A_634_TS,TCGA-A7-A26E,TCGA-A7-A26E-01A
3,train,TCGA-A7-A26E-01B_1009_TS,TCGA-A7-A26E,TCGA-A7-A26E-01B
3,train,TCGA-A7-A26E-01B_1190_TS,TCGA-A7-A26E,TCGA-A7-A26E-01B
3,train,TCGA-A7-A26E-01B_1289_TS,TCGA-A7-A26E,TCGA-A7-A26E-01B
3,train,TCGA-A7-A26E-01B_810_TS,TCGA-A7-A26E,TCGA-A7-A26E-01B
3,train,TCGA-A7-A26G-01A_1061_TS,TCGA-A7-A26G,TCGA-A7-A26G-01A
3,train,TCGA-A7-A26H-01A_351_TS,TCGA-A7-A26H,TCGA-A7-A26H-01A
3,train,TCGA-A7-A3IY-01A_88_TS,TCGA-A7-A3IY,TCGA-A7-A3IY-01A
3,train,TCGA-A7-A3IZ-01A_1275_TS,TCGA-A7-A3IZ,TCGA-A7-A3IZ-01A
3,train,TCGA-A7-A3RF-01A_894_TS,TCGA-A7-A3RF,TCGA-A7-A3RF-01A
3,train,TCGA-A7-A425-01A_512_TS,TCGA-A7-A425,TCGA-A7-A425-01A
3,train,TCGA-A7-A4SB-01A_1118_TS,TCGA-A7-A4SB,TCGA-A7-A4SB-01A
3,train,TCGA-A7-A4SC-01A_1386_TS,TCGA-A7-A4SC,TCGA-A7-A4SC-01A
3,train,TCGA-A7-A4SF-01A_788_TS,TCGA-A7-A4SF,TCGA-A7-A4SF-01A
3,train,TCGA-A7-A56D-01A_1436_TS,TCGA-A7-A56D,TCGA-A7-A56D-01A
3,train,TCGA-A7-A5ZX-01A_349_TS,TCGA-A7-A5ZX,TCGA-A7-A5ZX-01A
3,train,TCGA-A7-A6VV-01A_47_TS,TCGA-A7-A6VV,TCGA-A7-A6VV-01A
3,train,TCGA-A7-A6VY-01A_735_TS,TCGA-A7-A6VY,TCGA-A7-A6VY-01A
3,train,TCGA-A8-A06O-01A_900_TS,TCGA-A8-A06O,TCGA-A8-A06O-01A
3,train,TCGA-A8-A06O-01A_901_TS,TCGA-A8-A06O,TCGA-A8-A06O-01A
3,train,TCGA-A8-A06R-01A_1394_TS,TCGA-A8-A06R,TCGA-A8-A06R-01A
3,train,TCGA-A8-A06R-01A_1498_TS,TCGA-A8-A06R,TCGA-A8-A06R-01A
3,train,TCGA-A8-A06U-01A_812_TS,TCGA-A8-A06U,TCGA-A8-A06U-01A
3,train,TCGA-A8-A06X-01A_1169_TS,TCGA-A8-A06X,TCGA-A8-A06X-01A
3,train,TCGA-A8-A06X-01A_1172_TS,TCGA-A8-A06X,TCGA-A8-A06X-01A
3,train,TCGA-A8-A06Z-01A_1303_TS,TCGA-A8-A06Z,TCGA-A8-A06Z-01A
3,train,TCGA-A8-A06Z-01A_1323_TS,TCGA-A8-A06Z,TCGA-A8-A06Z-01A
3,train,TCGA-A8-A076-01A_1339_TS,TCGA-A8-A076,TCGA-A8-A076-01A
3,train,TCGA-A8-A076-01A_1351_TS,TCGA-A8-A076,TCGA-A8-A076-01A
3,train,TCGA-A8-A07B-01A_1517_TS,TCGA-A8-A07B,TCGA-A8-A07B-01A
3,train,TCGA-A8-A07B-01A_1565_TS,TCGA-A8-A07B,TCGA-A8-A07B-01A
3,train,TCGA-A8-A07E-01A_907_TS,TCGA-A8-A07E,TCGA-A8-A07E-01A
3,train,TCGA-A8-A07E-01A_916_TS,TCGA-A8-A07E,TCGA-A8-A07E-01A
3,train,TCGA-A8-A07G-01A_17_TS,TCGA-A8-A07G,TCGA-A8-A07G-01A
3,train,TCGA-A8-A07G-01A_737_TS,TCGA-A8-A07G,TCGA-A8-A07G-01A
3,train,TCGA-A8-A07L-01A_1544_TS,TCGA-A8-A07L,TCGA-A8-A07L-01A
3,train,TCGA-A8-A07L-01A_702_TS,TCGA-A8-A07L,TCGA-A8-A07L-01A
3,train,TCGA-A8-A07P-01A_203_TS,TCGA-A8-A07P,TCGA-A8-A07P-01A
3,train,TCGA-A8-A07P-01A_542_TS,TCGA-A8-A07P,TCGA-A8-A07P-01A
3,train,TCGA-A8-A07S-01A_1023_TS,TCGA-A8-A07S,TCGA-A8-A07S-01A
3,train,TCGA-A8-A07S-01A_1122_TS,TCGA-A8-A07S,TCGA-A8-A07S-01A
3,train,TCGA-A8-A07W-01A_1293_TS,TCGA-A8-A07W,TCGA-A8-A07W-01A
3,train,TCGA-A8-A07W-01A_1333_TS,TCGA-A8-A07W,TCGA-A8-A07W-01A
3,train,TCGA-A8-A081-01A_1062_TS,TCGA-A8-A081,TCGA-A8-A081-01A
3,train,TCGA-A8-A081-01A_973_TS,TCGA-A8-A081,TCGA-A8-A081-01A
3,train,TCGA-A8-A083-01A_1053_TS,TCGA-A8-A083,TCGA-A8-A083-01A
3,train,TCGA-A8-A083-01A_1054_TS,TCGA-A8-A083,TCGA-A8-A083-01A
3,train,TCGA-A8-A085-01A_657_TS,TCGA-A8-A085,TCGA-A8-A085-01A
3,train,TCGA-A8-A085-01A_658_TS,TCGA-A8-A085,TCGA-A8-A085-01A
3,train,TCGA-A8-A08A-01A_148_TS,TCGA-A8-A08A,TCGA-A8-A08A-01A
3,train,TCGA-A8-A08A-01A_484_TS,TCGA-A8-A08A,TCGA-A8-A08A-01A
3,train,TCGA-A8-A08C-01A_438_TS,TCGA-A8-A08C,TCGA-A8-A08C-01A
3,train,TCGA-A8-A08C-01A_521_TS,TCGA-A8-A08C,TCGA-A8-A08C-01A
3,train,TCGA-A8-A08H-01A_343_TS,TCGA-A8-A08H,TCGA-A8-A08H-01A
3,train,TCGA-A8-A08H-01A_345_TS,TCGA-A8-A08H,TCGA-A8-A08H-01A
3,train,TCGA-A8-A08J-01A_1039_TS,TCGA-A8-A08J,TCGA-A8-A08J-01A
3,train,TCGA-A8-A08J-01A_53_TS,TCGA-A8-A08J,TCGA-A8-A08J-01A
3,train,TCGA-A8-A08O-01A_452_TS,TCGA-A8-A08O,TCGA-A8-A08O-01A
3,train,TCGA-A8-A08O-01A_536_TS,TCGA-A8-A08O,TCGA-A8-A08O-01A
3,train,TCGA-A8-A08R-01A_231_TS,TCGA-A8-A08R,TCGA-A8-A08R-01A
3,train,TCGA-A8-A08R-01A_307_TS,TCGA-A8-A08R,TCGA-A8-A08R-01A
3,train,TCGA-A8-A08T-01A_170_TS,TCGA-A8-A08T,TCGA-A8-A08T-01A
3,train,TCGA-A8-A08T-01A_253_TS,TCGA-A8-A08T,TCGA-A8-A08T-01A
3,train,TCGA-A8-A08Z-01A_1215_TS,TCGA-A8-A08Z,TCGA-A8-A08Z-01A
3,train,TCGA-A8-A08Z-01A_1262_TS,TCGA-A8-A08Z,TCGA-A8-A08Z-01A
3,train,TCGA-A8-A091-01A_1106_TS,TCGA-A8-A091,TCGA-A8-A091-01A
3,train,TCGA-A8-A091-01A_909_TS,TCGA-A8-A091,TCGA-A8-A091-01A
3,train,TCGA-A8-A093-01A_875_TS,TCGA-A8-A093,TCGA-A8-A093-01A
3,train,TCGA-A8-A093-01A_975_TS,TCGA-A8-A093,TCGA-A8-A093-01A
3,train,TCGA-A8-A095-01A_764_TS,TCGA-A8-A095,TCGA-A8-A095-01A
3,train,TCGA-A8-A095-01A_846_TS,TCGA-A8-A095,TCGA-A8-A095-01A
3,train,TCGA-A8-A097-01A_260_TS,TCGA-A8-A097,TCGA-A8-A097-01A
3,train,TCGA-A8-A097-01A_430_TS,TCGA-A8-A097,TCGA-A8-A097-01A
3,train,TCGA-A8-A09A-01A_1507_TS,TCGA-A8-A09A,TCGA-A8-A09A-01A
3,train,TCGA-A8-A09A-01A_1508_TS,TCGA-A8-A09A,TCGA-A8-A09A-01A
3,train,TCGA-A8-A09D-01A_218_TS,TCGA-A8-A09D,TCGA-A8-A09D-01A
3,train,TCGA-A8-A09D-01A_297_TS,TCGA-A8-A09D,TCGA-A8-A09D-01A
3,train,TCGA-A8-A09G-01A_301_TS,TCGA-A8-A09G,TCGA-A8-A09G-01A
3,train,TCGA-A8-A09G-01A_389_TS,TCGA-A8-A09G,TCGA-A8-A09G-01A
3,train,TCGA-A8-A09K-01A_1108_TS,TCGA-A8-A09K,TCGA-A8-A09K-01A
3,train,TCGA-A8-A09K-01A_910_TS,TCGA-A8-A09K,TCGA-A8-A09K-01A
3,train,TCGA-A8-A09N-01A_473_TS,TCGA-A8-A09N,TCGA-A8-A09N-01A
3,train,TCGA-A8-A09N-01A_560_TS,TCGA-A8-A09N,TCGA-A8-A09N-01A
3,train,TCGA-A8-A09R-01A_175_TS,TCGA-A8-A09R,TCGA-A8-A09R-01A
3,train,TCGA-A8-A09R-01A_423_TS,TCGA-A8-A09R,TCGA-A8-A09R-01A
3,train,TCGA-A8-A09V-01A_691_TS,TCGA-A8-A09V,TCGA-A8-A09V-01A
3,train,TCGA-A8-A09V-01A_693_TS,TCGA-A8-A09V,TCGA-A8-A09V-01A
3,train,TCGA-A8-A09X-01A_263_TS,TCGA-A8-A09X,TCGA-A8-A09X-01A
3,train,TCGA-A8-A09X-01A_517_TS,TCGA-A8-A09X,TCGA-A8-A09X-01A
3,train,TCGA-A8-A0A1-01A_480_TS,TCGA-A8-A0A1,TCGA-A8-A0A1-01A
3,train,TCGA-A8-A0A1-01A_570_TS,TCGA-A8-A0A1,TCGA-A8-A0A1-01A
3,train,TCGA-A8-A0A6-01A_250_TS,TCGA-A8-A0A6,TCGA-A8-A0A6-01A
3,train,TCGA-A8-A0A6-01A_252_TS,TCGA-A8-A0A6,TCGA-A8-A0A6-01A
3,train,TCGA-A8-A0A9-01A_1081_TS,TCGA-A8-A0A9,TCGA-A8-A0A9-01A
3,train,TCGA-A8-A0A9-01A_889_TS,TCGA-A8-A0A9,TCGA-A8-A0A9-01A
3,train,TCGA-A8-A0AD-01A_682_TS,TCGA-A8-A0AD,TCGA-A8-A0AD-01A
3,train,TCGA-A8-A0AD-01A_683_TS,TCGA-A8-A0AD,TCGA-A8-A0AD-01A
3,train,TCGA-AC-A23G-01A_1476_TS,TCGA-AC-A23G,TCGA-AC-A23G-01A
3,train,TCGA-AC-A23H-01A_525_TS,TCGA-AC-A23H,TCGA-AC-A23H-01A
3,train,TCGA-AC-A2BM-01A_1146_TS,TCGA-AC-A2BM,TCGA-AC-A2BM-01A
3,train,TCGA-AC-A2FB-01A_89_TS,TCGA-AC-A2FB,TCGA-AC-A2FB-01A
3,train,TCGA-AC-A2FG-01A_39_TS,TCGA-AC-A2FG,TCGA-AC-A2FG-01A
3,train,TCGA-AC-A2FK-01A_1068_TS,TCGA-AC-A2FK,TCGA-AC-A2FK-01A
3,train,TCGA-AC-A2QI-01A_1524_TS,TCGA-AC-A2QI,TCGA-AC-A2QI-01A
3,train,TCGA-AC-A2QJ-01A_1264_TS,TCGA-AC-A2QJ,TCGA-AC-A2QJ-01A
3,train,TCGA-AC-A3HN-01A_64_TS,TCGA-AC-A3HN,TCGA-AC-A3HN-01A
3,train,TCGA-AC-A3OD-01B_1469_TS,TCGA-AC-A3OD,TCGA-AC-A3OD-01B
3,train,TCGA-AC-A3OD-01B_1470_TS,TCGA-AC-A3OD,TCGA-AC-A3OD-01B
3,train,TCGA-AC-A3QP-01A_115_TS,TCGA-AC-A3QP,TCGA-AC-A3QP-01A
3,train,TCGA-AC-A3W5-01A_505_TS,TCGA-AC-A3W5,TCGA-AC-A3W5-01A
3,train,TCGA-AC-A3W6-01A_591_TS,TCGA-AC-A3W6,TCGA-AC-A3W6-01A
3,train,TCGA-AC-A3YJ-01A_424_TS,TCGA-AC-A3YJ,TCGA-AC-A3YJ-01A
3,train,TCGA-AC-A4ZE-01A_838_TS,TCGA-AC-A4ZE,TCGA-AC-A4ZE-01A
3,train,TCGA-AC-A5XU-01A_221_TS,TCGA-AC-A5XU,TCGA-AC-A5XU-01A
3,train,TCGA-AC-A62V-01A_1012_TS,TCGA-AC-A62V,TCGA-AC-A62V-01A
3,train,TCGA-AC-A6IV-01A_1165_TS,TCGA-AC-A6IV,TCGA-AC-A6IV-01A
3,train,TCGA-AC-A6IW-01A_573_TS,TCGA-AC-A6IW,TCGA-AC-A6IW-01A
3,train,TCGA-AC-A7VB-01A_1425_TS,TCGA-AC-A7VB,TCGA-AC-A7VB-01A
3,train,TCGA-AC-A7VC-01A_642_TS,TCGA-AC-A7VC,TCGA-AC-A7VC-01A
3,train,TCGA-AC-A8OR-01A_119_TS,TCGA-AC-A8OR,TCGA-AC-A8OR-01A
3,train,TCGA-AC-A8OS-01A_1285_TS,TCGA-AC-A8OS,TCGA-AC-A8OS-01A
3,train,TCGA-AN-A03Y-01A_1399_TS,TCGA-AN-A03Y,TCGA-AN-A03Y-01A
3,train,TCGA-AN-A03Y-01A_1505_TS,TCGA-AN-A03Y,TCGA-AN-A03Y-01A
3,train,TCGA-AN-A046-01A_782_TS,TCGA-AN-A046,TCGA-AN-A046-01A
3,train,TCGA-AN-A046-01A_877_TS,TCGA-AN-A046,TCGA-AN-A046-01A
3,train,TCGA-AN-A04A-01A_1512_TS,TCGA-AN-A04A,TCGA-AN-A04A-01A
3,train,TCGA-AN-A04A-01A_696_TS,TCGA-AN-A04A,TCGA-AN-A04A-01A
3,train,TCGA-AN-A04D-01A_174_TS,TCGA-AN-A04D,TCGA-AN-A04D-01A
3,train,TCGA-AN-A04D-01A_336_TS,TCGA-AN-A04D,TCGA-AN-A04D-01A
3,train,TCGA-AN-A0AK-01A_32_TS,TCGA-AN-A0AK,TCGA-AN-A0AK-01A
3,train,TCGA-AN-A0AK-01A_746_TS,TCGA-AN-A0AK,TCGA-AN-A0AK-01A
3,train,TCGA-AN-A0AM-01A_1297_TS,TCGA-AN-A0AM,TCGA-AN-A0AM-01A
3,train,TCGA-AN-A0AM-01A_1357_TS,TCGA-AN-A0AM,TCGA-AN-A0AM-01A
3,train,TCGA-AN-A0AS-01A_273_TS,TCGA-AN-A0AS,TCGA-AN-A0AS-01A
3,train,TCGA-AN-A0AS-01A_274_TS,TCGA-AN-A0AS,TCGA-AN-A0AS-01A
3,train,TCGA-AN-A0FD-01A_748_TS,TCGA-AN-A0FD,TCGA-AN-A0FD-01A
3,train,TCGA-AN-A0FD-01A_830_TS,TCGA-AN-A0FD,TCGA-AN-A0FD-01A
3,train,TCGA-AN-A0FJ-01A_1206_TS,TCGA-AN-A0FJ,TCGA-AN-A0FJ-01A
3,train,TCGA-AN-A0FJ-01A_1418_TS,TCGA-AN-A0FJ,TCGA-AN-A0FJ-01A
3,train,TCGA-AN-A0FL-01A_49_TS,TCGA-AN-A0FL,TCGA-AN-A0FL-01A
3,train,TCGA-AN-A0FL-01A_851_TS,TCGA-AN-A0FL,TCGA-AN-A0FL-01A
3,train,TCGA-AN-A0FS-01A_1189_TS,TCGA-AN-A0FS,TCGA-AN-A0FS-01A
3,train,TCGA-AN-A0FS-01A_90_TS,TCGA-AN-A0FS,TCGA-AN-A0FS-01A
3,train,TCGA-AN-A0FW-01A_291_TS,TCGA-AN-A0FW,TCGA-AN-A0FW-01A
3,train,TCGA-AN-A0FW-01A_555_TS,TCGA-AN-A0FW,TCGA-AN-A0FW-01A
3,train,TCGA-AN-A0FY-01A_1367_TS,TCGA-AN-A0FY,TCGA-AN-A0FY-01A
3,train,TCGA-AN-A0FY-01A_646_TS,TCGA-AN-A0FY,TCGA-AN-A0FY-01A
3,train,TCGA-AN-A0G0-01A_305_TS,TCGA-AN-A0G0,TCGA-AN-A0G0-01A
3,train,TCGA-AN-A0G0-01A_479_TS,TCGA-AN-A0G0,TCGA-AN-A0G0-01A
3,train,TCGA-AN-A0XN-01A_1504_TS,TCGA-AN-A0XN,TCGA-AN-A0XN-01A
3,train,TCGA-AN-A0XN-01A_1527_TS,TCGA-AN-A0XN,TCGA-AN-A0XN-01A
3,train,TCGA-AN-A0XP-01A_786_TS,TCGA-AN-A0XP,TCGA-AN-A0XP-01A
3,train,TCGA-AN-A0XP-01A_982_TS,TCGA-AN-A0XP,TCGA-AN-A0XP-01A
3,train,TCGA-AN-A0XS-01A_303_TS,TCGA-AN-A0XS,TCGA-AN-A0XS-01A
3,train,TCGA-AN-A0XS-01A_391_TS,TCGA-AN-A0XS,TCGA-AN-A0XS-01A
3,train,TCGA-AN-A0XU-01A_618_TS,TCGA-AN-A0XU,TCGA-AN-A0XU-01A
3,train,TCGA-AN-A0XU-01A_619_TS,TCGA-AN-A0XU,TCGA-AN-A0XU-01A
3,train,TCGA-AN-A0XW-01A_20_TS,TCGA-AN-A0XW,TCGA-AN-A0XW-01A
3,train,TCGA-AN-A0XW-01A_741_TS,TCGA-AN-A0XW,TCGA-AN-A0XW-01A
3,train,TCGA-AO-A03M-01B_1070_TS,TCGA-AO-A03M,TCGA-AO-A03M-01B
3,train,TCGA-AO-A03M-01B_789_TS,TCGA-AO-A03M,TCGA-AO-A03M-01B
3,train,TCGA-AO-A03P-01A_1529_TS,TCGA-AO-A03P,TCGA-AO-A03P-01A
3,train,TCGA-AO-A03P-01A_724_TS,TCGA-AO-A03P,TCGA-AO-A03P-01A
3,train,TCGA-AO-A03V-01A_193_TS,TCGA-AO-A03V,TCGA-AO-A03V-01A
3,train,TCGA-AO-A03V-01A_356_TS,TCGA-AO-A03V,TCGA-AO-A03V-01A
3,train,TCGA-AO-A0J4-01A_1568_TS,TCGA-AO-A0J4,TCGA-AO-A0J4-01A
3,train,TCGA-AO-A0J4-01A_704_TS,TCGA-AO-A0J4,TCGA-AO-A0J4-01A
3,train,TCGA-AO-A0J6-01A_1437_TS,TCGA-AO-A0J6,TCGA-AO-A0J6-01A
3,train,TCGA-AO-A0J6-01A_1466_TS,TCGA-AO-A0J6,TCGA-AO-A0J6-01A
3,train,TCGA-AO-A0J8-01A_1148_TS,TCGA-AO-A0J8,TCGA-AO-A0J8-01A
3,train,TCGA-AO-A0J8-01A_958_TS,TCGA-AO-A0J8,TCGA-AO-A0J8-01A
3,train,TCGA-AO-A0JC-01A_1313_TS,TCGA-AO-A0JC,TCGA-AO-A0JC-01A
3,train,TCGA-AO-A0JC-01A_1314_TS,TCGA-AO-A0JC,TCGA-AO-A0JC-01A
3,train,TCGA-AO-A0JE-01A_135_TS,TCGA-AO-A0JE,TCGA-AO-A0JE-01A
3,train,TCGA-AO-A0JE-01A_387_TS,TCGA-AO-A0JE,TCGA-AO-A0JE-01A
3,train,TCGA-AO-A0JG-01A_118_TS,TCGA-AO-A0JG,TCGA-AO-A0JG-01A
3,train,TCGA-AO-A0JG-01A_370_TS,TCGA-AO-A0JG,TCGA-AO-A0JG-01A
3,train,TCGA-AO-A0JJ-01A_159_TS,TCGA-AO-A0JJ,TCGA-AO-A0JJ-01A
3,train,TCGA-AO-A0JJ-01A_246_TS,TCGA-AO-A0JJ,TCGA-AO-A0JJ-01A
3,train,TCGA-AO-A124-01A_1033_TS,TCGA-AO-A124,TCGA-AO-A124-01A
3,train,TCGA-AO-A124-01A_1134_TS,TCGA-AO-A124,TCGA-AO-A124-01A
3,train,TCGA-AO-A126-01A_589_TS,TCGA-AO-A126,TCGA-AO-A126-01A
3,train,TCGA-AO-A126-01A_590_TS,TCGA-AO-A126,TCGA-AO-A126-01A
3,train,TCGA-AO-A129-01A_1484_TS,TCGA-AO-A129,TCGA-AO-A129-01A
3,train,TCGA-AO-A129-01A_729_TS,TCGA-AO-A129,TCGA-AO-A129-01A
3,train,TCGA-AO-A12B-01A_1560_TS,TCGA-AO-A12B,TCGA-AO-A12B-01A
3,train,TCGA-AO-A12B-01A_703_TS,TCGA-AO-A12B,TCGA-AO-A12B-01A
3,train,TCGA-AO-A12D-01A_167_TS,TCGA-AO-A12D,TCGA-AO-A12D-01A
3,train,TCGA-AO-A12D-01A_169_TS,TCGA-AO-A12D,TCGA-AO-A12D-01A
3,train,TCGA-AO-A12F-01A_554_TS,TCGA-AO-A12F,TCGA-AO-A12F-01A
3,train,TCGA-AO-A12F-01A_556_TS,TCGA-AO-A12F,TCGA-AO-A12F-01A
3,train,TCGA-AO-A1KQ-01A_1014_TS,TCGA-AO-A1KQ,TCGA-AO-A1KQ-01A
3,train,TCGA-AO-A1KS-01A_1058_TS,TCGA-AO-A1KS,TCGA-AO-A1KS-01A
3,train,TCGA-AQ-A04H-01B_165_TS,TCGA-AQ-A04H,TCGA-AQ-A04H-01B
3,train,TCGA-AQ-A04H-01B_501_TS,TCGA-AQ-A04H,TCGA-AQ-A04H-01B
3,train,TCGA-AQ-A04L-01B_360_TS,TCGA-AQ-A04L,TCGA-AQ-A04L-01B
3,train,TCGA-AQ-A04L-01B_444_TS,TCGA-AQ-A04L,TCGA-AQ-A04L-01B
3,train,TCGA-AQ-A1H3-01A_576_TS,TCGA-AQ-A1H3,TCGA-AQ-A1H3-01A
3,train,TCGA-AQ-A54N-01A_281_TS,TCGA-AQ-A54N,TCGA-AQ-A54N-01A
3,train,TCGA-AR-A0TP-01A_1462_TS,TCGA-AR-A0TP,TCGA-AR-A0TP-01A
3,train,TCGA-AR-A0TP-01A_1543_TS,TCGA-AR-A0TP,TCGA-AR-A0TP-01A
3,train,TCGA-AR-A0TR-01A_1477_TS,TCGA-AR-A0TR,TCGA-AR-A0TR-01A
3,train,TCGA-AR-A0TR-01A_1478_TS,TCGA-AR-A0TR,TCGA-AR-A0TR-01A
3,train,TCGA-AR-A0TT-01A_1224_TS,TCGA-AR-A0TT,TCGA-AR-A0TT-01A
3,train,TCGA-AR-A0TT-01A_1410_TS,TCGA-AR-A0TT,TCGA-AR-A0TT-01A
3,train,TCGA-AR-A0TV-01A_146_TS,TCGA-AR-A0TV,TCGA-AR-A0TV-01A
3,train,TCGA-AR-A0TV-01A_315_TS,TCGA-AR-A0TV,TCGA-AR-A0TV-01A
3,train,TCGA-AR-A0TX-01A_1480_TS,TCGA-AR-A0TX,TCGA-AR-A0TX-01A
3,train,TCGA-AR-A0TX-01A_723_TS,TCGA-AR-A0TX,TCGA-AR-A0TX-01A
3,train,TCGA-AR-A0TZ-01A_1404_TS,TCGA-AR-A0TZ,TCGA-AR-A0TZ-01A
3,train,TCGA-AR-A0TZ-01A_726_TS,TCGA-AR-A0TZ,TCGA-AR-A0TZ-01A
3,train,TCGA-AR-A0U2-01A_971_TS,TCGA-AR-A0U2,TCGA-AR-A0U2-01A
3,train,TCGA-AR-A0U2-01A_972_TS,TCGA-AR-A0U2,TCGA-AR-A0U2-01A
3,train,TCGA-AR-A0U4-01A_993_TS,TCGA-AR-A0U4,TCGA-AR-A0U4-01A
3,train,TCGA-AR-A0U4-01A_996_TS,TCGA-AR-A0U4,TCGA-AR-A0U4-01A
3,train,TCGA-AR-A1AH-01A_443_TS,TCGA-AR-A1AH,TCGA-AR-A1AH-01A
3,train,TCGA-AR-A1AJ-01A_1309_TS,TCGA-AR-A1AJ,TCGA-AR-A1AJ-01A
3,train,TCGA-AR-A1AM-01A_709_TS,TCGA-AR-A1AM,TCGA-AR-A1AM-01A
3,train,TCGA-AR-A1AN-01A_110_TS,TCGA-AR-A1AN,TCGA-AR-A1AN-01A
3,train,TCGA-AR-A1AQ-01A_240_TS,TCGA-AR-A1AQ,TCGA-AR-A1AQ-01A
3,train,TCGA-AR-A1AR-01A_1463_TS,TCGA-AR-A1AR,TCGA-AR-A1AR-01A
3,train,TCGA-AR-A1AU-01A_394_TS,TCGA-AR-A1AU,TCGA-AR-A1AU-01A
3,train,TCGA-AR-A1AV-01A_1242_TS,TCGA-AR-A1AV,TCGA-AR-A1AV-01A
3,train,TCGA-AR-A1AY-01A_311_TS,TCGA-AR-A1AY,TCGA-AR-A1AY-01A
3,train,TCGA-AR-A24H-01A_72_TS,TCGA-AR-A24H,TCGA-AR-A24H-01A
3,train,TCGA-AR-A24M-01A_840_TS,TCGA-AR-A24M,TCGA-AR-A24M-01A
3,train,TCGA-AR-A24N-01A_172_TS,TCGA-AR-A24N,TCGA-AR-A24N-01A
3,train,TCGA-AR-A24Q-01A_920_TS,TCGA-AR-A24Q,TCGA-AR-A24Q-01A
3,train,TCGA-AR-A24R-01A_342_TS,TCGA-AR-A24R,TCGA-AR-A24R-01A
3,train,TCGA-AR-A24U-01A_651_TS,TCGA-AR-A24U,TCGA-AR-A24U-01A
3,train,TCGA-AR-A24V-01A_662_TS,TCGA-AR-A24V,TCGA-AR-A24V-01A
3,train,TCGA-AR-A24Z-01A_1281_TS,TCGA-AR-A24Z,TCGA-AR-A24Z-01A
3,train,TCGA-AR-A250-01A_1371_TS,TCGA-AR-A250,TCGA-AR-A250-01A
3,train,TCGA-AR-A254-01A_397_TS,TCGA-AR-A254,TCGA-AR-A254-01A
3,train,TCGA-AR-A255-01A_957_TS,TCGA-AR-A255,TCGA-AR-A255-01A
3,train,TCGA-AR-A2LJ-01A_1049_TS,TCGA-AR-A2LJ,TCGA-AR-A2LJ-01A
3,train,TCGA-AR-A2LK-01A_1509_TS,TCGA-AR-A2LK,TCGA-AR-A2LK-01A
3,train,TCGA-AR-A2LN-01A_769_TS,TCGA-AR-A2LN,TCGA-AR-A2LN-01A
3,train,TCGA-AR-A2LO-01A_673_TS,TCGA-AR-A2LO,TCGA-AR-A2LO-01A
3,train,TCGA-AR-A5QM-01A_1000_TS,TCGA-AR-A5QM,TCGA-AR-A5QM-01A
3,train,TCGA-AR-A5QN-01A_1311_TS,TCGA-AR-A5QN,TCGA-AR-A5QN-01A
3,train,TCGA-B6-A0I2-01A_166_TS,TCGA-B6-A0I2,TCGA-B6-A0I2-01A
3,train,TCGA-B6-A0I2-01A_334_TS,TCGA-B6-A0I2,TCGA-B6-A0I2-01A
3,train,TCGA-B6-A0I8-01A_613_TS,TCGA-B6-A0I8,TCGA-B6-A0I8-01A
3,train,TCGA-B6-A0I8-01A_614_TS,TCGA-B6-A0I8,TCGA-B6-A0I8-01A
3,train,TCGA-B6-A0IA-01A_48_TS,TCGA-B6-A0IA,TCGA-B6-A0IA-01A
3,train,TCGA-B6-A0IA-01A_761_TS,TCGA-B6-A0IA,TCGA-B6-A0IA-01A
3,train,TCGA-B6-A0IC-01A_790_TS,TCGA-B6-A0IC,TCGA-B6-A0IC-01A
3,train,TCGA-B6-A0IC-01A_793_TS,TCGA-B6-A0IC,TCGA-B6-A0IC-01A
3,train,TCGA-B6-A0IG-01A_388_TS,TCGA-B6-A0IG,TCGA-B6-A0IG-01A
3,train,TCGA-B6-A0IG-01A_565_TS,TCGA-B6-A0IG,TCGA-B6-A0IG-01A
3,train,TCGA-B6-A0IJ-01A_1321_TS,TCGA-B6-A0IJ,TCGA-B6-A0IJ-01A
3,train,TCGA-B6-A0IJ-01A_1363_TS,TCGA-B6-A0IJ,TCGA-B6-A0IJ-01A
3,train,TCGA-B6-A0IM-01A_836_TS,TCGA-B6-A0IM,TCGA-B6-A0IM-01A
3,train,TCGA-B6-A0IM-01A_938_TS,TCGA-B6-A0IM,TCGA-B6-A0IM-01A
3,train,TCGA-B6-A0IP-01A_932_TS,TCGA-B6-A0IP,TCGA-B6-A0IP-01A
3,train,TCGA-B6-A0IP-01A_934_TS,TCGA-B6-A0IP,TCGA-B6-A0IP-01A
3,train,TCGA-B6-A0RE-01A_1317_TS,TCGA-B6-A0RE,TCGA-B6-A0RE-01A
3,train,TCGA-B6-A0RE-01A_1345_TS,TCGA-B6-A0RE,TCGA-B6-A0RE-01A
3,train,TCGA-B6-A0RH-01A_720_TS,TCGA-B6-A0RH,TCGA-B6-A0RH-01A
3,train,TCGA-B6-A0RH-01A_721_TS,TCGA-B6-A0RH,TCGA-B6-A0RH-01A
3,train,TCGA-B6-A0RL-01A_1372_TS,TCGA-B6-A0RL,TCGA-B6-A0RL-01A
3,train,TCGA-B6-A0RL-01A_1421_TS,TCGA-B6-A0RL,TCGA-B6-A0RL-01A
3,train,TCGA-B6-A0RN-01A_1338_TS,TCGA-B6-A0RN,TCGA-B6-A0RN-01A
3,train,TCGA-B6-A0RN-01A_641_TS,TCGA-B6-A0RN,TCGA-B6-A0RN-01A
3,train,TCGA-B6-A0RP-01A_276_TS,TCGA-B6-A0RP,TCGA-B6-A0RP-01A
3,train,TCGA-B6-A0RP-01A_532_TS,TCGA-B6-A0RP,TCGA-B6-A0RP-01A
3,train,TCGA-B6-A0RS-01A_472_TS,TCGA-B6-A0RS,TCGA-B6-A0RS-01A
3,train,TCGA-B6-A0RS-01A_558_TS,TCGA-B6-A0RS,TCGA-B6-A0RS-01A
3,train,TCGA-B6-A0RU-01A_1091_TS,TCGA-B6-A0RU,TCGA-B6-A0RU-01A
3,train,TCGA-B6-A0RU-01A_1092_TS,TCGA-B6-A0RU,TCGA-B6-A0RU-01A
3,train,TCGA-B6-A0WS-01A_1201_TS,TCGA-B6-A0WS,TCGA-B6-A0WS-01A
3,train,TCGA-B6-A0WS-01A_1231_TS,TCGA-B6-A0WS,TCGA-B6-A0WS-01A
3,train,TCGA-B6-A0WV-01A_825_TS,TCGA-B6-A0WV,TCGA-B6-A0WV-01A
3,train,TCGA-B6-A0WV-01A_923_TS,TCGA-B6-A0WV,TCGA-B6-A0WV-01A
3,train,TCGA-B6-A0WX-01A_59_TS,TCGA-B6-A0WX,TCGA-B6-A0WX-01A
3,train,TCGA-B6-A0WX-01A_770_TS,TCGA-B6-A0WX,TCGA-B6-A0WX-01A
3,train,TCGA-B6-A0WZ-01A_1294_TS,TCGA-B6-A0WZ,TCGA-B6-A0WZ-01A
3,train,TCGA-B6-A0WZ-01A_635_TS,TCGA-B6-A0WZ,TCGA-B6-A0WZ-01A
3,train,TCGA-B6-A0X1-01A_1200_TS,TCGA-B6-A0X1,TCGA-B6-A0X1-01A
3,train,TCGA-B6-A0X1-01A_1274_TS,TCGA-B6-A0X1,TCGA-B6-A0X1-01A
3,train,TCGA-B6-A0X5-01A_828_TS,TCGA-B6-A0X5,TCGA-B6-A0X5-01A
3,train,TCGA-B6-A0X7-01A_371_TS,TCGA-B6-A0X7,TCGA-B6-A0X7-01A
3,train,TCGA-B6-A0X7-01A_530_TS,TCGA-B6-A0X7,TCGA-B6-A0X7-01A
3,train,TCGA-B6-A1KF-01A_1561_TS,TCGA-B6-A1KF,TCGA-B6-A1KF-01A
3,train,TCGA-B6-A2IU-01A_318_TS,TCGA-B6-A2IU,TCGA-B6-A2IU-01A
3,train,TCGA-B6-A3ZX-01A_475_TS,TCGA-B6-A3ZX,TCGA-B6-A3ZX-01A
3,train,TCGA-B6-A402-01A_196_TS,TCGA-B6-A402,TCGA-B6-A402-01A
3,train,TCGA-B6-A408-01A_992_TS,TCGA-B6-A408,TCGA-B6-A408-01A
3,train,TCGA-B6-A40C-01A_579_TS,TCGA-B6-A40C,TCGA-B6-A40C-01A
3,train,TCGA-BH-A0AV-01A_354_TS,TCGA-BH-A0AV,TCGA-BH-A0AV-01A
3,train,TCGA-BH-A0AV-01A_439_TS,TCGA-BH-A0AV,TCGA-BH-A0AV-01A
3,train,TCGA-BH-A0AZ-01A_1352_TS,TCGA-BH-A0AZ,TCGA-BH-A0AZ-01A
3,train,TCGA-BH-A0AZ-01A_1405_TS,TCGA-BH-A0AZ,TCGA-BH-A0AZ-01A
3,train,TCGA-BH-A0B1-01A_1117_TS,TCGA-BH-A0B1,TCGA-BH-A0B1-01A
3,train,TCGA-BH-A0B1-01A_919_TS,TCGA-BH-A0B1,TCGA-BH-A0B1-01A
3,train,TCGA-BH-A0B3-01A_1254_TS,TCGA-BH-A0B3,TCGA-BH-A0B3-01A
3,train,TCGA-BH-A0B3-01A_1277_TS,TCGA-BH-A0B3,TCGA-BH-A0B3-01A
3,train,TCGA-BH-A0B6-01A_871_TS,TCGA-BH-A0B6,TCGA-BH-A0B6-01A
3,train,TCGA-BH-A0B6-01A_872_TS,TCGA-BH-A0B6,TCGA-BH-A0B6-01A
3,train,TCGA-BH-A0B8-01A_1210_TS,TCGA-BH-A0B8,TCGA-BH-A0B8-01A
3,train,TCGA-BH-A0B8-01A_1257_TS,TCGA-BH-A0B8,TCGA-BH-A0B8-01A
3,train,TCGA-BH-A0BA-01A_160_TS,TCGA-BH-A0BA,TCGA-BH-A0BA-01A
3,train,TCGA-BH-A0BA-01A_577_TS,TCGA-BH-A0BA,TCGA-BH-A0BA-01A
3,train,TCGA-BH-A0BD-01A_1016_TS,TCGA-BH-A0BD,TCGA-BH-A0BD-01A
3,train,TCGA-BH-A0BD-01A_1017_TS,TCGA-BH-A0BD,TCGA-BH-A0BD-01A
3,train,TCGA-BH-A0BG-01A_1221_TS,TCGA-BH-A0BG,TCGA-BH-A0BG-01A
3,train,TCGA-BH-A0BG-01A_1223_TS,TCGA-BH-A0BG,TCGA-BH-A0BG-01A
3,train,TCGA-BH-A0BL-01A_1069_TS,TCGA-BH-A0BL,TCGA-BH-A0BL-01A
3,train,TCGA-BH-A0BL-01A_784_TS,TCGA-BH-A0BL,TCGA-BH-A0BL-01A
3,train,TCGA-BH-A0BO-01A_101_TS,TCGA-BH-A0BO,TCGA-BH-A0BO-01A
3,train,TCGA-BH-A0BO-01A_186_TS,TCGA-BH-A0BO,TCGA-BH-A0BO-01A
3,train,TCGA-BH-A0BQ-01A_1046_TS,TCGA-BH-A0BQ,TCGA-BH-A0BQ-01A
3,train,TCGA-BH-A0BQ-01A_966_TS,TCGA-BH-A0BQ,TCGA-BH-A0BQ-01A
3,train,TCGA-BH-A0BS-01A_35_TS,TCGA-BH-A0BS,TCGA-BH-A0BS-01A
3,train,TCGA-BH-A0BS-01A_751_TS,TCGA-BH-A0BS,TCGA-BH-A0BS-01A
3,train,TCGA-BH-A0BV-01A_1171_TS,TCGA-BH-A0BV,TCGA-BH-A0BV-01A
3,train,TCGA-BH-A0BV-01A_884_TS,TCGA-BH-A0BV,TCGA-BH-A0BV-01A
3,train,TCGA-BH-A0BZ-01A_760_TS,TCGA-BH-A0BZ,TCGA-BH-A0BZ-01A
3,train,TCGA-BH-A0BZ-01A_845_TS,TCGA-BH-A0BZ,TCGA-BH-A0BZ-01A
3,train,TCGA-BH-A0C1-01B_1456_TS,TCGA-BH-A0C1,TCGA-BH-A0C1-01B
3,train,TCGA-BH-A0C1-01B_1531_TS,TCGA-BH-A0C1,TCGA-BH-A0C1-01B
3,train,TCGA-BH-A0C7-01B_290_TS,TCGA-BH-A0C7,TCGA-BH-A0C7-01B
3,train,TCGA-BH-A0C7-01B_464_TS,TCGA-BH-A0C7,TCGA-BH-A0C7-01B
3,train,TCGA-BH-A0DG-01A_427_TS,TCGA-BH-A0DG,TCGA-BH-A0DG-01A
3,train,TCGA-BH-A0DG-01A_97_TS,TCGA-BH-A0DG,TCGA-BH-A0DG-01A
3,train,TCGA-BH-A0DI-01A_34_TS,TCGA-BH-A0DI,TCGA-BH-A0DI-01A
3,train,TCGA-BH-A0DI-01A_929_TS,TCGA-BH-A0DI,TCGA-BH-A0DI-01A
3,train,TCGA-BH-A0DL-01A_262_TS,TCGA-BH-A0DL,TCGA-BH-A0DL-01A
3,train,TCGA-BH-A0DL-01A_434_TS,TCGA-BH-A0DL,TCGA-BH-A0DL-01A
3,train,TCGA-BH-A0DP-01A_1055_TS,TCGA-BH-A0DP,TCGA-BH-A0DP-01A
3,train,TCGA-BH-A0DP-01A_1152_TS,TCGA-BH-A0DP,TCGA-BH-A0DP-01A
3,train,TCGA-BH-A0DS-01A_156_TS,TCGA-BH-A0DS,TCGA-BH-A0DS-01A
3,train,TCGA-BH-A0DS-01A_490_TS,TCGA-BH-A0DS,TCGA-BH-A0DS-01A
3,train,TCGA-BH-A0DV-01A_129_TS,TCGA-BH-A0DV,TCGA-BH-A0DV-01A
3,train,TCGA-BH-A0DV-01A_298_TS,TCGA-BH-A0DV,TCGA-BH-A0DV-01A
3,train,TCGA-BH-A0DZ-01A_124_TS,TCGA-BH-A0DZ,TCGA-BH-A0DZ-01A
3,train,TCGA-BH-A0DZ-01A_461_TS,TCGA-BH-A0DZ,TCGA-BH-A0DZ-01A
3,train,TCGA-BH-A0E2-01A_592_TS,TCGA-BH-A0E2,TCGA-BH-A0E2-01A
3,train,TCGA-BH-A0E2-01A_593_TS,TCGA-BH-A0E2,TCGA-BH-A0E2-01A
3,train,TCGA-BH-A0E7-01A_1212_TS,TCGA-BH-A0E7,TCGA-BH-A0E7-01A
3,train,TCGA-BH-A0E7-01A_1376_TS,TCGA-BH-A0E7,TCGA-BH-A0E7-01A
3,train,TCGA-BH-A0EA-01A_1310_TS,TCGA-BH-A0EA,TCGA-BH-A0EA-01A
3,train,TCGA-BH-A0EA-01A_650_TS,TCGA-BH-A0EA,TCGA-BH-A0EA-01A
3,train,TCGA-BH-A0EE-01A_1402_TS,TCGA-BH-A0EE,TCGA-BH-A0EE-01A
3,train,TCGA-BH-A0EE-01A_1403_TS,TCGA-BH-A0EE,TCGA-BH-A0EE-01A
3,train,TCGA-BH-A0GY-01A_198_TS,TCGA-BH-A0GY,TCGA-BH-A0GY-01A
3,train,TCGA-BH-A0GY-01A_441_TS,TCGA-BH-A0GY,TCGA-BH-A0GY-01A
3,train,TCGA-BH-A0H0-01A_1045_TS,TCGA-BH-A0H0,TCGA-BH-A0H0-01A
3,train,TCGA-BH-A0H5-01A_509_TS,TCGA-BH-A0H5,TCGA-BH-A0H5-01A
3,train,TCGA-BH-A0H5-01A_510_TS,TCGA-BH-A0H5,TCGA-BH-A0H5-01A
3,train,TCGA-BH-A0H7-01A_1318_TS,TCGA-BH-A0H7,TCGA-BH-A0H7-01A
3,train,TCGA-BH-A0H7-01A_1346_TS,TCGA-BH-A0H7,TCGA-BH-A0H7-01A
3,train,TCGA-BH-A0HA-01A_1125_TS,TCGA-BH-A0HA,TCGA-BH-A0HA-01A
3,train,TCGA-BH-A0HA-01A_31_TS,TCGA-BH-A0HA,TCGA-BH-A0HA-01A
3,train,TCGA-BH-A0HF-01A_1195_TS,TCGA-BH-A0HF,TCGA-BH-A0HF-01A
3,train,TCGA-BH-A0HF-01A_1248_TS,TCGA-BH-A0HF,TCGA-BH-A0HF-01A
3,train,TCGA-BH-A0HN-01A_864_TS,TCGA-BH-A0HN,TCGA-BH-A0HN-01A
3,train,TCGA-BH-A0HN-01A_959_TS,TCGA-BH-A0HN,TCGA-BH-A0HN-01A
3,train,TCGA-BH-A0HP-01A_161_TS,TCGA-BH-A0HP,TCGA-BH-A0HP-01A
3,train,TCGA-BH-A0HP-01A_414_TS,TCGA-BH-A0HP,TCGA-BH-A0HP-01A
3,train,TCGA-BH-A0HU-01A_182_TS,TCGA-BH-A0HU,TCGA-BH-A0HU-01A
3,train,TCGA-BH-A0HU-01A_183_TS,TCGA-BH-A0HU,TCGA-BH-A0HU-01A
3,train,TCGA-BH-A0HX-01A_1460_TS,TCGA-BH-A0HX,TCGA-BH-A0HX-01A
3,train,TCGA-BH-A0HX-01A_707_TS,TCGA-BH-A0HX,TCGA-BH-A0HX-01A
3,train,TCGA-BH-A0RX-01A_1536_TS,TCGA-BH-A0RX,TCGA-BH-A0RX-01A
3,train,TCGA-BH-A0RX-01A_699_TS,TCGA-BH-A0RX,TCGA-BH-A0RX-01A
3,train,TCGA-BH-A0W4-01A_630_TS,TCGA-BH-A0W4,TCGA-BH-A0W4-01A
3,train,TCGA-BH-A0W4-01A_631_TS,TCGA-BH-A0W4,TCGA-BH-A0W4-01A
3,train,TCGA-BH-A0W7-01A_771_TS,TCGA-BH-A0W7,TCGA-BH-A0W7-01A
3,train,TCGA-BH-A0W7-01A_863_TS,TCGA-BH-A0W7,TCGA-BH-A0W7-01A
3,train,TCGA-BH-A18G-01A_987_TS,TCGA-BH-A18G,TCGA-BH-A18G-01A
3,train,TCGA-BH-A18H-01A_695_TS,TCGA-BH-A18H,TCGA-BH-A18H-01A
3,train,TCGA-BH-A18K-01A_1227_TS,TCGA-BH-A18K,TCGA-BH-A18K-01A
3,train,TCGA-BH-A18L-01A_1119_TS,TCGA-BH-A18L,TCGA-BH-A18L-01A
3,train,TCGA-BH-A18P-01A_1282_TS,TCGA-BH-A18P,TCGA-BH-A18P-01A
3,train,TCGA-BH-A18Q-01A_1430_TS,TCGA-BH-A18Q,TCGA-BH-A18Q-01A
3,train,TCGA-BH-A18T-01A_62_TS,TCGA-BH-A18T,TCGA-BH-A18T-01A
3,train,TCGA-BH-A18U-01A_1301_TS,TCGA-BH-A18U,TCGA-BH-A18U-01A
3,train,TCGA-BH-A1EO-01A_449_TS,TCGA-BH-A1EO,TCGA-BH-A1EO-01A
3,train,TCGA-BH-A1ES-01A_886_TS,TCGA-BH-A1ES,TCGA-BH-A1ES-01A
3,train,TCGA-BH-A1EV-01A_312_TS,TCGA-BH-A1EV,TCGA-BH-A1EV-01A
3,train,TCGA-BH-A1EW-01A_1098_TS,TCGA-BH-A1EW,TCGA-BH-A1EW-01A
3,train,TCGA-BH-A1F0-01A_645_TS,TCGA-BH-A1F0,TCGA-BH-A1F0-01A
3,train,TCGA-BH-A1F2-01A_1099_TS,TCGA-BH-A1F2,TCGA-BH-A1F2-01A
3,train,TCGA-BH-A1F8-01A_52_TS,TCGA-BH-A1F8,TCGA-BH-A1F8-01A
3,train,TCGA-BH-A1FB-01A_1036_TS,TCGA-BH-A1FB,TCGA-BH-A1FB-01A
3,train,TCGA-BH-A1FE-01A_755_TS,TCGA-BH-A1FE,TCGA-BH-A1FE-01A
3,train,TCGA-BH-A1FH-01A_1273_TS,TCGA-BH-A1FH,TCGA-BH-A1FH-01A
3,train,TCGA-BH-A1FN-01A_100_TS,TCGA-BH-A1FN,TCGA-BH-A1FN-01A
3,train,TCGA-BH-A1FR-01A_494_TS,TCGA-BH-A1FR,TCGA-BH-A1FR-01A
3,train,TCGA-BH-A202-01A_1514_TS,TCGA-BH-A202,TCGA-BH-A202-01A
3,train,TCGA-BH-A203-01A_697_TS,TCGA-BH-A203,TCGA-BH-A203-01A
3,train,TCGA-BH-A209-01A_68_TS,TCGA-BH-A209,TCGA-BH-A209-01A
3,train,TCGA-BH-A28O-01A_818_TS,TCGA-BH-A28O,TCGA-BH-A28O-01A
3,train,TCGA-BH-A42T-01A_1184_TS,TCGA-BH-A42T,TCGA-BH-A42T-01A
3,train,TCGA-BH-A42U-01A_495_TS,TCGA-BH-A42U,TCGA-BH-A42U-01A
3,train,TCGA-BH-A5J0-01A_766_TS,TCGA-BH-A5J0,TCGA-BH-A5J0-01A
3,train,TCGA-BH-A6R8-01A_963_TS,TCGA-BH-A6R8,TCGA-BH-A6R8-01A
3,train,TCGA-BH-A8FZ-01A_1208_TS,TCGA-BH-A8FZ,TCGA-BH-A8FZ-01A
3,train,TCGA-BH-A8G0-01A_199_TS,TCGA-BH-A8G0,TCGA-BH-A8G0-01A
3,train,TCGA-C8-A12K-01A_1103_TS,TCGA-C8-A12K,TCGA-C8-A12K-01A
3,train,TCGA-C8-A12K-01A_1179_TS,TCGA-C8-A12K,TCGA-C8-A12K-01A
3,train,TCGA-C8-A12M-01A_57_TS,TCGA-C8-A12M,TCGA-C8-A12M-01A
3,train,TCGA-C8-A12M-01A_857_TS,TCGA-C8-A12M,TCGA-C8-A12M-01A
3,train,TCGA-C8-A12O-01A_581_TS,TCGA-C8-A12O,TCGA-C8-A12O-01A
3,train,TCGA-C8-A12O-01A_583_TS,TCGA-C8-A12O,TCGA-C8-A12O-01A
3,train,TCGA-C8-A12Q-01A_980_TS,TCGA-C8-A12Q,TCGA-C8-A12Q-01A
3,train,TCGA-C8-A12Q-01A_981_TS,TCGA-C8-A12Q,TCGA-C8-A12Q-01A
3,train,TCGA-C8-A12U-01A_147_TS,TCGA-C8-A12U,TCGA-C8-A12U-01A
3,train,TCGA-C8-A12U-01A_234_TS,TCGA-C8-A12U,TCGA-C8-A12U-01A
3,train,TCGA-C8-A12W-01A_1185_TS,TCGA-C8-A12W,TCGA-C8-A12W-01A
3,train,TCGA-C8-A12W-01A_905_TS,TCGA-C8-A12W,TCGA-C8-A12W-01A
3,train,TCGA-C8-A12Y-01A_1141_TS,TCGA-C8-A12Y,TCGA-C8-A12Y-01A
3,train,TCGA-C8-A12Y-01A_947_TS,TCGA-C8-A12Y,TCGA-C8-A12Y-01A
3,train,TCGA-C8-A130-01A_1211_TS,TCGA-C8-A130,TCGA-C8-A130-01A
3,train,TCGA-C8-A130-01A_1374_TS,TCGA-C8-A130,TCGA-C8-A130-01A
3,train,TCGA-C8-A132-01A_339_TS,TCGA-C8-A132,TCGA-C8-A132-01A
3,train,TCGA-C8-A132-01A_511_TS,TCGA-C8-A132,TCGA-C8-A132-01A
3,train,TCGA-C8-A134-01A_1124_TS,TCGA-C8-A134,TCGA-C8-A134-01A
3,train,TCGA-C8-A134-01A_927_TS,TCGA-C8-A134,TCGA-C8-A134-01A
3,train,TCGA-C8-A137-01A_1334_TS,TCGA-C8-A137,TCGA-C8-A137-01A
3,train,TCGA-C8-A137-01A_637_TS,TCGA-C8-A137,TCGA-C8-A137-01A
3,train,TCGA-C8-A1HF-01A_1355_TS,TCGA-C8-A1HF,TCGA-C8-A1HF-01A
3,train,TCGA-C8-A1HG-01A_185_TS,TCGA-C8-A1HG,TCGA-C8-A1HG-01A
3,train,TCGA-C8-A1HL-01A_600_TS,TCGA-C8-A1HL,TCGA-C8-A1HL-01A
3,train,TCGA-C8-A1HM-01A_503_TS,TCGA-C8-A1HM,TCGA-C8-A1HM-01A
3,train,TCGA-C8-A26V-01A_700_TS,TCGA-C8-A26V,TCGA-C8-A26V-01A
3,train,TCGA-C8-A26W-01A_491_TS,TCGA-C8-A26W,TCGA-C8-A26W-01A
3,train,TCGA-C8-A26Z-01A_1429_TS,TCGA-C8-A26Z,TCGA-C8-A26Z-01A
3,train,TCGA-C8-A273-01A_117_TS,TCGA-C8-A273,TCGA-C8-A273-01A
3,train,TCGA-C8-A278-01A_1149_TS,TCGA-C8-A278,TCGA-C8-A278-01A
3,train,TCGA-C8-A27A-01A_654_TS,TCGA-C8-A27A,TCGA-C8-A27A-01A
3,train,TCGA-C8-A8HP-01A_1244_TS,TCGA-C8-A8HP,TCGA-C8-A8HP-01A
3,train,TCGA-C8-A8HQ-01A_903_TS,TCGA-C8-A8HQ,TCGA-C8-A8HQ-01A
3,train,TCGA-D8-A13Z-01A_112_TS,TCGA-D8-A13Z,TCGA-D8-A13Z-01A
3,train,TCGA-D8-A13Z-01A_200_TS,TCGA-D8-A13Z,TCGA-D8-A13Z-01A
3,train,TCGA-D8-A141-01A_197_TS,TCGA-D8-A141,TCGA-D8-A141-01A
3,train,TCGA-D8-A141-01A_362_TS,TCGA-D8-A141,TCGA-D8-A141-01A
3,train,TCGA-D8-A143-01A_823_TS,TCGA-D8-A143,TCGA-D8-A143-01A
3,train,TCGA-D8-A143-01A_918_TS,TCGA-D8-A143,TCGA-D8-A143-01A
3,train,TCGA-D8-A147-01A_323_TS,TCGA-D8-A147,TCGA-D8-A147-01A
3,train,TCGA-D8-A147-01A_325_TS,TCGA-D8-A147,TCGA-D8-A147-01A
3,train,TCGA-D8-A1J8-01A_227_TS,TCGA-D8-A1J8,TCGA-D8-A1J8-01A
3,train,TCGA-D8-A1J9-01A_513_TS,TCGA-D8-A1J9,TCGA-D8-A1J9-01A
3,train,TCGA-D8-A1JC-01A_1329_TS,TCGA-D8-A1JC,TCGA-D8-A1JC-01A
3,train,TCGA-D8-A1JD-01A_1408_TS,TCGA-D8-A1JD,TCGA-D8-A1JD-01A
3,train,TCGA-D8-A1JG-01B_43_TS,TCGA-D8-A1JG,TCGA-D8-A1JG-01B
3,train,TCGA-D8-A1JH-01A_722_TS,TCGA-D8-A1JH,TCGA-D8-A1JH-01A
3,train,TCGA-D8-A1JK-01A_1238_TS,TCGA-D8-A1JK,TCGA-D8-A1JK-01A
3,train,TCGA-D8-A1JL-01A_705_TS,TCGA-D8-A1JL,TCGA-D8-A1JL-01A
3,train,TCGA-D8-A1JP-01A_745_TS,TCGA-D8-A1JP,TCGA-D8-A1JP-01A
3,train,TCGA-D8-A1JS-01A_516_TS,TCGA-D8-A1JS,TCGA-D8-A1JS-01A
3,train,TCGA-D8-A1X5-01A_1393_TS,TCGA-D8-A1X5,TCGA-D8-A1X5-01A
3,train,TCGA-D8-A1X6-01A_977_TS,TCGA-D8-A1X6,TCGA-D8-A1X6-01A
3,train,TCGA-D8-A1X9-01A_133_TS,TCGA-D8-A1X9,TCGA-D8-A1X9-01A
3,train,TCGA-D8-A1XA-01A_797_TS,TCGA-D8-A1XA,TCGA-D8-A1XA-01A
3,train,TCGA-D8-A1XD-01A_767_TS,TCGA-D8-A1XD,TCGA-D8-A1XD-01A
3,train,TCGA-D8-A1XF-01A_369_TS,TCGA-D8-A1XF,TCGA-D8-A1XF-01A
3,train,TCGA-D8-A1XK-01A_302_TS,TCGA-D8-A1XK,TCGA-D8-A1XK-01A
3,train,TCGA-D8-A1XL-01A_1027_TS,TCGA-D8-A1XL,TCGA-D8-A1XL-01A
3,train,TCGA-D8-A1XQ-01A_139_TS,TCGA-D8-A1XQ,TCGA-D8-A1XQ-01A
3,train,TCGA-D8-A1XR-01A_26_TS,TCGA-D8-A1XR,TCGA-D8-A1XR-01A
3,train,TCGA-D8-A1XU-01A_21_TS,TCGA-D8-A1XU,TCGA-D8-A1XU-01A
3,train,TCGA-D8-A1XV-01A_24_TS,TCGA-D8-A1XV,TCGA-D8-A1XV-01A
3,train,TCGA-D8-A1XZ-01A_1324_TS,TCGA-D8-A1XZ,TCGA-D8-A1XZ-01A
3,train,TCGA-D8-A1Y0-01A_462_TS,TCGA-D8-A1Y0,TCGA-D8-A1Y0-01A
3,train,TCGA-D8-A1Y3-01A_951_TS,TCGA-D8-A1Y3,TCGA-D8-A1Y3-01A
3,train,TCGA-D8-A27E-01A_1005_TS,TCGA-D8-A27E,TCGA-D8-A27E-01A
3,train,TCGA-D8-A27H-01A_180_TS,TCGA-D8-A27H,TCGA-D8-A27H-01A
3,train,TCGA-D8-A27I-01A_1080_TS,TCGA-D8-A27I,TCGA-D8-A27I-01A
3,train,TCGA-D8-A27M-01A_675_TS,TCGA-D8-A27M,TCGA-D8-A27M-01A
3,train,TCGA-D8-A27N-01A_1241_TS,TCGA-D8-A27N,TCGA-D8-A27N-01A
3,train,TCGA-D8-A27T-01A_350_TS,TCGA-D8-A27T,TCGA-D8-A27T-01A
3,train,TCGA-D8-A27V-01A_674_TS,TCGA-D8-A27V,TCGA-D8-A27V-01A
3,train,TCGA-D8-A3Z6-01A_106_TS,TCGA-D8-A3Z6,TCGA-D8-A3Z6-01A
3,train,TCGA-D8-A4Z1-01A_150_TS,TCGA-D8-A4Z1,TCGA-D8-A4Z1-01A
3,train,TCGA-D8-A73X-01A_692_TS,TCGA-D8-A73X,TCGA-D8-A73X-01A
3,train,TCGA-E2-A106-01A_1521_TS,TCGA-E2-A106,TCGA-E2-A106-01A
3,train,TCGA-E2-A106-01A_717_TS,TCGA-E2-A106,TCGA-E2-A106-01A
3,train,TCGA-E2-A108-01A_765_TS,TCGA-E2-A108,TCGA-E2-A108-01A
3,train,TCGA-E2-A108-01A_967_TS,TCGA-E2-A108,TCGA-E2-A108-01A
3,train,TCGA-E2-A10A-01A_357_TS,TCGA-E2-A10A,TCGA-E2-A10A-01A
3,train,TCGA-E2-A10A-01A_524_TS,TCGA-E2-A10A,TCGA-E2-A10A-01A
3,train,TCGA-E2-A10C-01A_1084_TS,TCGA-E2-A10C,TCGA-E2-A10C-01A
3,train,TCGA-E2-A10C-01A_804_TS,TCGA-E2-A10C,TCGA-E2-A10C-01A
3,train,TCGA-E2-A10F-01A_217_TS,TCGA-E2-A10F,TCGA-E2-A10F-01A
3,train,TCGA-E2-A10F-01A_380_TS,TCGA-E2-A10F,TCGA-E2-A10F-01A
3,train,TCGA-E2-A14N-01A_891_TS,TCGA-E2-A14N,TCGA-E2-A14N-01A
3,train,TCGA-E2-A14Q-01A_586_TS,TCGA-E2-A14Q,TCGA-E2-A14Q-01A
3,train,TCGA-E2-A14R-01A_1268_TS,TCGA-E2-A14R,TCGA-E2-A14R-01A
3,train,TCGA-E2-A14U-01A_1325_TS,TCGA-E2-A14U,TCGA-E2-A14U-01A
3,train,TCGA-E2-A14V-01A_942_TS,TCGA-E2-A14V,TCGA-E2-A14V-01A
3,train,TCGA-E2-A14Y-01A_1234_TS,TCGA-E2-A14Y,TCGA-E2-A14Y-01A
3,train,TCGA-E2-A14Z-01A_1377_TS,TCGA-E2-A14Z,TCGA-E2-A14Z-01A
3,train,TCGA-E2-A153-01A_436_TS,TCGA-E2-A153,TCGA-E2-A153-01A
3,train,TCGA-E2-A154-01A_420_TS,TCGA-E2-A154,TCGA-E2-A154-01A
3,train,TCGA-E2-A158-01A_1520_TS,TCGA-E2-A158,TCGA-E2-A158-01A
3,train,TCGA-E2-A159-01A_1261_TS,TCGA-E2-A159,TCGA-E2-A159-01A
3,train,TCGA-E2-A15D-01A_1457_TS,TCGA-E2-A15D,TCGA-E2-A15D-01A
3,train,TCGA-E2-A15E-01A_640_TS,TCGA-E2-A15E,TCGA-E2-A15E-01A
3,train,TCGA-E2-A15H-01A_1236_TS,TCGA-E2-A15H,TCGA-E2-A15H-01A
3,train,TCGA-E2-A15I-01A_1167_TS,TCGA-E2-A15I,TCGA-E2-A15I-01A
3,train,TCGA-E2-A15L-01A_756_TS,TCGA-E2-A15L,TCGA-E2-A15L-01A
3,train,TCGA-E2-A15M-01A_448_TS,TCGA-E2-A15M,TCGA-E2-A15M-01A
3,train,TCGA-E2-A15R-01A_749_TS,TCGA-E2-A15R,TCGA-E2-A15R-01A
3,train,TCGA-E2-A15S-01A_785_TS,TCGA-E2-A15S,TCGA-E2-A15S-01A
3,train,TCGA-E2-A1B0-01A_893_TS,TCGA-E2-A1B0,TCGA-E2-A1B0-01A
3,train,TCGA-E2-A1B1-01A_955_TS,TCGA-E2-A1B1,TCGA-E2-A1B1-01A
3,train,TCGA-E2-A1B6-01A_125_TS,TCGA-E2-A1B6,TCGA-E2-A1B6-01A
3,train,TCGA-E2-A1BC-01A_99_TS,TCGA-E2-A1BC,TCGA-E2-A1BC-01A
3,train,TCGA-E2-A1IF-01A_799_TS,TCGA-E2-A1IF,TCGA-E2-A1IF-01A
3,train,TCGA-E2-A1IG-01A_827_TS,TCGA-E2-A1IG,TCGA-E2-A1IG-01A
3,train,TCGA-E2-A1IJ-01A_778_TS,TCGA-E2-A1IJ,TCGA-E2-A1IJ-01A
3,train,TCGA-E2-A1IK-01A_437_TS,TCGA-E2-A1IK,TCGA-E2-A1IK-01A
3,train,TCGA-E2-A1IO-01A_930_TS,TCGA-E2-A1IO,TCGA-E2-A1IO-01A
3,train,TCGA-E2-A1IU-01A_1292_TS,TCGA-E2-A1IU,TCGA-E2-A1IU-01A
3,train,TCGA-E2-A1L8-01A_1487_TS,TCGA-E2-A1L8,TCGA-E2-A1L8-01A
3,train,TCGA-E2-A1L9-01A_456_TS,TCGA-E2-A1L9,TCGA-E2-A1L9-01A
3,train,TCGA-E2-A1LE-01A_1120_TS,TCGA-E2-A1LE,TCGA-E2-A1LE-01A
3,train,TCGA-E2-A1LG-01A_712_TS,TCGA-E2-A1LG,TCGA-E2-A1LG-01A
3,train,TCGA-E2-A1LL-01A_1320_TS,TCGA-E2-A1LL,TCGA-E2-A1LL-01A
3,train,TCGA-E2-A2P5-01A_1388_TS,TCGA-E2-A2P5,TCGA-E2-A2P5-01A
3,train,TCGA-E2-A56Z-01A_121_TS,TCGA-E2-A56Z,TCGA-E2-A56Z-01A
3,train,TCGA-E2-A570-01A_216_TS,TCGA-E2-A570,TCGA-E2-A570-01A
3,train,TCGA-E2-A574-01A_1154_TS,TCGA-E2-A574,TCGA-E2-A574-01A
3,train,TCGA-E2-A576-01A_1445_TS,TCGA-E2-A576,TCGA-E2-A576-01A
3,train,TCGA-E9-A1N4-01A_1094_TS,TCGA-E9-A1N4,TCGA-E9-A1N4-01A
3,train,TCGA-E9-A1N5-01A_158_TS,TCGA-E9-A1N5,TCGA-E9-A1N5-01A
3,train,TCGA-E9-A1N9-01A_400_TS,TCGA-E9-A1N9,TCGA-E9-A1N9-01A
3,train,TCGA-E9-A1NA-01A_36_TS,TCGA-E9-A1NA,TCGA-E9-A1NA-01A
3,train,TCGA-E9-A1NF-01A_1040_TS,TCGA-E9-A1NF,TCGA-E9-A1NF-01A
3,train,TCGA-E9-A1NG-01A_1202_TS,TCGA-E9-A1NG,TCGA-E9-A1NG-01A
3,train,TCGA-E9-A1QZ-01A_861_TS,TCGA-E9-A1QZ,TCGA-E9-A1QZ-01A
3,train,TCGA-E9-A1R0-01A_1444_TS,TCGA-E9-A1R0,TCGA-E9-A1R0-01A
3,train,TCGA-E9-A1R4-01A_822_TS,TCGA-E9-A1R4,TCGA-E9-A1R4-01A
3,train,TCGA-E9-A1R5-01A_1160_TS,TCGA-E9-A1R5,TCGA-E9-A1R5-01A
3,train,TCGA-E9-A1RA-01A_168_TS,TCGA-E9-A1RA,TCGA-E9-A1RA-01A
3,train,TCGA-E9-A1RB-01A_564_TS,TCGA-E9-A1RB,TCGA-E9-A1RB-01A
3,train,TCGA-E9-A1RE-01A_1342_TS,TCGA-E9-A1RE,TCGA-E9-A1RE-01A
3,train,TCGA-E9-A1RF-01A_1401_TS,TCGA-E9-A1RF,TCGA-E9-A1RF-01A
3,train,TCGA-E9-A1RI-01A_65_TS,TCGA-E9-A1RI,TCGA-E9-A1RI-01A
3,train,TCGA-E9-A226-01A_264_TS,TCGA-E9-A226,TCGA-E9-A226-01A
3,train,TCGA-E9-A229-01A_122_TS,TCGA-E9-A229,TCGA-E9-A229-01A
3,train,TCGA-E9-A22A-01A_847_TS,TCGA-E9-A22A,TCGA-E9-A22A-01A
3,train,TCGA-E9-A22E-01A_1198_TS,TCGA-E9-A22E,TCGA-E9-A22E-01A
3,train,TCGA-E9-A22G-01A_925_TS,TCGA-E9-A22G,TCGA-E9-A22G-01A
3,train,TCGA-E9-A244-01A_1279_TS,TCGA-E9-A244,TCGA-E9-A244-01A
3,train,TCGA-E9-A247-01A_817_TS,TCGA-E9-A247,TCGA-E9-A247-01A
3,train,TCGA-E9-A24A-01A_806_TS,TCGA-E9-A24A,TCGA-E9-A24A-01A
3,train,TCGA-E9-A295-01A_245_TS,TCGA-E9-A295,TCGA-E9-A295-01A
3,train,TCGA-E9-A3Q9-01A_1397_TS,TCGA-E9-A3Q9,TCGA-E9-A3Q9-01A
3,train,TCGA-E9-A3QA-01A_1395_TS,TCGA-E9-A3QA,TCGA-E9-A3QA-01A
3,train,TCGA-E9-A5FK-01A_1552_TS,TCGA-E9-A5FK,TCGA-E9-A5FK-01A
3,train,TCGA-E9-A5UO-01A_979_TS,TCGA-E9-A5UO,TCGA-E9-A5UO-01A
3,train,TCGA-EW-A1IW-01A_368_TS,TCGA-EW-A1IW,TCGA-EW-A1IW-01A
3,train,TCGA-EW-A1IX-01A_1161_TS,TCGA-EW-A1IX,TCGA-EW-A1IX-01A
3,train,TCGA-EW-A1J1-01A_1496_TS,TCGA-EW-A1J1,TCGA-EW-A1J1-01A
3,train,TCGA-EW-A1J2-01A_961_TS,TCGA-EW-A1J2,TCGA-EW-A1J2-01A
3,train,TCGA-EW-A1OV-01A_671_TS,TCGA-EW-A1OV,TCGA-EW-A1OV-01A
3,train,TCGA-EW-A1OW-01A_1503_TS,TCGA-EW-A1OW,TCGA-EW-A1OW-01A
3,train,TCGA-EW-A1OZ-01A_373_TS,TCGA-EW-A1OZ,TCGA-EW-A1OZ-01A
3,train,TCGA-EW-A1P0-01A_320_TS,TCGA-EW-A1P0,TCGA-EW-A1P0-01A
3,train,TCGA-EW-A1P4-01A_1406_TS,TCGA-EW-A1P4,TCGA-EW-A1P4-01A
3,train,TCGA-EW-A1P5-01A_1416_TS,TCGA-EW-A1P5,TCGA-EW-A1P5-01A
3,train,TCGA-EW-A1P8-01A_970_TS,TCGA-EW-A1P8,TCGA-EW-A1P8-01A
3,train,TCGA-EW-A1PA-01A_507_TS,TCGA-EW-A1PA,TCGA-EW-A1PA-01A
3,train,TCGA-EW-A1PD-01A_1448_TS,TCGA-EW-A1PD,TCGA-EW-A1PD-01A
3,train,TCGA-EW-A1PE-01A_1383_TS,TCGA-EW-A1PE,TCGA-EW-A1PE-01A
3,train,TCGA-EW-A1PH-01A_1048_TS,TCGA-EW-A1PH,TCGA-EW-A1PH-01A
3,train,TCGA-EW-A2FR-01A_684_TS,TCGA-EW-A2FR,TCGA-EW-A2FR-01A
3,train,TCGA-EW-A2FW-01A_821_TS,TCGA-EW-A2FW,TCGA-EW-A2FW-01A
3,train,TCGA-EW-A3E8-01B_1170_TS,TCGA-EW-A3E8,TCGA-EW-A3E8-01B
3,train,TCGA-EW-A424-01A_874_TS,TCGA-EW-A424,TCGA-EW-A424-01A
3,train,TCGA-EW-A6S9-01A_986_TS,TCGA-EW-A6S9,TCGA-EW-A6S9-01A
3,train,TCGA-EW-A6SC-01A_477_TS,TCGA-EW-A6SC,TCGA-EW-A6SC-01A
3,train,TCGA-EW-A6SD-01A_1015_TS,TCGA-EW-A6SD,TCGA-EW-A6SD-01A
3,train,TCGA-GM-A2D9-01A_594_TS,TCGA-GM-A2D9,TCGA-GM-A2D9-01A
3,train,TCGA-GM-A2DF-01A_46_TS,TCGA-GM-A2DF,TCGA-GM-A2DF-01A
3,train,TCGA-GM-A2DL-01A_1499_TS,TCGA-GM-A2DL,TCGA-GM-A2DL-01A
3,train,TCGA-GM-A2DM-01A_442_TS,TCGA-GM-A2DM,TCGA-GM-A2DM-01A
3,train,TCGA-GM-A3NW-01A_184_TS,TCGA-GM-A3NW,TCGA-GM-A3NW-01A
3,train,TCGA-GM-A3NY-01A_348_TS,TCGA-GM-A3NY,TCGA-GM-A3NY-01A
3,train,TCGA-GM-A3XN-01A_1343_TS,TCGA-GM-A3XN,TCGA-GM-A3XN-01A
3,train,TCGA-GM-A5PV-01A_56_TS,TCGA-GM-A5PV,TCGA-GM-A5PV-01A
3,train,TCGA-HN-A2OB-01A_223_TS,TCGA-HN-A2OB,TCGA-HN-A2OB-01A
3,train,TCGA-JL-A3YW-01A_620_TS,TCGA-JL-A3YW,TCGA-JL-A3YW-01A
3,train,TCGA-LD-A74U-01A_392_TS,TCGA-LD-A74U,TCGA-LD-A74U-01A
3,train,TCGA-LD-A7W5-01A_1204_TS,TCGA-LD-A7W5,TCGA-LD-A7W5-01A
3,train,TCGA-LL-A440-01A_87_TS,TCGA-LL-A440,TCGA-LL-A440-01A
3,train,TCGA-LL-A441-01A_807_TS,TCGA-LL-A441,TCGA-LL-A441-01A
3,train,TCGA-LL-A5YL-01A_1366_TS,TCGA-LL-A5YL,TCGA-LL-A5YL-01A
3,train,TCGA-LL-A5YM-01A_1384_TS,TCGA-LL-A5YM,TCGA-LL-A5YM-01A
3,train,TCGA-LL-A5YP-01A_898_TS,TCGA-LL-A5YP,TCGA-LL-A5YP-01A
3,train,TCGA-LL-A6FP-01A_9_TS,TCGA-LL-A6FP,TCGA-LL-A6FP-01A
3,train,TCGA-LL-A73Y-01A_1467_TS,TCGA-LL-A73Y,TCGA-LL-A73Y-01A
3,train,TCGA-LL-A73Z-01A_606_TS,TCGA-LL-A73Z,TCGA-LL-A73Z-01A
3,train,TCGA-LL-A7T0-01A_1240_TS,TCGA-LL-A7T0,TCGA-LL-A7T0-01A
3,train,TCGA-LL-A8F5-01A_215_TS,TCGA-LL-A8F5,TCGA-LL-A8F5-01A
3,train,TCGA-MS-A51U-01A_465_TS,TCGA-MS-A51U,TCGA-MS-A51U-01A
3,train,TCGA-OK-A5Q2-01A_289_TS,TCGA-OK-A5Q2,TCGA-OK-A5Q2-01A
3,train,TCGA-OL-A5D8-01A_341_TS,TCGA-OL-A5D8,TCGA-OL-A5D8-01A
3,train,TCGA-OL-A5DA-01A_337_TS,TCGA-OL-A5DA,TCGA-OL-A5DA-01A
3,train,TCGA-OL-A5RW-01A_1364_TS,TCGA-OL-A5RW,TCGA-OL-A5RW-01A
3,train,TCGA-OL-A5RX-01A_109_TS,TCGA-OL-A5RX,TCGA-OL-A5RX-01A
3,train,TCGA-OL-A5S0-01A_453_TS,TCGA-OL-A5S0,TCGA-OL-A5S0-01A
3,train,TCGA-OL-A66H-01A_104_TS,TCGA-OL-A66H,TCGA-OL-A66H-01A
3,train,TCGA-OL-A66K-01A_757_TS,TCGA-OL-A66K,TCGA-OL-A66K-01A
3,train,TCGA-OL-A66L-01A_680_TS,TCGA-OL-A66L,TCGA-OL-A66L-01A
3,train,TCGA-OL-A66P-01A_487_TS,TCGA-OL-A66P,TCGA-OL-A66P-01A
3,train,TCGA-OL-A6VO-01A_567_TS,TCGA-OL-A6VO,TCGA-OL-A6VO-01A
3,train,TCGA-OL-A97C-01A_81_TS,TCGA-OL-A97C,TCGA-OL-A97C-01A
3,train,TCGA-PE-A5DC-01A_928_TS,TCGA-PE-A5DC,TCGA-PE-A5DC-01A
3,train,TCGA-S3-A6ZF-01A_408_TS,TCGA-S3-A6ZF,TCGA-S3-A6ZF-01A
3,train,TCGA-S3-A6ZG-01A_1417_TS,TCGA-S3-A6ZG,TCGA-S3-A6ZG-01A
3,train,TCGA-S3-AA10-01A_643_TS,TCGA-S3-AA10,TCGA-S3-AA10-01A
3,train,TCGA-S3-AA11-01A_38_TS,TCGA-S3-AA11,TCGA-S3-AA11-01A
3,train,TCGA-S3-AA15-01A_157_TS,TCGA-S3-AA15,TCGA-S3-AA15-01A
3,train,TCGA-S3-AA17-01A_324_TS,TCGA-S3-AA17,TCGA-S3-AA17-01A
3,train,TCGA-V7-A7HQ-01A_1287_TS,TCGA-V7-A7HQ,TCGA-V7-A7HQ-01A
3,train,TCGA-W8-A86G-01A_1153_TS,TCGA-W8-A86G,TCGA-W8-A86G-01A
3,train,TCGA-XX-A89A-01A_783_TS,TCGA-XX-A89A,TCGA-XX-A89A-01A
3,train,TCGA-Z7-A8R5-01A_82_TS,TCGA-Z7-A8R5,TCGA-Z7-A8R5-01A
3,val,TCGA-3C-AALI-01A_1280_TS,TCGA-3C-AALI,TCGA-3C-AALI-01A
3,val,TCGA-4H-AAAK-01A_1006_TS,TCGA-4H-AAAK,TCGA-4H-AAAK-01A
3,val,TCGA-A1-A0SE-01A_1506_TS,TCGA-A1-A0SE,TCGA-A1-A0SE-01A
3,val,TCGA-A1-A0SE-01A_725_TS,TCGA-A1-A0SE,TCGA-A1-A0SE-01A
3,val,TCGA-A1-A0SI-01A_1193_TS,TCGA-A1-A0SI,TCGA-A1-A0SI-01A
3,val,TCGA-A1-A0SI-01A_1411_TS,TCGA-A1-A0SI,TCGA-A1-A0SI-01A
3,val,TCGA-A1-A0SN-01A_750_TS,TCGA-A1-A0SN,TCGA-A1-A0SN-01A
3,val,TCGA-A1-A0SN-01A_752_TS,TCGA-A1-A0SN,TCGA-A1-A0SN-01A
3,val,TCGA-A2-A04N-01A_1250_TS,TCGA-A2-A04N,TCGA-A2-A04N-01A
3,val,TCGA-A2-A04N-01A_1251_TS,TCGA-A2-A04N,TCGA-A2-A04N-01A
3,val,TCGA-A2-A04U-01A_418_TS,TCGA-A2-A04U,TCGA-A2-A04U-01A
3,val,TCGA-A2-A04U-01A_506_TS,TCGA-A2-A04U,TCGA-A2-A04U-01A
3,val,TCGA-A2-A0CL-01A_61_TS,TCGA-A2-A0CL,TCGA-A2-A0CL-01A
3,val,TCGA-A2-A0CL-01A_772_TS,TCGA-A2-A0CL,TCGA-A2-A0CL-01A
3,val,TCGA-A2-A0CQ-01A_58_TS,TCGA-A2-A0CQ,TCGA-A2-A0CQ-01A
3,val,TCGA-A2-A0CQ-01A_768_TS,TCGA-A2-A0CQ,TCGA-A2-A0CQ-01A
3,val,TCGA-A2-A0CU-01A_141_TS,TCGA-A2-A0CU,TCGA-A2-A0CU-01A
3,val,TCGA-A2-A0CU-01A_559_TS,TCGA-A2-A0CU,TCGA-A2-A0CU-01A
3,val,TCGA-A2-A0CZ-01A_1207_TS,TCGA-A2-A0CZ,TCGA-A2-A0CZ-01A
3,val,TCGA-A2-A0CZ-01A_1420_TS,TCGA-A2-A0CZ,TCGA-A2-A0CZ-01A
3,val,TCGA-A2-A0D3-01A_493_TS,TCGA-A2-A0D3,TCGA-A2-A0D3-01A
3,val,TCGA-A2-A0D3-01A_497_TS,TCGA-A2-A0D3,TCGA-A2-A0D3-01A
3,val,TCGA-A2-A0EO-01A_1140_TS,TCGA-A2-A0EO,TCGA-A2-A0EO-01A
3,val,TCGA-A2-A0EO-01A_946_TS,TCGA-A2-A0EO,TCGA-A2-A0EO-01A
3,val,TCGA-A2-A0EP-01A_826_TS,TCGA-A2-A0EP,TCGA-A2-A0EP-01A
3,val,TCGA-A2-A0ET-01A_1136_TS,TCGA-A2-A0ET,TCGA-A2-A0ET-01A
3,val,TCGA-A2-A0ET-01A_850_TS,TCGA-A2-A0ET,TCGA-A2-A0ET-01A
3,val,TCGA-A2-A0EX-01A_1007_TS,TCGA-A2-A0EX,TCGA-A2-A0EX-01A
3,val,TCGA-A2-A0EX-01A_902_TS,TCGA-A2-A0EX,TCGA-A2-A0EX-01A
3,val,TCGA-A2-A0SV-01A_1024_TS,TCGA-A2-A0SV,TCGA-A2-A0SV-01A
3,val,TCGA-A2-A0SV-01A_924_TS,TCGA-A2-A0SV,TCGA-A2-A0SV-01A
3,val,TCGA-A2-A0T0-01A_220_TS,TCGA-A2-A0T0,TCGA-A2-A0T0-01A
3,val,TCGA-A2-A0T0-01A_300_TS,TCGA-A2-A0T0,TCGA-A2-A0T0-01A
3,val,TCGA-A2-A0T4-01A_688_TS,TCGA-A2-A0T4,TCGA-A2-A0T4-01A
3,val,TCGA-A2-A0T4-01A_689_TS,TCGA-A2-A0T4,TCGA-A2-A0T4-01A
3,val,TCGA-A2-A0YC-01A_616_TS,TCGA-A2-A0YC,TCGA-A2-A0YC-01A
3,val,TCGA-A2-A0YC-01A_617_TS,TCGA-A2-A0YC,TCGA-A2-A0YC-01A
3,val,TCGA-A2-A0YG-01A_1398_TS,TCGA-A2-A0YG,TCGA-A2-A0YG-01A
3,val,TCGA-A2-A0YG-01A_1482_TS,TCGA-A2-A0YG,TCGA-A2-A0YG-01A
3,val,TCGA-A2-A0YK-01A_470_TS,TCGA-A2-A0YK,TCGA-A2-A0YK-01A
3,val,TCGA-A2-A0YK-01A_471_TS,TCGA-A2-A0YK,TCGA-A2-A0YK-01A
3,val,TCGA-A2-A1G0-01A_1037_TS,TCGA-A2-A1G0,TCGA-A2-A1G0-01A
3,val,TCGA-A2-A259-01A_33_TS,TCGA-A2-A259,TCGA-A2-A259-01A
3,val,TCGA-A2-A25D-01A_655_TS,TCGA-A2-A25D,TCGA-A2-A25D-01A
3,val,TCGA-A2-A3KD-01A_69_TS,TCGA-A2-A3KD,TCGA-A2-A3KD-01A
3,val,TCGA-A2-A3XV-01A_1230_TS,TCGA-A2-A3XV,TCGA-A2-A3XV-01A
3,val,TCGA-A2-A3XZ-01A_244_TS,TCGA-A2-A3XZ,TCGA-A2-A3XZ-01A
3,val,TCGA-A2-A4RY-01A_535_TS,TCGA-A2-A4RY,TCGA-A2-A4RY-01A
3,val,TCGA-A2-A4S3-01A_314_TS,TCGA-A2-A4S3,TCGA-A2-A4S3-01A
3,val,TCGA-A7-A0CD-01A_10_TS,TCGA-A7-A0CD,TCGA-A7-A0CD-01A
3,val,TCGA-A7-A0CD-01A_8_TS,TCGA-A7-A0CD,TCGA-A7-A0CD-01A
3,val,TCGA-A7-A0CJ-01A_187_TS,TCGA-A7-A0CJ,TCGA-A7-A0CJ-01A
3,val,TCGA-A7-A0CJ-01A_258_TS,TCGA-A7-A0CJ,TCGA-A7-A0CJ-01A
3,val,TCGA-A7-A13F-01A_1370_TS,TCGA-A7-A13F,TCGA-A7-A13F-01A
3,val,TCGA-A7-A13F-01A_649_TS,TCGA-A7-A13F,TCGA-A7-A13F-01A
3,val,TCGA-A7-A26J-01A_1004_TS,TCGA-A7-A26J,TCGA-A7-A26J-01A
3,val,TCGA-A7-A3J0-01A_179_TS,TCGA-A7-A3J0,TCGA-A7-A3J0-01A
3,val,TCGA-A7-A426-01A_1283_TS,TCGA-A7-A426,TCGA-A7-A426-01A
3,val,TCGA-A7-A4SD-01A_585_TS,TCGA-A7-A4SD,TCGA-A7-A4SD-01A
3,val,TCGA-A7-A5ZV-01A_96_TS,TCGA-A7-A5ZV,TCGA-A7-A5ZV-01A
3,val,TCGA-A7-A6VW-01A_241_TS,TCGA-A7-A6VW,TCGA-A7-A6VW-01A
3,val,TCGA-A8-A06P-01A_30_TS,TCGA-A8-A06P,TCGA-A8-A06P-01A
3,val,TCGA-A8-A06P-01A_744_TS,TCGA-A8-A06P,TCGA-A8-A06P-01A
3,val,TCGA-A8-A06Y-01A_1228_TS,TCGA-A8-A06Y,TCGA-A8-A06Y-01A
3,val,TCGA-A8-A06Y-01A_1412_TS,TCGA-A8-A06Y,TCGA-A8-A06Y-01A
3,val,TCGA-A8-A079-01A_248_TS,TCGA-A8-A079,TCGA-A8-A079-01A
3,val,TCGA-A8-A079-01A_413_TS,TCGA-A8-A079,TCGA-A8-A079-01A
3,val,TCGA-A8-A07F-01A_1139_TS,TCGA-A8-A07F,TCGA-A8-A07F-01A
3,val,TCGA-A8-A07F-01A_945_TS,TCGA-A8-A07F,TCGA-A8-A07F-01A
3,val,TCGA-A8-A07J-01A_74_TS,TCGA-A8-A07J,TCGA-A8-A07J-01A
3,val,TCGA-A8-A07J-01A_75_TS,TCGA-A8-A07J,TCGA-A8-A07J-01A
3,val,TCGA-A8-A07J-01A_792_TS,TCGA-A8-A07J,TCGA-A8-A07J-01A
3,val,TCGA-A8-A07O-01A_463_TS,TCGA-A8-A07O,TCGA-A8-A07O-01A
3,val,TCGA-A8-A07O-01A_553_TS,TCGA-A8-A07O,TCGA-A8-A07O-01A
3,val,TCGA-A8-A07U-01A_994_TS,TCGA-A8-A07U,TCGA-A8-A07U-01A
3,val,TCGA-A8-A07U-01A_995_TS,TCGA-A8-A07U,TCGA-A8-A07U-01A
3,val,TCGA-A8-A082-01A_541_TS,TCGA-A8-A082,TCGA-A8-A082-01A
3,val,TCGA-A8-A082-01A_543_TS,TCGA-A8-A082,TCGA-A8-A082-01A
3,val,TCGA-A8-A086-01A_321_TS,TCGA-A8-A086,TCGA-A8-A086-01A
3,val,TCGA-A8-A086-01A_410_TS,TCGA-A8-A086,TCGA-A8-A086-01A
3,val,TCGA-A8-A08F-01A_1104_TS,TCGA-A8-A08F,TCGA-A8-A08F-01A
3,val,TCGA-A8-A08F-01A_5_TS,TCGA-A8-A08F,TCGA-A8-A08F-01A
3,val,TCGA-A8-A08L-01A_332_TS,TCGA-A8-A08L,TCGA-A8-A08L-01A
3,val,TCGA-A8-A08L-01A_584_TS,TCGA-A8-A08L,TCGA-A8-A08L-01A
3,val,TCGA-A8-A08S-01A_775_TS,TCGA-A8-A08S,TCGA-A8-A08S-01A
3,val,TCGA-A8-A08S-01A_776_TS,TCGA-A8-A08S,TCGA-A8-A08S-01A
3,val,TCGA-A8-A090-01A_1537_TS,TCGA-A8-A090,TCGA-A8-A090-01A
3,val,TCGA-A8-A090-01A_1546_TS,TCGA-A8-A090,TCGA-A8-A090-01A
3,val,TCGA-A8-A094-01A_233_TS,TCGA-A8-A094,TCGA-A8-A094-01A
3,val,TCGA-A8-A094-01A_399_TS,TCGA-A8-A094,TCGA-A8-A094-01A
3,val,TCGA-A8-A099-01A_1489_TS,TCGA-A8-A099,TCGA-A8-A099-01A
3,val,TCGA-A8-A099-01A_710_TS,TCGA-A8-A099,TCGA-A8-A099-01A
3,val,TCGA-A8-A09E-01A_0_TS,TCGA-A8-A09E,TCGA-A8-A09E-01A
3,val,TCGA-A8-A09E-01A_1159_TS,TCGA-A8-A09E,TCGA-A8-A09E-01A
3,val,TCGA-A8-A09M-01A_304_TS,TCGA-A8-A09M,TCGA-A8-A09M-01A
3,val,TCGA-A8-A09M-01A_568_TS,TCGA-A8-A09M,TCGA-A8-A09M-01A
3,val,TCGA-A8-A09T-01A_1026_TS,TCGA-A8-A09T,TCGA-A8-A09T-01A
3,val,TCGA-A8-A09T-01A_831_TS,TCGA-A8-A09T,TCGA-A8-A09T-01A
3,val,TCGA-A8-A09Z-01A_316_TS,TCGA-A8-A09Z,TCGA-A8-A09Z-01A
3,val,TCGA-A8-A09Z-01A_485_TS,TCGA-A8-A09Z,TCGA-A8-A09Z-01A
3,val,TCGA-A8-A0A7-01A_317_TS,TCGA-A8-A0A7,TCGA-A8-A0A7-01A
3,val,TCGA-A8-A0A7-01A_402_TS,TCGA-A8-A0A7,TCGA-A8-A0A7-01A
3,val,TCGA-AC-A23C-01A_665_TS,TCGA-AC-A23C,TCGA-AC-A23C-01A
3,val,TCGA-AC-A2B8-01A_612_TS,TCGA-AC-A2B8,TCGA-AC-A2B8-01A
3,val,TCGA-AC-A2FE-01A_1433_TS,TCGA-AC-A2FE,TCGA-AC-A2FE-01A
3,val,TCGA-AC-A2FM-01A_1545_TS,TCGA-AC-A2FM,TCGA-AC-A2FM-01A
3,val,TCGA-AC-A2QH-01B_14_TS,TCGA-AC-A2QH,TCGA-AC-A2QH-01B
3,val,TCGA-AC-A2QH-01B_820_TS,TCGA-AC-A2QH,TCGA-AC-A2QH-01B
3,val,TCGA-AC-A3BB-01A_636_TS,TCGA-AC-A3BB,TCGA-AC-A3BB-01A
3,val,TCGA-AC-A3TM-01A_805_TS,TCGA-AC-A3TM,TCGA-AC-A3TM-01A
3,val,TCGA-AC-A3W7-01A_858_TS,TCGA-AC-A3W7,TCGA-AC-A3W7-01A
3,val,TCGA-AC-A5EH-01A_1446_TS,TCGA-AC-A5EH,TCGA-AC-A5EH-01A
3,val,TCGA-AC-A62X-01A_67_TS,TCGA-AC-A62X,TCGA-AC-A62X-01A
3,val,TCGA-AC-A6IX-01A_1088_TS,TCGA-AC-A6IX,TCGA-AC-A6IX-01A
3,val,TCGA-AC-A8OP-01A_1018_TS,TCGA-AC-A8OP,TCGA-AC-A8OP-01A
3,val,TCGA-AN-A041-01A_251_TS,TCGA-AN-A041,TCGA-AN-A041-01A
3,val,TCGA-AN-A041-01A_417_TS,TCGA-AN-A041,TCGA-AN-A041-01A
3,val,TCGA-AN-A04C-01A_1097_TS,TCGA-AN-A04C,TCGA-AN-A04C-01A
3,val,TCGA-AN-A04C-01A_86_TS,TCGA-AN-A04C,TCGA-AN-A04C-01A
3,val,TCGA-AN-A0AL-01A_608_TS,TCGA-AN-A0AL,TCGA-AN-A0AL-01A
3,val,TCGA-AN-A0AL-01A_609_TS,TCGA-AN-A0AL,TCGA-AN-A0AL-01A
3,val,TCGA-AN-A0AT-01A_622_TS,TCGA-AN-A0AT,TCGA-AN-A0AT-01A
3,val,TCGA-AN-A0AT-01A_623_TS,TCGA-AN-A0AT,TCGA-AN-A0AT-01A
3,val,TCGA-AN-A0FK-01A_178_TS,TCGA-AN-A0FK,TCGA-AN-A0FK-01A
3,val,TCGA-AN-A0FK-01A_588_TS,TCGA-AN-A0FK,TCGA-AN-A0FK-01A
3,val,TCGA-AN-A0FV-01A_177_TS,TCGA-AN-A0FV,TCGA-AN-A0FV-01A
3,val,TCGA-AN-A0FV-01A_256_TS,TCGA-AN-A0FV,TCGA-AN-A0FV-01A
3,val,TCGA-AN-A0FZ-01A_44_TS,TCGA-AN-A0FZ,TCGA-AN-A0FZ-01A
3,val,TCGA-AN-A0FZ-01A_843_TS,TCGA-AN-A0FZ,TCGA-AN-A0FZ-01A
3,val,TCGA-AN-A0XO-01A_1229_TS,TCGA-AN-A0XO,TCGA-AN-A0XO-01A
3,val,TCGA-AN-A0XO-01A_1255_TS,TCGA-AN-A0XO,TCGA-AN-A0XO-01A
3,val,TCGA-AN-A0XT-01A_604_TS,TCGA-AN-A0XT,TCGA-AN-A0XT-01A
3,val,TCGA-AN-A0XT-01A_605_TS,TCGA-AN-A0XT,TCGA-AN-A0XT-01A
3,val,TCGA-AO-A03L-01A_1101_TS,TCGA-AO-A03L,TCGA-AO-A03L-01A
3,val,TCGA-AO-A03L-01A_596_TS,TCGA-AO-A03L,TCGA-AO-A03L-01A
3,val,TCGA-AO-A03U-01B_627_TS,TCGA-AO-A03U,TCGA-AO-A03U-01B
3,val,TCGA-AO-A03U-01B_628_TS,TCGA-AO-A03U,TCGA-AO-A03U-01B
3,val,TCGA-AO-A0J5-01A_1109_TS,TCGA-AO-A0J5,TCGA-AO-A0J5-01A
3,val,TCGA-AO-A0J5-01A_814_TS,TCGA-AO-A0J5,TCGA-AO-A0J5-01A
3,val,TCGA-AO-A0JA-01A_1513_TS,TCGA-AO-A0JA,TCGA-AO-A0JA-01A
3,val,TCGA-AO-A0JA-01A_1553_TS,TCGA-AO-A0JA,TCGA-AO-A0JA-01A
3,val,TCGA-AO-A0JF-01A_1380_TS,TCGA-AO-A0JF,TCGA-AO-A0JF-01A
3,val,TCGA-AO-A0JF-01A_1434_TS,TCGA-AO-A0JF,TCGA-AO-A0JF-01A
3,val,TCGA-AO-A0JM-01A_282_TS,TCGA-AO-A0JM,TCGA-AO-A0JM-01A
3,val,TCGA-AO-A0JM-01A_454_TS,TCGA-AO-A0JM,TCGA-AO-A0JM-01A
3,val,TCGA-AO-A128-01A_1032_TS,TCGA-AO-A128,TCGA-AO-A128-01A
3,val,TCGA-AO-A128-01A_1135_TS,TCGA-AO-A128,TCGA-AO-A128-01A
3,val,TCGA-AO-A12C-01A_79_TS,TCGA-AO-A12C,TCGA-AO-A12C-01A
3,val,TCGA-AO-A12C-01A_989_TS,TCGA-AO-A12C,TCGA-AO-A12C-01A
3,val,TCGA-AO-A12H-01A_1073_TS,TCGA-AO-A12H,TCGA-AO-A12H-01A
3,val,TCGA-AO-A12H-01A_1163_TS,TCGA-AO-A12H,TCGA-AO-A12H-01A
3,val,TCGA-AO-A1KO-01A_1485_TS,TCGA-AO-A1KO,TCGA-AO-A1KO-01A
3,val,TCGA-AO-A1KT-01A_1246_TS,TCGA-AO-A1KT,TCGA-AO-A1KT-01A
3,val,TCGA-AQ-A0Y5-01A_6_TS,TCGA-AQ-A0Y5,TCGA-AQ-A0Y5-01A
3,val,TCGA-AQ-A0Y5-01A_7_TS,TCGA-AQ-A0Y5,TCGA-AQ-A0Y5-01A
3,val,TCGA-AQ-A54O-01A_138_TS,TCGA-AQ-A54O,TCGA-AQ-A54O-01A
3,val,TCGA-AR-A0TS-01A_931_TS,TCGA-AR-A0TS,TCGA-AR-A0TS-01A
3,val,TCGA-AR-A0TS-01A_933_TS,TCGA-AR-A0TS,TCGA-AR-A0TS-01A
3,val,TCGA-AR-A0TW-01A_1029_TS,TCGA-AR-A0TW,TCGA-AR-A0TW-01A
3,val,TCGA-AR-A0TW-01A_42_TS,TCGA-AR-A0TW,TCGA-AR-A0TW-01A
3,val,TCGA-AR-A0U0-01A_736_TS,TCGA-AR-A0U0,TCGA-AR-A0U0-01A
3,val,TCGA-AR-A0U0-01A_816_TS,TCGA-AR-A0U0,TCGA-AR-A0U0-01A
3,val,TCGA-AR-A1AK-01A_563_TS,TCGA-AR-A1AK,TCGA-AR-A1AK-01A
3,val,TCGA-AR-A1AO-01A_225_TS,TCGA-AR-A1AO,TCGA-AR-A1AO-01A
3,val,TCGA-AR-A1AS-01A_862_TS,TCGA-AR-A1AS,TCGA-AR-A1AS-01A
3,val,TCGA-AR-A1AW-01A_1422_TS,TCGA-AR-A1AW,TCGA-AR-A1AW-01A
3,val,TCGA-AR-A24K-01A_964_TS,TCGA-AR-A24K,TCGA-AR-A24K-01A
3,val,TCGA-AR-A24O-01A_1008_TS,TCGA-AR-A24O,TCGA-AR-A24O-01A
3,val,TCGA-AR-A24S-01A_80_TS,TCGA-AR-A24S,TCGA-AR-A24S-01A
3,val,TCGA-AR-A24W-01A_1090_TS,TCGA-AR-A24W,TCGA-AR-A24W-01A
3,val,TCGA-AR-A251-01A_205_TS,TCGA-AR-A251,TCGA-AR-A251-01A
3,val,TCGA-AR-A256-01A_1243_TS,TCGA-AR-A256,TCGA-AR-A256-01A
3,val,TCGA-AR-A2LL-01A_19_TS,TCGA-AR-A2LL,TCGA-AR-A2LL-01A
3,val,TCGA-AR-A2LQ-01A_238_TS,TCGA-AR-A2LQ,TCGA-AR-A2LQ-01A
3,val,TCGA-AR-A5QP-01A_659_TS,TCGA-AR-A5QP,TCGA-AR-A5QP-01A
3,val,TCGA-B6-A0I1-01A_114_TS,TCGA-B6-A0I1,TCGA-B6-A0I1-01A
3,val,TCGA-B6-A0I1-01A_201_TS,TCGA-B6-A0I1,TCGA-B6-A0I1-01A
3,val,TCGA-B6-A0I9-01A_113_TS,TCGA-B6-A0I9,TCGA-B6-A0I9-01A
3,val,TCGA-B6-A0I9-01A_367_TS,TCGA-B6-A0I9,TCGA-B6-A0I9-01A
3,val,TCGA-B6-A0IE-01A_859_TS,TCGA-B6-A0IE,TCGA-B6-A0IE-01A
3,val,TCGA-B6-A0IE-01A_860_TS,TCGA-B6-A0IE,TCGA-B6-A0IE-01A
3,val,TCGA-B6-A0IK-01A_18_TS,TCGA-B6-A0IK,TCGA-B6-A0IK-01A
3,val,TCGA-B6-A0IK-01A_915_TS,TCGA-B6-A0IK,TCGA-B6-A0IK-01A
3,val,TCGA-B6-A0IQ-01A_1188_TS,TCGA-B6-A0IQ,TCGA-B6-A0IQ-01A
3,val,TCGA-B6-A0IQ-01A_1360_TS,TCGA-B6-A0IQ,TCGA-B6-A0IQ-01A
3,val,TCGA-B6-A0RI-01A_164_TS,TCGA-B6-A0RI,TCGA-B6-A0RI-01A
3,val,TCGA-B6-A0RI-01A_327_TS,TCGA-B6-A0RI,TCGA-B6-A0RI-01A
3,val,TCGA-B6-A0RO-01A_1072_TS,TCGA-B6-A0RO,TCGA-B6-A0RO-01A
3,val,TCGA-B6-A0RO-01A_1074_TS,TCGA-B6-A0RO,TCGA-B6-A0RO-01A
3,val,TCGA-B6-A0RT-01A_948_TS,TCGA-B6-A0RT,TCGA-B6-A0RT-01A
3,val,TCGA-B6-A0RT-01A_949_TS,TCGA-B6-A0RT,TCGA-B6-A0RT-01A
3,val,TCGA-B6-A0WT-01A_1143_TS,TCGA-B6-A0WT,TCGA-B6-A0WT-01A
3,val,TCGA-B6-A0WT-01A_853_TS,TCGA-B6-A0WT,TCGA-B6-A0WT-01A
3,val,TCGA-B6-A0WY-01A_1075_TS,TCGA-B6-A0WY,TCGA-B6-A0WY-01A
3,val,TCGA-B6-A0WY-01A_1078_TS,TCGA-B6-A0WY,TCGA-B6-A0WY-01A
3,val,TCGA-B6-A0X4-01A_419_TS,TCGA-B6-A0X4,TCGA-B6-A0X4-01A
3,val,TCGA-B6-A0X4-01A_508_TS,TCGA-B6-A0X4,TCGA-B6-A0X4-01A
3,val,TCGA-B6-A1KI-01A_37_TS,TCGA-B6-A1KI,TCGA-B6-A1KI-01A
3,val,TCGA-B6-A400-01A_1214_TS,TCGA-B6-A400,TCGA-B6-A400-01A
3,val,TCGA-B6-A409-01A_1267_TS,TCGA-B6-A409,TCGA-B6-A409-01A
3,val,TCGA-BH-A0AW-01A_1526_TS,TCGA-BH-A0AW,TCGA-BH-A0AW-01A
3,val,TCGA-BH-A0AW-01A_1528_TS,TCGA-BH-A0AW,TCGA-BH-A0AW-01A
3,val,TCGA-BH-A0B2-01A_1114_TS,TCGA-BH-A0B2,TCGA-BH-A0B2-01A
3,val,TCGA-BH-A0B2-01A_773_TS,TCGA-BH-A0B2,TCGA-BH-A0B2-01A
3,val,TCGA-BH-A0B7-01A_1302_TS,TCGA-BH-A0B7,TCGA-BH-A0B7-01A
3,val,TCGA-BH-A0B7-01A_1349_TS,TCGA-BH-A0B7,TCGA-BH-A0B7-01A
3,val,TCGA-BH-A0BC-01A_330_TS,TCGA-BH-A0BC,TCGA-BH-A0BC-01A
3,val,TCGA-BH-A0BC-01A_499_TS,TCGA-BH-A0BC,TCGA-BH-A0BC-01A
3,val,TCGA-BH-A0BJ-01A_1256_TS,TCGA-BH-A0BJ,TCGA-BH-A0BJ-01A
3,val,TCGA-BH-A0BJ-01A_432_TS,TCGA-BH-A0BJ,TCGA-BH-A0BJ-01A
3,val,TCGA-BH-A0BP-01A_1491_TS,TCGA-BH-A0BP,TCGA-BH-A0BP-01A
3,val,TCGA-BH-A0BP-01A_711_TS,TCGA-BH-A0BP,TCGA-BH-A0BP-01A
3,val,TCGA-BH-A0BT-01A_1350_TS,TCGA-BH-A0BT,TCGA-BH-A0BT-01A
3,val,TCGA-BH-A0BT-01A_1365_TS,TCGA-BH-A0BT,TCGA-BH-A0BT-01A
3,val,TCGA-BH-A0C0-01A_1011_TS,TCGA-BH-A0C0,TCGA-BH-A0C0-01A
3,val,TCGA-BH-A0C0-01A_1113_TS,TCGA-BH-A0C0,TCGA-BH-A0C0-01A
3,val,TCGA-BH-A0DD-01A_259_TS,TCGA-BH-A0DD,TCGA-BH-A0DD-01A
3,val,TCGA-BH-A0DD-01A_514_TS,TCGA-BH-A0DD,TCGA-BH-A0DD-01A
3,val,TCGA-BH-A0DK-01A_1389_TS,TCGA-BH-A0DK,TCGA-BH-A0DK-01A
3,val,TCGA-BH-A0DK-01A_1442_TS,TCGA-BH-A0DK,TCGA-BH-A0DK-01A
3,val,TCGA-BH-A0DQ-01A_597_TS,TCGA-BH-A0DQ,TCGA-BH-A0DQ-01A
3,val,TCGA-BH-A0DQ-01A_598_TS,TCGA-BH-A0DQ,TCGA-BH-A0DQ-01A
3,val,TCGA-BH-A0DX-01A_1291_TS,TCGA-BH-A0DX,TCGA-BH-A0DX-01A
3,val,TCGA-BH-A0DX-01A_1332_TS,TCGA-BH-A0DX,TCGA-BH-A0DX-01A
3,val,TCGA-BH-A0E6-01A_1095_TS,TCGA-BH-A0E6,TCGA-BH-A0E6-01A
3,val,TCGA-BH-A0E6-01A_85_TS,TCGA-BH-A0E6,TCGA-BH-A0E6-01A
3,val,TCGA-BH-A0EB-01A_1390_TS,TCGA-BH-A0EB,TCGA-BH-A0EB-01A
3,val,TCGA-BH-A0EB-01A_1474_TS,TCGA-BH-A0EB,TCGA-BH-A0EB-01A
3,val,TCGA-BH-A0H3-01A_1180_TS,TCGA-BH-A0H3,TCGA-BH-A0H3-01A
3,val,TCGA-BH-A0H3-01A_1331_TS,TCGA-BH-A0H3,TCGA-BH-A0H3-01A
3,val,TCGA-BH-A0H9-01A_1151_TS,TCGA-BH-A0H9,TCGA-BH-A0H9-01A
3,val,TCGA-BH-A0H9-01A_968_TS,TCGA-BH-A0H9,TCGA-BH-A0H9-01A
3,val,TCGA-BH-A0HI-01A_211_TS,TCGA-BH-A0HI,TCGA-BH-A0HI-01A
3,val,TCGA-BH-A0HL-01A_855_TS,TCGA-BH-A0HL,TCGA-BH-A0HL-01A
3,val,TCGA-BH-A0HL-01A_956_TS,TCGA-BH-A0HL,TCGA-BH-A0HL-01A
3,val,TCGA-BH-A0HQ-01A_1431_TS,TCGA-BH-A0HQ,TCGA-BH-A0HQ-01A
3,val,TCGA-BH-A0HQ-01A_1432_TS,TCGA-BH-A0HQ,TCGA-BH-A0HQ-01A
3,val,TCGA-BH-A0HY-01A_155_TS,TCGA-BH-A0HY,TCGA-BH-A0HY-01A
3,val,TCGA-BH-A0HY-01A_489_TS,TCGA-BH-A0HY,TCGA-BH-A0HY-01A
3,val,TCGA-BH-A0W5-01A_832_TS,TCGA-BH-A0W5,TCGA-BH-A0W5-01A
3,val,TCGA-BH-A0W5-01A_935_TS,TCGA-BH-A0W5,TCGA-BH-A0W5-01A
3,val,TCGA-BH-A18I-01A_998_TS,TCGA-BH-A18I,TCGA-BH-A18I-01A
3,val,TCGA-BH-A18M-01A_1396_TS,TCGA-BH-A18M,TCGA-BH-A18M-01A
3,val,TCGA-BH-A18R-01A_1559_TS,TCGA-BH-A18R,TCGA-BH-A18R-01A
3,val,TCGA-BH-A18V-01A_1093_TS,TCGA-BH-A18V,TCGA-BH-A18V-01A
3,val,TCGA-BH-A1ET-01A_335_TS,TCGA-BH-A1ET,TCGA-BH-A1ET-01A
3,val,TCGA-BH-A1EX-01A_528_TS,TCGA-BH-A1EX,TCGA-BH-A1EX-01A
3,val,TCGA-BH-A1F5-01A_777_TS,TCGA-BH-A1F5,TCGA-BH-A1F5-01A
3,val,TCGA-BH-A1FC-01A_398_TS,TCGA-BH-A1FC,TCGA-BH-A1FC-01A
3,val,TCGA-BH-A1FJ-01A_1557_TS,TCGA-BH-A1FJ,TCGA-BH-A1FJ-01A
3,val,TCGA-BH-A1FU-01A_1502_TS,TCGA-BH-A1FU,TCGA-BH-A1FU-01A
3,val,TCGA-BH-A204-01A_621_TS,TCGA-BH-A204,TCGA-BH-A204-01A
3,val,TCGA-BH-A28Q-01A_747_TS,TCGA-BH-A28Q,TCGA-BH-A28Q-01A
3,val,TCGA-BH-A42V-01A_539_TS,TCGA-BH-A42V,TCGA-BH-A42V-01A
3,val,TCGA-BH-A6R9-01A_531_TS,TCGA-BH-A6R9,TCGA-BH-A6R9-01A
3,val,TCGA-BH-AB28-01A_1344_TS,TCGA-BH-AB28,TCGA-BH-AB28-01A
3,val,TCGA-C8-A12L-01A_111_TS,TCGA-C8-A12L,TCGA-C8-A12L-01A
3,val,TCGA-C8-A12L-01A_534_TS,TCGA-C8-A12L,TCGA-C8-A12L-01A
3,val,TCGA-C8-A12P-01A_666_TS,TCGA-C8-A12P,TCGA-C8-A12P-01A
3,val,TCGA-C8-A12P-01A_667_TS,TCGA-C8-A12P,TCGA-C8-A12P-01A
3,val,TCGA-C8-A12V-01A_848_TS,TCGA-C8-A12V,TCGA-C8-A12V-01A
3,val,TCGA-C8-A12V-01A_943_TS,TCGA-C8-A12V,TCGA-C8-A12V-01A
3,val,TCGA-C8-A12Z-01A_149_TS,TCGA-C8-A12Z,TCGA-C8-A12Z-01A
3,val,TCGA-C8-A12Z-01A_153_TS,TCGA-C8-A12Z,TCGA-C8-A12Z-01A
3,val,TCGA-C8-A133-01A_403_TS,TCGA-C8-A133,TCGA-C8-A133-01A
3,val,TCGA-C8-A133-01A_572_TS,TCGA-C8-A133,TCGA-C8-A133-01A
3,val,TCGA-C8-A1HI-01A_1010_TS,TCGA-C8-A1HI,TCGA-C8-A1HI-01A
3,val,TCGA-C8-A1HN-01A_1034_TS,TCGA-C8-A1HN,TCGA-C8-A1HN-01A
3,val,TCGA-C8-A26X-01A_883_TS,TCGA-C8-A26X,TCGA-C8-A26X-01A
3,val,TCGA-C8-A274-01A_739_TS,TCGA-C8-A274,TCGA-C8-A274-01A
3,val,TCGA-C8-A27B-01A_1472_TS,TCGA-C8-A27B,TCGA-C8-A27B-01A
3,val,TCGA-C8-A8HR-01A_346_TS,TCGA-C8-A8HR,TCGA-C8-A8HR-01A
3,val,TCGA-D8-A13Y-01A_1197_TS,TCGA-D8-A13Y,TCGA-D8-A13Y-01A
3,val,TCGA-D8-A13Y-01A_1249_TS,TCGA-D8-A13Y,TCGA-D8-A13Y-01A
3,val,TCGA-D8-A142-01A_294_TS,TCGA-D8-A142,TCGA-D8-A142-01A
3,val,TCGA-D8-A142-01A_379_TS,TCGA-D8-A142,TCGA-D8-A142-01A
3,val,TCGA-D8-A1JA-01A_1096_TS,TCGA-D8-A1JA,TCGA-D8-A1JA-01A
3,val,TCGA-D8-A1JE-01A_595_TS,TCGA-D8-A1JE,TCGA-D8-A1JE-01A
3,val,TCGA-D8-A1JI-01A_192_TS,TCGA-D8-A1JI,TCGA-D8-A1JI-01A
3,val,TCGA-D8-A1JM-01A_607_TS,TCGA-D8-A1JM,TCGA-D8-A1JM-01A
3,val,TCGA-D8-A1JT-01A_374_TS,TCGA-D8-A1JT,TCGA-D8-A1JT-01A
3,val,TCGA-D8-A1X7-01A_466_TS,TCGA-D8-A1X7,TCGA-D8-A1X7-01A
3,val,TCGA-D8-A1XB-01A_742_TS,TCGA-D8-A1XB,TCGA-D8-A1XB-01A
3,val,TCGA-D8-A1XG-01A_1322_TS,TCGA-D8-A1XG,TCGA-D8-A1XG-01A
3,val,TCGA-D8-A1XM-01A_295_TS,TCGA-D8-A1XM,TCGA-D8-A1XM-01A
3,val,TCGA-D8-A1XS-01A_1182_TS,TCGA-D8-A1XS,TCGA-D8-A1XS-01A
3,val,TCGA-D8-A1XW-01A_1562_TS,TCGA-D8-A1XW,TCGA-D8-A1XW-01A
3,val,TCGA-D8-A1Y1-01A_228_TS,TCGA-D8-A1Y1,TCGA-D8-A1Y1-01A
3,val,TCGA-D8-A27F-01A_1271_TS,TCGA-D8-A27F,TCGA-D8-A27F-01A
3,val,TCGA-D8-A27K-01A_1047_TS,TCGA-D8-A27K,TCGA-D8-A27K-01A
3,val,TCGA-D8-A27P-01A_719_TS,TCGA-D8-A27P,TCGA-D8-A27P-01A
3,val,TCGA-D8-A27W-01A_865_TS,TCGA-D8-A27W,TCGA-D8-A27W-01A
3,val,TCGA-D8-A73U-01A_385_TS,TCGA-D8-A73U,TCGA-D8-A73U-01A
3,val,TCGA-E2-A105-01A_686_TS,TCGA-E2-A105,TCGA-E2-A105-01A
3,val,TCGA-E2-A105-01A_687_TS,TCGA-E2-A105,TCGA-E2-A105-01A
3,val,TCGA-E2-A109-01A_1385_TS,TCGA-E2-A109,TCGA-E2-A109-01A
3,val,TCGA-E2-A109-01A_1492_TS,TCGA-E2-A109,TCGA-E2-A109-01A
3,val,TCGA-E2-A10E-01A_181_TS,TCGA-E2-A10E,TCGA-E2-A10E-01A
3,val,TCGA-E2-A10E-01A_98_TS,TCGA-E2-A10E,TCGA-E2-A10E-01A
3,val,TCGA-E2-A14O-01A_488_TS,TCGA-E2-A14O,TCGA-E2-A14O-01A
3,val,TCGA-E2-A14S-01A_1044_TS,TCGA-E2-A14S,TCGA-E2-A14S-01A
3,val,TCGA-E2-A14W-01A_1471_TS,TCGA-E2-A14W,TCGA-E2-A14W-01A
3,val,TCGA-E2-A150-01A_502_TS,TCGA-E2-A150,TCGA-E2-A150-01A
3,val,TCGA-E2-A155-01A_1121_TS,TCGA-E2-A155,TCGA-E2-A155-01A
3,val,TCGA-E2-A15A-01A_991_TS,TCGA-E2-A15A,TCGA-E2-A15A-01A
3,val,TCGA-E2-A15F-01A_716_TS,TCGA-E2-A15F,TCGA-E2-A15F-01A
3,val,TCGA-E2-A15J-01A_1340_TS,TCGA-E2-A15J,TCGA-E2-A15J-01A
3,val,TCGA-E2-A15O-01A_1387_TS,TCGA-E2-A15O,TCGA-E2-A15O-01A
3,val,TCGA-E2-A15T-01A_758_TS,TCGA-E2-A15T,TCGA-E2-A15T-01A
3,val,TCGA-E2-A1B4-01A_431_TS,TCGA-E2-A1B4,TCGA-E2-A1B4-01A
3,val,TCGA-E2-A1BD-01A_95_TS,TCGA-E2-A1BD,TCGA-E2-A1BD-01A
3,val,TCGA-E2-A1IH-01A_1490_TS,TCGA-E2-A1IH,TCGA-E2-A1IH-01A
3,val,TCGA-E2-A1IL-01A_1563_TS,TCGA-E2-A1IL,TCGA-E2-A1IL-01A
3,val,TCGA-E2-A1L6-01A_73_TS,TCGA-E2-A1L6,TCGA-E2-A1L6-01A
3,val,TCGA-E2-A1LA-01A_285_TS,TCGA-E2-A1LA,TCGA-E2-A1LA-01A
3,val,TCGA-E2-A1LI-01A_1021_TS,TCGA-E2-A1LI,TCGA-E2-A1LI-01A
3,val,TCGA-E2-A2P6-01A_405_TS,TCGA-E2-A2P6,TCGA-E2-A2P6-01A
3,val,TCGA-E2-A572-01A_1128_TS,TCGA-E2-A572,TCGA-E2-A572-01A
3,val,TCGA-E2-A9RU-01A_538_TS,TCGA-E2-A9RU,TCGA-E2-A9RU-01A
3,val,TCGA-E9-A1N6-01A_1077_TS,TCGA-E9-A1N6,TCGA-E9-A1N6-01A
3,val,TCGA-E9-A1ND-01A_1488_TS,TCGA-E9-A1ND,TCGA-E9-A1ND-01A
3,val,TCGA-E9-A1NH-01A_1550_TS,TCGA-E9-A1NH,TCGA-E9-A1NH-01A
3,val,TCGA-E9-A1R2-01A_917_TS,TCGA-E9-A1R2,TCGA-E9-A1R2-01A
3,val,TCGA-E9-A1R6-01A_288_TS,TCGA-E9-A1R6,TCGA-E9-A1R6-01A
3,val,TCGA-E9-A1RC-01A_363_TS,TCGA-E9-A1RC,TCGA-E9-A1RC-01A
3,val,TCGA-E9-A1RG-01A_340_TS,TCGA-E9-A1RG,TCGA-E9-A1RG-01A
3,val,TCGA-E9-A227-01A_422_TS,TCGA-E9-A227,TCGA-E9-A227-01A
3,val,TCGA-E9-A22B-01A_395_TS,TCGA-E9-A22B,TCGA-E9-A22B-01A
3,val,TCGA-E9-A22H-01A_1276_TS,TCGA-E9-A22H,TCGA-E9-A22H-01A
3,val,TCGA-E9-A248-01A_1270_TS,TCGA-E9-A248,TCGA-E9-A248-01A
3,val,TCGA-E9-A2JS-01A_416_TS,TCGA-E9-A2JS,TCGA-E9-A2JS-01A
3,val,TCGA-E9-A3X8-01A_384_TS,TCGA-E9-A3X8,TCGA-E9-A3X8-01A
3,val,TCGA-E9-A5UP-01A_1038_TS,TCGA-E9-A5UP,TCGA-E9-A5UP-01A
3,val,TCGA-EW-A1IY-01A_309_TS,TCGA-EW-A1IY,TCGA-EW-A1IY-01A
3,val,TCGA-EW-A1J3-01A_527_TS,TCGA-EW-A1J3,TCGA-EW-A1J3-01A
3,val,TCGA-EW-A1OX-01A_308_TS,TCGA-EW-A1OX,TCGA-EW-A1OX-01A
3,val,TCGA-EW-A1P1-01A_1392_TS,TCGA-EW-A1P1,TCGA-EW-A1P1-01A
3,val,TCGA-EW-A1P6-01A_1465_TS,TCGA-EW-A1P6,TCGA-EW-A1P6-01A
3,val,TCGA-EW-A1PB-01A_1516_TS,TCGA-EW-A1PB,TCGA-EW-A1PB-01A
3,val,TCGA-EW-A1PF-01A_409_TS,TCGA-EW-A1PF,TCGA-EW-A1PF-01A
3,val,TCGA-EW-A2FS-01A_1239_TS,TCGA-EW-A2FS,TCGA-EW-A2FS-01A
3,val,TCGA-EW-A3U0-01A_1428_TS,TCGA-EW-A3U0,TCGA-EW-A3U0-01A
3,val,TCGA-EW-A6SA-01A_1564_TS,TCGA-EW-A6SA,TCGA-EW-A6SA-01A
3,val,TCGA-GI-A2C8-01A_811_TS,TCGA-GI-A2C8,TCGA-GI-A2C8-01A
3,val,TCGA-GM-A2DH-01A_537_TS,TCGA-GM-A2DH,TCGA-GM-A2DH-01A
3,val,TCGA-GM-A2DN-01A_365_TS,TCGA-GM-A2DN,TCGA-GM-A2DN-01A
3,val,TCGA-GM-A3XG-01A_990_TS,TCGA-GM-A3XG,TCGA-GM-A3XG-01A
3,val,TCGA-GM-A5PX-01A_1459_TS,TCGA-GM-A5PX,TCGA-GM-A5PX-01A
3,val,TCGA-JL-A3YX-01A_435_TS,TCGA-JL-A3YX,TCGA-JL-A3YX-01A
3,val,TCGA-LD-A7W6-01A_93_TS,TCGA-LD-A7W6,TCGA-LD-A7W6-01A
3,val,TCGA-LL-A442-01A_27_TS,TCGA-LL-A442,TCGA-LL-A442-01A
3,val,TCGA-LL-A5YN-01A_1468_TS,TCGA-LL-A5YN,TCGA-LL-A5YN-01A
3,val,TCGA-LL-A6FQ-01A_468_TS,TCGA-LL-A6FQ,TCGA-LL-A6FQ-01A
3,val,TCGA-LL-A740-01A_1162_TS,TCGA-LL-A740,TCGA-LL-A740-01A
3,val,TCGA-LL-A9Q3-01A_921_TS,TCGA-LL-A9Q3,TCGA-LL-A9Q3-01A
3,val,TCGA-OL-A5D6-01A_1483_TS,TCGA-OL-A5D6,TCGA-OL-A5D6-01A
3,val,TCGA-OL-A5RU-01A_319_TS,TCGA-OL-A5RU,TCGA-OL-A5RU-01A
3,val,TCGA-OL-A5RY-01A_1022_TS,TCGA-OL-A5RY,TCGA-OL-A5RY-01A
3,val,TCGA-OL-A66I-01A_224_TS,TCGA-OL-A66I,TCGA-OL-A66I-01A
3,val,TCGA-OL-A66N-01A_1486_TS,TCGA-OL-A66N,TCGA-OL-A66N-01A
3,val,TCGA-OL-A6VQ-01A_1020_TS,TCGA-OL-A6VQ,TCGA-OL-A6VQ-01A
3,val,TCGA-PE-A5DD-01A_685_TS,TCGA-PE-A5DD,TCGA-PE-A5DD-01A
3,val,TCGA-S3-A6ZH-01A_1473_TS,TCGA-S3-A6ZH,TCGA-S3-A6ZH-01A
3,val,TCGA-S3-AA12-01A_1304_TS,TCGA-S3-AA12,TCGA-S3-AA12-01A
3,val,TCGA-UL-AAZ6-01A_962_TS,TCGA-UL-AAZ6,TCGA-UL-AAZ6-01A
3,val,TCGA-WT-AB41-01A_1542_TS,TCGA-WT-AB41,TCGA-WT-AB41-01A
3,val,TCGA-Z7-A8R6-01A_690_TS,TCGA-Z7-A8R6,TCGA-Z7-A8R6-01A
